list_index,master_text_id,kind,source_japanese,dormant_list2_reference,translation
0,466,card_text,銀界の守護者ル・ギラ・レシール,"Lu Gila Reseel, Guardian of the Silver Sphere","Lu Gila, Silver Rift Guardian"
1,467,card_text,"{B}ブロッカー（相手クリーチャーが攻撃するとき、このクリーチャーをタップして、その攻撃を阻止してよい。その後、その相手クリーチャーとバトルする）
＊このクリーチャーがバトルゾーンにある間、進化クリーチャーはタップされた状態でバトルゾーンに出る。
＊このクリーチャーは、相手プレイヤーを攻撃できない。","{B} Blocker (When one of your opponent's creatures attacks, you may tap this creature to stop the attack. Then the two creatures battle.)
While this creature is in the battle zone, evolution creatures are put into the battle zone tapped.
This creature can't attack players.","■ Blocker (Whenever an opponent's creature attacks, you may tap this creature to stop the attack. Then the 2 creatures battle.)
■ Evolution creatures are put into the battle zone tapped.
■ This creature can't attack players."
2,468,card_text,ガーディアン,ガーディアン,Guardian
3,469,card_text,インビンシブル・オーラ,Invincible Aura,Invincible Aura
4,470,card_text,＊自分の山札のカードを上から3枚まで、自分のシールドに加える。,Add up to 3 cards from the top of your deck to your shields.,■ Add up to 3 cards from the top of your deck to your shields face down.
5,471,card_text,星さえも消滅させる苛烈な火の攻撃。だがしかし、光の盾には通じなかった。,"The Fire army possesses enough firepower to lay waste to a planet, yet even that is not enough to penetrate the wall of light.",
6,472,card_text,エウロピカ,Aeropica,Aeropica
7,473,card_text,"＊このクリーチャーで攻撃する代わりに、タップして次の t 能力を使ってもよい。
t バトルゾーンにあるクリーチャーを1体選び、持ち主の手札に戻す。","Instead of having this creature attack, you may tap it to use its t ability.
t Choose a creature in the battle zone and return it to its owner's hand.","■ Instead of having this creature attack, you may tap it to use its tap ability.
 Choose a creature in the battle zone and return it to its owner's hand."
8,474,card_text,深海をまさぐる両腕は、全てを吸い込む魔法の扉。,"Its hands sweep through the water, gathering all between them like giant nets.",
9,475,card_text,シー・ハッカー,シー・ハッカー,Sea Hacker
10,476,card_text,インビンシブル・テクノロジー,Invincible Technology,Invincible Technology
11,477,card_text,＊自分の山札を見る。その中から好きな枚数のカードを選び、相手に見せてから自分の手札に加えてもよい。その後、山札をシャッフルする。,"Search your deck. You may take any number of cards from your deck, show those cards to your opponent, and put them into your hand. Then shuffle your deck.","■ Search your deck. You may take any number of cards from your deck, show those cards to your opponent, and put them into your hand. Then shuffle your deck."
12,478,card_text,全宇宙の真理が記されているというアカシック・レコード。サイバーロードはついにその解読の糸口を掴んだ。,"The Acashic Record is said to hold the secrets of the universe. After centuries of searching, the Cyberlords have at last found a clue to deciphering it.",
13,479,card_text,戦車男,Tank Man,Tank Mutant
14,480,card_text,"＊このクリーチャーで攻撃する代わりに、タップして次のt能力を使ってもよい。
t相手はバトルゾーンにある自分自身のクリーチャーを1体選び、持ち主の墓地に置く。","Instead of having this creature attack, you may tap it to use its t ability.
t Your opponent chooses 1 of his or her creatures in the battle zone and puts it into his or her graveyard.","■ Instead of having this creature attack, you may tap it to use its tap ability.
 Your opponent chooses one of his creatures in the battle zone and destroys it."
15,481,card_text,万物融解砲発射！,Fire the Particle Disruptor Cannon!,
16,482,card_text,ヘドリアン,ヘドリアン,Hedrian
17,483,card_text,インビンシブル・アビス,Invincible Abyss,Invincible Abyss
18,484,card_text,＊相手は、バトルゾーンにある自分自身のクリーチャーすべてを持ち主の墓地に置く。,Your opponent puts all his or her creatures from the battle zone into his or her graveyard.,■ Destroy all your opponent's creatures.
19,485,card_text,猛毒の瘴気立ちこめる大爆発の跡地から、あらゆる生者を憎み、あらゆる魂を汚す恐れと悲しみの精神波動が放出された。,"A miasma of psychic energy pulses out of the explosion crater, polluting all it touches.",
20,486,card_text,勇神兵エグゾリウス,Valiant Warrior Exorious,Valiant Warrior Exorious
21,487,card_text,"*このクリーチャーは、タップされていないクリーチャーを攻撃できる。
*パワーアタッカー +3000（攻撃中、このクリーチャーのパワーは+3000される）","This creature can attack untapped creatures.
Power attacker +3000 (While attacking, this creature gets +3000 power.)","■ This creature can attack untapped creatures.
■ Power attacker +3000 (While attacking, this creature gets +3000 power.)"
22,488,card_text,必殺のブレードホイールで防衛網を一撃粉砕！,His wheel blade can fell hundred with but a single stroke.,
23,489,card_text,アーマロイド,アーマロイド,Armorloid
24,490,card_text,インビンシブル・フォートレス,Invincible Fortress,Invincible Cataclysm
25,491,card_text,＊相手のシールドを裏向きのまま3枚まで選び、表にして持ち主の墓地に置く。（その「S・トリガー」は使えない）,"Choose up to 3 of your opponent's shields and put them into your opponent's graveyard. (If any of those shields have ""shield triggers,"" they don't work.)",■ Choose up to 3 of your opponent's shields and put them into his graveyard.
26,492,card_text,意志持たぬ光の軍隊により、炎の都は瓦礫と化した。だが、山中深くに隠された最終兵器から報復が始まろうとしていた。,"The capital of the Fire civilization was leveled by the mindless forces of Light. But deep in the mountains, the Fire doomsday weapon waits to exact revenge.",
27,493,card_text,ガイアクロウ・ワスプ,Gaea Claw Wasp,Splinterclaw Wasp
28,494,card_text,"＊パワーアタッカー+3000（攻撃中、このクリーチャーのパワーは+3000される）
＊W・ブレイカー（シールドを攻撃したとき、このクリーチャーはシールドを2枚ブレイクする）
＊このクリーチャーがブロックされるとき、相手のシールドが1枚でもあれば、そのうちの１枚をブレイクする。","Power attacker +3000 (While attacking, this creature gets +3000 power.)
Double breaker (This creature breaks 2 shields.)
Whenever this creature becomes blocked, it breaks 1 shield. (If your opponent has no shields, it doesn't attack him or her.)","■ Power attacker +3000 (While attacking, this creature gets +3000 power.)
■ Double breaker (This creature breaks 2 shields.)
■ Whenever this creature becomes blocked, it breaks one of your opponent's shields."
29,495,card_text,ジャイアント・インセクト,ジャイアント・インセクト,Giant Insect
30,496,card_text,インビンシブル・パワー,Invincible Power,Invincible Unity
31,497,card_text,＊このターンが終わるまで、バトルゾーンにある自分のクリーチャーのパワーはそれぞれ＋8000され、「T・ブレイカー」を得る。（シールドを攻撃したとき、このクリーチャーはシールドを3枚ブレイクする）,"Each of your creatures in the battle zone gets +8000 power and ""triple breaker"" until the end of this turn. (A creature that has ""triple breaker"" breaks 3 shields.)","■ Each of your creatures in the battle zone gets +8000 power and ""triple breaker"" until the end of the turn. (A creature that has ""triple breaker"" breaks 3 shields.)"
32,498,card_text,数年に一度、世界樹は膨大なエナジーを放出する。それは、勇気と力を与える光の洪水だ。再生が終わり、戦いの時が来た。,"Once every several years, the World Tree can release a large amount of energy, a flood of light that emboldens all who see it, strengthening them for battle.",
33,499,card_text,守護聖天アーク・バイン,"Arc Bine, Guardian Angel","Arc Bine, the Astounding"
34,500,card_text,"＊進化－自分のガーディアン1体の上に置く。
＊このクリーチャーがバトルゾーンにある間、バトルゾーンにある自分の光のクリーチャーをタップし、攻撃する代わりに次のt 能力を使ってもよい。
t バトルゾーンにある相手のクリーチャーを1体選び、タップする。","Evolution-Put on one of your Guardians.
While this creature is in the battle zone, each of your light creatures may tap instead of attacking to use this t ability:
t Choose one of your opponent's creatures in the battle zone and tap it.","■ Evolution-Put on one of your Guardians.
■ Each of your light creatures may tap instead of attacking to use this creature's tap ability.
 Choose one of your opponent's creatures in the battle zone and tap it."
35,501,card_text,ガーディアン,ガーディアン,Guardian
36,502,card_text,聖域の守護者フォボス・エレインγ,Sanctum Guardian Forbos Elaine γ,"Forbos, Sanctum Guardian Q"
37,503,card_text,"oS このクリーチャーがバトルゾーンに出たとき、自分の山札を見る。その中から呪文を1枚選び、相手に見せてから自分の手札に加えてもよい。その後、山札をシャッフルする。
サバイバー（このクリーチャーがバトルゾーンにある間、自分の他のサバイバーも上のoS 能力を得る）","oS When this creature is put into the battle zone, search your deck. You may take a spell from your deck, show that spell to your opponent, and put it into your hand. Then shuffle your deck.
Survivor (While this creature is in the battle zone, each of your other Survivors also gets this oS ability.)","■ Survivor (Each of your Survivors has this creature's Survivor ability.)
  When you put this creature into the battle zone, search your deck. You may take a spell from your deck, show that spell to your opponent, and put it into your hand. Then shuffle your deck."
38,504,card_text,ガーディアン［サバイバー］,ガーディアン［サバイバー］,Survivor/Guardian
39,505,card_text,綺羅星の精霊ガリアル,"Gariel, Elemental of the Shining Stars","Gariel, Elemental of Sunbeams"
40,506,card_text,"＊呪文を唱えたターンのみ、このクリーチャーを召喚できる。
＊W・ブレイカー（シールドを攻撃したとき、このクリーチャーはシールドを2枚ブレイクする）","You can summon this creature only if you have cast a spell this turn.
Double breaker (This creature breaks 2 shields.)","■ You can summon this creature only if you have cast a spell this turn.
■ Double breaker (This creature breaks 2 shields.)"
41,507,card_text,精霊の翼は闇を切り裂き炎を鎮める。,Elementals' wings are infused with a light so powerful it can rend any darkness.,
42,508,card_text,エンジェル・コマンド,エンジェル・コマンド,Angel Command
43,509,card_text,聖騎士コスモグールド,"Cosmogoold, Holy Knight","Cosmogold, Spectral Knight"
44,510,card_text,"＊このクリーチャーで攻撃する代わりに、タップして次のt 能力を使ってもよい。
t 自分のマナゾーンから呪文を1枚選び、自分の手札に戻す。","Instead of having this creature attack, you may tap it to use its t ability.
t Return a spell from your mana zone to your hand.","■ Instead of having this creature attack, you may tap it to use its tap ability.
 Return a spell from your mana zone to your hand."
45,511,card_text,星々の輝きを反射する。その者が生まれし場所は虹の生まれる地。,His armor glows with the reflection of a thousand stars.,
46,512,card_text,レインボー・ファントム,レインボー・ファントム,Rainbow Phantom
47,513,card_text,宣凶師エルリオット,"Ellitt, the Missionary","Telitol, the Explorer"
48,514,card_text,"{B}ブロッカー（相手クリーチャーが攻撃するとき、このクリーチャーをタップして、その攻撃を阻止してよい。その後、その相手クリーチャーとバトルする）
＊このクリーチャーは、相手プレイヤーを攻撃できない。
＊このクリーチャーがバトルゾーンに出たとき、自分のシールドをすべて見てもよい。その後、それを元に戻す。","{B} Blocker (When one of your opponent's creatures attacks, you may tap this creature to stop the attack. Then the two creatures battle.)
This creature can't attack players. 
When this creature is put into the battle zone, you may look at your shields. Then put them back where they were.","■ Blocker (Whenever an opponent's creature attacks, you may tap this creature to stop the attack. Then the 2 creatures battle.)
■ When you put this creature into the battle zone, you may look at your shields. Then put them back where they were.
■ This creature can't attack players."
49,515,card_text,グラディエーター,グラディエーター,Gladiator
50,516,card_text,ジャスティス・バインド,Bonds of Justice,Bonds of Justice
51,517,card_text,"{ST}S・トリガー（この呪文をシールドゾーンから手札に加えるとき、コストを支払わずにすぐ唱えてよい）
＊バトルゾーンにある、「ブロッカー」以外のクリーチャーをすべてタップする。","{ST} Shield trigger (If this spell is put from your shield zone into your hand, you may cast it immediately for no cost.)
Tap all untapped creatures in the battle zone that don't have ""blocker"".","■ Shield trigger (When this card is put into your hand from your shield zone, you may play it immediately for no cost.)
■ Tap all creatures in the battle zone that don't have ""blocker."""
52,518,card_text,断罪の時。,The time of judgment has come. ,
53,519,card_text,フォート・メガクラスター,Fort Megacluster,Fort Megacluster
54,520,card_text,"＊進化－自分のサイバー・クラスター1体の上に置く。
＊このクリーチャーがバトルゾーンにある間、バトルゾーンにある自分の水のクリーチャーをタップし、攻撃する代わりに次のt 能力を使ってもよい。
t カードを1枚引く。","Evolution-Put on one of your Cyber Clusters.
While this creature is in the battle zone, each of your water creatures may tap instead of attacking to use this t ability:
t Draw a card.","■ Evolution-Put on one of your Cyber Clusters.
■ Each of your water creatures may tap instead of attacking to use this creature's tap ability.
 Draw a card."
55,521,card_text,サイバー・クラスター,サイバー・クラスター,Cyber Cluster
56,522,card_text,キング・トラファルガー,King Trafalger,King Triumphant
57,523,card_text,"＊W・ブレイカー
＊相手がクリーチャーを召喚するか呪文を唱えた場合、そのターンが終わるまで、このクリーチャーは「ブロッカー」を得る。（相手クリーチャーが攻撃するとき、このクリーチャーをタップして、その攻撃を阻止してよい。その後、その相手クリーチャーとバトルする）","Double breaker
Whenever your opponent summons a creature or casts a spell, this creature gets ""blocker"" until the end of that turn. (When one of your opponent's creatures attacks, you may tap a creature that has ""blocker"" to stop the attack. Then the two creatures battle.)","■ Whenever your opponent summons a creature or casts a spell, this creature gets ""blocker"" until the end of the turn. (Whenever an opponent's creature attacks, you may tap a creature that has ""blocker"" to stop the attack. Then the 2 creatures battle.)
■ Double breaker (This creature breaks 2 shields.)"
58,524,card_text,リヴァイアサン,リヴァイアサン,Leviathan
59,525,card_text,ナイト・クロウラー,Night Crawler,Midnight Crawler
60,526,card_text,"＊このクリーチャーがバトルゾーンに出たとき、相手のマナゾーンからカードを1枚選び、持ち主の手札に戻す。
＊W・ブレイカー（シールドを攻撃したとき、このクリーチャーはシールドを2枚ブレイクする）","When this creature is put into the battle zone, choose 1 card in your opponent's mana zone and return it to your opponent's hand.
Double breaker (This creature breaks 2 shields).","■ When you put this creature into the battle zone, choose a card in your opponent's mana zone and return it to his hand.
■ Double breaker (This creature breaks 2 shields.)"
61,527,card_text,夜空に紅く輝く星を見付けたら気をつけなさい。その横で大きな口が貴方を狙っているかもしれない。,"If you see twinkling red stars at night, beware--there's likely a mouth attached to them.","If you spot a red star shining in the night sky, beware. A huge mouth beside it may be aiming for you."
62,528,card_text,アースイーター,アースイーター,Earth Eater
63,529,card_text,ラプター・フィッシュ,Raptor Fish,Raptor Fish
64,530,card_text,＊このクリーチャーがバトルゾーンに出たとき、自分の手札を山札に戻してシャッフルし、その枚数と同じ枚数のカードを引く。,"When this creature is put into the battle zone, count the number of cards in your hand, shuffle those cards into your deck, then draw that many cards.","■ When you put this creature into the battle zone, count the cards in your hand, shuffle those cards into your deck, then draw that many cards."
65,531,card_text,サイバーロードは、より好戦的なチップを搭載させることにした。,The cyberlords made it more aggressive by installing a new control chip.,
66,532,card_text,ゲル・フィッシュ,ゲル・フィッシュ,Gel Fish
67,533,card_text,キュロロ,Kyuroro,Kyuroro
68,534,card_text,＊このクリーチャーがバトルゾーンにある間、自分のシールドが相手のクリーチャーにブレイクされるとき、ブレイクされるシールドを裏向きのまま自分で選ぶ。,"While this creature is in the battle zone, whenever one of your opponent's creatures breaks one of your shields, you choose the shield (without looking).","■ Whenever an opponent's creature would break a shield, you choose the shield instead of your opponent."
69,535,card_text,君達の行動パターンは、既に解析済みだよ。 - キュロロ,Our analysis of your strategy allows us to anticipate your every move. --Kyuroro,
70,536,card_text,サイバーロード,サイバーロード,Cyber Lord
71,537,card_text,ロータス・ミントγ,Lotus Mint γ,Ripple Lotus Q
72,538,card_text,"oS このクリーチャーがバトルゾーンに出たとき、バトルゾーンにある相手のクリーチャーを1体選び、タップしてもよい。
サバイバー（このクリーチャーがバトルゾーンにある間、自分の他のサバイバーも上のoS 能力を得る）","oS When this creature is put into the battle zone, you may choose 1 of your opponent's untapped creatures in the battle zone and tap it.
Survivor (While this creature is in the battle zone, each of your other Survivors also gets this oS ability.)","■ Survivor (Each of your Survivors has this creature's Survivor ability.)
  When you put this creature into the battle zone, you may choose one of your opponent's creatures in the battle zone and tap it."
73,539,card_text,海流にゆらめく花びらは、敵を誘う魔性の踊り子。,"Its petals gently wave in the current, tempting prey to come closer.",
74,540,card_text,サイバー・ウイルス［サバイバー］,サイバー・ウイルス［サバイバー］,Survivor/Cyber Virus
75,541,card_text,恐慌の魔黒デス・スペクター,"Death Specter, the Dark Fear","Frost Specter, Shadow of Age"
76,542,card_text,"＊進化－自分のゴースト1体の上に置く。
＊このクリーチャーがバトルゾーンにある間、バトルゾーンにある自分のゴーストはそれぞれ「スレイヤー」を得る。（そのクリーチャーとバトルした相手クリーチャーは、勝っても持ち主の墓地に置かれる）","Evolution-Put on one of your Ghosts.
While this creature is in the battle zone, each of your Ghosts in the battle zone gets ""Slayer (Even if this creature loses a battle, put the other creature into its owner's graveyard).""","■ Evolution-Put on one of your Ghosts.
■ Each of your Ghosts in the battle zone has ""slayer."" (Whenever a creature that has ""slayer"" battles, destroy the other creature after the battle.)"
77,543,card_text,ゴースト,ゴースト,Ghost
78,544,card_text,戦慄の剛将アブリン,"Abling, the Bloody","Gnarvash, Merchant of Blood"
79,545,card_text,"＊W・ブレイカー（シールドを攻撃したとき、このクリーチャーはシールドを2枚ブレイクする）
＊自分のターンが終わるとき、バトルゾーンにある自分のクリーチャーがこのクリーチャーだけであれば、自分の墓地に置く。","Double breaker (This creature breaks 2 shields.)
When each of your turns ends, if this is your only creature in the battle zone, put it into your graveyard.","■ Double breaker (This creature breaks 2 shields.)
■ At the end of each of your turns, if this is your only creature in the battle zone, destroy it."
80,546,card_text,血が戦場を求めている。,"His heart cries out for a battlefield, his blood sings a dirge of doom.",
81,547,card_text,デーモン・コマンド,デーモン・コマンド,Demon Command
82,548,card_text,闇侯爵ハウクス,"Haucks, Duke of Darkness","Schuka, Duke of Amnesia"
83,549,card_text,＊このクリーチャーがバトルゾーンから自分の墓地に置かれたとき、各プレイヤーは自分自身の手札をすべて、それぞれの墓地に置く。,"When this creature is put from the battle zone into your graveyard, both you and your opponent discard your hands.","■ When this creature is destroyed, each player discards his hand."
84,550,card_text,火の国との密約を思い浮かべ、邪悪に微笑む。,"The secret treaty with the Fire army signed, a soul-chilling chuckle escaped the Duke's throat.",
85,551,card_text,ダークロード,ダークロード,Dark Lord
86,552,card_text,死縛虫グレイブ・ワームγ,Grave Wurmγ,Grave Worm Q
87,553,card_text,"oS このクリーチャーがバトルゾーンに出たとき、自分の墓地からサバイバーを1体選び、自分の手札に戻してもよい。
サバイバー（このクリーチャーがバトルゾーンにある間、自分の他のサバイバーも上のoS 能力を得る）","oS When this creature is put into the battle zone, you may return 1 Survivor from your graveyard to your hand.
Survivor (While this creature is in the battle zone, each of your other Survivors also gets this oS ability.)","■ Survivor (Each of your Survivors has this creature's Survivor ability.)
  When you put this creature into the battle zone, you may return a Survivor from your graveyard to your hand."
88,554,card_text,パラサイトワーム［サバイバー］,パラサイトワーム［サバイバー］,Survivor/Parasite Worm
89,555,card_text,虚空の翼ダークモルダー,"Dark Mulder, Wing of the Void ","Vile Mulder, Wing of the Void"
90,556,card_text,"＊このクリーチャーは、クリーチャーを攻撃できない。
＊W・ブレイカー（シールドを攻撃したとき、このクリーチャーはシールドを2枚ブレイクする）
＊このクリーチャーはバトルに勝っても、バトルの後、持ち主の墓地に置かれる。","This creature can't attack creatures. 
Double breaker (This creature breaks 2 shields.)
Even if this creature wins a battle, put it into your graveyard.","■ This creature can't attack creatures.
■ Double breaker (This creature breaks 2 shields.)
■ When this creature battles, destroy it after the battle."
91,557,card_text,デーモン・コマンド,デーモン・コマンド,Demon Command
92,558,card_text,邪魂転生,Vile Reincarnation,Intense Evil
93,559,card_text,"{ST}S・トリガー（この呪文をシールドゾーンから手札に加えるとき、コストを支払わずにすぐ唱えてよい）
＊バトルゾーンにある自分のクリーチャーを好きな数選び、自分の墓地に置く。その後、そのクリーチャー1体につき2枚カードを引く。","{ST} Shield trigger (If this spell is put from your shield zone into your hand, you may cast it immediately for no cost.)
Put any number of your creatures from the battle zone into your graveyard. Then draw 2 cards for each of those creatures.","■ Shield trigger (When this card is put into your hand from your shield zone, you may play it immediately for no cost.)
■ Destroy any number of your creatures. Then draw that many cards."
94,560,card_text,闇は常に魂を代償に求める。,Every soul has a price--and no one can escape the collector.,
95,561,card_text,シグマ・トゥレイト,Sigma Toolate,Q-tronic Gargantua
96,562,card_text,"＊進化－自分のサバイバー1体の上に置く。
＊クルー・ブレイカー:サバイバー（シールドを攻撃したとき、バトルゾーンにある自分の他のサバイバー1体につき、シールドをさらにもう1枚ブレイクする）","Evolution-Put on one of your Survivors.
Crew breaker-Survivor (This creature breaks 1 more shield for each of your other Survivors in the battle zone.)","■ Evolution-Put on one of your Survivors.
■ Crew breaker-Survivor (This creature breaks one more shield for each of your other Survivors in the battle zone.)"
97,563,card_text,地上の災害に共鳴し、サバイバーはその悲劇を力に変える。,"Resonating with disasters on earth, Survivors turn the tragedies into the source of their power.",
98,564,card_text,サバイバー,サバイバー,Survivor
99,565,card_text,機神装甲ヴァルカイザー,Armored Cannon Valkaizer,Armored Decimator Valkaizer
100,566,card_text,"＊進化－自分のヒューマノイド1体の上に置く。
＊このクリーチャーがバトルゾーンに出たとき、バトルゾーンにある、パワー4000以下の相手のクリーチャーを1体選び、持ち主の墓地に置いてもよい。","Evolution-Put on one of your Humans.
When this creature is put into the battle zone, you may choose 1 of your opponent's creatures in the battle zone that has power 4000 or less and put it into your opponent's graveyard.","■ Evolution-Put on one of your Humans.
■ When you put this creature into the battle zone, you may destroy one of your opponent's creatures that has power 4000 or less."
101,567,card_text,我がマントの元に集まりし者どもよ、光の馬鹿野郎をぶっつぶすぞ！,"Summon your might and follow me, we will ruin them, those light creatures!",
102,568,card_text,ヒューマノイド,ヒューマノイド,Human
103,569,card_text,バザガジール・ドラゴン,Bazagazeal Dragon,Bazagazeal Dragon
104,570,card_text,"＊スピードアタッカー(このクリーチャーは召喚酔いしない）
＊このクリーチャーは、タップされていないクリーチャーを攻撃できる。
＊W・ブレイカー
＊自分のターンが終わるとき、このクリーチャーがバトルゾーンにあれば、自分の手札に戻す。","Speed attacker (This creature doesn't get summoning sickness.)
This creature can attack untapped creatures.
Double breaker
When your turn ends, if this creature is in the battle zone, return it to your hand.","■ Speed attacker (This creature doesn't get summoning sickness.)
■ This creature can attack untapped creatures.
■ Double breaker
■ At the end of your turn, return this creature to your hand."
105,571,card_text,アーマード・ドラゴン,アーマード・ドラゴン,Armored Dragon
106,572,card_text,ピーカプ・リザード,Pikabu Lizard,Badlands Lizard
107,573,card_text,"＊パワーアタッカー +3000（攻撃中、このクリーチャーのパワーは+3000される）
＊このクリーチャーの攻撃がブロックされた場合、バトルは行われない。","Power attacker +3000 (While attacking, this creature gets +3000 power.)
If this creature becomes blocked, stop the attack and no battle happens. (Both creatures stay tapped.)","■ Power attacker +3000 (While attacking, this creature gets +3000 power.)
■ Whenever this creature becomes blocked, no battle happens. (Both creatures stay tapped.)"
108,574,card_text,こいつが居れば、百人力！ - 解体屋ピーカプ,One of these is worth a hundred fighters! --Pikabu the Dismantler,
109,575,card_text,デューンゲッコー,デューンゲッコー,Dune Gecko
110,576,card_text,ピーカプのドライバー,Pikabu Driver,Rikabu's Screwdriver
111,577,card_text,"＊このクリーチャーで攻撃する代わりに、タップして次の t 能力を使ってもよい。
 t バトルゾーンにある相手の「ブロッカー」を持つクリーチャーを1体選び、持ち主の墓地に置く。","Instead of having this creature attack, you may tap it to use its t ability.
t Choose one of your opponent's creatures in the battle zone that has ""blocker"" and put it into your opponent's graveyard.","■ Instead of having this creature attack, you may tap it to use its tap ability.
 Destroy one of your opponent's creatures that has ""blocker."""
112,578,card_text,道具は持ち主に似る。,You build what you know best.,
113,579,card_text,ゼノパーツ,ゼノパーツ,Xenoparts
114,580,card_text,クライシス・ボーラー,Crisis Bowler,Crisis Boulder
115,581,card_text,"{ST}S・トリガー（この呪文をシールドゾーンから手札に加えるとき、コストを支払わずにすぐ唱えてよい）
＊相手は、バトルゾーンかマナゾーンから自分自身のカードを1枚選び、持ち主の墓地に置く。","{ST} Shield trigger (If this spell is put from your shield zone into your hand, you may cast it immediately for no cost.)
Your opponent chooses 1 of his or her cards in the battle zone or in his or her mana zone. Your opponent puts that card into his or her graveyard.","■ Shield trigger (When this card is put into your hand from your shield zone, you may play it immediately for no cost.)
■ Your opponent chooses one of his creatures in the battle zone or a card in his mana zone and puts it into his graveyard."
116,582,card_text,奴らの補給線をぶっちぎれ！ - 凶戦士ブレイズ・クロー,Cut off their supply lines! --Blaze Claw,"""Cut off their supply lines!"" - Deadly Fighter Braid Claw"
117,583,card_text,超空要塞バビロン,Dimensional Fortress Babylon,Living Citadel Vosh
118,584,card_text,"＊進化－自分のコロニー・ビートル1体の上に置く。
＊このクリーチャーがバトルゾーンにある間、バトルゾーンにある自分の自然のクリーチャーをタップし、攻撃する代わりに次の t 能力を使ってもよい。
 t 自分の山札の上から1枚目を、自分のマナゾーンに置く。","Evolution-Put on one of your Colony Beetles.
While this creature is in the battle zone, each of your nature creatures may tap instead of attacking to use this t ability:
t Put the top card of your deck into your mana zone.","■ Evolution-Put on one of your Colony Beetles.
■ Each of your nature creatures may tap instead of attacking to use this creature's tap ability.
 Put the top card of your deck into your mana zone."
119,585,card_text,コロニー・ビートル,コロニー・ビートル,Colony Beetle
120,586,card_text,殺戮の化身,Smash Totem,Clobber Totem
121,587,card_text,"＊パワーアタッカー +2000（攻撃中、このクリーチャーのパワーは+2000される）
＊このクリーチャーは、パワー5000以下のクリーチャーにブロックされない。
＊W・ブレイカー（シールドを攻撃したとき、このクリーチャーはシールドを2枚ブレイクする）","Power attacker +2000 (While attacking, this creature gets +2000 power.)
This creature can't be blocked by any creature that has power 5000 or less.
Double breaker (This creature breaks 2 shields.)","■ Power attacker +2000 (While attacking, this creature gets +2000 power.)
■ This creature can't be blocked by any creature that has power 5000 or less.
■ Double breaker (This creature breaks 2 shields.)"
122,588,card_text,ミステリー・トーテム,ミステリー・トーテム,Mystery Totem
123,589,card_text,シェル・ファクトリーγ,Shell Factory γ,Factory Shell Q
124,590,card_text,"oS このクリーチャーがバトルゾーンに出たとき、自分の山札を見る。その中からサバイバーを1体選び、相手に見せてから自分の手札に加えてもよい。その後、山札をシャッフルする。
サバイバー（このクリーチャーがバトルゾーンにある間、自分の他のサバイバーも上のoS 能力を得る）","oS When this creature is put into the battle zone, search your deck. You may take a Survivor from your deck, show that Survivor to your opponent, and put it into your hand. Then shuffle your deck.
Survivor (While this creature is in the battle zone, each of your other Survivors also gets this oS ability.)","■ Survivor (Each of your Survivors has this creature's Survivor ability.)
  When you put this creature into the battle zone, search your deck. You may take a Survivor from your deck, show that Survivor to your opponent, and put it into your hand. Then shuffle your deck."
125,591,card_text,コロニー・ビートル［サバイバー］,コロニー・ビートル［サバイバー］,Survivor/Colony Beetle
126,592,card_text,戦いの化身,Battle Totem,Forbidding Totem
127,593,card_text,＊このクリーチャーがバトルゾーンにある間、相手の攻撃クリーチャーは、可能であればミステリー・トーテムを攻撃する。,"While this creature is in the battle zone, your opponent's attacking creatures attack Mystery Totems if able.",■ Your opponent's attacking creatures attack Mystery Totems if able.
128,594,card_text,トーテムの気質は本来の姿から大きな影響を受ける。たとえば、戦いの化身は一本気で直線的だ。,"The personality of an avatar is a reflection of the nature it represents. For example, the avatar of war is straightforward and difficult to control.",
129,595,card_text,ミステリー・トーテム,ミステリー・トーテム,Mystery Totem
130,596,card_text,魅了妖精チャミリア,Charmilia the Enticer,"Charmilia, the Enticer"
131,597,card_text,"＊このクリーチャーで攻撃する代わりに、タップして次の t 能力を使ってもよい。
 t 自分の山札を見る。その中からクリーチャーを1体選び、相手に見せてから自分の手札に加えてもよい。その後、山札をシャッフルする。","Instead of having this creature attack, you may tap it to use its t ability.
t Search your deck. You may take a creature from your deck, show that creature to your opponent, and put it into your hand. Then shuffle your deck.","■ Instead of having this creature attack, you may tap it to use its tap ability.
 Search your deck. You may take a creature from your deck, show that creature to your opponent, and put it into your hand. Then shuffle your deck."
132,598,card_text,雪国には人を惑わす妖精がいるという。,Across the snow fields walk spirits which enthrall all who see them.,
133,599,card_text,スノーフェアリー,スノーフェアリー,Snow Faerie
134,600,card_text,神秘の宝箱,Mysterious Treasure Chest,Mystic Treasure Chest
135,601,card_text,＊自分の山札を見る。その中から自然以外のカードを1枚選び、自分のマナゾーンに置いてもよい。その後、山札をシャッフルする。,Search your deck. You may take a non-nature card from your deck and put it into your mana zone. Then shuffle your deck.,■ Search your deck. You may take a non-nature card from your deck and put it into your mana zone. Then shuffle your deck.
136,602,card_text,ひーふーみーよー。ん、一つ足りないぞ。 - 白銀の牙,One...Two...Three...Four...Huh? One's missing. --Silver Fang,
137,603,card_text,飛雲の求道者ダバ・トーレ,"Dava Torey, Seeker of Clouds","Dava Torey, Seeker of Clouds"
138,604,card_text,"＊相手のターンに、このクリーチャーが自分の手札から自分の墓地に置かれた場合、このクリーチャーをバトルゾーンに置く。
","During your opponent's turn, if this creature is discarded from your hand, then put this creature into the battle zone.","■ During your opponent's turn, if this creature would be discarded from your hand, put it into the battle zone instead."
139,605,card_text,形無き物は壊せやしない。,It is impossible to destroy something that has no body.,
140,606,card_text,メカサンダー,メカサンダー,Mecha Thunder
141,607,card_text,光柱樹,Pillar of Light,Razorpine Tree
142,608,card_text,＊バトルゾーンにある間、このクリーチャーのパワーは、自分のシールド1枚につき+2000される。,"While in the battle zone, this creature gets +2000 power for each shield you have.",■ This creature gets +2000 power for each shield you have.
143,609,card_text,強い光に集まる習性を持つ。,It is attracted to large concentrations of light.,
144,610,card_text,スターライト・ツリー,スターライト・ツリー,Starlight Tree
145,611,card_text,予言者アドミス,Adomis the Prohphet,"Adomis, the Oracle"
146,612,card_text,"＊このクリーチャーで攻撃する代わりに、タップして次のt 能力を使ってもよい。
t シールドを1枚選んで見る。その後、それを元に戻す。","Instead of having this creature attack, you may tap it to use its t ability.
t Choose 1 shield and look at it. Then put it back where it was.","■ Instead of having this creature attack, you may tap it to use its tap ability.
 Choose a shield and look at it. Then put it back where it was."
147,613,card_text,ライトブリンガー,ライトブリンガー,Light Bringer
148,614,card_text,聖騎士ムーンティアー,"Moontear, Holy Knight","Moontear, Spectral Knight"
149,615,card_text,＊呪文を唱えたターンのみ、このクリーチャーを召喚することができる。,You can summon this creature only if you have cast a spell this turn.,■ You can summon this creature only if you have cast a spell this turn.
150,616,card_text,その剣は見る者によって変化する。,All who see his sword are changed by it.,
151,617,card_text,レインボー・ファントム,レインボー・ファントム,Rainbow Phantom
152,618,card_text,レイン・アロー,Rain Arrow,Rain of Arrows
153,619,card_text,＊相手の手札を見て、その中から闇の呪文をすべて選び出し、持ち主の墓地に置く。,Look at your opponent's hand and put all darkness spells from it into your opponent's graveyard.,■ Look at your opponent's hand. He discards all darkness spells from it.
154,620,card_text,浄化の光矢が降り注ぎ、闇を切り裂く。,"An arrow of purifying light, splitting the night.",
155,621,card_text,プロテクト・フォース,Protective Force,Protective Force
156,622,card_text,"{ST}S・トリガー（この呪文をシールドゾーンから手札に加えるとき、コストを支払わずにすぐ唱えてよい）
＊バトルゾーンにある、自分の「ブロッカー」を持つクリーチャーを1体選ぶ。このターンが終わるまで、そのクリーチャーのパワーは+4000される。","{ST} Shield trigger (If this spell is put from your shield zone into your hand, you may cast it immediately for no cost.)
One of your creatures in the battle zone that has ""blocker"" gets +4000 power until the end of this turn.","■ Shield trigger (When this card is put into your hand from your shield zone, you may play it immediately for no cost.)
■ One of your creatures in the battle zone that has ""blocker"" gets +4000 power until the end of the turn."
157,623,card_text,シャインシェル・クラスター,Shine Shell Cluster,Neon Cluster
158,624,card_text,"＊このクリーチャーで攻撃する代わりに、タップして次の t 能力を使ってもよい。
tカードを2枚引く。","Instead of having this creature attack, you may tap it to use its t ability.
t Draw 2 cards.","■ Instead of having this creature attack, you may tap it to use its tap ability.
 Draw 2 cards."
159,625,card_text,殴ればいいってもんじゃないよ。 - アクアン,There are more ways to win a battle than simply fighting. --Aquan,
160,626,card_text,サイバー・クラスター,サイバー・クラスター,Cyber Cluster
161,627,card_text,ハザード・クロウラー,Hazard Crawler,Hazard Crawler
162,628,card_text,{B}ブロッカー（相手クリーチャーが攻撃するとき、このクリーチャーをタップして、その攻撃を阻止してよい。その後、その相手クリーチャーとバトルする） 　　　　　　＊このクリーチャーは攻撃することができない。,"{B} Blocker (When one of your opponent's creatures attacks, you may tap this creature to stop the attack. Then the two creatures battle.)
This creature can't attack.","■ Blocker (Whenever an opponent's creature attacks, you may tap this creature to stop the attack. Then the 2 creatures battle.)
■ This creature can't attack."
163,629,card_text,全ては海から始まり、海が全てを終わらせる。,"All began from the sea, and the sea shall end all.",
164,630,card_text,アースイーター,アースイーター,Earth Eater
165,631,card_text,デコ・クラスター,Deco Cluster,Overload Cluster
166,632,card_text,＊相手がクリーチャーを召喚するか呪文を唱えた場合、そのターンが終わるまで、このクリーチャーは「ブロッカー」を得る。（相手クリーチャーが攻撃するとき、このクリーチャーをタップして、その攻撃を阻止してよい。そのあと、その相手クリーチャーとバトルする）,"Whenever your opponent summons a creature or casts a spell, this creature gets ""blocker"" until the end of that turn. (When one of your opponent's creatures attacks, you may tap a creature that has ""blocker"" to stop the attack. Then the two creatures battle.)","■ Whenever your opponent summons a creature or casts a spell, this creature gets ""blocker"" until the end of the turn. (Whenever an opponent's creature attacks, you may tap a creature that has ""blocker"" to stop the attack. Then the 2 creatures battle.)"
167,633,card_text,サイバー・クラスター,サイバー・クラスター,Cyber Cluster
168,634,card_text,ストーム・クロウラー,Storm Crawler,Thrash Crawler
169,635,card_text,"{B}ブロッカー（相手クリーチャーが攻撃するとき、このクリーチャーをタップして、その攻撃を阻止してよい。そのあと、その相手クリーチャーとバトルする）
*このクリーチャーがバトルゾーンに出たとき、自分のマナゾーンからカードを1枚選び、自分の手札に戻す。
*このクリーチャーは攻撃することができない。
","{B} Blocker (When one of your opponent's creatures attacks, you may tap this creature to stop the attack. Then the two creatures battle.)
When this creature is put into the battle zone, return a card from your mana zone to your hand.
This creature can't attack.","■ Blocker (Whenever an opponent's creature attacks, you may tap this creature to stop the attack. Then the 2 creatures battle.)
■ When you put this creature into the battle zone, return a card from your mana zone to your hand.
■ This creature can't attack."
170,636,card_text,アースイーター,アースイーター,Earth Eater
171,637,card_text,ショック・ハリケーン,Shock Hurricane,Shock Hurricane
172,638,card_text,＊バトルゾーンにある自分のクリーチャーを好きな数選び、自分の手札に戻す。その後、バトルゾーンにある相手のクリーチャーを同じ数選び、持ち主の手札に戻してもよい。,Return any number of your creatures from the battle zone to your hand. Then you may choose that many of your opponent's creatures in the battle zone and return them to your opponent's hand.,■ Return any number of your creatures from the battle zone to your hand. Then you may choose that many of your opponent's creatures in the battle zone and return them to your opponent's hand.
173,639,card_text,押せば引け、引いたら更に引け。,"If pushed, pull back. If pulled, pull back harder.",
174,640,card_text,ミスティック・クリエーション,Mystic Creation,Mystic Dreamscape
175,641,card_text,"{ST}S・トリガー（この呪文をシールドゾーンから手札に加えるとき、コストを支払わずにすぐ唱えてよい）
＊自分のマナゾーンからカードを3枚まで選び、自分の手札に戻す。","{ST} Shield trigger (If this spell is put from your shield zone into your hand, you may cast it immediately for no cost.)
Return up to 3 cards from your mana zone to your hand.","■ Shield trigger (When this card is put into your hand from your shield zone, you may play it immediately for no cost.)
■ Return up to 3 cards from your mana zone to your hand."
176,642,card_text,サイバーロードは生命の禁忌をも超越する。,The cyberlords have no qualms about breaking even the most sacred of life's taboos.,
177,643,card_text,ギガボアー,Gigaboa,Gigagriff
178,644,card_text,"{B}ブロッカー（相手クリーチャーが攻撃するとき、このクリーチャーをタップして、その攻撃を阻止してよい。その後、その相手クリーチャーとバトルする）
＊スレイヤー（このクリーチャーとバトルした相手クリーチャーは、勝っても持ち主の墓地に置かれる）
＊このクリーチャーは攻撃することができない。","{B} Blocker (When one of your opponent's creatures attacks, you may tap this creature to stop the attack. Then the two creatures battle.)
Slayer (Even if this creature loses a battle, put the other creature into its owner's graveyard.)
This creature can't attack.","■ Blocker (Whenever an opponent's creature attacks, you may tap this creature to stop the attack. Then the 2 creatures battle.)
■ Slayer (Whenever this creature battles, destroy the other creature after the battle.)
■ This creature can't attack."
179,645,card_text,キマイラ,キマイラ,Chimera
180,646,card_text,戦男,Fighting Man,Bazooka Mutant
181,647,card_text,"＊このクリーチャーは、「ブロッカー」を持つクリーチャーだけを攻撃できる。
＊このクリーチャーは、相手プレイヤーを攻撃できない。","This creature can attack only creatures that have ""blocker.""
This creature can't attack players.","■ This creature can attack only creatures that have ""blocker.""
■ This creature can't attack players."
182,648,card_text,どろりとした砲身から飛ぶのはやはり泥。,A cannon of mud shots nothing but.,
183,649,card_text,ヘドリアン,ヘドリアン,Hedrian
184,650,card_text,鬼眼怪人スカルカッター,"Skullcutter, Evil Eye","Skullcutter, Swarm Leader"
185,651,card_text,＊自分のターンが終わるとき、バトルゾーンにある自分のクリーチャーがこのクリーチャーだけであれば、自分の墓地に置く。,"When each of your turns ends, if this is your only creature in the battle zone, put it into your graveyard.","■ At the end of each of your turns, if this is your only creature in the battle zone, destroy it."
186,652,card_text,頭は考える為にあるんじゃないぞ。 - 鬼眼怪人スカルカッター,"Your head isn't for thinking, you know. --Skullcutter, Evil Eye",
187,653,card_text,デビルマスク,デビルマスク,Devil Mask
188,654,card_text,刃滅人形ポール,"Paul, Doll of Dark Blades","Lupa, Poison-Tipped Doll"
189,655,card_text,"＊このクリーチャーで攻撃する代わりに、タップして次の t 能力を使ってもよい。
 t バトルゾーンにある自分のクリーチャーを1体選ぶ。このターンが終わるまで、そのクリーチャーは「スレイヤー」を得る。（このクリーチャーとバトルした相手クリーチャーは、勝っても持ち主の墓地に置かれる）","Instead of having this creature attack, you may tap it to use its t ability.
t One of your creatures in the battle zone gets ""slayer"" until the end of the turn. (Even if a creature that has ""slayer"" loses a battle, put the other creature into its owner's graveyard.)","■ Instead of having this creature attack, you may tap it to use its tap ability.
 One of your creatures in the battle zone gets ""slayer"" until the end of the turn. (Whenever a creature that has ""slayer"" battles, destroy the other creature after the battle.)"
190,656,card_text,デスパペット,デスパペット,Death Puppet
191,657,card_text,ヘル・スラッシュ,Hell Slash,Hell Slash
192,658,card_text,＊相手の山札を見る。その中から3枚選び、持ち主の墓地に置いてもよい。その後、相手は自分自身の山札をシャッフルする。,Search your opponent's deck. You may take 3 cards from your opponent's deck and put them into his or her graveyard. Then your opponent shuffles his or her deck.,■ Search your opponent's deck. Take up to 3 cards from their deck and put them into their graveyard. Then your opponent shuffles their deck.
193,659,card_text,骨を斬らせて、心を断つ。,It rends bones and slays hearts.,Let them cut your bones. Then break their spirit.
194,660,card_text,死の宣告,Proclamation of Death,Proclamation of Death
195,661,card_text,"{ST}S・トリガー（この呪文をシールドゾーンから手札に加えるとき、コストを支払わずにすぐ唱えてよい）
＊相手はバトルゾーンにある自分自身のクリーチャーを1体選び、持ち主の墓地に置く。","{ST} Shield trigger (If this spell is put from your shield zone into your hand, you may cast it immediately for no cost.)
Your opponent chooses 1 of his or her creatures in the battle zone and puts it into his or her graveyard.","■ Shield trigger (When this card is put into your hand from your shield zone, you may play it immediately for no cost.)
■ Your opponent chooses one of his creatures in the battle zone and destroys it."
196,662,card_text,その眼を見てはいけない。,Do not look into those eyes.,Do not look into those eyes.
197,663,card_text,スフィンティラノスβ,Sfintiranos β,Rumblesaur Q
198,664,card_text,"oS スピードアタッカー(このクリーチャーは召喚酔いしない）
サバイバー（このクリーチャーがバトルゾーンにある間、自分の他のサバイバーも上のoS 能力を得る）","oS Speed attacker (This creature doesn't get summoning sickness.)
Survivor (While this creature is in the battle zone, each of your other Survivors also gets this oS ability.)","■ Survivor (Each of your Survivors has this creature's Survivor ability.)
  Speed attacker (This creature doesn't get summoning sickness.)"
199,665,card_text,岩壁を裂き、炎の獅子が蘇る。,"Its rocky prison broken, the lion of fire awakes.",
200,666,card_text,ロック・ビースト［サバイバー］,ロック・ビースト［サバイバー］,Rock Beast
201,667,card_text,エグゼズ・ワイバーン,Exes Wyvern,Cutthroat Skyterror
202,668,card_text,"＊スピードアタッカー(このクリーチャーは召喚酔いしない）
＊このクリーチャーは、相手プレイヤーを攻撃できない。
＊自分のターンが終わるとき、このクリーチャーがバトルゾーンにあれば、自分の手札に戻す。","Speed attacker (This creature doesn't get summoning sickness.)
This creature can't attack players.
When your turn ends, if this creature is in the battle zone, return it to your hand.","■ Speed attacker (This creature doesn't get summoning sickness.)
■ This creature can't attack players.
■ At the end of your turn, return this creature to your hand."
203,669,card_text,寄せては返す波状攻撃で、光の民を次々と撃破していった。,The forces of light's defenses quickly crumbled under assault by wave after wave of wyverns.,Wave after wave of attacks struck down the people of Light one after another.
204,670,card_text,アーマード・ワイバーン,アーマード・ワイバーン,Armored Wyvern
205,671,card_text,荒法師ミガサ,"Migasa, Adept of Chaos","Migasa, Adept of Chaos"
206,672,card_text,"＊このクリーチャーで攻撃する代わりに、タップして次の t 能力を使ってもよい。
 t バトルゾーンにある自分の火のクリーチャーを1体選ぶ。このターンが終わるまで、そのクリーチャーは「Ｗ・ブレイカー」を得る。（シールドを攻撃したとき、そのクリーチャーはシールドを2枚ブレイクする）","Instead of having this creature attack, you may tap it to use its t ability.
t One of your fire creatures in the battle zone gets ""double breaker"" until the end of the turn. (This creature breaks 2 shields.)","■ Instead of having this creature attack, you may tap it to use its tap ability.
 One of your fire creatures in the battle zone gets ""double breaker"" until the end of the turn. (A creature that has ""double breaker"" breaks 2 shields.)"
207,673,card_text,正々堂々、いざ勝負！ - 荒法師ミガサ,"Show me what you've gt! --Migasa, Adept of Chaos","""Fair and square - let us battle!"" - Migasa, Adept of Chaos"
208,674,card_text,ヒューマノイド,ヒューマノイド,Human
209,675,card_text,コッコ・ルピア,Cocco Lupia,Cocco Lupia
210,676,card_text,＊このクリーチャーがバトルゾーンにある間、自分のドラゴンを召喚するとき、支払うコストは2少なくなる。ただし、コストが1以下になることはない。,"While this creature is in the battle zone, your Dragons each cost 2 less to summon. They can't cost less than 1.",■ Your creatures that have Dragon in their race each cost 2 less to summon. (Dragonoids don't count.) They can't cost less than 2.
211,677,card_text,竜が唯一友とする。,A dragon's only true friend.,
212,678,card_text,ファイアー・バード,ファイアー・バード,Fire Bird
213,679,card_text,ピコット・ミサイル,Picott Missile,Spastic Missile
214,680,card_text,＊バトルゾーンにある、パワー3000以下の相手のクリーチャーを1体選び、持ち主の墓地に置く。,Choose 1 of your opponent's creatures in the battle zone that has power 3000 or less and put it into your opponent's graveyard.,■ Destroy one of your opponent's creatures that has power 3000 or less.
215,681,card_text,増えすぎだ！,There's too many of 'em!,
216,682,card_text,火炎流星弾,Comet Missile,Comet Missile
217,683,card_text,"{ST} S・トリガー（この呪文をシールドゾーンから手札に加えるとき、コストを支払わずにすぐ唱えてよい）
＊バトルゾーンにある、相手の「ブロッカー」を持つパワー6000以下のクリーチャーを1体選び、持ち主の墓地に置く。","{ST} Shield trigger (If this spell is put from your shield zone into your hand, you may cast it immediately for no cost.)
Choose 1 of your opponent's creatures in the battle zone that has ""blocker"" and power 6000 or less and put it into your opponent's graveyard.","■ Shield trigger (When this card is put into your hand from your shield zone, you may play it immediately for no cost.)
■ Destroy one of your opponent's creatures that has ""blocker"" and power 6000 or less."
218,684,card_text,跳躍の超人,Flying Giant,Cantankerous Giant
219,685,card_text,＊W・ブレイカー（シールドを攻撃したとき、このクリーチャーはシールドを2枚ブレイクする）,Double breaker (This creature breaks 2 shields.),■ Double breaker (This creature breaks 2 shields.)
220,686,card_text,大地を踏む手は力の象徴。,"The large, hand-shaped impressions in the earth are signs of its passing.",
221,687,card_text,ジャイアント,ジャイアント,Giant
222,688,card_text,恵みの化身,"Blessing Ttem, Avatar of Fortune","Bliss Totem, Avatar of Luck"
223,689,card_text,"＊このクリーチャーで攻撃する代わりに、タップして次のt 能力を使ってもよい。
t 自分の墓地からカードを3枚まで選び、自分のマナゾーンに置く。","Instead of having this creature attack, you may tap it to use its t ability.
t Put up to 3 cards from your graveyard into your mana zone.","■ Instead of having this creature attack, you may tap it to use its tap ability.
 Put up to 3 cards from your graveyard into your mana zone."
224,690,card_text,世界樹の光を利用して、孤高の願はフィオナの森の古木に魂を吹き込んだ。,"Using light from the World Tree, it breathes life into the ancient trees of the Fiona Woods.",
225,691,card_text,ミステリー・トーテム,ミステリー・トーテム,Mystery Totem
226,692,card_text,激闘するフェザー・ホーン,"Feather Horn, the Fighter","Feather Horn, the Tracker"
227,693,card_text,綺麗な羽は彼らの心を鎮める御守り。だが、闇の行為への怒りははるかにそれを上回った。,"Their wings, which sing songs of peace, cannt hold back their fury toward the forces of darkness.",
228,694,card_text,ホーン・ビースト,ホーン・ビースト,Horned Beast
229,695,card_text,樹界を守るパラダイス・ホーン,"Paradise Horn, Guardian of the Groves",Paradise Horn
230,696,card_text,＊パワーアタッカー +2000（攻撃中、このクリーチャーのパワーは+2000される）,"Power attacker +2000 (While attacking, this creature gets +2000 power.)","■ Power attacker +2000 (While attacking, this creature gets +2000 power.)"
231,697,card_text,その震動に樹木と鳥達が歓喜のダンスを踊る。,"As if the world had been born anew, animals, birds, even the tree themselves, dance for joy at his presence.",
232,698,card_text,ホーン・ビースト,ホーン・ビースト,Horned Beast
233,699,card_text,無垢の宝剣,"Innocent Hunter, the Virtuous Blade","Innocent Hunter, Blade of All"
234,700,card_text,＊どんな種族の進化クリーチャーを、このクリーチャーの上に置いてもよい。,You can put an evolution creature of any race on this creature.,■ You can put an evolution creature of any race on this creature.
235,701,card_text,彼の器は誰よりも大きく、彼の精神は誰よりも透明だ。将来の王と獣人は呼ぶ。,"With a blade larger than any other's, and a soul purer than any other's, he is hailed as the future king of the Beastfolk.",
236,702,card_text,ビーストフォーク,ビーストフォーク,Beast Folk
237,703,card_text,大自然の意志,Gaea's Will,Pangaea's Will
238,704,card_text,"{ST}S・トリガー（この呪文をシールドゾーンから手札に加えるとき、コストを支払わずにすぐ唱えてよい）
＊バトルゾーンにある、相手の進化クリーチャーを1体選び、一番上のカードを持ち主のマナゾーンに置く。","{ST} Shield trigger (If this spell is put from your shield zone into your hand, you may cast it immediately for no cost.)
Choose 1 of your opponent's evolution creatures in the battle zone and put the top card of that creature into your opponent's mana zone.","■ Shield trigger (When this card is put into your hand from your shield zone, you may play it immediately for no cost.)
■ Choose one of your opponent's evolution creatures in the battle zone and put the top card of that creature into your opponent's mana zone."
239,705,card_text,自然は、不自然な強さを認めない。,That which is born naturally is stronger than anything that is nt.,Nature does not tolerate unnatural strength.
240,706,card_text,鋭刃の使徒グーレ・チェーン,"Gret Chen, Apostle of Blades","Chen Treg, Vizier of Blades"
241,707,card_text,"＊このクリーチャーで攻撃する代わりに、タップして次の t 能力を使ってもよい。
t バトルゾーンにある相手のクリーチャーを1体選び、タップする。","Instead of having this creature attack, you may tap it to use its t ability.
t Choose 1 of your opponent's untapped creatures in the battle zone and tap it.","■ Instead of having this creature attack, you may tap it to use its tap ability.
 Choose one of your opponent's creatures in the battle zone and tap it."
242,708,card_text,幾星霜を経て鍛えられし剣は全てを貫く。,"Its blade, forged in the heat of stars, can penetrate anything.",
243,709,card_text,イニシエート,イニシエート,Initiate
244,710,card_text,不屈の使徒チーキ・クーレ,"Chieki Coole, Apostle of Endurance","Chekicul, Vizier of Endurance"
245,711,card_text,"{B}ブロッカー
＊このクリーチャーが攻撃をブロックしたとき、バトルは行われない。ただし、両クリーチャーはタップしたままである。
＊このクリーチャーは攻撃することができない。","{B} Blocker
Whenever this creature blocks, stop the attack and no battle happens. (Both creatures stay tapped.)
This creature can't attack.","■ Blocker (Whenever an opponent's creature attacks, you may tap this creature to stop the attack. Then the 2 creatures battle.)
■ Whenever this creature blocks, no battle happens. (Both creatures stay tapped.)
■ This creature can't attack."
246,712,card_text,中枢の護衛のため、その使徒はエネルギーを蓄え、姿を変えていった。,"In order to protect the central system, the apostle has stored necessary energy for his metamorphosis.",
247,713,card_text,イニシエート,イニシエート,Initiate
248,714,card_text,宣凶師キンゼラ,"Kinsella, the Missionary","Kanesill, the Explorer"
249,715,card_text,"{B}ブロッカー（相手クリーチャーが攻撃するとき、このクリーチャーをタップして、その攻撃を阻止してよい。そのあと、その相手クリーチャーとバトルする）　　　　　　　
＊このクリーチャーは、相手プレイヤーを攻撃できない。","{B} Blocker (When one of your opponent's creatures attacks, you may tap this creature to stop the attack. Then the two creatures battle.)
This creature can't attack players.","■ Blocker (Whenever an opponent's creature attacks, you may tap this creature to stop the attack. Then the 2 creatures battle.)
■ This creature can't attack players."
250,716,card_text,戦禍の疲弊を癒すため、宣凶師は地上へと降り立った。,"Seeking to ease the ravages of war, the missionaries descended to the earth.",
251,717,card_text,グラディエーター,グラディエーター,Gladiator
252,718,card_text,藍電草,Blue Lightning Grass,Lightning Grass
253,719,card_text,戦闘の残骸は、空の掃除人の大事な養分となった。,The remnants of the battle become nourishment for the denizens of the air.,
254,720,card_text,スターライト・ツリー,スターライト・ツリー,Starlight Tree
255,721,card_text,電磁の使徒バルアス,"Ballas, Apostle of Electromagnetism","Ballas, Vizier of Electrons"
256,722,card_text,長き戦いの末、光の軍勢は炎熱の部族を撤退させた。,"After the enduring battle, the Fire tribe was forced to retreat from the ground of powerful Light army offence.",
257,723,card_text,イニシエート,イニシエート,Initiate
258,724,card_text,予言者ユーク,Yuuk the Prophet,"Yuluk, the Oracle"
259,725,card_text,＊呪文を唱えたターンのみ、このクリーチャーを召喚することができる。,You can summon this creature only if you have cast a spell this turn.,■ You can summon this creature only if you have cast a spell this turn.
260,726,card_text,予言者の言葉は、時紡ぐ神々の置き手紙。,The words of the prophets are as a letter left behind by the gods.,
261,727,card_text,ライトブリンガー,ライトブリンガー,Light Bringer
262,728,card_text,予言者ジェス,"Jess, the Prophet","Vess, the Oracle"
263,729,card_text,"{B}ブロッカー（相手クリーチャーが攻撃するとき、このクリーチャーをタップして、その攻撃を阻止してよい。その後、その相手クリーチャーとバトルする） 　　　　　　
＊このクリーチャーは、相手プレイヤーを攻撃できない。","{B} Blocker (When one of your opponent's creatures attacks, you may tap this creature to stop the attack. Then the two creatures battle.)
This creature can't attack players.","■ Blocker (Whenever an opponent's creature attacks, you may tap this creature to stop the attack. Then the 2 creatures battle.)
■ This creature can't attack players."
264,730,card_text,予言者の体を包む光は、精霊達の祈りの言葉。,The light surrounding the prophet's body is the manifestation of elementals' hymns.,
265,731,card_text,ライトブリンガー,ライトブリンガー,Light Bringer
266,732,card_text,エレメンタル・シールド,Elemental Shield,Sphere of Wonder
267,733,card_text,＊相手のシールドが自分のより多い場合、自分の山札の上から1枚目を、自分のシールドに加える。,"If your opponent has more shields than you do, add the top card of your deck to your shields.","■ If your opponent has more shields than you do, add the top card of your deck to your shields face down."
268,734,card_text,緊急事態の発生に、予備シールドが展開された。,"In response to the emergency, additional shield generators were deployed.",
269,735,card_text,ソピアン,Sopian,Sopian
270,736,card_text,"＊このクリーチャーで攻撃する代わりに、タップして次の t 能力を使ってもよい。
 t バトルゾーンにある自分のクリーチャーを1体選ぶ。このターンが終わるまで、そのクリーチャーはブロックされない。","Instead of having this creature attack, you may tap it to use its t ability.
t One of your creatures in the battle zone can't be blocked until the end of the turn.","■ Instead of having this creature attack, you may tap it to use its tap ability.
 Choose one of your creatures in the battle zone. It can't be blocked this turn."
271,737,card_text,サイバーロード,サイバーロード,Cyber Lord
272,738,card_text,アクア・ライダー,Aqua Rider,Aqua Rider
273,739,card_text,＊相手がクリーチャーを召喚するか呪文を唱えた場合、そのターンが終わるまで、このクリーチャーは「ブロッカー」を得る。（相手クリーチャーが攻撃するとき、このクリーチャーをタップして、その攻撃を阻止してよい。そのあと、その相手クリーチャーとバトルする）,"Whenever your opponent summons a creature or casts a spell, this creature gets ""blocker"" until the end of that turn. (When one of your opponent's creatures attacks, you may tap a creature that has ""blocker"" to stop the attack. Then the two creatures battle.)","■ Whenever your opponent summons a creature or casts a spell, this creature gets ""blocker"" until the end of the turn. (Whenever an opponent's creature attacks, you may tap a creature that has ""blocker"" to stop the attack. Then the 2 creatures battle.)"
274,740,card_text,リキッド・ピープル,リキッド・ピープル,Liquid People
275,741,card_text,プロメフィウスα,Promephius α,Promephius Q
276,742,card_text,彼らの起こす放電は、水の生物にとって時に致命的だ。漂流生活中は需要も多かったのだが。,"The electricity they discharge is often lethal to ther aquatic life, but necessary for their survival.",
277,743,card_text,シー・ハッカー［サバイバー］,シー・ハッカー［サバイバー］,Survivor/Sea Hacker
278,744,card_text,マドリオン・フィッシュ,Madrillon Fish,Madrillon Fish
279,745,card_text,"{B}ブロッカー（相手クリーチャーが攻撃するとき、このクリーチャーをタップして、その攻撃を阻止してよい。そのあと、その相手クリーチャーとバトルする） 　　　　　　
＊このクリーチャーは攻撃することができない。","{B} Blocker (When one of your opponent's creatures attacks, you may tap this creature to stop the attack. Then the two creatures battle.)
This creature can't attack.","■ Blocker (Whenever an opponent's creature attacks, you may tap this creature to stop the attack. Then the 2 creatures battle.)
■ This creature can't attack."
280,746,card_text,特殊監視機構始動。,Sensory mode activated.,
281,747,card_text,ゲル・フィッシュ,ゲル・フィッシュ,Gel Fish
282,748,card_text,エレガント・ランプ,Elegant Lamp,Steam Star
283,749,card_text,小さな灯りがゆらゆら揺れる。,"Like stars in the sky, they bob gently in the waves in countless numbers.",
284,750,card_text,サイバー・ウイルス,サイバー・ウイルス,Cyber Virus
285,751,card_text,ゼピメテウス,Zepimeteus,Zepimeteus
286,752,card_text,"{B}ブロッカー（相手クリーチャーが攻撃するとき、このクリーチャーをタップして、その攻撃を阻止してよい。その後、その相手クリーチャーとバトルする）
＊このクリーチャーは攻撃することができない。","{B} Blocker (When one of your opponent's creatures attacks, you may tap this creature to stop the attack. Then the two creatures battle.)
This creature can't attack.","■ Blocker (Whenever an opponent's creature attacks, you may tap this creature to stop the attack. Then the 2 creatures battle.)
■ This creature can't attack."
287,753,card_text,あいつの体、俺の歌よりビリビリしてやがる！ - 爆炎野郎ジョー,Even I'm impressed by what he can do! --Explosive Dude Joe,
288,754,card_text,シー・ハッカー,シー・ハッカー,Sea Hacker
289,755,card_text,エナジー・ライト,Energy Light,Energy Stream
290,756,card_text,＊カードを2枚引く。,Draw 2 cards.,■ Draw 2 cards.
291,757,card_text,超科学の神髄！,The epitome of cyber science!,
292,758,card_text,スパイラル・ゲート,Spiral Gate,Spiral Gate
293,759,card_text,"{ST}S・トリガー（この呪文をシールドゾーンから手札に加えるとき、コストを支払わずにすぐ唱えてよい）
＊バトルゾーンにあるクリーチャーを1体選び、持ち主の手札に戻す。","{ST} Shield trigger (If this spell is put from your shield zone into your hand, you may cast it immediately for no cost.)
Choose 1 creature in the battle zone and return it to its owner's hand.","■ Shield trigger (When this card is put into your hand from your shield zone, you may play it immediately for no cost.)
■ Choose a creature in the battle zone and return it to its owner's hand."
294,760,card_text,そこだ！,Gotcha!,
295,761,card_text,砕骨の刺客ゾルバス,"Zorvass, the Bonecrusher","Zorvaz, the Bonecrusher"
296,762,card_text,"{B}ブロッカー（相手クリーチャーが攻撃するとき、このクリーチャーをタップして、その攻撃を阻止してよい。そのあと、その相手クリーチャーとバトルする）
＊このクリーチャーは攻撃することができない。
＊このクリーチャーはバトルに勝っても、バトルの後、持ち主の墓地に置かれる。","{B} Blocker (When one of your opponent's creatures attacks, you may tap this creature to stop the attack. Then the two creatures battle.)
This creature can't attack.
After it battles, put this creature into your graveyard even if it wins.","■ Blocker (Whenever an opponent's creature attacks, you may tap this creature to stop the attack. Then the 2 creatures battle.)
■ This creature can't attack.
■ When this creature battles, destroy it after the battle."
297,763,card_text,デーモン・コマンド,デーモン・コマンド,Demon Command
298,764,card_text,幽鬼の影リバース・ソウル,Ghostly Shadow Reverse Soul,"Grim Soul, Shadow of Reversal"
299,765,card_text,"＊このクリーチャーで攻撃する代わりに、タップして次の t 能力を使ってもよい。
 t 自分の墓地から闇クリーチャーを1体選び、自分の手札に戻す。","Instead of having this creature attack, you may tap it to use its t ability.
t Return a darkness creature from your graveyard to your hand.","■ Instead of having this creature attack, you may tap it to use its tap ability.
 Return a darkness creature from your graveyard to your hand."
300,766,card_text,死が安らかとは限らない。,Death is not always a gentle repose.,
301,767,card_text,ゴースト,ゴースト,Ghost
302,768,card_text,烈裂虫テンタクル・ワーム,Tentacle Wurm,Tentacle Worm
303,769,card_text,森の地中深くでは、災厄の芽がのたうちながら増殖を続けている。,"Deep in the forest, the seeds of destruction writhe, squirm, crawl...and multiply.",
304,770,card_text,パラサイトワーム,パラサイトワーム,Parasite Worm
305,771,card_text,カース・ペンダント,Cursed Pendant,Cursed Pincher
306,772,card_text,"{B}ブロッカー（相手クリーチャーが攻撃するとき、このクリーチャーをタップして、その攻撃を阻止してよい。その後、その相手クリーチャーとバトルする）
＊スレイヤー（このクリーチャーとバトルした相手クリーチャーは、勝っても持ち主の墓地に置かれる）
＊このクリーチャーは攻撃することができない。","{B} Blocker (When one of your opponent's creatures attacks, you may tap this creature to stop the attack. Then the two creatures battle.)
Slayer (Even if this creature loses a battle, put the other creature into its owner's graveyard.)
This creature can't attack.","■ Blocker (Whenever an opponent's creature attacks, you may tap this creature to stop the attack. Then the 2 creatures battle.)
■ Slayer (Whenever this creature battles, destroy the other creature after the battle.)
■ This creature can't attack."
307,773,card_text,ブレインジャッカー,ブレインジャッカー,Brain Jacker
308,774,card_text,逆歯怪人トマホーク,"Tomahawk, the Monstrosity","Grinning Axe, the Monstrosity"
309,775,card_text,＊スレイヤー（このクリーチャーとバトルした相手クリーチャーは、勝っても持ち主の墓地に置かれる）,"Slayer (Even if this creature loses a battle, put the other creature into its owner's graveyard.)","■ Slayer (Whenever this creature battles, destroy the other creature after the battle.)"
310,776,card_text,「あいつ、自分の顔食ってない？」 - 小さな勇者ゲット,That thing looks like it's eating its own face! --Small Giant Get,
311,777,card_text,デビルマスク,デビルマスク,Devil Mask
312,778,card_text,凶犬人形ジュンカツ,"Junkatz, Rabid Doll","Junkatz, Rabid Doll"
313,779,card_text,自然の民に破れた屈辱が、覇王ブラック・モナークに、新たな呪いの種をもたらす人形を作成させた。,"Stinging from his humiliting defeat by nature's army, Dark Monarch created a doll to unleash a new plague upon them.",
314,780,card_text,デスパペット,デスパペット,Death Puppet
315,781,card_text,孤独の影ロンリー・ウォーカー,"Lonely Walker, Shadow of Solitude","Lone Tear, Shadow of Solitude"
316,782,card_text,＊自分のターンが終わるとき、バトルゾーンにある自分のクリーチャーがこのクリーチャーだけであれば、自分の墓地に置く。,"When each of your turns ends, if this is your only creature in the battle zone, put it into your graveyard.","■ At the end of each of your turns, if this is your only creature in the battle zone, destroy it."
317,783,card_text,一人にするな。 - 孤独の影ロンリー・ウォーカー,Don't leave me by myself. --Lonely Walker,
318,784,card_text,ゴースト,ゴースト,Ghost
319,785,card_text,デス・スモーク,Death Smoke,Death Smoke
320,786,card_text,＊バトルゾーンにある、相手のタップされていないクリーチャーを1体選び、持ち主の墓地に置く。,Choose 1 of your opponent's untapped creatures in the battle zone and put it into your opponent's graveyard.,■ Destroy one of your opponent's untapped creatures.
321,787,card_text,もはや逃れる術は無い。,There is no escape.,
322,788,card_text,ムラマサ・リザード,Muramasa Lizard,Legionnaire Lizard
323,789,card_text,"＊スピードアタッカー(このクリーチャーは召喚酔いしない）
＊このクリーチャーで攻撃する代わりに、タップして次の t 能力を使ってもよい。
 t バトルゾーンにある自分のクリーチャーを1体選ぶ。このターンが終わるまで、そのクリーチャーは「スピードアタッカー」を得る。","Speed attacker (This creature doesn't get summoning sickness.)
Instead of having this creature attack, you may tap it to use its t ability.
t One of your creatures in the battle zone gets ""speed attacker"" until the end of the turn.","■ Speed attacker (This creature doesn't get summoning sickness.)
■ Instead of having this creature attack, you may tap it to use its tap ability.
 One of your creatures in the battle zone gets ""speed attacker"" until the end of the turn."
324,790,card_text,デューンゲッコー,デューンゲッコー,Dune Gecko
325,791,card_text,捜神兵グチェラリオン,Armored Scout Gutscherallion,Armored Scout Gestuchar
326,792,card_text,＊バトルゾーンに自分の火のクリーチャーが他に1体もなければ、このクリーチャーは「パワーアタッカー+3000」と「W・ブレイカー」を得る。（攻撃中、そのクリーチャーのパワーは+3000され、シールドを攻撃したとき、シールドを2枚ブレイクする）,"While you have no other fire creatures in the battle zone, this creature gets ""Power attacker +3000 (While attacking, this creature gets +3000 power)"" and ""Double breaker (This creature breaks 2 shields).""","■ While you have no other fire creatures in the battle zone, this creature has ""power attacker +3000"" and ""double breaker."" (A creature that has ""power attacker +3000"" and ""double breaker"" gets +3000 power while attacking and breaks 2 shields.)"
327,793,card_text,熾烈な運用に耐えられるのは、自動修復装置のおかげだ。,"Were it not for its self-repair mechanisms, it would not be able to survive more than single mission.",
328,794,card_text,アーマロイド,アーマロイド,Armorloid
329,795,card_text,撃神兵マシンガー,Automated Weapons Master Machinger,Automated Weaponmaster Machai
330,796,card_text,＊このクリーチャーは攻撃可能であれば、必ず攻撃しなければならない。,This creature attacks if able.,■ This creature attacks each turn if able.
331,797,card_text,チョイヤのための突破口を開くのがこいつの役目。,His mission is to clear the way for Choya.,
332,798,card_text,アーマロイド,アーマロイド,Armorloid
333,799,card_text,襲撃者エグゼドライブ,"Exe Driver, the Assaulter",Pyrofighter Magnus
334,800,card_text,"＊スピードアタッカー(このクリーチャーは召喚酔いしない）
＊自分のターンが終わるとき、このクリーチャーがバトルゾーンにあれば、自分の手札に戻す。","Speed attacker (This creature doesn't get summoning sickness.)
When your turn ends, if this creature is in the battle zone, return it to your hand.","■ Speed attacker (This creature doesn't get summoning sickness.)
■ At the end of your turn, return this creature to your hand."
335,801,card_text,音すらぶっちぎり。,You hear its attack before you see it.,
336,802,card_text,ドラゴノイド,ドラゴノイド,Dragonoid
337,803,card_text,炎獣兵マグナム・ブルース,Pyrofighter Magnum blues,Torchclencher
338,804,card_text,＊バトルゾーンに自分の火のクリーチャーが他に1体でもあれば、このクリーチャーは「パワーアタッカー+3000」を得る。（攻撃中、そのクリーチャーのパワーは+3000される）,"While you have at least 1 other fire creature in the battle zone, this creature gets ""Power attacker +3000 (While attacking, this creature gets +3000 power).""","■ While you have at least one other fire creature in the battle zone, this creature has ""Power attacker +3000 (While attacking, this creature gets +3000 power)."""
339,805,card_text,復讐の銃声は、友に捧げるレクイエム。,The gunshot echoing the battle field is an requiem for my friends.,
340,806,card_text,ドラゴノイド,ドラゴノイド,Dragonoid
341,807,card_text,ピコラのスパナ,Picola's Spanner,Picora's Wrench
342,808,card_text,砕け散った大地から、マシンイーターは古代の部品を掘り起こした。,The broken earth gives up the secrets of the ancient Machine Eater civilization.,
343,809,card_text,ゼノパーツ,ゼノパーツ,Xenoparts
344,810,card_text,無謀鉄人チョイヤ,"Choya, the Unheeding","Choya, the Unheeding"
345,811,card_text,"＊パワーアタッカー +1000（攻撃中、このクリーチャーのパワーは+1000される）
＊このクリーチャーの攻撃がブロックされた場合、バトルは行われない。ただし、両クリーチャーはタップしたままである。","Power attacker +1000 (While attacking, this creature gets +1000 power.)
If this creature becomes blocked, stop the attack and no battle happens. (Both creatures stay tapped.)","■ Power attacker +1000 (While attacking, this creature gets +1000 power.)
■ Whenever this creature becomes blocked, no battle happens. (Both creatures stay tapped.)"
346,812,card_text,ヒューマノイド,ヒューマノイド,Human
347,813,card_text,幻竜砲,Phantom Dragon's Magnum,Phantom Dragon's Flame
348,814,card_text,"{ST}S・トリガー（この呪文をシールドゾーンから手札に加えるとき、コストを支払わずにすぐ唱えてよい）
＊バトルゾーンにある、パワー2000以下の相手のクリーチャーを1体選び、持ち主の墓地に置く。","{ST} Shield trigger (If this spell is put from your shield zone into your hand, you may cast it immediately for no cost.)
Choose 1 of your opponent's creatures in the battle zone that has power 2000 or less and put it into your opponent's graveyard.","■ Shield trigger (When this card is put into your hand from your shield zone, you may play it immediately for no cost.)
■ Destroy one of your opponent's creatures that has power 2000 or less."
349,815,card_text, 見かけ倒しと言ってくれるな。,Don't think this is all I've got.,
350,816,card_text,ブルーレイザー・ビートル,Blue Laser Beetle,Trench Scarab
351,817,card_text,"＊このクリーチャーは、相手プレイヤーを攻撃できない。
＊パワーアタッカー+4000（攻撃中、このクリーチャーのパワーは+4000される）","This creature can't attack players.
Power attacker +4000 (While attacking, this creature gets +4000 power.)","■ This creature can't attack players.
■ Power attacker +4000 (While attacking, this creature gets +4000 power.)"
352,818,card_text,全身に備わる鋭利な刃のため、同族ですら離れて暮らす。,"As their keen blades are dangerous to even one anther, these insects live alone.",
353,819,card_text,ジャイアント・インセクト,ジャイアント・インセクト,Giant Insect
354,820,card_text,幻惑ベリー,Hallucinatory Berry,Illusory Berry
355,821,card_text,闇のエキスをも肥やしとし、どろどろとした果実を実らす。,"It draws on the essence of darkness, to create a sappy fruit.",
356,822,card_text,ツリーフォーク,ツリーフォーク,Tree Folk
357,823,card_text,シェル・キャリアー,Shell Carrier,Carrier Shell
358,824,card_text,＊パワーアタッカー +3000（攻撃中、このクリーチャーのパワーは+3000される）,"Power attacker +3000 (While attacking, this creature gets +3000 power.)","■ Power attacker +3000 (While attacking, this creature gets +3000 power.)"
359,825,card_text,コロニー・ビートルが孵化した地は、しばしの間、豊かな草花の息吹に溢れかえる。,"Eventually, the places where Colony Beetle eggs hatch become fertile fields covered in grass and flowers.",
360,826,card_text,コロニー・ビートル,コロニー・ビートル,Colony Beetle
361,827,card_text,盗賊の盾,"Mighty Bandit, Shield of Thieves","Mighty Bandit, Ace of Thieves"
362,828,card_text,"＊このクリーチャーで攻撃する代わりに、タップして次の t 能力を使ってもよい。
 t バトルゾーンにある自分のクリーチャーを1体選ぶ。このターンが終わるまで、そのクリーチャーのパワーは+5000される。","Instead of having this creature attack, you may tap it to use its t ability.
t One of your creatures in the battle zone gets +5000 power until the end of the turn.","■ Instead of having this creature attack, you may tap it to use its tap ability.
 One of your creatures in the battle zone gets +5000 power until the end of the turn."
363,829,card_text,ビーストフォーク,ビーストフォーク,Beast Folk
364,830,card_text,シェル・ラック,Shell Rack,Slumber Shell
365,831,card_text,何度燃やされようと、森はまた成長を始める。,"Fire, blade, whatever the cause--as long as one seedling remains, nthing can forever destroy the forest.",
366,832,card_text,コロニー・ビートル,コロニー・ビートル,Colony Beetle
367,833,card_text,滑降妖精ガラボン,Garabon the Glider,"Garabon, the Glider"
368,834,card_text,＊パワーアタッカー +2000（攻撃中、このクリーチャーのパワーは+2000される）,"Power attacker +2000 (While attacking, this creature gets +2000 power.)","■ Power attacker +2000 (While attacking, this creature gets +2000 power.)"
369,835,card_text,彼らの頭に蒸気を見たら、酷い事になる前に逃げ出した方がいい。,"When angry, a cloud of steam surrounds their heads.",
370,836,card_text,スノーフェアリー,スノーフェアリー,Snow Faerie
371,837,card_text,ディメンジョン・ゲート,Dimension Gate,Dimension Gate
372,838,card_text,"{ST}S・トリガー（この呪文をシールドゾーンから手札に加えるとき、コストを支払わずにすぐ唱えてよい）
＊自分の山札を見る。その中からクリーチャーを1体選び、相手に見せてから自分の手札に加えてもよい。その後、山札をシャッフルする。","{ST} Shield trigger (If this spell is put from your shield zone into your hand, you may cast it immediately for no cost.)
Search your deck. You may take a creature from your deck, show that creature to your opponent, and put it into your hand. Then shuffle your deck.","■ Shield trigger (When this card is put into your hand from your shield zone, you may play it immediately for no cost.)
■ Search your deck. You may take a creature from your deck, show that creature to your opponent, and put it into your hand. Then shuffle your deck."
373,839,card_text,フェアリー・ライフ,Faerie Life,Faerie Life
374,840,card_text,"{ST}S・トリガー（この呪文をシールドゾーンから手札に加えるとき、コストを支払わずにすぐ唱えてよい）
＊自分の山札の上から1枚目を、自分のマナゾーンに置く。","{ST} Shield trigger (If this spell is put from your shield zone into your hand, you may cast it immediately for no cost.)
Put the top card of your deck into your mana zone.","■ Shield trigger (When this card is put into your hand from your shield zone, you may play it immediately for no cost.)
■ Put the top card of your deck into your mana zone."
375,841,card_text,お芽々がぽっこり～　雪からにょっきり～ - 春の歌,...Buds sprout/From the snow… --Song of Spring,
376,842,card_text,聖天使クラウゼ・バルキューラ,Holy Angel Crauze Valkyrie,"Craze Valkyrie, the Drastic"
377,843,card_text,"＊進化－自分のイニシエート1体の上に置く。
＊このクリーチャーがバトルゾーンに出たとき、バトルゾーンにある相手のクリーチャーを2体まで選び、タップしてもよい。
＊W・ブレイカー（シールドを攻撃したとき、このクリーチャーはシールドを2枚ブレイクする）","Evolution-Put on 1 of your Initiates.
When this creature is put into the battle zone, you may choose up to 2 of your opponent's untapped creatures in the battle zone and tap them.
Double breaker (This creature breaks 2 shields.)","■ Evolution-Put on one of your Initiates.
■ When you put this creature into the battle zone, choose up to 2 of your opponent's creatures in the battle zone and tap them.
■ Double breaker (This creature breaks 2 shields.)"
378,844,card_text,イニシエート,イニシエート,Initiate
379,845,card_text,閃光の求道者ラ・ベイル,"La Veil, Seeker of Luminescence","Laveil, Seeker of Catastrophe"
380,846,card_text,"{B}ブロッカー（相手クリーチャーが攻撃するとき、このクリーチャーをタップして、その攻撃を阻止してよい。そのあと、その相手クリーチャーとバトルする）
＊W・ブレイカー
＊ターンの終わりに、このクリーチャーをアンタップしてもよい。","{B} Blocker (When one of your opponent's creatures attacks, you may tap this creature to stop the attack. Then the two creatures battle.)
Double breaker
When each turn ends, if this creature is in the battle zone, you may untap this creature.","■ Blocker (Whenever an opponent's creature attacks, you may tap this creature to stop the attack. Then the 2 creatures battle.)
■ At the end of each of your turns, you may untap this creature.
■ Double breaker (This creature breaks 2 shields.)"
381,847,card_text,メカサンダー,メカサンダー,Mecha Thunder
382,848,card_text,ゼータ・トゥレイト,Zeta Toolate,Q-tronic Hypermind
383,849,card_text,"＊進化－自分のサバイバー1体の上に置く。
＊このクリーチャーがバトルゾーンに出たとき、バトルゾーンにあるサバイバーの数と同じ枚数のカードを引いてもよい。
＊W・ブレイカー（シールドを攻撃したとき、このクリーチャーはシールドを2枚ブレイクする）","Evolution-Put on one of your Survivors.
When this creature is put into the battle zone, count the number of Survivors in the battle zone. You may draw that many cards.
Double breaker (This creature breaks 2 shields.)","■ Evolution-Put on one of your Survivors.
■ When you put this creature into the battle zone, you may draw a card for each Survivor in the battle zone.
■ Double breaker (This creature breaks 2 shields.)"
384,850,card_text,サバイバー,サバイバー,Survivor
385,851,card_text,クリスタル・ジャベリン,Crystal Javelin,Crystal Jouster
386,852,card_text,"＊進化－自分のリキッド・ピープル1体の上に置く。
＊W・ブレイカー（シールドを攻撃したとき、このクリーチャーはシールドを2枚ブレイクする）
＊このクリーチャーがバトルゾーンから自分の墓地に置かれた場合、このクリーチャーを自分の手札に戻す。","Evolution-Put on one of your Liquid People.
Double breaker (This creature breaks 2 shields.)
If this creature is put from the battle zone into your graveyard, then put this creature into your hand.","■ Evolution-Put on one of your Liquid People.
■ Double breaker (This creature breaks 2 shields.)
■ When this creature would be destroyed, return it to your hand instead."
387,853,card_text,一つにして無限の戦士。,An infinite number of warriors in one.,
388,854,card_text,リキッド・ピープル,リキッド・ピープル,Liquid People
389,855,card_text,超幻獣グラザルド,Phantasmal Beast Grazald,Phantasmal Horror Gigazald
390,856,card_text,"＊進化－自分のキマイラ1体の上に置く。
＊このクリーチャーがバトルゾーンにある間、バトルゾーンにある自分の闇のクリーチャーをタップし、攻撃する代わりに次の t 能力を使ってもよい。
 t 相手の手札からカードを1枚見ないで選び、持ち主の墓地に置く。","Evolution-Put on one of your Chimeras.
While this creature is in the battle zone, each of your darkness creatures may tap instead of attacking to use this t ability:
t Your opponent discards a card at random from his or her hand.","■ Evolution-Put on one of your Chimeras.
■ Each of your darkness creatures may tap instead of attacking to use this creature's tap ability.
 Your opponent discards a card at random from his hand."
391,857,card_text,キマイラ,キマイラ,Chimera
392,858,card_text,憤怒の猛将ダイダロス,"Daidalos, General of Fury","Daidalos, General of Fury"
393,859,card_text,"＊バトルゾーンにある、自分の他のクリーチャー1体を自分の墓地に置かなければ、このクリーチャーは攻撃することができない。
＊W・ブレイカー（シールドを攻撃したとき、このクリーチャーはシールドを2枚ブレイクする）","To have this creature attack, put 1 of your other creatures from the battle zone into your graveyard.
Double breaker (This creature breaks 2 shields.)","■ Whenever this creature attacks, destroy one of your creatures.
■ Double breaker (This creature breaks 2 shields.)"
394,860,card_text,怒りの瘴気は味方すら巻き込む。,Its cloud of rage distinguishes not between friend and foe.,
395,861,card_text,デーモン・コマンド,デーモン・コマンド,Demon Command
396,862,card_text,甲冑神龍エグゼキューター,Armored Reptile Executor,Lava Walker Executo
397,863,card_text,"＊進化－自分のドラゴノイド1体の上に置く。
＊このクリーチャーがバトルゾーンにある間、バトルゾーンにある自分の火のクリーチャーをタップし、攻撃する代わりに次の t 能力を使ってもよい。
 t バトルゾーンにある自分の火のクリーチャーを1体選ぶ。このターンが終わるまで、そのクリーチャーのパワーは+3000される。","Evolution-Put on one of your Dragonoids.
While this creature is in the battle zone, each of your fire creatures may tap instead of attacking to use this t ability:
t One of your fire creatures gets +3000 power until the end of the turn.","■ Evolution-Put on one of your Dragonoids.
■ Each of your fire creatures may tap instead of attacking to use this creature's tap ability.
 One of your fire creatures in the battle zone gets +3000 power until the end of the turn."
398,864,card_text,ドラゴノイド,ドラゴノイド,Dragonoid
399,865,card_text,ボルメテウス・ホワイト・ドラゴン,Bolmeteus White Dragon,Bolmeteus Steel Dragon
400,866,card_text,"＊W・ブレイカー（シールドを攻撃したとき、このクリーチャーはシールドを2枚ブレイクする）
＊このクリーチャーがシールドをブレイクしたとき、相手はそのシールドを持ち主の墓地に置く。（その「Ｓ・トリガー」は使えない）","Double breaker (This creature breaks 2 shields.)
Whenever this creature breaks a shield, your opponent puts that shield into his or her graveyard. (If that shield has a ""shield trigger,"" it doesn't work.)","■ Double breaker (This creature breaks 2 shields.)
■ Whenever this creature would break a shield, your opponent puts that shield into his graveyard instead."
401,867,card_text,気高き怒りに触れる者、百万回死んでもおかしくない。,"If you anger it, be glad you only have one life to lose.",
402,868,card_text,アーマード・ドラゴン,アーマード・ドラゴン,Armored Dragon
403,869,card_text,大昆虫ガイアマンティス,Gigainsect Gaea Mantis,"Ultra Mantis, Scourge of Fate"
404,870,card_text,"＊進化－自分のジャイアント・インセクト１体の上に置く。
＊このクリーチャーは、パワー8000以下のクリーチャーにブロックされない。
＊W・ブレイカー（シールドを攻撃したとき、このクリーチャーはシールドを2枚ブレイクする）","Evolution-Put on one of your Giant Insects.
This creature can't be blocked by any creature that has power 8000 or less.
Double breaker (This creature breaks 2 shields.)","■ Evolution-Put on one of your Giant Insects.
■ This creature can't be blocked by any creature that has power 8000 or less.
■ Double breaker (This creature breaks 2 shields.)"
405,871,card_text,その刃が閃くとき、邪悪を退け魔黒を滅す。,One flash of its blades blinds evil and drives away the darkness.,
406,872,card_text,ジャイアント・インセクト,ジャイアント・インセクト,Giant Insect
407,873,card_text,神秘の超人,Mysterious Giant,Cliffcrush Giant
408,874,card_text,"＊バトルゾーンにタップされていない自分のクリーチャーが他に1体でもあれば、このクリーチャーは攻撃することができない。
＊W・ブレイカー（シールドを攻撃したとき、このクリーチャーはシールドを2枚ブレイクする）","If you have any other untapped creatures in the battle zone, this creature can't attack.
Double breaker (This creature breaks 2 shields.)","■ While you have any other untapped creatures in the battle zone, this creature can't attack.
■ Double breaker (This creature breaks 2 shields.)"
409,875,card_text,獣人の祈りが大地を呼び覚ます。,The earth nt only hears the beast folks' prayers--it answers them.,
410,876,card_text,ジャイアント,ジャイアント,Giant
411,877,card_text,爆雷の求道者ガラ・ガンダール,"Gala Gandaar, Seeker of Explosive Thunder","Gandar, Seeker of Explosions"
412,878,card_text,"＊W・ブレイカー（シールドを攻撃したとき、このクリーチャーはシールドを2枚ブレイクする）
＊このクリーチャーで攻撃するかわりに、タップして次の t 能力を使ってもよい。
 t このターンの終わりに、自分の光のクリーチャーをすべてアンタップする。","＊W・ブレイカー（シールドを攻撃したとき、このクリーチャーはシールドを2枚ブレイクする）
＊このクリーチャーで攻撃するかわりに、タップして次の t 能力を使ってもよい。
 t このターンの終わりに、自分の光のクリーチャーをすべてアンタップする。","■ Double breaker (This creature breaks 2 shields.)
■ Instead of having this creature attack, you may tap it to use its tap ability.
 At the end of the turn, untap all your light creatures."
413,879,card_text,メカサンダー,メカサンダー,Mecha Thunder
414,880,card_text,キング・アクエリアス,King Aquarius,King Benthos
415,881,card_text,"＊W・ブレイカー
＊このクリーチャーで攻撃するかわりに、タップして次の t 能力を使ってもよい。
 t このターンが終わるまで、バトルゾーンにある自分の水のクリーチャーはすべて、次の能力を得る。「このクリーチャーはブロックされない」","＊W・ブレイカー
＊このクリーチャーで攻撃するかわりに、タップして次の t 能力を使ってもよい。
 t このターンが終わるまで、バトルゾーンにある自分の水のクリーチャーはすべて、次の能力を得る。「このクリーチャーはブロックされない」","■ Double breaker (This creature breaks 2 shields.)
■ Instead of having this creature attack, you may tap it to use its tap ability.
 Each of your water creatures gets ""This creature can't be blocked"" until the end of the turn."
416,882,card_text,リヴァイアサン,リヴァイアサン,Leviathan
417,883,card_text,戦艦男,Battleship Man,Battleship Mutant
418,884,card_text,"＊このクリーチャーで攻撃するかわりに、タップして次の t 能力を使ってもよい。
 t このターンが終わるまで、バトルゾーンにある自分の闇のクリーチャーすべてのパワーは+4000され、「W・ブレイカー」を得る。このターンにバトルした自分の闇のクリーチャーは、バトルの後、勝っても自分の墓地に置かれる。","＊このクリーチャーで攻撃するかわりに、タップして次の t 能力を使ってもよい。
 t このターンが終わるまで、バトルゾーンにある自分の闇のクリーチャーすべてのパワーは+4000され、「W・ブレイカー」を得る。このターンにバトルした自分の闇のクリーチャーは、バトルの後、勝っても自分の墓地に置かれる。","■ Instead of having this creature attack, you may tap it to use its tap ability.
 Until the end of the turn, each of your darkness creatures in the battle zone gets +4000 power and ""double breaker."" Whenever any of those creatures battles this turn, destroy it after the battle."
419,885,card_text,へドリアン,へドリアン,Hedrian
420,886,card_text,鎧神兵ガリアクルーズ,Armored Myrmidon Galiacruse,Armored Transport Galiacruse
421,887,card_text,"＊このクリーチャーで攻撃するかわりに、タップして次の t 能力を使ってもよい。
 t このターンが終わるまで、バトルゾーンにある自分の火のクリーチャーはすべて、次の能力を得る。「このクリーチャーはタップされていないクリーチャーを攻撃できる」","＊このクリーチャーで攻撃するかわりに、タップして次の t 能力を使ってもよい。
 t このターンが終わるまで、バトルゾーンにある自分の火のクリーチャーはすべて、次の能力を得る。「このクリーチャーはタップされていないクリーチャーを攻撃できる」","■ Instead of having this creature attack, you may tap it to use its tap ability.
 Each of your fire creatures gets ""This creature can attack untapped creatures"" until the end of the turn."
422,888,card_text,アーマロイド,アーマロイド,Armorloid
423,889,card_text,爆転の化身,Spinning Totem,Spinning Totem
424,890,card_text,"＊このクリーチャーで攻撃するかわりに、タップして次の t 能力を使ってもよい。
 t このターン、バトルゾーンにある自分の自然のクリーチャーが相手を攻撃してブロックされたとき、相手のシールドが1枚でもあれば、そのうちの１枚をブレイクする。（W・ブレイカーまたはＴ・ブレイカー付きクリーチャーであっても、ブロックされた場合は１枚しかブレイクしない）","＊このクリーチャーで攻撃するかわりに、タップして次の t 能力を使ってもよい。
 t このターン、バトルゾーンにある自分の自然のクリーチャーが相手を攻撃してブロックされたとき、相手のシールドが1枚でもあれば、そのうちの１枚をブレイクする。（W・ブレイカーまたはＴ・ブレイカー付きクリーチャーであっても、ブロックされた場合は１枚しかブレイクしない）","■ Instead of having this creature attack, you may tap it to use its tap ability.
 This turn, whenever any of your nature creatures is attacking your opponent and becomes blocked, it breaks one of his shields. (If a creature has ""double breaker"" or ""triple breaker,"" it still breaks only one shield.)"
425,891,card_text,ミステリー・トーテム,ミステリー・トーテム,Mystery Totem
426,892,card_text,聖天使カイザル・バジキューラ,Holy Angel Kaisar Basikula,"Kizar Basiku, the Outrageous"
427,893,card_text,"{B}ブロッカー　
＊進化-自分のイニシエート１体の上に置く。
＊火ステルス（相手のマナゾーンに火のカードが１枚でもあれば、このクリーチャーはブロックされない）
＊W・ブレイカー（シールドを攻撃したとき、このクリーチャーはシールドを2枚ブレイクする）","{B}ブロッカー　
＊進化-自分のイニシエート１体の上に置く。
＊火ステルス（相手のマナゾーンに火のカードが１枚でもあれば、このクリーチャーはブロックされない）
＊W・ブレイカー（シールドを攻撃したとき、このクリーチャーはシールドを2枚ブレイクする）","■ Blocker (Whenever an opponent's creature attacks, you may tap this creature to stop the attack. Then the 2 creatures battle.)
■ Evolution-Put on one of your Initiates.
■ Fire stealth (This creature can't be blocked while your opponent has any fire cards in his mana zone.)
■ Double breaker (This creature breaks 2 shields.)"
428,894,card_text,イニシエート,イニシエート,Initiate
429,895,card_text,光封樹,Trap Tree,Pulsar Tree
430,896,card_text,＊このクリーチャーがバトルゾーンにある間、自分のシールドが１枚ブレイクされるとき、かわりにこのクリーチャーを自分の墓地に置いてもよい。,＊このクリーチャーがバトルゾーンにある間、自分のシールドが１枚ブレイクされるとき、かわりにこのクリーチャーを自分の墓地に置いてもよい。,"■ When one of your shields would be broken, you may destroy this creature instead."
431,897,card_text,塔の灯が、悪しき心を吸い寄せる。,塔の灯が、悪しき心を吸い寄せる。,
432,898,card_text,スターライト・ツリー,スターライト・ツリー,Starlight Tree
433,899,card_text,ジャスティス・ジャミング,Justice Jamming,Justice Jamming
434,900,card_text,＊バトルゾーンにあるすべての闇のクリーチャーか、すべての火のクリーチャーどちらかをタップする。,＊バトルゾーンにあるすべての闇のクリーチャーか、すべての火のクリーチャーどちらかをタップする。,"■ Tap all darkness creatures in the battle zone, or tap all fire creatures in the battle zone."
435,901,card_text,突如現れた石碑の群れが、敵の視界を幻惑する。,突如現れた石碑の群れが、敵の視界を幻惑する。,
436,902,card_text,キャバリア・シャーク,Cavalier Shark,Trenchdive Shark
437,903,card_text,＊このクリーチャーがバトルゾーンに出たとき、自分の手札から2枚まで選び、裏向きにして自分のシールドに加えてもよい。そうした場合、同じ枚数の自分のシールドを裏向きのまま選び、自分の手札に加える。ただし、その「Ｓ・トリガー」は使えない。,＊このクリーチャーがバトルゾーンに出たとき、自分の手札から2枚まで選び、裏向きにして自分のシールドに加えてもよい。そうした場合、同じ枚数の自分のシールドを裏向きのまま選び、自分の手札に加える。ただし、その「Ｓ・トリガー」は使えない。,"■ When you put this creature into the battle zone, you may add up to 2 cards from your hand to your shields face down. If you do, choose the same number of your shields and put them into your hand. You can't use the ""shield trigger"" ability of those shields."
438,904,card_text,ゲル・フィッシュ,ゲル・フィッシュ,Gel Fish
439,905,card_text,アクア・フェンサー,Aqua Fencer,Aqua Fencer
440,906,card_text,"＊このクリーチャーで攻撃するかわりに、タップして次の t 能力を使ってもよい。
 t 相手のマナゾーンからカードを1枚選ぶ。相手はそれを持ち主の手札に戻す。","＊このクリーチャーで攻撃するかわりに、タップして次の t 能力を使ってもよい。
 t 相手のマナゾーンからカードを1枚選ぶ。相手はそれを持ち主の手札に戻す。","■ Instead of having this creature attack, you may tap it to use its tap ability.
 Choose a card in your opponent's mana zone and return it to his hand."
441,907,card_text,無言で敵を切り刻む。,無言で敵を切り刻む。,
442,908,card_text,リキッド・ピープル,リキッド・ピープル,Liquid People
443,909,card_text,ビアンカス,Biancus,Biancus
444,910,card_text,"{B}ブロッカー
＊このクリーチャーで攻撃するかわりに、タップして次の t 能力を使ってもよい。
 t  バトルゾーンにある自分のクリーチャーを1体選ぶ。このターン、そのクリーチャーはブロックされない。","{B}ブロッカー
＊このクリーチャーで攻撃するかわりに、タップして次の t 能力を使ってもよい。
 t  バトルゾーンにある自分のクリーチャーを1体選ぶ。このターン、そのクリーチャーはブロックされない。","■ Blocker (Whenever an opponent's creature attacks, you may tap this creature to stop the attack. Then the 2 creatures battle.)
■ Instead of having this creature attack, you may tap it to use its tap ability.
 Choose one of your creatures in the battle zone. It can't be blocked this turn."
445,911,card_text,シー・ハッカー,シー・ハッカー,Sea Hacker
446,912,card_text,超幻獣ドグザバル,Phantom Beast Dogzabal,Phantasmal Horror Gigazabal
447,913,card_text,"＊進化-自分のキマイラ１体の上に置く。
＊光ステルス（相手のマナゾーンに光のカードが１枚でもあれば、このクリーチャーはブロックされない）
＊W・ブレイカー（シールドを攻撃したとき、このクリーチャーはシールドを2枚ブレイクする）","＊進化-自分のキマイラ１体の上に置く。
＊光ステルス（相手のマナゾーンに光のカードが１枚でもあれば、このクリーチャーはブロックされない）
＊W・ブレイカー（シールドを攻撃したとき、このクリーチャーはシールドを2枚ブレイクする）","■ Evolution-Put on one of your Chimeras.
■ Light stealth (This creature can't be blocked while your opponent has any light cards in his mana zone.)
■ Double breaker (This creature breaks 2 shields.)"
448,914,card_text,暴虐の炎に、白き都は灰燼と化した。,暴虐の炎に、白き都は灰燼と化した。,
449,915,card_text,キマイラ,キマイラ,Chimera
450,916,card_text,ギガバスター,Gigabuster,Gigabuster
451,917,card_text,"{B} ブロッカー
＊このクリーチャーがバトルゾーンに出たとき、自分のシールドが1枚でもあれば、その中から１枚を裏向きのまま選び、自分の手札に加える。ただし、その「Ｓ・トリガー」は使えない。
＊このクリーチャーは攻撃することができない。","{B} ブロッカー
＊このクリーチャーがバトルゾーンに出たとき、自分のシールドが1枚でもあれば、その中から１枚を裏向きのまま選び、自分の手札に加える。ただし、その「Ｓ・トリガー」は使えない。
＊このクリーチャーは攻撃することができない。","■ Blocker (Whenever an opponent's creature attacks, you may tap this creature to stop the attack. Then the 2 creatures battle.)
■ When you put this creature into the battle zone, choose one of your shields and put it into your hand. You can't use the ""shield trigger"" ability of that shield.
■ This creature can't attack."
452,918,card_text,キマイラ,キマイラ,Chimera
453,919,card_text,チェイン・スラッシュ,Chain Slash,Hopeless Vortex
454,920,card_text,＊バトルゾーンにある相手のクリーチャーを1体選ぶ。相手はそれを持ち主の墓地に置く。,＊バトルゾーンにある相手のクリーチャーを1体選ぶ。相手はそれを持ち主の墓地に置く。,■ Destroy one of your opponent's creatures.
455,921,card_text,憎しみや悲しみは連鎖する。,憎しみや悲しみは連鎖する。,
456,922,card_text,超巨岩獣ヴォルクラウザー,Ultra Rock Beast Valkrauser,"Valkrowzer, Ultra Rock Beast"
457,923,card_text,"＊進化-自分のロック・ビースト１体の上に置く。
＊水ステルス（相手のマナゾーンに水のカードが１枚でもあれば、このクリーチャーはブロックされない）
＊W・ブレイカー（シールドを攻撃したとき、このクリーチャーはシールドを2枚ブレイクする）","＊進化-自分のロック・ビースト１体の上に置く。
＊水ステルス（相手のマナゾーンに水のカードが１枚でもあれば、このクリーチャーはブロックされない）
＊W・ブレイカー（シールドを攻撃したとき、このクリーチャーはシールドを2枚ブレイクする）","■ Evolution-Put on one of your Rock Beasts.
■ Water stealth (This creature can't be blocked while your opponent has any water cards in his mana zone.)
■ Double breaker (This creature breaks 2 shields.)"
458,924,card_text,一瞬にして、海底都市は遺跡に成り下がった。,一瞬にして、海底都市は遺跡に成り下がった。,
459,925,card_text,ロック・ビースト,ロック・ビースト,Rock Beast
460,926,card_text,ピーポのバール,Pipo's Ball,Kipo's Contraption
461,927,card_text,"＊このクリーチャーで攻撃するかわりに、タップして次の t 能力を使ってもよい。
 t バトルゾーンにあるパワー2000以下の相手のクリーチャーを１体選ぶ。相手はそれを持ち主の墓地に置く。","＊このクリーチャーで攻撃するかわりに、タップして次の t 能力を使ってもよい。
 t バトルゾーンにあるパワー2000以下の相手のクリーチャーを１体選ぶ。相手はそれを持ち主の墓地に置く。","■ Instead of having this creature attack, you may tap it to use its tap ability.
 Destroy one of your opponent's creatures that has power 2000 or less."
462,928,card_text,早く破壊しちゃって！  - 技師ピーポ,早く破壊しちゃって！  - 技師ピーポ,
463,929,card_text,ゼノパーツ,ゼノパーツ,Xenoparts
464,930,card_text,地獄万力,Hell's Vise,Apocalypse Vise
465,931,card_text,＊バトルゾーンにある相手のクリーチャーを、パワーの合計が8000以下になるように好きな数選ぶ。相手はそれを持ち主の墓地に置く。,＊バトルゾーンにある相手のクリーチャーを、パワーの合計が8000以下になるように好きな数選ぶ。相手はそれを持ち主の墓地に置く。,■ Destroy any number of your opponent's creatures that have total power 8000 or less.
466,932,card_text,痛いの痛いの入り込め。,痛いの痛いの入り込め。,
467,933,card_text,世界樹ユグドラジーガ,World Tree Yggdrasiga,"World Tree, Root of Life"
468,934,card_text,"＊進化-自分のツリー・フォーク１体の上に置く。
＊パワーアタッカー+2000（攻撃中、このクリーチャーのパワーは+2000される）
＊闇ステルス（相手のマナゾーンに闇のカードが１枚でもあれば、このクリーチャーはブロックされない）
＊W・ブレイカー","＊進化-自分のツリー・フォーク１体の上に置く。
＊パワーアタッカー+2000（攻撃中、このクリーチャーのパワーは+2000される）
＊闇ステルス（相手のマナゾーンに闇のカードが１枚でもあれば、このクリーチャーはブロックされない）
＊W・ブレイカー","■ Evolution-Put on one of your Tree Folk.
■ Power attacker +2000 (While attacking, this creature gets +2000 power.)
■ Darkness stealth (This creature can't be blocked while your opponent has any darkness cards in his mana zone.)
■ Double breaker (This creature breaks 2 shields.)"
469,935,card_text,ツリーフォーク,ツリーフォーク,Tree Folk
470,936,card_text,呪紋の化身,Cursed Totem,Cryptic Totem
471,937,card_text,"＊W・ブレイカー（シールドを攻撃したとき、このクリーチャーはシールドを2枚ブレイクする）
＊このクリーチャーがバトルゾーンにある間、相手は「Ｓ・トリガー」を使えない。","＊W・ブレイカー（シールドを攻撃したとき、このクリーチャーはシールドを2枚ブレイクする）
＊このクリーチャーがバトルゾーンにある間、相手は「Ｓ・トリガー」を使えない。","■ Double breaker (This creature breaks 2 shields.)
■ While this creature is tapped, your opponent can't use the ""shield trigger"" ability of his shields."
472,938,card_text,タオパブの木で作られた杖は、魔術師の力を増幅するだろう。しかし、その力に頼りすぎた魔術師は己と杖の区別を失ってしまう。,タオパブの木で作られた杖は、魔術師の力を増幅するだろう。しかし、その力に頼りすぎた魔術師は己と杖の区別を失ってしまう。,
473,939,card_text,ミステリー・トーテム,ミステリー・トーテム,Mystery Totem
474,940,card_text,草原の 種,Grass seed,"Tangle Fist, the Weaver"
475,941,card_text,"＊このクリーチャーで攻撃するかわりに、タップして次の t 能力を使ってもよい。
 t 自分の手札から3枚まで選び、自分のマナゾーンに置く。","＊このクリーチャーで攻撃するかわりに、タップして次の t 能力を使ってもよい。
 t 自分の手札から3枚まで選び、自分のマナゾーンに置く。","■ Instead of having this creature attack, you may tap it to use its tap ability.
 Put up to 3 cards from your hand into your mana zone."
476,942,card_text,旗揚げには、奴の力が必要なんだ！ --小さな勇者ゲット,旗揚げには、奴の力が必要なんだ！ --小さな勇者ゲット,
477,943,card_text,ビーストフォーク,ビーストフォーク,Beast Folk
478,944,card_text,宣凶師ロンドビル,Rondobil the Missionary,"Rondobil, the Explorer"
479,945,card_text,"＊このクリーチャーで攻撃するかわりに、タップして次の t 能力を使ってもよい。 
t バトルゾーンにある自分のクリーチャーを1体選び、裏向きにして自分のシールドに加える。","＊このクリーチャーで攻撃するかわりに、タップして次の t 能力を使ってもよい。 
t バトルゾーンにある自分のクリーチャーを1体選び、裏向きにして自分のシールドに加える。","■ Instead of having this creature attack, you may tap it to use its tap ability.
 Add one of your creatures from the battle zone to your shields face down."
480,946,card_text,ひでぇよ、空からまとめて吸うなんて！  - 解体屋ピーカプ,ひでぇよ、空からまとめて吸うなんて！  - 解体屋ピーカプ,
481,947,card_text,グラディエーター,グラディエーター,Gladiator
482,948,card_text,聖騎士プラネットシャイン,"Planet Shine, the Holy Warrior","Geoshine, Spectral Knight"
483,949,card_text,＊このクリーチャーが攻撃するとき、バトルゾーンにある闇または火のクリーチャーを1体選び、タップしてもよい。（ただし、まず何を攻撃するか選んでから、タップしたいクリーチャーを選ぶ）,＊このクリーチャーが攻撃するとき、バトルゾーンにある闇または火のクリーチャーを1体選び、タップしてもよい。（ただし、まず何を攻撃するか選んでから、タップしたいクリーチャーを選ぶ）,"■ Whenever this creature attacks, you may choose a darkness or fire creature in the battle zone and tap it. (First choose what this creature is attacking. Then choose a creature to tap.)"
484,950,card_text,折れた剣は、より鋭い武器を生む。,折れた剣は、より鋭い武器を生む。,
485,951,card_text,レインボー・ファントム,レインボー・ファントム,Rainbow Phantom
486,952,card_text,ライトニング・チャージャー,Lightning Charger,Lightning Charger
487,953,card_text,"＊バトルゾーンにある相手のクリーチャーを１体選び、タップする。
＊チャージャー（この呪文を唱えた後、墓地に置くかわりに自分のマナゾーンに置く）","＊バトルゾーンにある相手のクリーチャーを１体選び、タップする。
＊チャージャー（この呪文を唱えた後、墓地に置くかわりに自分のマナゾーンに置く）","■ Choose one of your opponent's creatures in the battle zone and tap it.
■ Charger (After you cast this spell, put it into your mana zone instead of your graveyard.)"
488,954,card_text,この時を逃すな！,この時を逃すな！,
489,955,card_text,スプラッシュ・ゼブラフィッシュ,Splash Zebrafish,Splash Zebrafish
490,956,card_text,"＊このクリーチャーがバトルゾーンに出たとき、自分のマナゾーンからカードを1枚選び、自分の手札に戻す。
＊このクリーチャーはブロックされない。","＊このクリーチャーがバトルゾーンに出たとき、自分のマナゾーンからカードを1枚選び、自分の手札に戻す。
＊このクリーチャーはブロックされない。","■ When you put this creature into the battle zone, return a card from your mana zone to your hand.
■ This creature can't be blocked."
491,957,card_text,予想外の事態に、非常用採掘プログラムが搭載された。,予想外の事態に、非常用採掘プログラムが搭載された。,
492,958,card_text,ゲル・フィッシュ,ゲル・フィッシュ,Gel Fish
493,959,card_text,キュリアス・アイ,Curious Eye,Curious Eye
494,960,card_text,＊このクリーチャーが攻撃するとき、相手のシールドを１枚見てもよい。その後、そのシールドを元の場所に戻す。,＊このクリーチャーが攻撃するとき、相手のシールドを１枚見てもよい。その後、そのシールドを元の場所に戻す。,"■ Whenever this creature attacks, you may look at one of your opponent's shields. Then put it back where it was."
495,961,card_text,小さな小さな探偵を闇の世界に送ったよ。  - エメラル,小さな小さな探偵を闇の世界に送ったよ。  - エメラル,
496,962,card_text,サイバー・ウイルス,サイバー・ウイルス,Cyber Virus
497,963,card_text,スパイラル・チャージャー,Spiral Charger,Riptide Charger
498,964,card_text,"＊バトルゾーンにあるクリーチャーを1体選び、持ち主の手札に戻す。
＊チャージャー（この呪文を唱えた後、墓地に置くかわりに自分のマナゾーンに置く）","＊バトルゾーンにあるクリーチャーを1体選び、持ち主の手札に戻す。
＊チャージャー（この呪文を唱えた後、墓地に置くかわりに自分のマナゾーンに置く）","■ Choose a creature in the battle zone and return it to its owner's hand.
■ Charger (After you cast this spell, put it into your mana zone instead of your graveyard.)"
499,965,card_text,出直しやがれ！,出直しやがれ！,
500,966,card_text,三面怪人アシュラファング,Three-faced Mutant Ashura Fang,Three-Faced Ashura Fang
501,967,card_text,＊このクリーチャーがバトルゾーンに出たとき、自分のシールドが1枚でもあれば、その中から１枚を裏向きのまま選び、自分の手札に加える。ただし、その「Ｓ・トリガー」は使えない。,＊このクリーチャーがバトルゾーンに出たとき、自分のシールドが1枚でもあれば、その中から１枚を裏向きのまま選び、自分の手札に加える。ただし、その「Ｓ・トリガー」は使えない。,"■ When you put this creature into the battle zone, choose one of your shields and put it into your hand. You can't use the ""shield trigger"" ability of that shield."
502,968,card_text,三面、全てが凶暴フェイス。,三面、全てが凶暴フェイス。,
503,969,card_text,デビルマスク,デビルマスク,Devil Mask
504,970,card_text,ポイズン・ティアラ,Poison Tiara,Scalpel Spider
505,971,card_text,＊攻撃を受けたとき、このクリーチャーはこのターンが終わるまで「スレイヤー」を得る。（このクリーチャーとバトルした相手クリーチャーは、勝っても持ち主の墓地に置かれる）,＊攻撃を受けたとき、このクリーチャーはこのターンが終わるまで「スレイヤー」を得る。（このクリーチャーとバトルした相手クリーチャーは、勝っても持ち主の墓地に置かれる）,"■ Whenever this creature is attacked, it gets ""slayer"" until the end of the turn. (Whenever a creature that has ""slayer"" battles, destroy the other creature after the battle.)"
506,972,card_text,ビースト軍団の侵攻を察知したポイズン・ティアラは死のトラップを張り巡らした。,ビースト軍団の侵攻を察知したポイズン・ティアラは死のトラップを張り巡らした。,
507,973,card_text,ブレインジャッカー,ブレインジャッカー,Brain Jacker
508,974,card_text,ブラッディ・チャージャー,Bloody Charger,Venom Charger
509,975,card_text,"＊バトルゾーンにある自分のクリーチャーを１体選ぶ。このターンが終わるまで、そのクリーチャーは「スレイヤー」を得る。（このクリーチャーとバトルした相手クリーチャーは、勝っても持ち主の墓地に置かれる）　　
＊チャージャー（この呪文を唱えた後、墓地に置くかわりに自分のマナゾーンに置く）","＊バトルゾーンにある自分のクリーチャーを１体選ぶ。このターンが終わるまで、そのクリーチャーは「スレイヤー」を得る。（このクリーチャーとバトルした相手クリーチャーは、勝っても持ち主の墓地に置かれる）　　
＊チャージャー（この呪文を唱えた後、墓地に置くかわりに自分のマナゾーンに置く）","■ One of your creatures in the battle zone gets ""slayer"" until the end of the turn. (Whenever a creature that has ""slayer"" battles, destroy the other creature after the battle.)
■ Charger (After you cast this spell, put it into your mana zone instead of your graveyard.)"
510,976,card_text,怪神兵ナグール,Otherworldly Warrior Nagul,Otherworldly Warrior Naglu
511,977,card_text,"＊パワーアタッカー+3000（攻撃中、このクリーチャーのパワーは+3000される）
＊W・ブレイカー（シールドを攻撃したとき、このクリーチャーはシールドを2枚ブレイクする）
＊このクリーチャーは攻撃されない。","＊パワーアタッカー+3000（攻撃中、このクリーチャーのパワーは+3000される）
＊W・ブレイカー（シールドを攻撃したとき、このクリーチャーはシールドを2枚ブレイクする）
＊このクリーチャーは攻撃されない。","■ This creature can't be attacked.
■ Power attacker +3000 (While attacking, this creature gets +3000 power.)
■ Double breaker (This creature breaks 2 shields.)"
512,978,card_text,敵も見かけに騙される。,敵も見かけに騙される。,
513,979,card_text,アーマロイド,アーマロイド,Armorloid
514,980,card_text,クレーターザウルス,Cratersaur,Cratersaur
515,981,card_text,＊自分のシールドが1枚もなければ、このクリーチャーは「パワーアタッカー+3000」を得、タップされていないクリーチャーを攻撃することができる。,＊自分のシールドが1枚もなければ、このクリーチャーは「パワーアタッカー+3000」を得、タップされていないクリーチャーを攻撃することができる。,"■ While you have no shields, this creature can attack untapped creatures and has ""Power attacker +3000 (While attacking, this creature gets +3000 power)."""
516,982,card_text,溶岩の血が大惨事を巻き起こす。,溶岩の血が大惨事を巻き起こす。,
517,983,card_text,ロック・ビースト,ロック・ビースト,Rock Beast
518,984,card_text,エナジー・チャージャー,Energy Charger,Energy Charger
519,985,card_text,"＊バトルゾーンにある自分のクリーチャーを１体選ぶ。このターンが終わるまで、そのクリーチャーのパワーは+2000される。
＊チャージャー（この呪文を唱えた後、墓地に置くかわりに自分のマナゾーンに置く）","＊バトルゾーンにある自分のクリーチャーを１体選ぶ。このターンが終わるまで、そのクリーチャーのパワーは+2000される。
＊チャージャー（この呪文を唱えた後、墓地に置くかわりに自分のマナゾーンに置く）","■ One of your creatures gets +2000 power until the end of the turn.
■ Charger (After you cast this spell, put it into your mana zone instead of your graveyard.)"
520,986,card_text,勝負はこれからだ！,勝負はこれからだ！,
521,987,card_text,シェル・ブリーダー,Shell Breeder,Brood Shell
522,988,card_text,"＊このクリーチャーで攻撃するかわりに、タップして次の t 能力を使ってもよい。 
 t 自分のマナゾーンからクリーチャーを１体選び、自分の手札に戻す。","＊このクリーチャーで攻撃するかわりに、タップして次の t 能力を使ってもよい。 
 t 自分のマナゾーンからクリーチャーを１体選び、自分の手札に戻す。","■ Instead of having this creature attack, you may tap it to use its tap ability.
 Return a creature from your mana zone to your hand."
523,989,card_text,ぷくりとふくらむ腹の中、卵が一杯隠れてる。,ぷくりとふくらむ腹の中、卵が一杯隠れてる。,
524,990,card_text,コロニー・ビートル,コロニー・ビートル,Colony Beetle
525,991,card_text,不死身の果実,Undying Fruit,Fruit of Eternity
526,992,card_text,"{ST} S・トリガー（この呪文をシールドゾーンから手札に加えるとき、コストを支払わずにすぐ唱えてよい）
＊このターン、自分のクリーチャー１体がバトルゾーンから自分の墓地に置かれるとき、墓地に置くかわりに自分のマナゾーンに置く。","{ST} S・トリガー（この呪文をシールドゾーンから手札に加えるとき、コストを支払わずにすぐ唱えてよい）
＊このターン、自分のクリーチャー１体がバトルゾーンから自分の墓地に置かれるとき、墓地に置くかわりに自分のマナゾーンに置く。","■ Shield trigger (When this card is put into your hand from your shield zone, you may play it immediately for no cost.)
■ Whenever any of your creatures would be destroyed this turn, put it into your mana zone instead."
527,993,card_text,メビウス・チャージャー,Moebius Charger,Mulch Charger
528,994,card_text,"＊バトルゾーンにある自分のクリーチャーを1体選び、自分のマナゾーンに置く。
＊チャージャー（この呪文を唱えた後、墓地に置くかわりに自分のマナゾーンに置く）","＊バトルゾーンにある自分のクリーチャーを1体選び、自分のマナゾーンに置く。
＊チャージャー（この呪文を唱えた後、墓地に置くかわりに自分のマナゾーンに置く）","■ Put one of your creatures from the battle zone into your mana zone.
■ Charger (After you cast this spell, put it into your mana zone instead of your graveyard.)"
529,995,card_text,肉体という器を捨て、生命の大河は流れ続ける。,肉体という器を捨て、生命の大河は流れ続ける。,
530,996,card_text,白夜の守護者ロディ・ゲール,"Rodi Gale, Guardian of the White Night","Rodi Gale, Night Guardian"
531,997,card_text,＊闇ステルス（相手のマナゾーンに闇のカードが１枚でもあれば、このクリーチャーはブロックされない）,＊闇ステルス（相手のマナゾーンに闇のカードが１枚でもあれば、このクリーチャーはブロックされない）,■ Darkness stealth (This creature can't be blocked while your opponent has any darkness cards in his mana zone.)
532,998,card_text,光の国に深く刻まれた戦いの傷跡。さらなる軍勢が来襲したその時、砕けた使徒の魂が、倒れた聖騎士の精神が、闇の力を封じる盾となる。,光の国に深く刻まれた戦いの傷跡。さらなる軍勢が来襲したその時、砕けた使徒の魂が、倒れた聖騎士の精神が、闇の力を封じる盾となる。,
533,999,card_text,ガーディアン,ガーディアン,Guardian
534,1000,card_text,捕縛の使徒ローム,"Rom, Apostle of Trapping","Rom, Vizier of Tendrils"
535,1001,card_text,＊このクリーチャーがバトルゾーンに出たとき、バトルゾーンにある相手のクリーチャーを1体選び、タップしてもよい。,＊このクリーチャーがバトルゾーンに出たとき、バトルゾーンにある相手のクリーチャーを1体選び、タップしてもよい。,"■ When you put this creature into the battle zone, you may choose one of your opponent's creatures in the battle zone and tap it."
536,1002,card_text,捕縛の使徒よ、覚醒せよ。汝の鞭は闇照らす希望なり。,捕縛の使徒よ、覚醒せよ。汝の鞭は闇照らす希望なり。,
537,1003,card_text,イニシエート,イニシエート,Initiate
538,1004,card_text,予言者ベクス,"Becks, the Prophet","Bex, the Oracle"
539,1005,card_text,＊自分のシールドが1枚もなければ、このクリーチャーは「ブロッカー」を得る。（相手クリーチャーが攻撃するとき、このクリーチャーをタップして、その攻撃を阻止してよい。その後、その相手クリーチャーとバトルする）,＊自分のシールドが1枚もなければ、このクリーチャーは「ブロッカー」を得る。（相手クリーチャーが攻撃するとき、このクリーチャーをタップして、その攻撃を阻止してよい。その後、その相手クリーチャーとバトルする）,"■ While you have no shields, this creature has ""blocker"". (Whenever an opponent's creature attacks, you may tap this creature to stop the attack. Then the 2 creatures battle.)"
540,1006,card_text,予言者の歌声は、夢見の神殿の門を開いた。,予言者の歌声は、夢見の神殿の門を開いた。,
541,1007,card_text,ライトブリンガー,ライトブリンガー,Light Bringer
542,1008,card_text,ミラクル・ポータル,Miracle Portal,Miracle Portal
543,1009,card_text,＊バトルゾーンにある自分のクリーチャーを1体選ぶ。このターン、そのクリーチャーはブロックされない。また、「このクリーチャーは攻撃することができない」または「このクリーチャーは相手プレイヤーを攻撃できない」と書かれていても、このターンそのクリーチャーは相手プレイヤーを攻撃することができる。,＊バトルゾーンにある自分のクリーチャーを1体選ぶ。このターン、そのクリーチャーはブロックされない。また、「このクリーチャーは攻撃することができない」または「このクリーチャーは相手プレイヤーを攻撃できない」と書かれていても、このターンそのクリーチャーは相手プレイヤーを攻撃することができる。,"■ Choose one of your creatures in the battle zone. This turn, it can't be blocked and you ignore any effects that would prevent that creature from attacking your opponent. (For example, ignore summoning sickness and card effects that say ""This creature can't attack"" or ""This creature can't attack players."" Your creatures can't attack creatures this way.)"
544,1010,card_text,アクア・エージェント,Aqua Agent,Aqua Agent
545,1011,card_text,"＊水ステルス（相手のマナゾーンに水のカードが１枚でもあれば、このクリーチャーはブロックされない）
＊このクリーチャーがバトルゾーンから自分の墓地に置かれるとき、墓地に置くかわりに自分の手札に戻してもよい。","＊水ステルス（相手のマナゾーンに水のカードが１枚でもあれば、このクリーチャーはブロックされない）
＊このクリーチャーがバトルゾーンから自分の墓地に置かれるとき、墓地に置くかわりに自分の手札に戻してもよい。","■ Water stealth (This creature can't be blocked while your opponent has any water cards in his mana zone.)
■ When this creature would be destroyed, you may return it to your hand instead."
546,1012,card_text,サイバー都市の破壊。光り輝く塔の上で、買収されたエージェントは不義のミッションを心に刻み込んだ。,サイバー都市の破壊。光り輝く塔の上で、買収されたエージェントは不義のミッションを心に刻み込んだ。,
547,1013,card_text,リキッド・ピープル,リキッド・ピープル,Liquid People
548,1014,card_text,ウォール・クラスター,Wall Cluster,Titanium Cluster
549,1015,card_text,"{B}ブロッカー（相手クリーチャーが攻撃するとき、このクリーチャーをタップして、その攻撃を阻止してよい。その後、その相手クリーチャーとバトルする）　
＊このクリーチャーは攻撃することができない。
＊このクリーチャーは攻撃されない。","{B}ブロッカー（相手クリーチャーが攻撃するとき、このクリーチャーをタップして、その攻撃を阻止してよい。その後、その相手クリーチャーとバトルする）　
＊このクリーチャーは攻撃することができない。
＊このクリーチャーは攻撃されない。","■ Blocker (Whenever an opponent's creature attacks, you may tap this creature to stop the attack. Then the 2 creatures battle.)
■ This creature can't be attacked.
■ This creature can't attack."
550,1016,card_text,誰も気付かぬ深海で、裏切りのプログラムが動き始めていた。,誰も気付かぬ深海で、裏切りのプログラムが動き始めていた。,
551,1017,card_text,サイバー・クラスター,サイバー・クラスター,Cyber Cluster
552,1018,card_text,ガラティアヌス,Garatyanus,Garatyano
553,1019,card_text,"＊このクリーチャーで攻撃するかわりに、タップして次の t 能力を使ってもよい。
 t 自分の山札のカードを上から3枚見る。その後、これを好きな順番で元に戻す。","＊このクリーチャーで攻撃するかわりに、タップして次の t 能力を使ってもよい。
 t 自分の山札のカードを上から3枚見る。その後、これを好きな順番で元に戻す。","■ Instead of having this creature attack, you may tap it to use its tap ability.
 Look at the top 3 cards of your deck. Then put them back in any order."
554,1020,card_text,予想外の事態に対応するため、サイバーロードは見向きもしなかった深海の厄介者をも改造し自軍に取り込み始めた。,予想外の事態に対応するため、サイバーロードは見向きもしなかった深海の厄介者をも改造し自軍に取り込み始めた。,
555,1021,card_text,シー・ハッカー,シー・ハッカー,Sea Hacker
556,1022,card_text,セティボルス,Cetibols,Cetibols
557,1023,card_text,＊このクリーチャーがバトルゾーンから自分の墓地に置かれたとき、カードを１枚引いてもよい。,＊このクリーチャーがバトルゾーンから自分の墓地に置かれたとき、カードを１枚引いてもよい。,"■ When this creature is destroyed, you may draw a card."
558,1024,card_text,ちぎれた足からまた生まれる。,ちぎれた足からまた生まれる。,
559,1025,card_text,シー・ハッカー,シー・ハッカー,Sea Hacker
560,1026,card_text,夢幻の影ダーク・バンディット,"Dark Bandit, the Dream Shadow","Dream Pirate, Shadow of Theft"
561,1027,card_text,＊このクリーチャーがバトルゾーンから自分の墓地に置かれるとき、墓地に置くかわりに自分の手札に戻してもよい。そうした場合、自分の手札から1枚選び、自分の墓地に置く。,＊このクリーチャーがバトルゾーンから自分の墓地に置かれるとき、墓地に置くかわりに自分の手札に戻してもよい。そうした場合、自分の手札から1枚選び、自分の墓地に置く。,"■ When this creature would be destroyed, you may return it to your hand instead. If you do, put a card from your hand into your graveyard."
562,1028,card_text,他人とは、略奪するまで魂を育ててくれる牧場みたいなものだ。,他人とは、略奪するまで魂を育ててくれる牧場みたいなものだ。,
563,1029,card_text,ゴースト,ゴースト,Ghost
564,1030,card_text,隠密人形ゲザリー,Undercover Doll Gezary,"Gezary, Undercover Doll"
565,1031,card_text,＊自然ステルス（相手のマナゾーンに自然のカードが１枚でもあれば、このクリーチャーはブロックされない）,＊自然ステルス（相手のマナゾーンに自然のカードが１枚でもあれば、このクリーチャーはブロックされない）,■ Nature stealth (This creature can't be blocked while your opponent has any nature cards in his mana zone.)
566,1032,card_text,地底から密かに伸びる操りの糸。その正体は誰も知らない。,地底から密かに伸びる操りの糸。その正体は誰も知らない。,
567,1033,card_text,デスパペット,デスパペット,Death Puppet
568,1034,card_text,飛行男,Flying Man,Propeller Mutant
569,1035,card_text,＊このクリーチャーがバトルゾーンから自分の墓地に置かれたとき、相手の手札から1枚見ないで選び、相手はそれを持ち主の墓地に置く。,＊このクリーチャーがバトルゾーンから自分の墓地に置かれたとき、相手の手札から1枚見ないで選び、相手はそれを持ち主の墓地に置く。,"■ When this creature is destroyed, your opponent discards a card at random from his hand."
570,1036,card_text,フィオナの森へ特攻だ！　泥はおまけに取っときな！,フィオナの森へ特攻だ！　泥はおまけに取っときな！,
571,1037,card_text,へドリアン,へドリアン,Hedrian
572,1038,card_text,バキューム・ジェル,Vacuum Gel,Vacuum Gel
573,1039,card_text,"{ST} S・トリガー（この呪文をシールドゾーンから手札に加えるとき、コストを支払わずにすぐ唱えてよい）
＊バトルゾーンにある、相手のタップされていない光または自然のクリーチャーを１体選ぶ。相手はそれを持ち主の墓地に置く。","{ST} S・トリガー（この呪文をシールドゾーンから手札に加えるとき、コストを支払わずにすぐ唱えてよい）
＊バトルゾーンにある、相手のタップされていない光または自然のクリーチャーを１体選ぶ。相手はそれを持ち主の墓地に置く。","■ Shield trigger (When this card is put into your hand from your shield zone, you may play it immediately for no cost.)
■ Destroy one of your opponent's untapped light or untapped nature creatures."
574,1040,card_text,骨の世界へようこそ！,骨の世界へようこそ！,
575,1041,card_text,ガザリアス・ドラゴン,Gazarias Dragon,Gazarias Dragon
576,1042,card_text,＊自分のシールドが1枚もなければ、このクリーチャーのパワーは+4000され、「W・ブレイカー」を得る。,＊自分のシールドが1枚もなければ、このクリーチャーのパワーは+4000され、「W・ブレイカー」を得る。,"■ While you have no shields, this creature gets +4000 power and has ""double breaker (This creature breaks 2 shields)."""
577,1043,card_text,奥深き地で轟いた同胞の断末魔、そこから全てが始まった。,奥深き地で轟いた同胞の断末魔、そこから全てが始まった。,
578,1044,card_text,アーマード・ドラゴン,アーマード・ドラゴン,Armored Dragon
579,1045,card_text,アストロノーツ・ワイバーン,Astronaut Wyvern,Astronaut Skyterror
580,1046,card_text,＊バトルゾーンに他に自分のクリーチャーがなければ、このクリーチャーは「パワーアタッカー+4000」と「W・ブレイカー」を得る。（攻撃中、そのクリーチャーのパワーは+4000され、シールドを攻撃したとき、シールドを2枚ブレイクする）,＊バトルゾーンに他に自分のクリーチャーがなければ、このクリーチャーは「パワーアタッカー+4000」と「W・ブレイカー」を得る。（攻撃中、そのクリーチャーのパワーは+4000され、シールドを攻撃したとき、シールドを2枚ブレイクする）,"■ While you have no other creatures in the battle zone, this creature has ""Power attacker +4000 (While attacking, this creature gets +4000 power)"" and ""Double breaker (This creature breaks 2 shields)."""
581,1047,card_text,古き伝説に、龍族は「星を渡る者」と記されていた。,古き伝説に、龍族は「星を渡る者」と記されていた。,
582,1048,card_text,アーマード・ワイバーン,アーマード・ワイバーン,Armored Wyvern
583,1049,card_text,暴走番長ギャラン,Wild Racer Chief Garan,Wild Racer Chief Garan
584,1050,card_text,"＊パワーアタッカー+1000（攻撃中、このクリーチャーのパワーは+1000される）
＊光ステルス（相手のマナゾーンに光のカードが１枚でもあれば、このクリーチャーはブロックされない）","＊パワーアタッカー+1000（攻撃中、このクリーチャーのパワーは+1000される）
＊光ステルス（相手のマナゾーンに光のカードが１枚でもあれば、このクリーチャーはブロックされない）","■ Power attacker +1000 (While attacking, this creature gets +1000 power.)
■ Light stealth (This creature can't be blocked while your opponent has any light cards in his mana zone.)"
585,1051,card_text,火と自然。異なる文明の壁を乗り越え、行動を共にするレジスタンス「バーニング・ビースト」が旗揚げされた。,火と自然。異なる文明の壁を乗り越え、行動を共にするレジスタンス「バーニング・ビースト」が旗揚げされた。,
586,1052,card_text,ヒューマノイド,ヒューマノイド,Human
587,1053,card_text,クック・ポロン,Cook Pollon,Kooc Pollon
588,1054,card_text,＊このクリーチャーは攻撃されない。,＊このクリーチャーは攻撃されない。,■ This creature can't be attacked.
589,1055,card_text,戦場だって、遊び場だ。,戦場だって、遊び場だ。,
590,1056,card_text,ファイアー・バード,ファイアー・バード,Fire Bird
591,1057,card_text,撃墜するスティンガー・ホーン,"Stinger Horn, the Tracer","Stinger Horn, the Delver"
592,1058,card_text,"＊パワーアタッカー+1000（攻撃中、このクリーチャーのパワーは+1000される）
＊水ステルス（相手のマナゾーンに水のカードが１枚でもあれば、このクリーチャーはブロックされない）","＊パワーアタッカー+1000（攻撃中、このクリーチャーのパワーは+1000される）
＊水ステルス（相手のマナゾーンに水のカードが１枚でもあれば、このクリーチャーはブロックされない）","■ Power attacker +1000 (While attacking, this creature gets +1000 power.)
■ Water stealth (This creature can't be blocked while your opponent has any water cards in his mana zone.)"
593,1059,card_text,森の怒りが盾となる。,森の怒りが盾となる。,
594,1060,card_text,ホーン・ビースト,ホーン・ビースト,Horned Beast
595,1061,card_text,春風妖精ポップル,"Popple, Faerie of Spring","Popple, Flowerpetal Dancer"
596,1062,card_text,"＊このクリーチャーで攻撃するかわりに、タップして次の t 能力を使ってもよい。
 t自分の山札の上から1枚目を、自分のマナゾーンに置く。","＊このクリーチャーで攻撃するかわりに、タップして次の t 能力を使ってもよい。
 t自分の山札の上から1枚目を、自分のマナゾーンに置く。","■ Instead of having this creature attack, you may tap it to use its tap ability.
 Put the top card of your deck into your mana zone."
597,1063,card_text,舞い散る花びらと、春風の中でランデブー。,舞い散る花びらと、春風の中でランデブー。,
598,1064,card_text,スノーフェアリー,スノーフェアリー,Snow Faerie
599,1065,card_text,ランチャー・スパイダー,Launcher Spider,Launch Locust
600,1066,card_text,＊攻撃中、このクリーチャーのパワーは、バトルゾーンにある自分の他のクリーチャー1体につき、+1000される。,＊攻撃中、このクリーチャーのパワーは、バトルゾーンにある自分の他のクリーチャー1体につき、+1000される。,"■ While attacking, this creature gets +1000 power for each other creature you have in the battle zone."
601,1067,card_text,こいつが居れば、空の守りは万全だ！  - 銀の戦斧,こいつが居れば、空の守りは万全だ！  - 銀の戦斧,
602,1068,card_text,ジャイアント・インセクト,ジャイアント・インセクト,Giant Insect
603,1069,card_text,氷結ハンマー,Freezing Hammer,Freezing Icehammer
604,1070,card_text,＊バトルゾーンにある相手の闇または水のクリーチャーを１体選ぶ。相手はそれを持ち主のマナゾーンに置く。,＊バトルゾーンにある相手の闇または水のクリーチャーを１体選ぶ。相手はそれを持ち主のマナゾーンに置く。,■ Choose one of your opponent's water or darkness creatures in the battle zone. Your opponent puts that creature into his mana zone.
605,1071,card_text,悪い奴等はガチンガチン！,悪い奴等はガチンガチン！,
606,1072,card_text,栄光の精霊アイリス,"Iris, Elemental of Glory","Siri, Glory Elemental"
607,1073,card_text,"＊W・ブレイカー
＊自分のシールドが1枚もなければ、このクリーチャーは「ブロッカー」を得る。
＊自分のターンが終わるとき、自分のシールドが1枚もなければ、 バトルゾーンにあるこのクリーチャーをアンタップしてもよい。","＊W・ブレイカー
＊自分のシールドが1枚もなければ、このクリーチャーは「ブロッカー」を得る。
＊自分のターンが終わるとき、自分のシールドが1枚もなければ、 バトルゾーンにあるこのクリーチャーをアンタップしてもよい。","■ Double breaker (This creature breaks 2 shields.)
■ While you have no shields, this creature has ""blocker"" and ""At the end of each of your turns, you may untap this creature."""
608,1074,card_text,エンジェル・コマンド,エンジェル・コマンド,Angel Command
609,1075,card_text,アストラル・メデューサ,Astral Medusa,Cosmic Nebula
610,1076,card_text,"＊進化-自分のサイバー・ウイルス１体の上に置く。
＊このクリーチャーがバトルゾーンにある間、自分のターンのはじめにカードを１枚引くとき、もう１枚余分に引いてもよい。","＊進化-自分のサイバー・ウイルス１体の上に置く。
＊このクリーチャーがバトルゾーンにある間、自分のターンのはじめにカードを１枚引くとき、もう１枚余分に引いてもよい。","■ Evolution-Put on one of your Cyber Viruses.
■ Whenever you draw the card at the start of your turn, you may draw an extra card."
611,1077,card_text,海面に瞳まばたく時、宇宙は巨大な海原となり嵐が世界を支配する。,海面に瞳まばたく時、宇宙は巨大な海原となり嵐が世界を支配する。,
612,1078,card_text,サイバー・ウイルス,サイバー・ウイルス,Cyber Virus
613,1079,card_text,残虐覇王デスカール,"Deathcarl, The Merciless King","Crath Lade, Merciless King"
614,1080,card_text,"＊このクリーチャーで攻撃するかわりに、タップして次の t 能力を使ってもよい。
 t 相手の手札から2枚見ないで選び、相手はそれを持ち主の墓地に置く。1枚しかない場合は、相手はその1枚を持ち主の墓地に置く。","＊このクリーチャーで攻撃するかわりに、タップして次の t 能力を使ってもよい。
 t 相手の手札から2枚見ないで選び、相手はそれを持ち主の墓地に置く。1枚しかない場合は、相手はその1枚を持ち主の墓地に置く。","■ Instead of having this creature attack, you may tap it to use its tap ability.
 Your opponent discards 2 cards at random from his hand."
615,1081,card_text,ドラゴンとも拳で語り合える。,ドラゴンとも拳で語り合える。,
616,1082,card_text,ダークロード,ダークロード,Dark Lord
617,1083,card_text,激震闘士スカイ・クラッシャー,"Sky Crusher, the Agitator","Sky Crusher, the Agitator"
618,1084,card_text,"＊このクリーチャーで攻撃するかわりに、タップして次の t 能力を使ってもよい。
 t 各プレイヤーは、自分自身のマナゾーンからカードを1枚選び、それぞれの墓地に置く。","＊このクリーチャーで攻撃するかわりに、タップして次の t 能力を使ってもよい。
 t 各プレイヤーは、自分自身のマナゾーンからカードを1枚選び、それぞれの墓地に置く。","■ Instead of having this creature attack, you may tap it to use its tap ability.
 Each player puts a card from his mana zone into his graveyard."
619,1085,card_text,吹きすさぶ風に乗り、光の国へ侵攻せよ！,吹きすさぶ風に乗り、光の国へ侵攻せよ！,
620,1086,card_text,ドラゴノイド,ドラゴノイド,Dragonoid
621,1087,card_text,金剛の超人,Brave Giant,Headlong Giant
622,1088,card_text,"＊Ｔ・ブレイカー（シールドを攻撃したとき、このクリーチャーはシールドを3枚ブレイクする）
＊このクリーチャーは、パワー4000以下のクリーチャーにブロックされない。
＊自分の手札を１枚自分の墓地に置かなければ、このクリーチャーは攻撃することができない。","＊Ｔ・ブレイカー（シールドを攻撃したとき、このクリーチャーはシールドを3枚ブレイクする）
＊このクリーチャーは、パワー4000以下のクリーチャーにブロックされない。
＊自分の手札を１枚自分の墓地に置かなければ、このクリーチャーは攻撃することができない。","■ This creature can't attack if you have no cards in your hand.
■ Whenever this creature attacks, discard a card from your hand.
■ This creature can't be blocked by any creature that has power 4000 or less.
■ Triple breaker (This creature breaks 3 shields.)"
623,1089,card_text,ジャイアント,ジャイアント,Giant
624,1090,card_text,開眼者クーカイ,"Kuukai, the Enlightener","Kuukai, Finder of Karma"
625,1091,card_text,"{B}ブロッカー
＊進化-自分のメカサンダー１体の上に置く。
＊このクリーチャーは、相手プレイヤーを攻撃できない。
＊このクリーチャーがブロックしたとき、バトルの後でアンタップする。","{B}ブロッカー
＊進化-自分のメカサンダー１体の上に置く。
＊このクリーチャーは、相手プレイヤーを攻撃できない。
＊このクリーチャーがブロックしたとき、バトルの後でアンタップする。","■ Blocker (Whenever an opponent's creature attacks, you may tap this creature to stop the attack. Then the 2 creatures battle.)
■ Evolution-Put on one of your Mecha Thunders.
■ Whenever this creature blocks, untap it after it battles.
■ This creature can't attack players."
626,1092,card_text,乱雲は凶兆だ。何故なら、それは戦の始まりだから。,乱雲は凶兆だ。何故なら、それは戦の始まりだから。,"Turbulent clouds are an ill omen, for they mark the beginning of war."
627,1093,card_text,メカサンダー,メカサンダー,Mecha Thunder
628,1094,card_text,アクア・レンジャー,Aqua Ranger,Aqua Ranger
629,1095,card_text,"＊このクリーチャーはブロックされない。
＊このクリーチャーがバトルゾーンから自分の墓地に置かれるとき、墓地に置くかわりに自分の手札に戻す。","＊このクリーチャーはブロックされない。
＊このクリーチャーがバトルゾーンから自分の墓地に置かれるとき、墓地に置くかわりに自分の手札に戻す。","■ This creature can't be blocked.
■ When this creature would be destroyed, put it into your hand instead."
630,1096,card_text,「コードＡＧはまだか！　早くしないと完成する！」- アクア・レンジャー,「コードＡＧはまだか！　早くしないと完成する！」- アクア・レンジャー,
631,1097,card_text,リキッド・ピープル,リキッド・ピープル,Liquid People
632,1098,card_text,暗黒皇女メガリア,"Megaria, Empress of Darkness","Megaria, Empress of Dread"
633,1099,card_text,＊このクリーチャーがバトルゾーンにある間、バトルゾーンにあるクリーチャーはすべて「スレイヤー」を得る。（「スレイヤー」を持つクリーチャーとバトルした相手クリーチャーは、勝っても持ち主の墓地に置かれる）,＊このクリーチャーがバトルゾーンにある間、バトルゾーンにあるクリーチャーはすべて「スレイヤー」を得る。（「スレイヤー」を持つクリーチャーとバトルした相手クリーチャーは、勝っても持ち主の墓地に置かれる）,"■ Each creature in the battle zone has ""slayer."" (Whenever a creature that has ""slayer"" battles, destroy the other creature after the battle.)"
634,1100,card_text,不気味に沈黙する軍勢の前で、幾千もの魂を封じた邪杯を手に掲げる。,不気味に沈黙する軍勢の前で、幾千もの魂を封じた邪杯を手に掲げる。,
635,1101,card_text,ダークロード,ダークロード,Dark Lord
636,1102,card_text,紅神龍ジャガルザー,Red Celestial Dragon Jagalzor,Magmadragon Jagalzor
637,1103,card_text,"＊W・ブレイカー
＊ターボラッシュ（自分の他のクリーチャーがシールドをブレイクしたあと、そのターンが終わるまで、このクリーチャーは次のr 能力を得る）
r このクリーチャーがバトルゾーンにある間、バトルゾーンにある自分のクリーチャーはすべて「スピードアタッカー」を得る。(「スピードアタッカー」を持つクリーチャーは召喚酔いしない）","＊W・ブレイカー
＊ターボラッシュ（自分の他のクリーチャーがシールドをブレイクしたあと、そのターンが終わるまで、このクリーチャーは次のr 能力を得る）
r このクリーチャーがバトルゾーンにある間、バトルゾーンにある自分のクリーチャーはすべて「スピードアタッカー」を得る。(「スピードアタッカー」を持つクリーチャーは召喚酔いしない）","■ Double breaker (This creature breaks 2 shields.)
■ Turbo rush (If any of your other creatures broke any shields this turn, this creature gets its turbo rush ability until the end of the turn.)
  Each of your creatures in the battle zone has ""speed attacker."" (A creature that has ""speed attacker"" doesn't get summoning sickness.)"
638,1104,card_text,ボルケーノ・ドラゴン,ボルケーノ・ドラゴン,Volcano Dragon
639,1105,card_text,幻想妖精カチュア,"Kachua, Dweomer Faerie","Kachua, Keeper of the Icegate"
640,1106,card_text,"＊このクリーチャーで攻撃するかわりに、タップして次の t 能力を使ってもよい。
 t 自分の山札を見る。その中からドラゴンを1体選び、バトルゾーンに出してもよい。その後、山札をシャッフルする。そのドラゴンは「スピードアタッカー」を得る。このターンが終わるとき、そのドラゴンを自分の墓地に置く。","＊このクリーチャーで攻撃するかわりに、タップして次の t 能力を使ってもよい。
 t 自分の山札を見る。その中からドラゴンを1体選び、バトルゾーンに出してもよい。その後、山札をシャッフルする。そのドラゴンは「スピードアタッカー」を得る。このターンが終わるとき、そのドラゴンを自分の墓地に置く。","■ Instead of having this creature attack, you may tap it to use its tap ability.
 Search your deck. You may take a creature that has Dragon in its race from your deck and put it into the battle zone. Then shuffle your deck. That creature has ""speed attacker."" At the end of the turn, destroy it."
641,1107,card_text,スノーフェアリー,スノーフェアリー,Snow Faerie
642,1108,card_text,光器サーシャ,"Sasha, the Channeler of Light","Sasha, Channeler of Suns"
643,1109,card_text,"{B} ドラゴン・ブロッカー（相手のドラゴンが攻撃するとき、このクリーチャーをタップして、その攻撃を阻止してよい。その後、そのドラゴンとバトルする）
＊ドラゴンとバトルするとき、このクリーチャーのパワーは+6000される。
＊W・ブレイカー","{B} ドラゴン・ブロッカー（相手のドラゴンが攻撃するとき、このクリーチャーをタップして、その攻撃を阻止してよい。その後、そのドラゴンとバトルする）
＊ドラゴンとバトルするとき、このクリーチャーのパワーは+6000される。
＊W・ブレイカー","■ Dragon blocker (Whenever an opponent's creature that has Dragon in its race attacks, you may tap this creature to stop the attack. Then the 2 creatures battle.)
■ While battling a creature that has Dragon in its race, this creature gets +6000 power.
■ Double breaker (This creature breaks 2 shields.)"
644,1110,card_text,メカ・デル・ソル,メカ・デル・ソル,Mecha Del Sol
645,1111,card_text,疾風の守護者スール・ミース,"Thru Miss, Guardian of the Zephyr","Thrumiss, Zephyr Guardian"
646,1112,card_text,＊このクリーチャーがバトルゾーンにある間、自分のクリーチャーが攻撃するとき、バトルゾーンにある相手のクリーチャーを1体選び、タップしてもよい。（ただし、まず何を攻撃するか選んでから、タップしたいクリーチャーを選ぶ）,＊このクリーチャーがバトルゾーンにある間、自分のクリーチャーが攻撃するとき、バトルゾーンにある相手のクリーチャーを1体選び、タップしてもよい。（ただし、まず何を攻撃するか選んでから、タップしたいクリーチャーを選ぶ）,"■ Whenever any of your creatures attacks, you may choose one of your opponent's creatures in the battle zone and tap it. (First choose what your creature is attacking. Then choose a creature to tap.)"
647,1113,card_text,光と風は混じり合い、その力を際限無く増していく。,光と風は混じり合い、その力を際限無く増していく。,
648,1114,card_text,ガーディアン,ガーディアン,Guardian
649,1115,card_text,予言者マリエル,"Mariel, the Prophet","Nariel, the Oracle"
650,1116,card_text,＊このクリーチャーがバトルゾーンにある間、パワー3000以上のクリーチャーは攻撃できない。（パワー3000未満のクリーチャーが、攻撃中にパワーが追加された場合、攻撃することができる）,＊このクリーチャーがバトルゾーンにある間、パワー3000以上のクリーチャーは攻撃できない。（パワー3000未満のクリーチャーが、攻撃中にパワーが追加された場合、攻撃することができる）,■ Creatures that have power 3000 or more can't attack. (Creatures that have power less than 3000 and get extra power while attacking can still attack.)
651,1117,card_text,予言通りの復活。事態はまだ彼らの手の内にあった。,予言通りの復活。事態はまだ彼らの手の内にあった。,
652,1118,card_text,ライトブリンガー,ライトブリンガー,Light Bringer
653,1119,card_text,アクア・グラップラー,Aqua Grappler,Aqua Grappler
654,1120,card_text,＊このクリーチャーが攻撃するとき、バトルゾーンにある自分の他のタップされたクリーチャー1体につき1枚、カードを引いてもよい。,＊このクリーチャーが攻撃するとき、バトルゾーンにある自分の他のタップされたクリーチャー1体につき1枚、カードを引いてもよい。,"■ Whenever this creature attacks, you may draw a card for each other tapped creature you have in the battle zone."
655,1121,card_text,「もう少しだ！　このＡＧが行くまで死んではダメだ！」- アクア・グラップラー,「もう少しだ！　このＡＧが行くまで死んではダメだ！」- アクア・グラップラー,
656,1122,card_text,リキッド・ピープル,リキッド・ピープル,Liquid People
657,1123,card_text,ビコラキス,Vikorakys,Vikorakys
658,1124,card_text,"＊ターボラッシュ（自分の他のクリーチャーがシールドをブレイクしたあと、そのターンが終わるまで、このクリーチャーは次のr 能力を得る）
r このクリーチャーが攻撃するとき、自分の山札を見る。その中から1枚選び、自分の手札に加えてもよい。その後、山札をシャッフルする。","＊ターボラッシュ（自分の他のクリーチャーがシールドをブレイクしたあと、そのターンが終わるまで、このクリーチャーは次のr 能力を得る）
r このクリーチャーが攻撃するとき、自分の山札を見る。その中から1枚選び、自分の手札に加えてもよい。その後、山札をシャッフルする。","■ Turbo rush (If any of your other creatures broke any shields this turn, this creature gets its turbo rush ability until the end of the turn.)
  When this creature attacks, search your deck. You may take a card from your deck and put it into your hand. Then shuffle your deck."
659,1125,card_text,シー・ハッカー,シー・ハッカー,Sea Hacker
660,1126,card_text,マリン・スクランブル,Marine Scramble,Marine Scramble
661,1127,card_text,＊このターン、自分のクリーチャーはブロックされない。,＊このターン、自分のクリーチャーはブロックされない。,■ Your creatures in the battle zone can't be blocked this turn.
662,1128,card_text,解析完了。総攻撃を開始せよ！,解析完了。総攻撃を開始せよ！,
663,1129,card_text,黒神龍ガルバジーク,Black Celestial Dragon Galbazeek,Necrodragon Galbazeek
664,1130,card_text,"＊このクリーチャーが攻撃するとき、自分のシールドが1枚でもあれば、裏向きのまま1枚選び、自分の墓地に置く。ただし、その「Ｓ・トリガー」は使えない。　　　
＊W・ブレイカー","＊このクリーチャーが攻撃するとき、自分のシールドが1枚でもあれば、裏向きのまま1枚選び、自分の墓地に置く。ただし、その「Ｓ・トリガー」は使えない。　　　
＊W・ブレイカー","■ Whenever this creature attacks, choose one of your shields and put it into your graveyard.
■ Double breaker (This creature breaks 2 shields.)"
665,1131,card_text,世界の破滅と腐敗が約束された。,世界の破滅と腐敗が約束された。,
666,1132,card_text,ドラゴン・ゾンビ,ドラゴン・ゾンビ,Zombie Dragon
667,1133,card_text,恐怖の影スクリーム・アサシン,"Scream Assassin, Shadow of Fear","Scream Slicer, Shadow of Fear"
668,1134,card_text,＊このクリーチャーがバトルゾーンにある間、自分のドラゴンまたはドラゴノイドがバトルゾーンに出たとき、バトルゾーンにあるパワーの一番小さいクリーチャーを1体選び、持ち主の墓地に置く。,＊このクリーチャーがバトルゾーンにある間、自分のドラゴンまたはドラゴノイドがバトルゾーンに出たとき、バトルゾーンにあるパワーの一番小さいクリーチャーを1体選び、持ち主の墓地に置く。,"■ Whenever you put a Dragonoid or a creature that has Dragon in its race into the battle zone, destroy the creature that has the least power in the battle zone. If there's a tie, you choose from among the tied creatures."
669,1135,card_text,満月の夜、恐怖の扉が開かれる。,満月の夜、恐怖の扉が開かれる。,
670,1136,card_text,ゴースト,ゴースト,Ghost
671,1137,card_text,スケルトン・バイス,Skeleton Vise,Skeleton Vice
672,1138,card_text,＊相手の手札から2枚見ないで選び、相手はそれを持ち主の墓地に置く。1枚しかない場合は、相手はその1枚を持ち主の墓地に置く。,＊相手の手札から2枚見ないで選び、相手はそれを持ち主の墓地に置く。1枚しかない場合は、相手はその1枚を持ち主の墓地に置く。,■ Your opponent discards 2 cards at random from their hand.
673,1139,card_text,血も肉も魂も、死者の飢餓を癒せやしない。,血も肉も魂も、死者の飢餓を癒せやしない。,"Neither blood, nor flesh, nor soul can quell the hunger of the dead."
674,1140,card_text,爆竜兵ドラグストライク,Volatile Dragon warrior Drag Strike,"Kyrstron, Lair Delver"
675,1141,card_text,＊このクリーチャーがバトルゾーンから自分の墓地に置かれたとき、自分の手札からドラゴンを1体選び、バトルゾーンに置いてもよい。,＊このクリーチャーがバトルゾーンから自分の墓地に置かれたとき、自分の手札からドラゴンを1体選び、バトルゾーンに置いてもよい。,"■ When this creature is destroyed, you may put a creature that has Dragon in its race from your hand into the battle zone."
676,1142,card_text,我が友イノセントハンターよ、お前が万物の礎となるなら、我はドラゴンの捨て石となろう。 - 爆竜兵ドラグストライク,我が友イノセントハンターよ、お前が万物の礎となるなら、我はドラゴンの捨て石となろう。 - 爆竜兵ドラグストライク,
677,1143,card_text,ドラゴノイド,ドラゴノイド,Dragonoid
678,1144,card_text,重装兵ガルバック,Heavy Armored Soldier Galback,Slaphappy Soldier Galback
679,1145,card_text,"＊ターボラッシュ（自分の他のクリーチャーがシールドをブレイクした後、そのターンが終わるまで、このクリーチャーは次のr 能力を得る）
r このクリーチャーが攻撃するとき、バトルゾーンにあるパワー4000以下の相手のクリーチャーを1体選び、持ち主の墓地に置いてもよい。","＊ターボラッシュ（自分の他のクリーチャーがシールドをブレイクした後、そのターンが終わるまで、このクリーチャーは次のr 能力を得る）
r このクリーチャーが攻撃するとき、バトルゾーンにあるパワー4000以下の相手のクリーチャーを1体選び、持ち主の墓地に置いてもよい。","■ Turbo rush (If any of your other creatures broke any shields this turn, this creature gets its turbo rush ability until the end of the turn.)
  Whenever this creature attacks, you may destroy one of your opponent's creatures that has power 4000 or less."
680,1146,card_text,ドラゴノイド,ドラゴノイド,Dragonoid
681,1147,card_text,レジェンド・アタッカー,Legend Attacker,Furious Onslaught
682,1148,card_text,＊このターンが終わるまで、バトルゾーンにある自分のドラゴノイドはすべてドラゴンになり、パワーが+4000され、「W・ブレイカー」を得る。,＊このターンが終わるまで、バトルゾーンにある自分のドラゴノイドはすべてドラゴンになり、パワーが+4000され、「W・ブレイカー」を得る。,"■ Until the end of the turn, each of your Dragonoids in the battle zone is an Armored Dragon in addition to its other races, gets +4000 power, and has ""Double breaker (This creature breaks 2 shields)."""
683,1149,card_text,ダダダ！　ダダダ！　ダダダダダ！,ダダダ！　ダダダ！　ダダダダダ！,
684,1150,card_text,緑神龍ガミラタール,Green Celestial Dragon Gamiratar,Terradragon Gamiratar
685,1151,card_text,"＊このクリーチャーがバトルゾーンに出たとき、相手は自分自身の手札からクリーチャーを1体選び、バトルゾーンに置いてもよい。
＊W・ブレイカー（シールドを攻撃したとき、このクリーチャーはシールドを2枚ブレイクする）","＊このクリーチャーがバトルゾーンに出たとき、相手は自分自身の手札からクリーチャーを1体選び、バトルゾーンに置いてもよい。
＊W・ブレイカー（シールドを攻撃したとき、このクリーチャーはシールドを2枚ブレイクする）","■ When you put this creature into the battle zone, your opponent may choose a creature in his hand and put it into the battle zone.
■ Double breaker (This creature breaks 2 shields.)"
686,1152,card_text,再誕に出会えた幸運の報酬は、踏み潰される初めてのドラゴンになることだった。,再誕に出会えた幸運の報酬は、踏み潰される初めてのドラゴンになることだった。,
687,1153,card_text,アース・ドラゴン,アース・ドラゴン,Earth Dragon
688,1154,card_text,カーボナイト・ビートル,Carbonite Beetle,Carbonite Scarab
689,1155,card_text,"＊ターボラッシュ（自分の他のクリーチャーがシールドをブレイクしたあと、そのターンが終わるまで、このクリーチャーは次のr 能力を得る）
r このクリーチャーが相手プレイヤーを攻撃してブロックされたとき、相手のシールドが1枚でもあれば、そのうちの１枚をブレイクする。","＊ターボラッシュ（自分の他のクリーチャーがシールドをブレイクしたあと、そのターンが終わるまで、このクリーチャーは次のr 能力を得る）
r このクリーチャーが相手プレイヤーを攻撃してブロックされたとき、相手のシールドが1枚でもあれば、そのうちの１枚をブレイクする。","■ Turbo rush (If any of your other creatures broke any shields this turn, this creature gets its turbo rush ability until the end of the turn.)
  Whenever this creature is attacking your opponent and becomes blocked, it breaks one of your opponent's shields."
690,1156,card_text,ジャイアント・インセクト,ジャイアント・インセクト,Giant Insect
691,1157,card_text,ライフ・チャージャー,Life Charger,Root Charger
692,1158,card_text,"＊このターン、自分のクリーチャーがバトルゾーンから自分の墓地に置かれるとき、墓地に置くかわりに自分のマナゾーンに置く。
＊チャージャー（この呪文を唱えた後、墓地に置くかわりに自分のマナゾーンに置く）","＊このターン、自分のクリーチャーがバトルゾーンから自分の墓地に置かれるとき、墓地に置くかわりに自分のマナゾーンに置く。
＊チャージャー（この呪文を唱えた後、墓地に置くかわりに自分のマナゾーンに置く）","■ Whenever any of your creatures would be destroyed this turn, put it into your mana zone instead.
■ Charger (After you cast this spell, put it into your mana zone instead of your graveyard.)"
693,1159,card_text,超人に吸われた魂は、汚れを祓われ大地へと還る。,超人に吸われた魂は、汚れを祓われ大地へと還る。,
694,1160,card_text,日向草,Solar Grass,Solar Grass
695,1161,card_text,"＊ターボラッシュ（自分の他のクリーチャーがシールドをブレイクした後、そのターンが終わるまで、このクリーチャーは次のr 能力を得る）
r このクリーチャーが相手プレイヤーを攻撃してブロックされなかったとき、バトルゾーンにある、日向草以外の自分のクリーチャーをすべてアンタップする。","＊ターボラッシュ（自分の他のクリーチャーがシールドをブレイクした後、そのターンが終わるまで、このクリーチャーは次のr 能力を得る）
r このクリーチャーが相手プレイヤーを攻撃してブロックされなかったとき、バトルゾーンにある、日向草以外の自分のクリーチャーをすべてアンタップする。","■ Turbo rush (If any of your other creatures broke any shields this turn, this creature gets its turbo rush ability until the end of the turn.)
  Whenever this creature is attacking your opponent and isn't blocked, untap all your creatures in the battle zone except Solar Grasses."
696,1162,card_text,スターライト・ツリー,スターライト・ツリー,Starlight Tree
697,1163,card_text,レーザー・ウィップ,Laser Whip,Laser Whip
698,1164,card_text,＊バトルゾーンにある相手のクリーチャーを1体選び、タップする。その後、バトルゾーンにある自分のクリーチャーを1体選んでもよい。このターンそのクリーチャーはブロックされない。,＊バトルゾーンにある相手のクリーチャーを1体選び、タップする。その後、バトルゾーンにある自分のクリーチャーを1体選んでもよい。このターンそのクリーチャーはブロックされない。,"■ Choose one of your opponent's creatures in the battle zone and tap it. Then you may choose one of your creatures in the battle zone. If you do, it can't be blocked this turn."
699,1165,card_text,光は全てを律する。,光は全てを律する。,
700,1166,card_text,ドラコ・バリアー,Dracobarrier,Dracobarrier
701,1167,card_text,"{ST} S・トリガー（この呪文をシールドゾーンから手札に加えるとき、コストを支払わずにすぐ唱えてよい）
＊バトルゾーンにある相手のクリーチャーを1体選び、タップする。それがドラゴンであれば、自分の山札の上から1枚目を裏向きのまま自分のシールドに加える。","{ST} S・トリガー（この呪文をシールドゾーンから手札に加えるとき、コストを支払わずにすぐ唱えてよい）
＊バトルゾーンにある相手のクリーチャーを1体選び、タップする。それがドラゴンであれば、自分の山札の上から1枚目を裏向きのまま自分のシールドに加える。","■ Shield trigger (When this card is put into your hand from your shield zone, you may play it immediately for no cost.)
■ Choose one of your opponent's creatures in the battle zone and tap it. If it has Dragon in its race, add the top card of your deck to your shields face down."
702,1168,card_text,光壁に施された結界が炸裂する。,光壁に施された結界が炸裂する。,The barrier woven into the wall of light erupts.
703,1169,card_text,ラリシウス,Lalicious,Lalicious
704,1170,card_text,＊このクリーチャーが攻撃するとき、相手の山札の上から1枚目と手札を見てもよい。,＊このクリーチャーが攻撃するとき、相手の山札の上から1枚目と手札を見てもよい。,"■ Whenever this creature attacks, you may look at your opponent's hand and at the top card of his deck."
705,1171,card_text,電影の瞳は、全ての虚飾を剥ぎ取り真実を見抜く。,電影の瞳は、全ての虚飾を剥ぎ取り真実を見抜く。,
706,1172,card_text,シー・ハッカー,シー・ハッカー,Sea Hacker
707,1173,card_text,テンペスト・キラーホエール,Tempest Killer Whale,Prowling Elephish
708,1174,card_text,{B}ブロッカー（相手クリーチャーが攻撃するとき、このクリーチャーをタップして、その攻撃を阻止してよい。その後、その相手クリーチャーとバトルする）,{B}ブロッカー（相手クリーチャーが攻撃するとき、このクリーチャーをタップして、その攻撃を阻止してよい。その後、その相手クリーチャーとバトルする）,"■ Blocker (Whenever an opponent's creature attacks, you may tap this creature to stop the attack. Then the 2 creatures battle.)"
709,1175,card_text,「危険になったら、戻ってね」- シュトラ,「危険になったら、戻ってね」- シュトラ,
710,1176,card_text,ゲル・フィッシュ,ゲル・フィッシュ,Gel Fish
711,1177,card_text,ウェーブ・ランス,Wave Lance,Wave Lance
712,1178,card_text,＊バトルゾーンにあるクリーチャーを1体選び、持ち主の手札に戻す。それがドラゴンであれば、カードを1枚引いてもよい。,＊バトルゾーンにあるクリーチャーを1体選び、持ち主の手札に戻す。それがドラゴンであれば、カードを1枚引いてもよい。,"■ Choose a creature in the battle zone and return it to its owner's hand. If it has Dragon in its race, you may draw a card."
713,1179,card_text,空の王者も海には勝てぬ。,空の王者も海には勝てぬ。,
714,1180,card_text,単車男,Motorcycle Man,Motorcycle Mutant
715,1181,card_text,"{B}ブロッカー
＊このクリーチャーは攻撃することができない。
＊自分の他のクリーチャーがバトルゾーンに出たとき、このクリーチャーを自分の墓地に置く。","{B}ブロッカー
＊このクリーチャーは攻撃することができない。
＊自分の他のクリーチャーがバトルゾーンに出たとき、このクリーチャーを自分の墓地に置く。","■ Blocker (Whenever an opponent's creature attacks, you may tap this creature to stop the attack. Then the 2 creatures battle.)
■ This creature can't attack.
■ When you put another creature into the battle zone, destroy this creature."
716,1182,card_text,満月の夜、破壊の暴走が始まる。,満月の夜、破壊の暴走が始まる。,"On the night of the full moon, a destructive rampage begins."
717,1183,card_text,へドリアン,へドリアン,Hedrian
718,1184,card_text,機怪人形ガチャック,"Gachack, Mechanical Doll","Gachack, Mechanical Doll"
719,1185,card_text,"＊ターボラッシュ（自分の他のクリーチャーがシールドをブレイクした後、そのターンが終わるまで、このクリーチャーは次のr 能力を得る）
r このクリーチャーが相手プレイヤーを攻撃してブロックされなかったとき、バトルゾーンにあるクリーチャーを1体選び、持ち主の墓地に置いてもよい。","＊ターボラッシュ（自分の他のクリーチャーがシールドをブレイクした後、そのターンが終わるまで、このクリーチャーは次のr 能力を得る）
r このクリーチャーが相手プレイヤーを攻撃してブロックされなかったとき、バトルゾーンにあるクリーチャーを1体選び、持ち主の墓地に置いてもよい。","■ Turbo rush (If any of your other creatures broke any shields this turn, this creature gets its turbo rush ability until the end of the turn.)
  Whenever this creature is attacking your opponent and isn't blocked, you may destroy a creature."
720,1186,card_text,デスパペット,デスパペット,Death Puppet
721,1187,card_text,ディメンジョン・チョーカー,Dimension Choker,Dimension Splitter
722,1188,card_text,＊このクリーチャーがバトルゾーンに出たとき、自分の墓地にあるドラゴンをすべて、自分の手札に加えてもよい。,＊このクリーチャーがバトルゾーンに出たとき、自分の墓地にあるドラゴンをすべて、自分の手札に加えてもよい。,"■ When you put this creature into the battle zone, you may return all creatures that have Dragon in their race from your graveyard to your hand."
723,1189,card_text,ディメンジョン・チョーカーが光輝く時、死のカウントダウンの始まりだ。,ディメンジョン・チョーカーが光輝く時、死のカウントダウンの始まりだ。,
724,1190,card_text,ブレインジャッカー,ブレインジャッカー,Brain Jacker
725,1191,card_text,ブルーザー・ドラゴン,Bruiser Dragon,Bruiser Dragon
726,1192,card_text,＊このクリーチャーがバトルゾーンから自分の墓地に置かれたとき、自分のシールドが1枚でもあれば、裏向きのまま1枚選び、自分の墓地に置く。ただし、その「Ｓ・トリガー」は使えない。　　　,＊このクリーチャーがバトルゾーンから自分の墓地に置かれたとき、自分のシールドが1枚でもあれば、裏向きのまま1枚選び、自分の墓地に置く。ただし、その「Ｓ・トリガー」は使えない。　　　,"■ When this creature is destroyed, choose one of your shields and put it into your graveyard."
727,1193,card_text,伝説の復活にワイバーンは歓喜した。,伝説の復活にワイバーンは歓喜した。,
728,1194,card_text,アーマード・ドラゴン,アーマード・ドラゴン,Armored Dragon
729,1195,card_text,ロケットダイブ・ワイバーン,Rocket Dive Wyvern,Rocketdive Skyterror
730,1196,card_text,"＊このクリーチャーは攻撃されない。
＊このクリーチャーは、相手プレイヤーを攻撃できない。
＊パワーアタッカー+1000（攻撃中、このクリーチャーのパワーは+1000される）","＊このクリーチャーは攻撃されない。
＊このクリーチャーは、相手プレイヤーを攻撃できない。
＊パワーアタッカー+1000（攻撃中、このクリーチャーのパワーは+1000される）","■ This creature can't be attacked.
■ This creature can't attack players.
■ Power attacker +1000 (While attacking, this creature gets +1000 power.)"
731,1197,card_text,全身、闘争心の塊。,全身、闘争心の塊。,
732,1198,card_text,アーマード・ワイバーン,アーマード・ワイバーン,Armored Wyvern
733,1199,card_text,クリムゾン・チャージャー,Crimson Charger,Volcano Charger
734,1200,card_text,"＊バトルゾーンにあるパワー2000以下の相手のクリーチャーを1体選び、持ち主の墓地に置く。
＊チャージャー（この呪文を唱えた後、墓地に置くかわりに自分のマナゾーンに置く）","＊バトルゾーンにあるパワー2000以下の相手のクリーチャーを1体選び、持ち主の墓地に置く。
＊チャージャー（この呪文を唱えた後、墓地に置くかわりに自分のマナゾーンに置く）","■ Destroy one of your opponent's creatures that has power 2000 or less.
■ Charger (After you cast this spell, put it into your mana zone instead of your graveyard.)"
735,1201,card_text,深紅の炎は大地を焦がし、次なる噴火の種をまき散らす。,深紅の炎は大地を焦がし、次なる噴火の種をまき散らす。,
736,1202,card_text,シェル・コロシアム,Shell Coliseum,Coliseum Shell
737,1203,card_text,＊このクリーチャーがブロックされたとき、自分の山札の上から1枚目を自分のマナゾーンに加えてもよい。,＊このクリーチャーがブロックされたとき、自分の山札の上から1枚目を自分のマナゾーンに加えてもよい。,"■ Whenever this creature becomes blocked, you may put the top card of your deck into your mana zone."
738,1204,card_text,休眠したコロニー・ビートルが、いつどこで目覚めるかは誰にも解らない。,休眠したコロニー・ビートルが、いつどこで目覚めるかは誰にも解らない。,
739,1205,card_text,コロニー・ビートル,コロニー・ビートル,Colony Beetle
740,1206,card_text,竜舞の化身,Dracodance Totem,Dracodance Totem
741,1207,card_text,＊このクリーチャーがバトルゾーンから自分の墓地に置かれるとき、自分のマナゾーンにドラゴンが1体でもあれば、このクリーチャーを墓地に置くかわりに自分のマナゾーンに置く。その後、自分のマナゾーンからドラゴンを1体、自分の手札に戻す。,＊このクリーチャーがバトルゾーンから自分の墓地に置かれるとき、自分のマナゾーンにドラゴンが1体でもあれば、このクリーチャーを墓地に置くかわりに自分のマナゾーンに置く。その後、自分のマナゾーンからドラゴンを1体、自分の手札に戻す。,"■ When this creature would be destroyed, if you have a creature that has Dragon in its race in your mana zone, put this creature into your mana zone instead of destroying it. Then return a creature that has Dragon in its race from your mana zone to your hand."
742,1208,card_text,最悪の事態になるとは知らず、彼らは約束を守るため、化身に封舞を踊らせた。,最悪の事態になるとは知らず、彼らは約束を守るため、化身に封舞を踊らせた。,"Unaware it would bring about the worst possible outcome, they had the Totem perform the sealing dance to keep their promise."
743,1209,card_text,ミステリー・トーテム,ミステリー・トーテム,Mystery Totem
744,1210,card_text,パワー・チャージャー,Power Charger,Muscle Charger
745,1211,card_text,"＊このターンが終わるまで、バトルゾーンにある自分のクリーチャーすべてのパワーは+3000される。
＊チャージャー（この呪文を唱えた後、墓地に置くかわりに自分のマナゾーンに置く）","＊このターンが終わるまで、バトルゾーンにある自分のクリーチャーすべてのパワーは+3000される。
＊チャージャー（この呪文を唱えた後、墓地に置くかわりに自分のマナゾーンに置く）","■ Each of your creatures in the battle zone gets +3000 power until the end of the turn.
■ Charger (After you cast this spell, put it into your mana zone instead of your graveyard.)"
746,1212,card_text,戦士たるもの努力を怠るな！,戦士たるもの努力を怠るな！,
747,1213,card_text,光器マーシャ,"Masha, the Channeler of Light","Misha, Channeler of Suns"
748,1214,card_text,＊ドラゴンは、このクリーチャーを攻撃できない。,＊ドラゴンは、このクリーチャーを攻撃できない。,■ This creature can't be attacked by any creature that has Dragon in its race.
749,1215,card_text,龍が覚醒した時、封印されていた四つの神殿が活動を始めた。,龍が覚醒した時、封印されていた四つの神殿が活動を始めた。,
750,1216,card_text,メカ・デル・ソル,メカ・デル・ソル,Mecha Del Sol
751,1217,card_text,乱撃の使徒ミガロ,"Migalo, Apostle of Scattershot","Migalo, Vizier of Spycraft"
752,1218,card_text,"＊ターボラッシュ（自分の他のクリーチャーがシールドをブレイクしたあと、そのターンが終わるまで、このクリーチャーは次のr 能力を得る）
r このクリーチャーが攻撃するとき、相手のシールドを2枚見てもよい。その後そのシールドを元の場所に戻す。","＊ターボラッシュ（自分の他のクリーチャーがシールドをブレイクしたあと、そのターンが終わるまで、このクリーチャーは次のr 能力を得る）
r このクリーチャーが攻撃するとき、相手のシールドを2枚見てもよい。その後そのシールドを元の場所に戻す。","■ Turbo rush (If any of your other creatures broke any shields this turn, this creature gets its turbo rush ability until the end of the turn.)
  Whenever this creature attacks, you may look at 2 of your opponent's shields. Then put them back where they were."
753,1219,card_text,乱撃の使徒よ、覚醒せよ。汝の誓いは未来への架け橋なり。,乱撃の使徒よ、覚醒せよ。汝の誓いは未来への架け橋なり。,"""Migalo, Vizier of Spycraft, awaken. Your oath is a bridge to the future."""
754,1220,card_text,イニシエート,イニシエート,Initiate
755,1221,card_text,日輪の守護者ソル・ガーラ,"Sol Galla, Guardian of Haloes","Sol Galla, Halo Guardian"
756,1222,card_text,"{B}ブロッカー
＊誰かが呪文を唱えた場合、そのターンが終わるまで、このクリーチャーのパワーは+3000される。（呪文の効果を行ってからクリーチャーのパワーを増やす）","{B}ブロッカー
＊誰かが呪文を唱えた場合、そのターンが終わるまで、このクリーチャーのパワーは+3000される。（呪文の効果を行ってからクリーチャーのパワーを増やす）","■ Blocker (Whenever an opponent's creature attacks, you may tap this creature to stop the attack. Then the 2 creatures battle.)
■ Whenever a player casts a spell, this creature gets +3000 power until the end of the turn. (Do what the spell says before this creature gets the extra power.)"
757,1223,card_text,ガーディアン,ガーディアン,Guardian
758,1224,card_text,ソーラー・チャージャー,Solar Charger,Lunar Charger
759,1225,card_text,"＊バトルゾーンにある自分のクリーチャーを2体まで選ぶ。このターンの終わりに、そのクリーチャーをアンタップしてもよい。
＊チャージャー（この呪文を唱えた後、墓地に置くかわりに自分のマナゾーンに置く）","＊バトルゾーンにある自分のクリーチャーを2体まで選ぶ。このターンの終わりに、そのクリーチャーをアンタップしてもよい。
＊チャージャー（この呪文を唱えた後、墓地に置くかわりに自分のマナゾーンに置く）","■ Choose up to 2 of your creatures in the battle zone. At the end of the turn, you may untap them.
■ Charger (After you cast this spell, put it into your mana zone instead of your graveyard.)"
760,1226,card_text,イリュージョン・フィッシュ,Illusion Fish,Illusion Fish
761,1227,card_text,"＊ターボラッシュ（自分の他のクリーチャーがシールドをブレイクしたあと、そのターンが終わるまで、このクリーチャーは次のr 能力を得る）
r このクリーチャーはブロックされない。","＊ターボラッシュ（自分の他のクリーチャーがシールドをブレイクしたあと、そのターンが終わるまで、このクリーチャーは次のr 能力を得る）
r このクリーチャーはブロックされない。","■ Turbo rush (If any of your other creatures broke any shields this turn, this creature gets its turbo rush ability until the end of the turn.)
  This creature can't be blocked."
762,1228,card_text,「時代の滅びを静かに見張るんだよ。」- 　エメラル,「時代の滅びを静かに見張るんだよ。」- 　エメラル,
763,1229,card_text,ゲル・フィッシュ,ゲル・フィッシュ,Gel Fish
764,1230,card_text,キャンディ・クラスター,Candy Cluster,Candy Cluster
765,1231,card_text,＊このクリーチャーはブロックされない。,＊このクリーチャーはブロックされない。,■ This creature can't be blocked.
766,1232,card_text,大きさや強さは一つの指針に過ぎない。,大きさや強さは一つの指針に過ぎない。,
767,1233,card_text,サイバー・クラスター,サイバー・クラスター,Cyber Cluster
768,1234,card_text,グレープ・ジェリー,Grape Jelly,Grape Globbo
769,1235,card_text,＊このクリーチャーがバトルゾーンに出たとき、相手の手札を見る。,＊このクリーチャーがバトルゾーンに出たとき、相手の手札を見る。,"■ When you put this creature into the battle zone, look at your opponent's hand."
770,1236,card_text,「探査物が見つけたあいつを誘導してみよう。」- 　トロピコ,「探査物が見つけたあいつを誘導してみよう。」- 　トロピコ,
771,1237,card_text,サイバー・ウイルス,サイバー・ウイルス,Cyber Virus
772,1238,card_text,ブレイン・チャージャー,Brain Charger,Eureka Charger
773,1239,card_text,"＊カードを1枚引く。
＊チャージャー（この呪文を唱えた後、墓地に置くかわりに自分のマナゾーンに置く）","＊カードを1枚引く。
＊チャージャー（この呪文を唱えた後、墓地に置くかわりに自分のマナゾーンに置く）","■ Draw a card.
■ Charger (After you cast this spell, put it into your mana zone instead of your graveyard.)"
774,1240,card_text,災いをもたらす嵐の中にこそ、豊富なマナが眠っている。,災いをもたらす嵐の中にこそ、豊富なマナが眠っている。,
775,1241,card_text,ギガクローズ,Gigaclaws,Gigaclaws
776,1242,card_text,"＊ターボラッシュ（自分の他のクリーチャーがシールドをブレイクした後、そのターンが終わるまで、このクリーチャーは次のr 能力を得る）
r このクリーチャーが攻撃するとき、相手は自分自身の手札をすべて、持ち主の墓地に置く。","＊ターボラッシュ（自分の他のクリーチャーがシールドをブレイクした後、そのターンが終わるまで、このクリーチャーは次のr 能力を得る）
r このクリーチャーが攻撃するとき、相手は自分自身の手札をすべて、持ち主の墓地に置く。","■ Turbo rush (If any of your other creatures broke any shields this turn, this creature gets its turbo rush ability until the end of the turn.)
  Whenever this creature attacks, your opponent discards his hand."
777,1243,card_text,キマイラ,キマイラ,Chimera
778,1244,card_text,黒神龍ギランド,Black Celestial Dragon Giland,Necrodragon Giland
779,1245,card_text,"＊W・ブレイカー（シールドを攻撃したとき、このクリーチャーはシールドを2枚ブレイクする）
＊このクリーチャーはバトルに勝っても、バトルの後持ち主の墓地に置かれる。","＊W・ブレイカー（シールドを攻撃したとき、このクリーチャーはシールドを2枚ブレイクする）
＊このクリーチャーはバトルに勝っても、バトルの後持ち主の墓地に置かれる。","■ Double breaker (This creature breaks 2 shields.)
■ When this creature battles, destroy it after the battle."
780,1246,card_text,行き場を無くした幾千幾万の恨みと憎しみと怨念。負の思念は連なり寄り添い、竜の姿を形取る。,行き場を無くした幾千幾万の恨みと憎しみと怨念。負の思念は連なり寄り添い、竜の姿を形取る。,
781,1247,card_text,ドラゴン・ゾンビ,ドラゴン・ゾンビ,Zombie Dragon
782,1248,card_text,暴虐虫タイラント・ワーム,Tyrant Wurm,Tyrant Worm
783,1249,card_text,＊自分の他のクリーチャーがバトルゾーンに出たとき、このクリーチャーを自分の墓地に置く。,＊自分の他のクリーチャーがバトルゾーンに出たとき、このクリーチャーを自分の墓地に置く。,"■ When you put another creature into the battle zone, destroy this creature."
784,1250,card_text,飽くなき破壊衝動が、最後には自身をも葬り去る。,飽くなき破壊衝動が、最後には自身をも葬り去る。,
785,1251,card_text,パラサイトワーム,パラサイトワーム,Parasite Worm
786,1252,card_text,リバース・チャージャー,Reverse Charger,Corpse Charger
787,1253,card_text,"＊自分の墓地からクリーチャーを1体選び、自分の手札に加える。
＊チャージャー（この呪文を唱えた後、墓地に置くかわりに自分のマナゾーンに置く）","＊自分の墓地からクリーチャーを1体選び、自分の手札に加える。
＊チャージャー（この呪文を唱えた後、墓地に置くかわりに自分のマナゾーンに置く）","■ Put a creature from your graveyard into your hand.
■ Charger (After you cast this spell, put it into your mana zone instead of your graveyard.)"
788,1254,card_text,動き出した死体は、墓穴の新たな住人を捜しに出かけた。,動き出した死体は、墓穴の新たな住人を捜しに出かけた。,
789,1255,card_text,バトルシップ・ワイバーン,Battleship Wyvern,Torpedo Skyterror
790,1256,card_text,＊攻撃中、このクリーチャーのパワーは、バトルゾーンにある自分の他のタップされているクリーチャー1体につき+2000される。,＊攻撃中、このクリーチャーのパワーは、バトルゾーンにある自分の他のタップされているクリーチャー1体につき+2000される。,"■ While attacking, this creature gets +2000 power for each other tapped creature you have in the battle zone."
791,1257,card_text,神龍達に動揺した隙に一部の火の軍勢が大空を目指し、出航した！,神龍達に動揺した隙に一部の火の軍勢が大空を目指し、出航した！,
792,1258,card_text,アーマード・ワイバーン,アーマード・ワイバーン,Armored Wyvern
793,1259,card_text,紅神龍メルガルス,Red Celestial Dragon Melgars ,Magmadragon Melgars
794,1260,card_text,森の大振動に触発され、大気さえ燃やす灼熱の溶岩から、龍たちが再誕した。,森の大振動に触発され、大気さえ燃やす灼熱の溶岩から、龍たちが再誕した。,
795,1261,card_text,ボルケーノ・ドラゴン,ボルケーノ・ドラゴン,Volcano Dragon
796,1262,card_text,肉弾兵ウルティモ,Missile Soldier Ultimo,Missile Soldier Ultimo
797,1263,card_text,"＊ターボラッシュ（自分の他のクリーチャーがシールドをブレイクしたあと、そのターンが終わるまで、このクリーチャーは次のr 能力を得る）
r このクリーチャーはタップされていないクリーチャーを攻撃でき、「パワーアタッカー+4000」を得る。","＊ターボラッシュ（自分の他のクリーチャーがシールドをブレイクしたあと、そのターンが終わるまで、このクリーチャーは次のr 能力を得る）
r このクリーチャーはタップされていないクリーチャーを攻撃でき、「パワーアタッカー+4000」を得る。","■ Turbo rush (If any of your other creatures broke any shields this turn, this creature gets its turbo rush ability until the end of the turn.)
  This creature can attack untapped creatures and has ""Power attacker +4000 (While attacking, this creature gets +4000 power)."""
798,1264,card_text,?,?,
799,1265,card_text,ドラゴノイド,ドラゴノイド,Dragonoid
800,1266,card_text,トット・ピピッチ,Totto Pipicchi,Totto Pipicchi
801,1267,card_text,＊このクリーチャーがバトルゾーンにある間、バトルゾーンにあるドラゴンはすべて「スピードアタッカー」を得る。(「スピードアタッカー」を持つクリーチャーは召喚酔いしない）,＊このクリーチャーがバトルゾーンにある間、バトルゾーンにあるドラゴンはすべて「スピードアタッカー」を得る。(「スピードアタッカー」を持つクリーチャーは召喚酔いしない）,"■ Each creature in the battle zone that has Dragon in its race has ""speed attacker."" (A creature that has ""speed attacker"" doesn't get summoning sickness.)"
802,1268,card_text,勇気の翼で風に乗り、歓喜の声を上げて、大集合。待ちに待った時が来た。,勇気の翼で風に乗り、歓喜の声を上げて、大集合。待ちに待った時が来た。,
803,1269,card_text,ファイアー・バード,ファイアー・バード,Fire Bird
804,1270,card_text,緑神龍グレガリゴン,Green Celestial Dragon Gregarion,Terradragon Regarion
805,1271,card_text,"＊パワーアタッカー+3000（攻撃中、このクリーチャーのパワーは+3000される）
＊W・ブレイカー（シールドを攻撃したとき、このクリーチャーはシールドを2枚ブレイクする）","＊パワーアタッカー+3000（攻撃中、このクリーチャーのパワーは+3000される）
＊W・ブレイカー（シールドを攻撃したとき、このクリーチャーはシールドを2枚ブレイクする）","■ Power attacker +3000 (While attacking, this creature gets +3000 power.)
■ Double breaker (This creature breaks 2 shields.)"
806,1272,card_text,意図せず破られた封印の扉。もはや龍を止める術は無い。,意図せず破られた封印の扉。もはや龍を止める術は無い。,
807,1273,card_text,アース・ドラゴン,アース・ドラゴン,Earth Dragon
808,1274,card_text,食獣セニア,"Senia, the Devourer","Senia, Orchard Avenger"
809,1275,card_text,"＊ターボラッシュ（自分の他のクリーチャーがシールドをブレイクしたあと、そのターンが終わるまで、このクリーチャーは次のr 能力を得る）
r このクリーチャーのパワーは+5000され、「Ｗ・ブレイカー」を得る。","＊ターボラッシュ（自分の他のクリーチャーがシールドをブレイクしたあと、そのターンが終わるまで、このクリーチャーは次のr 能力を得る）
r このクリーチャーのパワーは+5000され、「Ｗ・ブレイカー」を得る。","■ Turbo rush (If any of your other creatures broke any shields this turn, this creature gets its turbo rush ability until the end of the turn.)
  This creature gets +5000 power and has ""double breaker (This creature breaks 2 shields)."""
810,1276,card_text,森を焼く者は森に食われる。,森を焼く者は森に食われる。,
811,1277,card_text,ツリーフォーク,ツリーフォーク,Tree Folk
812,1278,card_text,沈黙するバックラー・ホーン,"Bakkra Horn, the Silent","Bakkra Horn, the Silent"
813,1279,card_text,＊このクリーチャーがバトルゾーンにある間、自分のドラゴンまたはドラゴノイドがバトルゾーンに出たとき、自分の山札の上から1枚目を自分のマナゾーンに置く。,＊このクリーチャーがバトルゾーンにある間、自分のドラゴンまたはドラゴノイドがバトルゾーンに出たとき、自分の山札の上から1枚目を自分のマナゾーンに置く。,"■ Whenever you put a Dragonoid or a creature that has Dragon in its race into the battle zone, put the top card of your deck into your mana zone."
814,1280,card_text,掟を破り、神龍の眠る滝へと導いた。,掟を破り、神龍の眠る滝へと導いた。,
815,1281,card_text,ホーン・ビースト,ホーン・ビースト,Horned Beast
816,1282,card_text,怒髪の豪腕,Rage Arm,Quixotic Hero Swine Snout
817,1283,card_text,＊他のクリーチャーがバトルゾーンに置かれた場合、そのターンが終わるまで、このクリーチャーのパワーは+3000される。,＊他のクリーチャーがバトルゾーンに置かれた場合、そのターンが終わるまで、このクリーチャーのパワーは+3000される。,"■ Whenever another creature is put into the battle zone, this creature gets +3000 power until the end of the turn."
818,1284,card_text,封印の剣をそれと知らずに引き抜いてしまう。これがバーニング・ビーストの行った最初のヒットだ。,封印の剣をそれと知らずに引き抜いてしまう。これがバーニング・ビーストの行った最初のヒットだ。,
819,1285,card_text,ビーストフォーク,ビーストフォーク,Beast Folk
820,1286,card_text,光器ナスターシャ,"Nastasha, Channeler of Light","Nastasha, Channeler of Suns"
821,1287,card_text,"＊W・ブレイカー
＊このクリーチャーがバトルゾーンにある間、自分のシールドが１枚ブレイクされるとき、かわりにこのクリーチャーを自分の墓地に置いてもよい。","＊W・ブレイカー
＊このクリーチャーがバトルゾーンにある間、自分のシールドが１枚ブレイクされるとき、かわりにこのクリーチャーを自分の墓地に置いてもよい。","■ Double breaker (This creature breaks 2 shields.)
■ When one of your shields would be broken, you may destroy this creature instead."
822,1288,card_text,その美しさに宇宙すら震える。,その美しさに宇宙すら震える。,
823,1289,card_text,メカ・デル・ソル,メカ・デル・ソル,Mecha Del Sol
824,1290,card_text,エンペラー・アクア,Emperor Aqua,Emperor Quazla
825,1291,card_text,"{B}ブロッカー
＊進化-自分のサイバーロード1体の上に置く。
＊このクリーチャーがバトルゾーンにある間、相手が「Ｓ・トリガー」を使ったとき、カードを2枚まで引く。","{B}ブロッカー
＊進化-自分のサイバーロード1体の上に置く。
＊このクリーチャーがバトルゾーンにある間、相手が「Ｓ・トリガー」を使ったとき、カードを2枚まで引く。","■ Blocker (Whenever an opponent's creature attacks, you may tap this creature to stop the attack. Then the 2 creatures battle.)
■ Evolution-Put on one of your Cyber Lords.
■ Whenever your opponent uses the ""shield trigger"" ability of one of his shields, draw up to 2 cards."
826,1292,card_text,超進化した頭脳が、最終兵器の設計図を完成させた！,超進化した頭脳が、最終兵器の設計図を完成させた！,"""My super-evolved brain has completed the plans for the ultimate weapon!"""
827,1293,card_text,サイバーロード,サイバーロード,Cyber Lord
828,1294,card_text,超神龍アブゾ・ドルバ,"Super Celestial Dragon, Abzo Dolba",Super Necrodragon Abzo Dolba
829,1295,card_text,"＊進化-自分のドラゴン１体の上に置く。
＊このクリーチャーがバトルゾーンにある間、このクリーチャーのパワーは自分の墓地にあるクリーチャー1体につき+2000される。
＊T・ブレイカー（シールドを攻撃したとき、このクリーチャーはシールドを3枚ブレイクする）","＊進化-自分のドラゴン１体の上に置く。
＊このクリーチャーがバトルゾーンにある間、このクリーチャーのパワーは自分の墓地にあるクリーチャー1体につき+2000される。
＊T・ブレイカー（シールドを攻撃したとき、このクリーチャーはシールドを3枚ブレイクする）","■ Evolution-Put on one of your creatures that has Dragon in its race.
■ This creature gets +2000 power for each creature in your graveyard.
■ Triple breaker (This creature breaks 3 shields.)"
830,1296,card_text,ドラゴン・ゾンビ,ドラゴン・ゾンビ,Zombie Dragon
831,1297,card_text,超竜バジュラ,erdragon Bajula,Überdragon Bajula
832,1298,card_text,"＊進化-自分のドラゴン１体の上に置く。
＊このクリーチャーが攻撃するとき、相手のマナゾーンからカードを2枚まで選ぶ。相手はそれを持ち主の墓地に置く。
＊T・ブレイカー（シールドを攻撃したとき、このクリーチャーはシールドを3枚ブレイクする）","＊進化-自分のドラゴン１体の上に置く。
＊このクリーチャーが攻撃するとき、相手のマナゾーンからカードを2枚まで選ぶ。相手はそれを持ち主の墓地に置く。
＊T・ブレイカー（シールドを攻撃したとき、このクリーチャーはシールドを3枚ブレイクする）","■ Evolution-Put on one of your creatures that has Dragon in its race.
■ Whenever this creature attacks, choose up to 2 cards in your opponent's mana zone. Your opponent puts those cards into his graveyard.
■ Triple breaker (This creature breaks 3 shields.)"
833,1299,card_text,アーマード・ドラゴン,アーマード・ドラゴン,Armored Dragon
834,1300,card_text,超神龍バイラス・ゲイル,Super Celestial Dragon Bailas Gale,Super Terradragon Bailas Gale
835,1301,card_text,"＊進化-自分のドラゴン１体の上に置く。
＊このクリーチャーがバトルゾーンにある間、Ｓ・トリガーを使って自分の呪文を唱えたとき、その呪文を墓地に置くかわりに自分の手札に戻す。
＊W・ブレイカー（シールドを攻撃したとき、このクリーチャーはシールドを2枚ブレイクする）","＊進化-自分のドラゴン１体の上に置く。
＊このクリーチャーがバトルゾーンにある間、Ｓ・トリガーを使って自分の呪文を唱えたとき、その呪文を墓地に置くかわりに自分の手札に戻す。
＊W・ブレイカー（シールドを攻撃したとき、このクリーチャーはシールドを2枚ブレイクする）","■ Evolution-Put on one of your creatures that has Dragon in its race.
■ After you cast a spell by using its ""shield trigger"" ability, put it into your hand instead of your graveyard.
■ Double breaker (This creature breaks 2 shields.)"
836,1302,card_text,アース・ドラゴン,アース・ドラゴン,Earth Dragon
837,1303,card_text,守護聖天グレナ・ビューレ,"Glena Vuele, Sacred Guardian","Glena Vuele, the Hypnotic"
838,1304,card_text,"＊進化－自分のガーディアン１体の上に置く。
＊Ｗ・ブレイカー
＊このクリーチャーがバトルゾーンにある間、相手が「S・トリガー」を使ったとき、自分の山札の上から１枚目を裏向きのまま自分のシールドに加えてもよい。","＊進化－自分のガーディアン１体の上に置く。
＊Ｗ・ブレイカー
＊このクリーチャーがバトルゾーンにある間、相手が「S・トリガー」を使ったとき、自分の山札の上から１枚目を裏向きのまま自分のシールドに加えてもよい。","■ Evolution-Put on one of your Guardians.
■ Double breaker (This creature breaks 2 shields.)
■ Whenever your opponent uses the ""shield trigger"" ability of one of his shields, you may add the top card of your deck to your shields face down."
839,1305,card_text,まさに奇跡の船出だった。,まさに奇跡の船出だった。,
840,1306,card_text,ガーディアン,ガーディアン,Guardian
841,1307,card_text,マーチング・スプライト,Marching Sprite,Marching Motherboard
842,1308,card_text,＊このクリーチャーがバトルゾーンにある間、自分の他の「サイバー」と付く種族がバトルゾーンに出たとき、カードを１枚引いてもよい。,＊このクリーチャーがバトルゾーンにある間、自分の他の「サイバー」と付く種族がバトルゾーンに出たとき、カードを１枚引いてもよい。,"■ Whenever you put another creature that has Cyber in its race into the battle zone, you may draw a card."
843,1309,card_text,行進の果てにあるものは、奈落か栄光か。,行進の果てにあるものは、奈落か栄光か。,
844,1310,card_text,サイバー・ウイルス,サイバー・ウイルス,Cyber Virus
845,1311,card_text,死皇帝アザガースト,"Azaghast, Emperor of Death","Azaghast, Tyrant of Shadows"
846,1312,card_text,"＊進化-自分のダークロード１体の上に置く。
＊このクリーチャーがバトルゾーンにある間、自分のゴーストがバトルゾーンに出たとき、バトルゾーンにある相手のタップされていないクリーチャーを１体選び、持ち主の墓地に置いてもよい。
＊Ｗ・ブレイカー","＊進化-自分のダークロード１体の上に置く。
＊このクリーチャーがバトルゾーンにある間、自分のゴーストがバトルゾーンに出たとき、バトルゾーンにある相手のタップされていないクリーチャーを１体選び、持ち主の墓地に置いてもよい。
＊Ｗ・ブレイカー","■ Evolution-Put on one of your Dark Lords.
■ Whenever you put a Ghost into the battle zone, you may destroy one of your opponent's untapped creatures.
■ Double breaker (This creature breaks 2 shields.)"
847,1313,card_text,ダークロード,ダークロード,Dark Lord
848,1314,card_text,聖剣炎獣バーレスク,"Balesk, Fiery beast of the divine fang","Balesk Baj, the Timeburner"
849,1315,card_text,"＊進化－自分のアーマード・ワイバーン１体の上に置く。
＊このクリーチャーが相手プレイヤーを攻撃してブロックされなかったとき、このターンの後にもう一度自分のターンを行う。
＊Ｗ・ブレイカー
＊自分のターンの終わりに、このクリーチャーを自分の手札に戻す。","＊進化－自分のアーマード・ワイバーン１体の上に置く。
＊このクリーチャーが相手プレイヤーを攻撃してブロックされなかったとき、このターンの後にもう一度自分のターンを行う。
＊Ｗ・ブレイカー
＊自分のターンの終わりに、このクリーチャーを自分の手札に戻す。","■ Evolution-Put on one of your Armored Wyverns.
■ Whenever this creature is attacking your opponent and isn't blocked, take an extra turn after this one.
■ Double breaker (This creature breaks 2 shields.)
■ At the end of your turn, return this creature to your hand."
850,1316,card_text,アーマード・ワイバーン,アーマード・ワイバーン,Armored Wyvern
851,1317,card_text,鼓舞の化身,Dancing Totem,"Vreemah, Freaky Mojo Totem"
852,1318,card_text,＊このクリーチャーがバトルゾーンにある間、自分の他のクリーチャーがバトルゾーンに出るたび、このターンの終わりまで、バトルゾーンにあるビーストフォークのパワーは+2000され、「Ｗ・ブレイカー」を得る。,＊このクリーチャーがバトルゾーンにある間、自分の他のクリーチャーがバトルゾーンに出るたび、このターンの終わりまで、バトルゾーンにあるビーストフォークのパワーは+2000され、「Ｗ・ブレイカー」を得る。,"■ Whenever you put another creature into the battle zone, each Beast Folk in the battle zone gets +2000 power and ""double breaker"" until the end of the turn. (A creature that has ""double breaker"" breaks 2 shields.)"
853,1319,card_text,「うらうらうらうら殴るずら！」---鼓舞の化身,「うらうらうらうら殴るずら！」---鼓舞の化身,
854,1320,card_text,ミステリー・トーテム,ミステリー・トーテム,Mystery Totem
855,1321,card_text,天光の精霊ミハイル,"Mihail, Celestial Elemental","Mihail, Celestial Elemental"
856,1322,card_text,＊このクリーチャーがバトルゾーンにある間、他のクリーチャーがバトルゾーンから墓地に置かれるとき、そのクリーチャーは墓地に置かれるかわりにバトルゾーンにとどまる。,＊このクリーチャーがバトルゾーンにある間、他のクリーチャーがバトルゾーンから墓地に置かれるとき、そのクリーチャーは墓地に置かれるかわりにバトルゾーンにとどまる。,"■ Whenever another creature would be destroyed, it stays in the battle zone instead."
857,1323,card_text,シルヴァー・グローリーの門から、死者の魂が肉体へと帰還する！,シルヴァー・グローリーの門から、死者の魂が肉体へと帰還する！,
858,1324,card_text,エンジェル・コマンド,エンジェル・コマンド,Angel Command
859,1325,card_text,予言者ミキュート,"Micute, the Prophet","Micute, the Oracle"
860,1326,card_text,＊このクリーチャーがバトルゾーンにある間、自分のガーディアンがバトルゾーンに出たとき、バトルゾーンにある相手のクリーチャーを１体選び、タップしてもよい。,＊このクリーチャーがバトルゾーンにある間、自分のガーディアンがバトルゾーンに出たとき、バトルゾーンにある相手のクリーチャーを１体選び、タップしてもよい。,"■ Whenever you put a Guardian into the battle zone, you may choose one of your opponent's creatures in the battle zone and tap it."
861,1327,card_text,シルヴァー・グローリーの記憶が刻まれている。,シルヴァー・グローリーの記憶が刻まれている。,
862,1328,card_text,ライトブリンガー,ライトブリンガー,Light Bringer
863,1329,card_text,セレブ・チャージャー,Celeb Charger,Nexus Charger
864,1330,card_text,"＊自分の手札から１枚選び、裏向きにして自分のシールドに加える。
＊チャージャー（この呪文を唱えた後、墓地に置くかわりに自分のマナゾーンに置く）","＊自分の手札から１枚選び、裏向きにして自分のシールドに加える。
＊チャージャー（この呪文を唱えた後、墓地に置くかわりに自分のマナゾーンに置く）","■ Add a card from your hand to your shields face down.
■ Charger (After you cast this spell, put it into your mana zone instead of your graveyard.)"
865,1331,card_text,神々しい風が吹くと、廃虚だったはずの街は再び活動を始めた。,神々しい風が吹くと、廃虚だったはずの街は再び活動を始めた。,
866,1332,card_text,エンペラー・マロル,Emperor Maroll,Emperor Maroll
867,1333,card_text,"＊進化－自分のサイバーロード１体の上に置く。
＊このクリーチャーがバトルゾーンにある間、自分の他のクリーチャーがバトルゾーンに出たとき、このクリーチャーを自分の手札に戻す。
＊このクリーチャーがブロックされたとき、バトルは行われない。ブロックしたクリーチャーを持ち主の手札に戻す。","＊進化－自分のサイバーロード１体の上に置く。
＊このクリーチャーがバトルゾーンにある間、自分の他のクリーチャーがバトルゾーンに出たとき、このクリーチャーを自分の手札に戻す。
＊このクリーチャーがブロックされたとき、バトルは行われない。ブロックしたクリーチャーを持ち主の手札に戻す。","■ Evolution-Put on one of your Cyber Lords.
■ Whenever you put another creature into the battle zone, return this creature to your hand.
■ Whenever this creature becomes blocked, return the blocking creature to its owner's hand. (This creature stays tapped.)"
868,1334,card_text,サイバーロード,サイバーロード,Cyber Lord
869,1335,card_text,ストーク・クロウラー,Stalking Crawler,Zeppelin Crawler
870,1336,card_text,"{B}ブロッカー
＊このクリーチャーは攻撃することができない。
＊このクリーチャーがブロックしたとき、自分の山札の上から４枚を見る。その中から１枚選んで自分の手札に加え、他の３枚を好きな順で自分の山札の一番下に戻す。","{B}ブロッカー
＊このクリーチャーは攻撃することができない。
＊このクリーチャーがブロックしたとき、自分の山札の上から４枚を見る。その中から１枚選んで自分の手札に加え、他の３枚を好きな順で自分の山札の一番下に戻す。","■ Blocker (Whenever an opponent's creature attacks, you may tap this creature to stop the attack. Then the 2 creatures battle.)
■ This creature can't attack.
■ Whenever this creature blocks, look at the top 4 cards of your deck. Put one of them into your hand, and put the rest on the bottom of your deck in any order."
871,1337,card_text,アースイーター,アースイーター,Earth Eater
872,1338,card_text,アナライズ・チャージャー,Analyze Charger,Abduction Charger
873,1339,card_text,"＊バトルゾーンにあるクリーチャーを２体まで選び、持ち主の手札に戻す。
＊チャージャー（この呪文を唱えた後、墓地に置くかわりに自分のマナゾーンに置く）","＊バトルゾーンにあるクリーチャーを２体まで選び、持ち主の手札に戻す。
＊チャージャー（この呪文を唱えた後、墓地に置くかわりに自分のマナゾーンに置く）","■ Choose up to 2 creatures in the battle zone and return them to their owners' hands.
■ Charger (After you cast this spell, put it into your mana zone instead of your graveyard.)"
874,1340,card_text,押さば引け。引かば押せ。,押さば引け。引かば押せ。,
875,1341,card_text,闘将バグザグール,"Bagzaghul, General of War","Gabzagul, Warlord of Pain"
876,1342,card_text,＊このクリーチャーがバトルゾーンにある間、すべてのクリーチャーは、可能なら毎ターン攻撃する。,＊このクリーチャーがバトルゾーンにある間、すべてのクリーチャーは、可能なら毎ターン攻撃する。,■ Each creature attacks each turn if able.
877,1343,card_text,「貴様らの命、死皇帝アザガーストに捧げよ！」---　闘将バグザグール,「貴様らの命、死皇帝アザガーストに捧げよ！」---　闘将バグザグール,
878,1344,card_text,ダークロード,ダークロード,Dark Lord
879,1345,card_text,崩壊の影デス・タギア,"Death Tagir, Shadow of Destruction","Ice Vapor, Shadow of Anguish"
880,1346,card_text,＊このクリーチャーがバトルゾーンにある間、相手は呪文を唱えたとき、自分自身の手札を1枚選び、持ち主の墓地に置く。その後、相手は自分自身のマナゾーンからカードを1枚選び、持ち主の墓地に置く。,＊このクリーチャーがバトルゾーンにある間、相手は呪文を唱えたとき、自分自身の手札を1枚選び、持ち主の墓地に置く。その後、相手は自分自身のマナゾーンからカードを1枚選び、持ち主の墓地に置く。,"■ Whenever your opponent casts a spell, he chooses and discards a card from his hand, then chooses a card in his mana zone and puts it into his graveyard."
881,1347,card_text,「死の支配者たる我々に勝てると思うな！」---　崩壊の影デス・タギア,「死の支配者たる我々に勝てると思うな！」---　崩壊の影デス・タギア,
882,1348,card_text,ゴースト,ゴースト,Ghost
883,1349,card_text,ロスト・チャージャー,Lost Charger,Slash Charger
884,1350,card_text,"＊自分または相手の山札を見る。その中からカードを１枚選び、持ち主の墓地に置いてもよい。その後、そのカードの持ち主は山札をシャッフルする。
＊チャージャー（この呪文を唱えた後、墓地に置くかわりに自分のマナゾーンに置く）","＊自分または相手の山札を見る。その中からカードを１枚選び、持ち主の墓地に置いてもよい。その後、そのカードの持ち主は山札をシャッフルする。
＊チャージャー（この呪文を唱えた後、墓地に置くかわりに自分のマナゾーンに置く）","■ Search a player's deck. You may take a card from that deck and put it into that player's graveyard. Then the player shuffles his deck.
■ Charger (After you cast this spell, put it into your mana zone instead of your graveyard.)"
885,1351,card_text,闇の甘言は耳に優しい。,闇の甘言は耳に優しい。,
886,1352,card_text,特攻隊長マイキー,Shock Trooper Mykee,Shock Trooper Mykee
887,1353,card_text,"＊スピードアタッカー(このクリーチャーは召喚酔いしない）
＊このクリーチャーが相手プレイヤーを攻撃してブロックされなかったとき、バトルゾーンにあるパワー3000以下の相手のクリーチャーを１体選び、持ち主の墓地に置いてもよい。","＊スピードアタッカー(このクリーチャーは召喚酔いしない）
＊このクリーチャーが相手プレイヤーを攻撃してブロックされなかったとき、バトルゾーンにあるパワー3000以下の相手のクリーチャーを１体選び、持ち主の墓地に置いてもよい。","■ Speed attacker (This creature doesn't get summoning sickness.)
■ Whenever this creature is attacking your opponent and isn't blocked, you may destroy one of your opponent's creatures that has power 3000 or less."
888,1354,card_text,三体の友を従え、必殺の刀を振りかざす！,三体の友を従え、必殺の刀を振りかざす！,"With three comrades at his side, he raises his deadly blade!"
889,1355,card_text,ヒューマノイド,ヒューマノイド,Human
890,1356,card_text,猿神兵アッシュ,Simian Trooper Ash,Simian Warrior Grash
891,1357,card_text,＊このクリーチャーがバトルゾーンにある間、自分のアーマロイドがバトルゾーンから自分の墓地に置かれたとき、相手は自分自身のマナゾーンからカードを１枚選び、持ち主の墓地に置く。,＊このクリーチャーがバトルゾーンにある間、自分のアーマロイドがバトルゾーンから自分の墓地に置かれたとき、相手は自分自身のマナゾーンからカードを１枚選び、持ち主の墓地に置く。,"■ Whenever one of your Armorloids is destroyed, your opponent chooses a card in his mana zone and puts it into his graveyard."
892,1358,card_text,うなる拳。飛び交う弾頭。隠しきれない炎の闘志！,うなる拳。飛び交う弾頭。隠しきれない炎の闘志！,
893,1359,card_text,アーマロイド,アーマロイド,Armorloid
894,1360,card_text,サウザンド・スピア,Thousand Spears,Blizzard of Spears
895,1361,card_text,＊バトルゾーンにあるパワー4000以下のクリーチャーをすべて持ち主の墓地に置く。,＊バトルゾーンにあるパワー4000以下のクリーチャーをすべて持ち主の墓地に置く。,■ Destroy all creatures that have power 4000 or less.
896,1362,card_text,空が真っ赤に燃え尽きる！,空が真っ赤に燃え尽きる！,
897,1363,card_text,大勇者「猛虎の怒り」,Storm Crow,"Storm Wrangler, the Furious"
898,1364,card_text,"＊進化－自分のビーストフォーク１体の上に置く。
＊このクリーチャーが攻撃するとき、相手の「ブロッカー」を持つクリーチャーを１体選んでもよい。このターン、そのクリーチャーは、可能であればこのクリーチャーの攻撃をブロックし、このクリーチャーは他のクリーチャーにブロックされない。
＊このクリーチャーがブロックされたとき、このターンの終わりまで、このクリーチャーのパワーは+3000される。","＊進化－自分のビーストフォーク１体の上に置く。
＊このクリーチャーが攻撃するとき、相手の「ブロッカー」を持つクリーチャーを１体選んでもよい。このターン、そのクリーチャーは、可能であればこのクリーチャーの攻撃をブロックし、このクリーチャーは他のクリーチャーにブロックされない。
＊このクリーチャーがブロックされたとき、このターンの終わりまで、このクリーチャーのパワーは+3000される。","■ Evolution-Put on one of your Beast Folk.
■ Whenever this creature attacks, you may choose one of your opponent's untapped creatures that has ""blocker."" This turn, that creature blocks this creature if able and this creature can't be blocked by other creatures.
■ Whenever this creature becomes blocked, it gets +3000 power until the end of the turn."
899,1365,card_text,ビーストフォーク,ビーストフォーク,Beast Folk
900,1366,card_text,緑神龍アンリストヴァル,Green Celestial Dragn Anrist Vhal,Terradragon Anrist Vhal
901,1367,card_text,"＊このクリーチャーのパワーは、バトルゾーンにある自分の他の自然のクリーチャー１体につき+2000される。
＊このクリーチャーは、パワーが6000以上のとき、「Ｗ・ブレイカー」を得る。","＊このクリーチャーのパワーは、バトルゾーンにある自分の他の自然のクリーチャー１体につき+2000される。
＊このクリーチャーは、パワーが6000以上のとき、「Ｗ・ブレイカー」を得る。","■ This creature gets +2000 power for each of your other nature creatures in the battle zone. (A creature that has power 0 or less is destroyed.)
■ While this creature has power 6000 or more, it has ""double breaker (This creature breaks 2 shields)."""
902,1368,card_text,世界に満ちた怒号の渦が、龍の怒りを増加する！,世界に満ちた怒号の渦が、龍の怒りを増加する！,
903,1369,card_text,アース・ドラゴン,アース・ドラゴン,Earth Dragon
904,1370,card_text,クリスタル・フュージョン,Crystal Fusion,Mana Bonanza
905,1371,card_text,＊自分のマナゾーンにあるカードと同じ枚数のカードを、自分の山札の上から取り、自分のマナゾーンにタップして置く。,＊自分のマナゾーンにあるカードと同じ枚数のカードを、自分の山札の上から取り、自分のマナゾーンにタップして置く。,"■ For each card in your mana zone, put a card from the top of your deck into your mana zone tapped."
906,1372,card_text,水晶が輝くと、きらり光るマナの群れは動きを早め、ぶつかり合っては分裂していく。,水晶が輝くと、きらり光るマナの群れは動きを早め、ぶつかり合っては分裂していく。,
907,1373,card_text,月虹の守護者アール・ノアール,"Art Noir, Guardian of the Lunar Rainbow","Tra Rion, Penumbra Guardian"
908,1374,card_text,"＊このクリーチャーで攻撃するかわりに、タップして次の t 能力を使ってもよい。  
t 種族を1つ選ぶ。このターンの終わりに、バトルゾーンにあるその種族のクリーチャーをすべてアンタップする。","＊このクリーチャーで攻撃するかわりに、タップして次の t 能力を使ってもよい。  
t 種族を1つ選ぶ。このターンの終わりに、バトルゾーンにあるその種族のクリーチャーをすべてアンタップする。","■ Instead of having this creature attack, you may tap it to use its tap ability.
 Choose a race. At the end of this turn, untap all creatures of that race in the battle zone."
909,1375,card_text,「なんだなんだ、あいつら勝手に治ってんよ！」---　小さな勇者ゲット,「なんだなんだ、あいつら勝手に治ってんよ！」---　小さな勇者ゲット,
910,1376,card_text,ガーディアン,ガーディアン,Guardian
911,1377,card_text,宣凶師ベトラーレ,"Betrale, the Missionary","Betrale, the Explorer"
912,1378,card_text,"{B}ブロッカー
＊このクリーチャーは相手プレイヤーを攻撃できない。
＊このクリーチャーがバトルゾーンにある間、自分のターンの終わりに、このクリーチャーをアンタップしてもよい。","{B}ブロッカー
＊このクリーチャーは相手プレイヤーを攻撃できない。
＊このクリーチャーがバトルゾーンにある間、自分のターンの終わりに、このクリーチャーをアンタップしてもよい。","■ Blocker (Whenever an opponent's creature attacks, you may tap this creature to stop the attack. Then the 2 creatures battle.)
■ This creature can't attack players.
■ At the end of each of your turns, you may untap this creature."
913,1379,card_text,宣凶師は倒した敵の資材を利用し、次の戦いの準備を行う。,宣凶師は倒した敵の資材を利用し、次の戦いの準備を行う。,
914,1380,card_text,グラディエーター,グラディエーター,Gladiator
915,1381,card_text,センチネル・ガード,Sentinel Guard,Unified Resistance
916,1382,card_text,"{ST} S・トリガー
＊種族を1つ選ぶ。次の自分のターンが始まるまで、バトルゾーンにあるその種族のクリーチャーはすべて「ブロッカー」を得る。","{ST} S・トリガー
＊種族を1つ選ぶ。次の自分のターンが始まるまで、バトルゾーンにあるその種族のクリーチャーはすべて「ブロッカー」を得る。","■ Shield trigger (When this card is put into your hand from your shield zone, you may play it immediately for no cost.)
■ Choose a race. Until the start of your next turn, each of your creatures in the battle zone of that race gets ""blocker""."
917,1383,card_text,鋼の意志が全てを防ぐ。,鋼の意志が全てを防ぐ。,A will of steel defends against everything.
918,1384,card_text,ティコラクス,Tekorax,Tekorax
919,1385,card_text,＊このクリーチャーがバトルゾーンに出たとき、相手のシールドをすべて見る。その後、そのシールドを元の場所に戻す。,＊このクリーチャーがバトルゾーンに出たとき、相手のシールドをすべて見る。その後、そのシールドを元の場所に戻す。,"■ When you put this creature into the battle zone, look at your opponent's shields. Then put them back where they were."
920,1386,card_text,ティコラクスを通し、サファイア・ミスティは全てを把握していた。,ティコラクスを通し、サファイア・ミスティは全てを把握していた。,
921,1387,card_text,シー・ハッカー,シー・ハッカー,Sea Hacker
922,1388,card_text,ポキラ,Pokira,Hokira
923,1389,card_text,"＊このクリーチャーで攻撃するかわりに、タップして次の t 能力を使ってもよい。  
t 種族を1つ選ぶ。このターン、その種族のクリーチャーがバトルゾーンから自分の墓地に置かれるとき、墓地に置くかわりに自分の手札に戻す。","＊このクリーチャーで攻撃するかわりに、タップして次の t 能力を使ってもよい。  
t 種族を1つ選ぶ。このターン、その種族のクリーチャーがバトルゾーンから自分の墓地に置かれるとき、墓地に置くかわりに自分の手札に戻す。","■ Instead of having this creature attack, you may tap it to use its tap ability.
 Choose a race. Whenever one of your creatures of that race would be destroyed this turn, return it to your hand instead."
924,1390,card_text,サイバーロード,サイバーロード,Cyber Lord
925,1391,card_text,サブマリン・プロジェクト,Submarine  Project,Submarine Project
926,1392,card_text,"{ST} S・トリガー
＊自分の山札の上から４枚を見る。その中から１枚選んで自分の手札に加え、他の３枚を好きな順で自分の山札の一番下に戻す。","{ST} S・トリガー
＊自分の山札の上から４枚を見る。その中から１枚選んで自分の手札に加え、他の３枚を好きな順で自分の山札の一番下に戻す。","■ Shield trigger (When this card is put into your hand from your shield zone, you may play it immediately for no cost.)
■ Look at the top 4 cards of your deck. Put one of them into your hand, and put the rest on the bottom of your deck in any order."
927,1393,card_text,計画無き戦争に、勝利なし。,計画無き戦争に、勝利なし。,
928,1394,card_text,黒神龍イゾリストヴァル,Black Celestial Dragon Izorist Vhal ,Necrodragon Izorist Vhal
929,1395,card_text,"＊このクリーチャーがバトルゾーンにある間、このクリーチャーのパワーは、自分の墓地にある闇のクリーチャー1体につき+2000される。
＊このクリーチャーは、パワーが6000以上のとき、「Ｗ・ブレイカー」を得る。","＊このクリーチャーがバトルゾーンにある間、このクリーチャーのパワーは、自分の墓地にある闇のクリーチャー1体につき+2000される。
＊このクリーチャーは、パワーが6000以上のとき、「Ｗ・ブレイカー」を得る。","■ This creature gets +2000 power for each darkness creature in your graveyard. (A creature that has power 0 or less is destroyed.)
■ While this creature has power 6000 or more, it has ""Double breaker (This creature breaks 2 shields)."""
930,1396,card_text,世界に満ちた怨念が、龍の顎を研ぎ澄ます！,世界に満ちた怨念が、龍の顎を研ぎ澄ます！,
931,1397,card_text,ドラゴン・ゾンビ,ドラゴン・ゾンビ,Zombie Dragon
932,1398,card_text,毒牙虫ベノム・ワーム,Venom Worm,Venom Worm
933,1399,card_text,"＊このクリーチャーで攻撃するかわりに、タップして次の t 能力を使ってもよい。
 t 種族を1つ選ぶ。このターンが終わるまで、その種族のクリーチャーは「スレイヤー」を得る。（「スレイヤー」を持つクリーチャーとバトルした相手クリーチャーは、勝っても持ち主の墓地に置かれる）","＊このクリーチャーで攻撃するかわりに、タップして次の t 能力を使ってもよい。
 t 種族を1つ選ぶ。このターンが終わるまで、その種族のクリーチャーは「スレイヤー」を得る。（「スレイヤー」を持つクリーチャーとバトルした相手クリーチャーは、勝っても持ち主の墓地に置かれる）","■ Instead of having this creature attack, you may tap it to use its tap ability.
 Choose a race. Each creature of that race gets ""slayer"" until the end of the turn. (Whenever a creature that has ""slayer"" battles, destroy the other creature after the battle.)"
934,1400,card_text,パラサイトワーム,パラサイトワーム,Parasite Worm
935,1401,card_text,生命剥奪,Steal Soul,Grinning Hunger
936,1402,card_text,＊相手は、バトルゾーンにある自分自身のクリーチャー1体か、自分自身のシールドを1枚選び、それを持ち主の墓地に置く。ただし、その「Ｓ・トリガー」は使えない。,＊相手は、バトルゾーンにある自分自身のクリーチャー1体か、自分自身のシールドを1枚選び、それを持ち主の墓地に置く。ただし、その「Ｓ・トリガー」は使えない。,■ Your opponent chooses one of his creatures in the battle zone or one of his shields and puts it into his graveyard.
937,1403,card_text,選んだ犠牲に対して、何と言葉をかければ良いのだろうか。,選んだ犠牲に対して、何と言葉をかければ良いのだろうか。,
938,1404,card_text,ジョー・リザード,Joe Lizard,Snaptongue Lizard
939,1405,card_text,"＊このクリーチャーは、クリーチャーを攻撃するときブロックされない。
＊パワーアタッカー+3000（攻撃中、このクリーチャーのパワーは+3000される）","＊このクリーチャーは、クリーチャーを攻撃するときブロックされない。
＊パワーアタッカー+3000（攻撃中、このクリーチャーのパワーは+3000される）","■ While attacking a creature, this creature can't be blocked.
■ Power attacker +3000 (While attacking, this creature gets +3000 power.)"
940,1406,card_text,「障害は全て解除済み。さあ、地中を発進だ！」---　爆炎野郎ジョー,「障害は全て解除済み。さあ、地中を発進だ！」---　爆炎野郎ジョー,
941,1407,card_text,デューンゲッコー,デューンゲッコー,Dune Gecko
942,1408,card_text,ジージョのトンカチ,Gigioﾕs Hammer,Gigio's Hammer
943,1409,card_text,"＊このクリーチャーで攻撃するかわりに、タップして次の t 能力を使ってもよい。  
t 種族を1つ選ぶ。このターン、その種族のクリーチャーは、可能であれば攻撃し、「パワーアタッカー+4000」を得る。","＊このクリーチャーで攻撃するかわりに、タップして次の t 能力を使ってもよい。  
t 種族を1つ選ぶ。このターン、その種族のクリーチャーは、可能であれば攻撃し、「パワーアタッカー+4000」を得る。","■ Instead of having this creature attack, you may tap it to use its tap ability.
 Choose a race. Each creature of that race attacks this turn if able and gets ""power attacker +4000"" until the end of the turn. (While attacking, a creature that has ""power attacker +4000"" gets +4000 power.)"
944,1410,card_text,地中での深き眠りが、ゼノパーツに単なる道具以上の効果を授けた。,地中での深き眠りが、ゼノパーツに単なる道具以上の効果を授けた。,A deep slumber underground gave the Xenoparts powers beyond those of a mere tool.
945,1411,card_text,ゼノパーツ,ゼノパーツ,Xenoparts
946,1412,card_text,無限掌,Eternal Fist,Fists of Forever
947,1413,card_text,＊バトルゾーンにある自分のクリーチャーを１体選ぶ。このターン、そのクリーチャーがバトルに勝ったとき、バトルの後でアンタップする。,＊バトルゾーンにある自分のクリーチャーを１体選ぶ。このターン、そのクリーチャーがバトルに勝ったとき、バトルの後でアンタップする。,"■ Choose one of your creatures in the battle zone. Whenever that creature wins a battle this turn, untap it."
948,1414,card_text,この拳、エンドレス！,この拳、エンドレス！,
949,1415,card_text,夢蒼の剛剣,Brave Trooper,Silvermoon Trailblazer
950,1416,card_text,"＊このクリーチャーで攻撃するかわりに、タップして次の t 能力を使ってもよい。  
t 種族を1つ選ぶ。このターン、その種族のクリーチャーは、パワー3000以下のクリーチャーにブロックされない。","＊このクリーチャーで攻撃するかわりに、タップして次の t 能力を使ってもよい。  
t 種族を1つ選ぶ。このターン、その種族のクリーチャーは、パワー3000以下のクリーチャーにブロックされない。","■ Instead of having this creature attack, you may tap it to use its tap ability.
 Choose a race. Creatures of that race can't be blocked by creatures that have power 3000 or less this turn."
951,1417,card_text,「何故、バーニング・ビーストなんぞの尻ぬぐいをせにゃあかんのだ！」---夢蒼の剛剣,「何故、バーニング・ビーストなんぞの尻ぬぐいをせにゃあかんのだ！」---夢蒼の剛剣,
952,1418,card_text,ビーストフォーク,ビーストフォーク,Beast Folk
953,1419,card_text,怪力の化身,Mighty Totem,Whispering Totem
954,1420,card_text,＊このクリーチャーがバトルゾーンに出たとき、自分の山札を見る。その中から怪力の化身を１体選び、相手に見せてから自分の手札に加えてもよい。その後、山札をシャッフルする。,＊このクリーチャーがバトルゾーンに出たとき、自分の山札を見る。その中から怪力の化身を１体選び、相手に見せてから自分の手札に加えてもよい。その後、山札をシャッフルする。,"■ When you put this creature into the battle zone, search your deck. You may take a Whispering Totem from your deck, show that creature to your opponent, and put it into your hand. Then shuffle your deck."
955,1421,card_text,「三龍の矢は、ワシが全部砕くずら！」---怪力の化身,「三龍の矢は、ワシが全部砕くずら！」---怪力の化身,
956,1422,card_text,ミステリー・トーテム,ミステリー・トーテム,Mystery Totem
957,1423,card_text,ソイル・チャージャー,Soil Charger,Vine Charger
958,1424,card_text,"＊相手はバトルゾーンにある自分自身のクリーチャーを１体選び、持ち主のマナゾーンに置く。
＊チャージャー（この呪文を唱えた後、墓地に置くかわりに自分のマナゾーンに置く）","＊相手はバトルゾーンにある自分自身のクリーチャーを１体選び、持ち主のマナゾーンに置く。
＊チャージャー（この呪文を唱えた後、墓地に置くかわりに自分のマナゾーンに置く）","■ Your opponent chooses one of his creatures in the battle zone and puts it into his mana zone.
■ Charger (After you cast this spell, put it into your mana zone instead of your graveyard.)"
959,1425,card_text,土へ還れ！,土へ還れ！,
960,1426,card_text,聖騎士メビウスリンク,Holy Warrior M喘ius Link,"Cyclolink, Spectral Knight"
961,1427,card_text,＊このクリーチャーが相手プレイヤーを攻撃してブロックされなかったとき、自分の山札を見る。その中から呪文を１枚選び、相手に見せてから自分の手札に加えてもよい。その後、山札をシャッフルする。,＊このクリーチャーが相手プレイヤーを攻撃してブロックされなかったとき、自分の山札を見る。その中から呪文を１枚選び、相手に見せてから自分の手札に加えてもよい。その後、山札をシャッフルする。,"■ Whenever this creature is attacking your opponent and isn't blocked, search your deck. You may take a spell from your deck, show that spell to your opponent, and put it into your hand. Then shuffle your deck."
962,1428,card_text,虚空に描いた虹色の渦から、未知なる力が溢れ出す。,虚空に描いた虹色の渦から、未知なる力が溢れ出す。,
963,1429,card_text,レインボー・ファントム,レインボー・ファントム,Rainbow Phantom
964,1430,card_text,時空の守護者ジル・ワーカ,"Jill Warka, Guardian of Time","Jil Warka, Time Guardian"
965,1431,card_text,"{B}ブロッカー
＊このクリーチャーは相手プレイヤーを攻撃できない。
＊このクリーチャーがバトルゾーンから自分の墓地に置かれたとき、バトルゾーンにある相手のクリーチャーを２体まで選び、タップする。","{B}ブロッカー
＊このクリーチャーは相手プレイヤーを攻撃できない。
＊このクリーチャーがバトルゾーンから自分の墓地に置かれたとき、バトルゾーンにある相手のクリーチャーを２体まで選び、タップする。","■ Blocker (Whenever an opponent's creature attacks, you may tap this creature to stop the attack. Then the 2 creatures battle.)
■ This creature can't attack players.
■ When this creature is destroyed, choose up to 2 of your opponent's creatures in the battle zone and tap them."
966,1432,card_text,守護者の思念は、死後も光の国を守り続ける。,守護者の思念は、死後も光の国を守り続ける。,The guardian's will continues to protect the land of Light even after death.
967,1433,card_text,ガーディアン,ガーディアン,Guardian
968,1434,card_text,双光の使徒カリュート,"Kalute, Apostle of the Twin Luminescence","Kalute, Vizier of Eternity"
969,1435,card_text,＊このクリーチャーがバトルゾーンから自分の墓地に置かれるとき、バトルゾーンに双光の使徒カリュートが他に１体でもあれば、このクリーチャーを墓地に置くかわりに自分の手札に戻す。,＊このクリーチャーがバトルゾーンから自分の墓地に置かれるとき、バトルゾーンに双光の使徒カリュートが他に１体でもあれば、このクリーチャーを墓地に置くかわりに自分の手札に戻す。,"■ When this creature would be destroyed, if another Kalute, Vizier of Eternity is in the battle zone, return this creature to your hand instead."
970,1436,card_text,双光の使徒よ、覚醒せよ。汝の波動は永遠の詩なり。,双光の使徒よ、覚醒せよ。汝の波動は永遠の詩なり。,
971,1437,card_text,イニシエート,イニシエート,Initiate
972,1438,card_text,コズミック・ウイング,Cosmic Wing,Cosmic Wing
973,1439,card_text,＊バトルゾーンにある自分のクリーチャーを１体選ぶ。このターン、そのクリーチャーはブロックされない。,＊バトルゾーンにある自分のクリーチャーを１体選ぶ。このターン、そのクリーチャーはブロックされない。,■ Choose one of your creatures in the battle zone. It can't be blocked this turn.
974,1440,card_text,今だ！,今だ！,
975,1441,card_text,テンタクル・クラスター,Tentacle Cluster,Tentacle Cluster
976,1442,card_text,＊このクリーチャーが相手プレイヤーを攻撃してブロックされなかったとき、バトルゾーンにあるクリーチャーを１体選び、持ち主の手札に戻してもよい。,＊このクリーチャーが相手プレイヤーを攻撃してブロックされなかったとき、バトルゾーンにあるクリーチャーを１体選び、持ち主の手札に戻してもよい。,"■ Whenever this creature is attacking your opponent and isn't blocked, you may choose a creature in the battle zone and return it to its owner's hand."
977,1443,card_text,「正々堂々なんて、おつむの弱い作戦さ。」---ソピアン,「正々堂々なんて、おつむの弱い作戦さ。」---ソピアン,
978,1444,card_text,サイバー・クラスター,サイバー・クラスター,Cyber Cluster
979,1445,card_text,スカウト・クラスター,Scout Cluster,Scout Cluster
980,1446,card_text,"{B}ブロッカー
＊このクリーチャーがバトルゾーンにある間、自分の他のクリーチャーがバトルゾーンに出たとき、このクリーチャーをバトルゾーンから自分の手札に戻す。","{B}ブロッカー
＊このクリーチャーがバトルゾーンにある間、自分の他のクリーチャーがバトルゾーンに出たとき、このクリーチャーをバトルゾーンから自分の手札に戻す。","■ Blocker (Whenever an opponent's creature attacks, you may tap this creature to stop the attack. Then the 2 creatures battle.)
■ Whenever you put another creature into the battle zone, return this creature from the battle zone to your hand."
981,1447,card_text,深海漂う恥ずかしがり屋。今日も一人で探偵稼業。,深海漂う恥ずかしがり屋。今日も一人で探偵稼業。,
982,1448,card_text,サイバー・クラスター,サイバー・クラスター,Cyber Cluster
983,1449,card_text,フェアリー・キャンドル,Faerie Candle,Kelp Candle
984,1450,card_text,"{B}ブロッカー
＊このクリーチャーは攻撃することができない。
＊このクリーチャーがブロックしたとき、自分の山札の上から４枚を見る。その中から１枚選んで自分の手札に加え、他の３枚を好きな順で自分の山札の一番下に戻す。","{B}ブロッカー
＊このクリーチャーは攻撃することができない。
＊このクリーチャーがブロックしたとき、自分の山札の上から４枚を見る。その中から１枚選んで自分の手札に加え、他の３枚を好きな順で自分の山札の一番下に戻す。","■ Blocker (Whenever an opponent's creature attacks, you may tap this creature to stop the attack. Then the 2 creatures battle.)
■ This creature can't attack.
■ Whenever this creature blocks, look at the top 4 cards of your deck. Put one of them into your hand, and put the rest on the bottom of your deck in any order."
985,1451,card_text,姿形は小さいけれど、儲けはがっぽり狙うもの。,姿形は小さいけれど、儲けはがっぽり狙うもの。,"Small in stature, but always aiming for a hefty profit."
986,1452,card_text,サイバー・ウイルス,サイバー・ウイルス,Cyber Virus
987,1453,card_text,サイバー・トンネル,Cyber Tunnel,Impossible Tunnel
988,1454,card_text,＊種族を1つ選ぶ。このターン、その種族のクリーチャーはブロックされない。,＊種族を1つ選ぶ。このターン、その種族のクリーチャーはブロックされない。,■ Choose a race. Creatures of that race can't be blocked this turn.
989,1455,card_text,歪んだ空間を抜け、静かに刺客は訪れる。,歪んだ空間を抜け、静かに刺客は訪れる。,
990,1456,card_text,墓堀怪人アシッドフィスト,"Acid Fist, Gravedigger","Acid Reflux, the Fleshboiler"
991,1457,card_text,"{B}ブロッカー
＊このクリーチャーは攻撃することができない。
＊スレイヤー（このクリーチャーとバトルした相手クリーチャーは、勝っても持ち主の墓地に置かれる）","{B}ブロッカー
＊このクリーチャーは攻撃することができない。
＊スレイヤー（このクリーチャーとバトルした相手クリーチャーは、勝っても持ち主の墓地に置かれる）","■ Blocker (Whenever an opponent's creature attacks, you may tap this creature to stop the attack. Then the 2 creatures battle.)
■ This creature can't attack.
■ Slayer (Whenever this creature battles, destroy the other creature after the battle.)"
992,1458,card_text,爪に備わる猛毒は、小さな傷でも命を奪う。,爪に備わる猛毒は、小さな傷でも命を奪う。,The deadly poison in its claws can take a life with even the smallest wound.
993,1459,card_text,デビルマスク,デビルマスク,Devil Mask
994,1460,card_text,悪戯人形ハロ,Devil Doll Halo,"Trixo, Wicked Doll"
995,1461,card_text,*このクリーチャーが相手プレイヤーを攻撃してブロックされなかったとき、相手はバトルゾーンにある自分自身のクリーチャーを1体選び、持ち主の墓地に置く。,*このクリーチャーが相手プレイヤーを攻撃してブロックされなかったとき、相手はバトルゾーンにある自分自身のクリーチャーを1体選び、持ち主の墓地に置く。,"■ Whenever this creature is attacking your opponent and isn't blocked, your opponent chooses one of his creatures and destroys it."
996,1462,card_text,一緒に遊ぶと死ぬから危険。,一緒に遊ぶと死ぬから危険。,
997,1463,card_text,デスパペット,デスパペット,Death Puppet
998,1464,card_text,暗闇に潜む者バット・ドクター,"Bat Doctor, Skulker in Darkness","Bat Doctor, Shadow of Undeath"
999,1465,card_text,＊このクリーチャーがバトルゾーンから自分の墓地に置かれたとき、自分の墓地から他のクリーチャーを1体選び、自分の手札に加えてもよい。,＊このクリーチャーがバトルゾーンから自分の墓地に置かれたとき、自分の墓地から他のクリーチャーを1体選び、自分の手札に加えてもよい。,"■ When this creature is destroyed, you may return another creature from your graveyard to your hand."
1000,1466,card_text,我らにとっての墓地は、彼らにとっての手術室だ。,我らにとっての墓地は、彼らにとっての手術室だ。,
1001,1467,card_text,ゴースト,ゴースト,Ghost
1002,1468,card_text,ゾンビ・カーニバル,Zombie Carnival,Zombie Carnival
1003,1469,card_text,"{ST} S・トリガー（この呪文をシールドゾーンから手札に加えるとき、コストを支払わずにすぐ唱えてよい）
＊種族を1つ選ぶ。自分の墓地から、その種族のクリーチャーを3体まで選び、自分の手札に加える。","{ST} S・トリガー（この呪文をシールドゾーンから手札に加えるとき、コストを支払わずにすぐ唱えてよい）
＊種族を1つ選ぶ。自分の墓地から、その種族のクリーチャーを3体まで選び、自分の手札に加える。","■ Shield trigger (When this card is put into your hand from your shield zone, you may play it immediately for no cost.)
■ Choose a race. Return up to 3 creatures of that race from your graveyard to your hand."
1004,1470,card_text,死んでる暇があったら踊れ！,死んでる暇があったら踊れ！,
1005,1471,card_text,マウントザウルス,Terrasaur,Quakesaur
1006,1472,card_text,＊このクリーチャーが相手プレイヤーを攻撃してブロックされなかったとき、相手は自分自身のマナゾーンからカードを１枚選び、持ち主の墓地に置く。,＊このクリーチャーが相手プレイヤーを攻撃してブロックされなかったとき、相手は自分自身のマナゾーンからカードを１枚選び、持ち主の墓地に置く。,"■ Whenever this creature is attacking your opponent and isn't blocked, your opponent chooses a card in his mana zone and puts it into his graveyard."
1007,1473,card_text,背から吹き出す溶岩が、踏みつけた大地を溶かしていく。,背から吹き出す溶岩が、踏みつけた大地を溶かしていく。,
1008,1474,card_text,ロック・ビースト,ロック・ビースト,Rock Beast
1009,1475,card_text,蒸神兵カイン,Steam Trooper Kain,Steam Rumbler Kain
1010,1476,card_text,＊このクリーチャーが攻撃するとき、自分のシールドが１枚でもあれば、その中から裏向きのまま１枚選び、自分の墓地に置く。ただし、その「Ｓ・トリガー」は使えない。,＊このクリーチャーが攻撃するとき、自分のシールドが１枚でもあれば、その中から裏向きのまま１枚選び、自分の墓地に置く。ただし、その「Ｓ・トリガー」は使えない。,"■ Whenever this creature attacks, choose one of your shields and put it into your graveyard."
1011,1477,card_text,カイン自慢の諜報部隊は、必死にバーニング・ビーストの消息を追った。,カイン自慢の諜報部隊は、必死にバーニング・ビーストの消息を追った。,
1012,1478,card_text,アーマロイド,アーマロイド,Armorloid
1013,1479,card_text,鳥神兵クウザ,Aerotrooper Kooza,Aerodactyl Kooza
1014,1480,card_text,"＊このクリーチャーは、クリーチャーを攻撃するときブロックされない。
＊パワーアタッカー+3000（攻撃中、このクリーチャーのパワーは+3000される）","＊このクリーチャーは、クリーチャーを攻撃するときブロックされない。
＊パワーアタッカー+3000（攻撃中、このクリーチャーのパワーは+3000される）","■ While attacking a creature, this creature can't be blocked.
■ Power attacker +3000 (While attacking, this creature gets +3000 power.)"
1015,1481,card_text,バトル上等！,バトル上等！,
1016,1482,card_text,アーマロイド,アーマロイド,Armorloid
1017,1483,card_text,フル・コマンド,Blitzkreig,Relentless Blitz
1018,1484,card_text,＊種族を1つ選ぶ。このターン、その種族のクリーチャーは、アンタップされているクリーチャーを攻撃することができ、クリーチャーを攻撃するときブロックされない。,＊種族を1つ選ぶ。このターン、その種族のクリーチャーは、アンタップされているクリーチャーを攻撃することができ、クリーチャーを攻撃するときブロックされない。,"■ Choose a race. This turn, each creature of that race can attack untapped creatures and can't be blocked while attacking a creature."
1019,1485,card_text,左手のボタンが、殲滅の合図！,左手のボタンが、殲滅の合図！,
1020,1486,card_text,警護するソリッド・ホーン,Solid Horn,Solid Horn
1021,1487,card_text,＊このクリーチャーがバトルゾーンから自分の墓地に置かれるとき、墓地に置くかわりに自分のマナゾーンに置く。,＊このクリーチャーがバトルゾーンから自分の墓地に置かれるとき、墓地に置くかわりに自分のマナゾーンに置く。,"■ When this creature would be destroyed, put it into your mana zone instead."
1022,1488,card_text,敵あらば戦い、無ければ探す。警護するソリッド・ホーンの行動原理は単純だが、心強い。,敵あらば戦い、無ければ探す。警護するソリッド・ホーンの行動原理は単純だが、心強い。,
1023,1489,card_text,ホーン・ビースト,ホーン・ビースト,Horned Beast
1024,1490,card_text,ウィップ・スコーピオン,Whip Scorpion,Whip Scorpion
1025,1491,card_text,"{ST} S・トリガー（このクリーチャーをシールドゾーンから手札に加えるとき、コストを支払わずにすぐ召喚してよい）
＊パワーアタッカー+3000（攻撃中、このクリーチャーのパワーは+3000される）","{ST} S・トリガー（このクリーチャーをシールドゾーンから手札に加えるとき、コストを支払わずにすぐ召喚してよい）
＊パワーアタッカー+3000（攻撃中、このクリーチャーのパワーは+3000される）","■ Shield trigger (When this card is put into your hand from your shield zone, you may play it immediately for no cost.)
■ Power attacker +3000 (While attacking, this creature gets +3000 power.)"
1026,1492,card_text,静寂に満ちた森林は、こいつが飛び出す絶好の場所。,静寂に満ちた森林は、こいつが飛び出す絶好の場所。,
1027,1493,card_text,ジャイアント・インセクト,ジャイアント・インセクト,Giant Insect
1028,1494,card_text,誕生の祈,Birth Eye,Cavern Raider
1029,1495,card_text,＊このクリーチャーが相手プレイヤーを攻撃してブロックされなかったとき、自分の山札を見る。その中からクリーチャーを１体選び、相手に見せてから自分の手札に加えてもよい。その後、山札をシャッフルする。,＊このクリーチャーが相手プレイヤーを攻撃してブロックされなかったとき、自分の山札を見る。その中からクリーチャーを１体選び、相手に見せてから自分の手札に加えてもよい。その後、山札をシャッフルする。,"■ Whenever this creature is attacking your opponent and isn't blocked, search your deck. You may take a creature from your deck, show that creature to your opponent, and put it into your hand. Then shuffle your deck."
1030,1496,card_text,「死ごときで、我らの鼓動を止められるものか！」---　誕生の祈,「死ごときで、我らの鼓動を止められるものか！」---　誕生の祈,
1031,1497,card_text,ビーストフォーク,ビーストフォーク,Beast Folk
1032,1498,card_text,強欲の開拓,Accelerated Development,Dance of the Sproutlings
1033,1499,card_text,＊種族を1つ選ぶ。その種族のクリーチャーを自分の手札から好きな枚数選び、自分のマナゾーンに置いてもよい。,＊種族を1つ選ぶ。その種族のクリーチャーを自分の手札から好きな枚数選び、自分のマナゾーンに置いてもよい。,■ Choose a race. You may put any number of creatures of that race from your hand into your mana zone.
1034,1500,card_text,戦う前に、耕しやがれ。,戦う前に、耕しやがれ。,
1035,1501,card_text,光器ペトローバ,"Petrova, the Channeler of Light","Petrova, Channeler of Suns"
1036,1502,card_text,"＊このクリーチャーがバトルゾーンに出たとき、メカ・デル・ソル以外の種族を1つ選ぶ。バトルゾーンにある、その種族のクリーチャーのパワーは+4000される。
＊このクリーチャーがバトルゾーンにある間、相手がクリーチャーを選ぶとき、光器ペトローバを選ぶことはできない","＊このクリーチャーがバトルゾーンに出たとき、メカ・デル・ソル以外の種族を1つ選ぶ。バトルゾーンにある、その種族のクリーチャーのパワーは+4000される。
＊このクリーチャーがバトルゾーンにある間、相手がクリーチャーを選ぶとき、光器ペトローバを選ぶことはできない","■ When you put this creature into the battle zone, choose a race other than Mecha Del Sol. Each creature of that race gets +4000 power.
■ Whenever your opponent would choose a creature in the battle zone, he can't choose this one. (It can still be attacked and blocked.)"
1037,1503,card_text,高まる龍の鼓動に呼応し、天敵たる光器の力も強さを増した。,高まる龍の鼓動に呼応し、天敵たる光器の力も強さを増した。,
1038,1504,card_text,メカ・デル・ソル,メカ・デル・ソル,Mecha Del Sol
1039,1505,card_text,アクア・マスター,Aqua Master,Aqua Master
1040,1506,card_text,＊このクリーチャーが相手プレイヤーを攻撃してブロックされなかったとき、相手のシールドを１枚選び、表向きにしてプレイする。,＊このクリーチャーが相手プレイヤーを攻撃してブロックされなかったとき、相手のシールドを１枚選び、表向きにしてプレイする。,"■ Whenever this creature is attacking your opponent and isn't blocked, choose one of your opponent's shields and turn it face up. (It stays face up while it's in the shield zone.)"
1041,1507,card_text,「己の弱さが敗北させるのだよ！」---アクア・マスター,「己の弱さが敗北させるのだよ！」---アクア・マスター,
1042,1508,card_text,リキッド・ピープル,リキッド・ピープル,Liquid People
1043,1509,card_text,呪縛の剣豪バロスト,"Ballost, Arcane Swordmaster","Stallob, the Lifequasher"
1044,1510,card_text,"＊Ｗ・ブレイカー（シールドを攻撃したとき、このクリーチャーはシールドを2枚ブレイクする）
＊このクリーチャーがバトルゾーンから自分の墓地に置かれたとき、バトルゾーンにあるクリーチャーをすべて持ち主の墓地に置く。","＊Ｗ・ブレイカー（シールドを攻撃したとき、このクリーチャーはシールドを2枚ブレイクする）
＊このクリーチャーがバトルゾーンから自分の墓地に置かれたとき、バトルゾーンにあるクリーチャーをすべて持ち主の墓地に置く。","■ Double breaker (This creature breaks 2 shields.)
■ When this creature is destroyed, destroy all creatures."
1045,1511,card_text,死の千年後、バロムが蘇る。,死の千年後、バロムが蘇る。,
1046,1512,card_text,デーモン・コマンド,デーモン・コマンド,Demon Command
1047,1513,card_text,紅神龍オグリストヴァル,Red Celestial Dragon Ogrist Vhal,Magmadragon Ogrist Vhal
1048,1514,card_text,"＊このクリーチャーがバトルゾーンにある間、このクリーチャーのパワーは、自分の手札１枚につき+3000される。
＊このクリーチャーは、パワーが6000以上のとき、「Ｗ・ブレイカー」を得る。
＊このクリーチャーは、パワーが15000以上のとき、「T・ブレイカー」を得る。","＊このクリーチャーがバトルゾーンにある間、このクリーチャーのパワーは、自分の手札１枚につき+3000される。
＊このクリーチャーは、パワーが6000以上のとき、「Ｗ・ブレイカー」を得る。
＊このクリーチャーは、パワーが15000以上のとき、「T・ブレイカー」を得る。","■ This creature gets +3000 power for each card in your hand. (A creature that has power 0 or less is destroyed.)
■ While this creature has power 6000 or more, it has ""Double breaker (This creature breaks 2 shields).""
■ While this creature has power 15000 or more, it has ""Triple breaker (This creature breaks 3 shields)"" instead of ""double breaker."""
1049,1515,card_text,ボルケーノ・ドラゴン,ボルケーノ・ドラゴン,Volcano Dragon
1050,1516,card_text,驚天の超人,Amazing Giant,Stratosphere Giant
1051,1517,card_text,"＊このクリーチャーがバトルゾーンに出たとき、相手は自分自身の手札からクリーチャーを２体まで選び、バトルゾーンに出してもよい。
＊T・ブレイカー（シールドを攻撃したとき、このクリーチャーはシールドを3枚ブレイクする）","＊このクリーチャーがバトルゾーンに出たとき、相手は自分自身の手札からクリーチャーを２体まで選び、バトルゾーンに出してもよい。
＊T・ブレイカー（シールドを攻撃したとき、このクリーチャーはシールドを3枚ブレイクする）","■ When you put this creature into the battle zone, your opponent chooses up to 2 creatures in his hand and puts them into the battle zone.
■ Triple breaker (This creature breaks 3 shields.)"
1052,1518,card_text,伸ばした腕は国をも超え、遥か彼方の龍を撃つ！,伸ばした腕は国をも超え、遥か彼方の龍を撃つ！,
1053,1519,card_text,ジャイアント,ジャイアント,Giant
1054,1520,card_text,雷珠の求道者ラ・バルザ,"La Balza, Seeker of the Thunder Pearl","Balza, Seeker of Hyperpearls"
1055,1521,card_text,"{B}ブロッカー
{ST}S・トリガー
＊このクリーチャーは、相手プレイヤーを攻撃できない。","{B} Blocker
{ST} Shield trigger
*This creature can't attack players.","■ Shield trigger (When this card is put into your hand from your shield zone, you may play it immediately for no cost.)
■ Blocker (Whenever an opponent's creature attacks, you may tap this creature to stop the attack. Then the 2 creatures battle.)
■ This creature can't attack players."
1056,1522,card_text,突如世界に出現したスピリット・クォーツの群れ。友とも敵とも知れぬ強大な戦力は、各地に混乱をもたらした。,"Appearing suddenly, the Spirit Quartz created chaos in all realms, for who could tell whether they were friend or foe?","Appearing suddenly, the Spirit Quartz threw every land into chaos. No one could tell whether this mighty force was friend or foe."
1057,1523,card_text,メカサンダー,メカサンダー,Mecha Thunder
1058,1524,card_text,光器リュドミーラ,"Ryudmila, the channer of the light","Ryudmila, Channeler of Suns"
1059,1525,card_text,"＊このクリーチャーのパワーは、バトルゾーンにある自分の他のタップされていないクリーチャー１体につき+2000される。
＊このクリーチャーが破壊される時、墓地に置くかわりに自分の山札に戻す。その後、山札をシャッフルする。","*This creature gets +2000 power for each of your other untapped creatures in the battle zone.
*When this creature would be destroyed, shuffle it into your deck instead.","■ This creature gets +2000 power for each of your other untapped creatures in the battle zone.
■ When this creature would be destroyed, shuffle it into your deck instead."
1060,1526,card_text,メカ・デル・ソル,メカ・デル・ソル,Mecha Del Sol
1061,1527,card_text,キング・オクアノス,King Oquanos,King Oquanos
1062,1528,card_text,"＊このクリーチャーのパワーは、相手のマナゾーンでタップされているカード１枚につき+2000される。
＊このクリーチャーは、パワーが6000以上の時、「Ｗ・ブレイカー」を得る。","*This creature gets +2000 power for each tapped card in your opponent's mana zone.
*While this creature has power 6000 or more, it has ""Double breaker (This creature breaks 2 shields).""","■ This creature gets +2000 power for each tapped card in your opponent's mana zone.
■ While this creature has power 6000 or more, it has ""Double breaker (This creature breaks 2 shields)."""
1063,1529,card_text,マーフォークは、リヴァイアサンを恐れ、憎み、そして敬う。,"The merfolk fear, despise, and respect the leviathans.",
1064,1530,card_text,リヴァイアサン,リヴァイアサン,Leviathan
1065,1531,card_text,災厄秘宝ゲジラ,"Gejila, the Hidden Horror","Kejila, the Hidden Horror"
1066,1532,card_text,"＊W・ブレイカー
＊サイレントスキル（自分のターンのはじめに、このクリーチャーがタップされていたら、アンタップするかわりに次のi 能力を使ってもよい）
i このクリーチャーは、相手のシールドを2枚ブレイクする。","*Double breaker
*Silent Skill (At the start of your turn, if this creature is tapped, you may keep it tapped and use its i ability.)
i This creature breaks 2 of your opponent's shields.","■ Double breaker (This creature breaks 2 shields.)
■ Silent skill (At the start of each of your turns, if this creature is tapped, you may keep it tapped and use its silent skill ability.)
  This creature breaks 2 of your opponent's shields."
1067,1533,card_text,パンドラボックス,パンドラボックス,Pandora's Box
1068,1534,card_text,冥府の覇者ガジラビュート,"Gajirabute, Dark Emperor ","Gajirabute, Vile Centurion"
1069,1535,card_text,＊このクリーチャーをバトルゾーンに出した時、相手のシールドを1枚選び、持ち主の墓地に置く。（その「Ｓ・トリガー」は使えない）,"*When you put this creature into the battle zone, choose one of your opponent's shields and put it into his graveyard. (If that shield has a ""shield trigger,"" it doesn't work.)","■ When you put this creature into the battle zone, choose one of your opponent's shields and put it into his graveyard."
1070,1536,card_text,漆黒の巨体から吹き出る瘴気が、精霊すら怯ませる。,The vile miasma emanating from its ebon body is enough to make even the elementals quail.,
1071,1537,card_text,デーモン・コマンド,デーモン・コマンド,Demon Command
1072,1538,card_text,ガウレザル・ドラゴン,Gaulezal Dragon,Gaulezal Dragon
1073,1539,card_text,＊W・ブレイカー（このクリーチャーはシールドを2枚ブレイクする）,*Double breaker (This creature breaks 2 shields.),■ Double breaker (This creature breaks 2 shields.)
1074,1540,card_text,余りに長く繰り返した砲撃も、龍から命を失わせる事はできなかった。,"When the smoke cleared, the attackers despaired when they saw their barrage had destroyed everything--except the dragon.",
1075,1541,card_text,アーマード・ドラゴン,アーマード・ドラゴン,Armored Dragon
1076,1542,card_text,天動の化身,Carnival Totem,Carnival Totem
1077,1543,card_text,"＊W・ブレイカー（このクリーチャーはシールドを2枚ブレイクする）
＊このクリーチャーをバトルゾーンに出した時、自分のマナゾーンにあるカードをすべて自分の手札に戻し、同時に、自分の手札をすべて自分のマナゾーンにタップして置く。","*Double breaker (This creature breaks 2 shields.)
*When you put this creature into the battle zone, put all cards from your mana zone into your hand and, at the same time, put all cards from your hand into your mana zone tapped.","■ Double breaker (This creature breaks 2 shields.)
■ When you put this creature into the battle zone, put all the cards from your mana zone into your hand and, at the same time, put all the cards from your hand into your mana zone tapped."
1078,1544,card_text,ミステリー・トーテム,ミステリー・トーテム,Mystery Totem
1079,1545,card_text,覚醒のタンザナイト,"Tanzanite, the Awakener","Tanzanyte, the Awakener"
1080,1546,card_text,"＊マナゾーンに置く時、このカードはタップして置く。
＊W・ブレイカー
＊このクリーチャーで攻撃するかわりに、タップして次のt能力を使ってもよい。
t自分の墓地からクリーチャーを1体選ぶ。そのクリーチャーと同じ名前のクリーチャーをすべて、自分の墓地から自分の手札に戻す。","*(This creature is put into your mana zone tapped.)
*Double breaker
*Instead of having this creature attack, you may tap it to use its t ability.
t Choose a creature in your graveyard. Then return all creatures that have that name from your graveyard to your hand.","■ (This creature is put into your mana zone tapped.)
■ Double breaker (This creature breaks 2 shields.)
■ Instead of having this creature attack, you may tap it to use its tap ability.
 Choose a creature in your graveyard. Return all creatures that have that name from your graveyard to your hand."
1081,1547,card_text,スピリット・クォーツ,スピリット・クォーツ,Spirit Quartz
1082,1548,card_text,無双竜機ボルバルザーク,Super dragon machine Bolbalzark,"Bombazar, Dragon of Destiny"
1083,1549,card_text,"＊マナゾーンに置く時、このカードはタップして置く。
＊このクリーチャーをバトルゾーンに出した時、他のパワー6000のクリーチャーをすべて破壊する。その後、このターンの後にもう一度自分のターンを行う。そのターンの終わりに、自分はゲームに負ける。
＊スピードアタッカー(このクリーチャーは召喚酔いしない）
＊W・ブレイカー","*(This creature is put into your mana zone tapped.)
*When you put this creature into the battle zone, destroy all other creatures that have power 6000. Then take an extra turn after this one. You lose the game at the end of that turn.
*Speed attacker
*Double breaker","■ (This creature is put into your mana zone tapped.)
■ When you put this creature into the battle zone, destroy all other creatures that have 6000 power. Take an extra turn after this one. You lose the game at the end of that turn.
■ Speed attacker (This creature doesn't get summoning sickness.)
■ Double breaker (This creature breaks 2 shields.)"
1084,1550,card_text,アーマード・ドラゴン/アース・ドラゴン,アーマード・ドラゴン/アース・ドラゴン,Armored Dragon
1085,1551,card_text,霊光の化身,Spiritual Totem,Techno Totem
1086,1552,card_text,"＊マナゾーンに置く時、このカードはタップして置く。
＊このクリーチャーがタップされている間、自分の他のクリーチャーは「パワーアタッカー+1500」を得る。
＊このクリーチャーで攻撃するかわりに、タップして次の t 能力を使ってもよい。
tバトルゾーンにある相手のクリーチャーを1体タップする。","*(This creature is put into your mana zone tapped.)
*While this creature is tapped, each of your other creatures gets ""power attacker +1500.""
*Instead of having this creature attack, you may tap it to use its t ability.
t Tap one of your opponent's creatures in the battle zone.","■ (This creature is put into your mana zone tapped.)
■ While this creature is tapped, each of your other creatures has ""power attacker +1500."" (While attacking, a creature that has ""power attacker +1500"" gets +1500 power.)
■ Instead of having this creature attack, you may tap it to use its tap ability.
 Choose one of your opponent's creatures in the battle zone and tap it."
1087,1553,card_text,ミステリー・トーテム,ミステリー・トーテム,Mystery Totem
1088,1554,card_text,聖天使グライス・メジキューラ,"Glais Mejicula, Radiant Angel","Glais Mejicula, the Extreme"
1089,1555,card_text,"＊進化-自分のイニシエート1体の上に置く。
＊自分のシールドがブレイクされる時、自分の手札を２枚捨ててもよい。そうした場合、そのシールドはブレイクされない。","*Evolution-Put on one of your Initiates.
*Whenever one of your shields would be broken, you may discard 2 cards from your hand. If you do, the shield isn't broken.","■ Evolution-Put on one of your Initiates.
■ Whenever one of your shields would be broken, you may discard 2 cards from your hand instead."
1090,1556,card_text,全てが消滅したはずの空間で、聖天使を中心としたフィールドは無傷のままだった。,"Amidst the devastation, the angels' energy field remained, as perfect as it ever had been.",
1091,1557,card_text,イニシエート,イニシエート,Initiate
1092,1558,card_text,粛清者ポルタレスタ,"Poltalester, the Purifier","Poltalester, the Spydroid"
1093,1559,card_text,"{B}ブロッカー
{ST}S・トリガー
＊このクリーチャーは、相手プレイヤーを攻撃できない。","{B} Blocker
{ST} Shield trigger
*This creature can't attack players.","■ Shield trigger (When this card is put into your hand from your shield zone, you may play it immediately for no cost.)
■ Blocker (Whenever an opponent's creature attacks, you may tap this creature to stop the attack. Then the 2 creatures battle.)
■ This creature can't attack players."
1094,1560,card_text,雲間に張り巡らされた蜘蛛の網。獲物は、ただ静かに忍び寄る粛清者の足音を聞いていた。,"Like spiders, the purifiers spin webs of light through the sky. Those caught in them can do nothing but await the purifiers' arrival.",A spider's web stretched across the clouds. Its prey could only listen to the quiet footsteps of the approaching Purifier.
1095,1561,card_text,ソルトルーパー,ソルトルーパー,Soltrooper
1096,1562,card_text,粛清者アイザク,"Izak, the Purifier","Ikaz, the Spydroid"
1097,1563,card_text,"{B}ブロッカー
＊このクリーチャーは、相手プレイヤーを攻撃できない。　
＊このクリーチャーがブロックする時、バトルゾーンにある自分のクリーチャーを１体選んでもよい。このクリーチャーのバトルの後、選んだクリーチャーをアンタップする。","{B} Blocker
*This creature can't attack players.
*Whenever this creature blocks, choose one of your creatures in the battle zone. Untap it after this creature battles.","■ Blocker (Whenever an opponent's creature attacks, you may tap this creature to stop the attack. Then the 2 creatures battle.)
■ Whenever this creature blocks, choose one of your creatures in the battle zone. Untap it after the battle.
■ This creature can't attack players."
1098,1564,card_text,シルヴァー・グローリーの声が聖堂に響き渡ると、差し込んだ光は集結し粛清の剣と変わった。,"Silver Glory's voice echoes in the chatedral, and the light coming in through the windows became the swords of purifier.","When Silver Glory's voice echoed through the cathedral, the streaming light gathered and became the sword of purification."
1099,1565,card_text,ソルトルーパー,ソルトルーパー,Soltrooper
1100,1566,card_text,曙の守護者パラ・オーレシス,"Palla Ohlesis, Guardian of the Morning","Pala Olesis, Morning Guardian"
1101,1567,card_text,"{B}ブロッカー
＊このクリーチャーは、相手プレイヤーを攻撃できない。
＊相手のターン中、自分の他のクリーチャーのパワーは+2000される。","{B} Blocker
*This creature can't attack players.
*During your opponent's turn, each of your other creatures gets +2000 power.","■ Blocker (Whenever an opponent's creature attacks, you may tap this creature to stop the attack. Then the 2 creatures battle.)
■ During your opponent's turn, each of your other creatures gets +2000 power.
■ This creature can't attack players."
1102,1568,card_text,「ジェスにボコられたの初めてだよ！」- 小さな勇者ゲット,I don't think I've ever been beat up by Jess that bad before!　--Small Giant Get,
1103,1569,card_text,ガーディアン,ガーディアン,Guardian
1104,1570,card_text,緊急再誕,Rapid Reincarnation,Rapid Reincarnation
1105,1571,card_text,"{ST}S・トリガー　
＊自分のクリーチャーを１体破壊してもよい。そうした場合、自分のマナゾーンにあるカードの枚数とコストが同じかそれ以下のクリーチャーを１体、自分の手札から選び、バトルゾーンに出す。","{ST} Shield trigger (When this spell is put into your hand from your shield zone, you may cast it immediately for no cost.)
*You may destroy one of your creatures. If you do, choose a creature in your hand that costs the same as or less than the number of cards in your mana zone and put it into the battle zone.","■ Shield trigger (When this card is put into your hand from your shield zone, you may play it immediately for no cost.)
■ You may destroy one of your creatures. If you do, choose a creature in your hand that costs the same as or less than the number of cards in your mana zone and put it into the battle zone."
1106,1572,card_text,バトル・コロシアム,Battle Coliseum,Static Warp
1107,1573,card_text,＊各プレイヤーは、バトルゾーンにある自分自身のクリーチャーを１体ずつ選ぶ。その後、バトルゾーンにあるその他のクリーチャーをすべてタップする。,*Each player chooses one of his creatures in the battle zone. Tap the rest of the creatures in the battle zone.,■ Each player chooses one of his creatures in the battle zone. Tap the rest of the creatures in the battle zone.
1108,1574,card_text,デュエルだ！,Let's duel!,
1109,1575,card_text,クリスタル・ブレイダー,Crystal Blader,Crystal Spinslicer
1110,1576,card_text,"{B}ブロッカー（相手クリーチャーが攻撃する時、このクリーチャーをタップして、その攻撃を阻止してもよい。その後、その相手クリーチャーとバトルする）　　
＊進化－自分のリキッド・ピープル１体の上に置く。","{B} Blocker (Whenever an opponent's creature attacks, you may tap this creature to stop the attack. Then the 2 creatures battle.)
*Evolution-Put on one of your Liquid People.","■ Blocker (Whenever an opponent's creature attacks, you may tap this creature to stop the attack. Then the 2 creatures battle.)
■ Evolution-Put on one of your Liquid People."
1111,1577,card_text,クリスタルの盾よ、古の契約より汝を解放する！,"Crystal shield, I release thee from thine ancient compact!",
1112,1578,card_text,リキッド・ピープル,リキッド・ピープル,Liquid People
1113,1579,card_text,サイレント・マジシャン,Silent Magician,Mystic Magician
1114,1580,card_text,"＊自分の「サイレントスキル」を持つクリーチャーは、タップしてバトルゾーンに置かれる。　
＊自分の「サイレントスキル」を持つクリーチャーが破壊される時、墓地に置くかわりに自分の手札に戻す。","*Your creatures that have ""silent skill"" are put into the battle zone tapped.
*Whenever one of your creatures that has ""silent skill"" would be destroyed, put it into your hand instead.","■ Your creatures that have ""silent skill"" are put into the battle zone tapped.
■ Whenever one of your creatures that has ""silent skill"" would be destroyed, put it into your hand instead."
1115,1581,card_text,「お主等の秘められた力、見せてみよ！」－サイレント・マジシャン,Now has the time come for you all to show me your inner strength!　--Silent Magician,
1116,1582,card_text,マーフォーク,マーフォーク,Merfolk
1117,1583,card_text,パルタン,Paltan,Zaltan
1118,1584,card_text,＊自分のサイバー・ウイルスをバトルゾーンに出した時、自分の手札を２枚まで捨ててもよい。捨てたカード１枚につきクリーチャーを１体バトルゾーンから選び、持ち主の手札に戻す。,"*Whenever you put a Cyber Virus into the battle zone, you may discard up to 2 cards from your hand. For each card you discarded, choose a creature in the battle zone and return it to its owner's hand.","■ Whenever you put a Cyber Virus into the battle zone, you may discard up to 2 cards from your hand. For each card you discard, choose a creature in the battle zone and return it to its owner's hand."
1119,1585,card_text,月面から届いた報告書を読むと、サイバーロードは一人思索の遊泳に出た。,"Upon receiving the report from the moon's surface, the cyberlords immediately swam out on journeys of quiet introspection.",
1120,1586,card_text,サイバーロード,サイバーロード,Cyber Lord
1121,1587,card_text,トリック・クラッカー,Trick Cracker,Charge Whipper
1122,1588,card_text,"＊サイレントスキル（自分のターンのはじめに、このクリーチャーがタップされていたら、アンタップするかわりに次のi 能力を使ってもよい）
i 自分の手札を１枚選び、裏向きにして自分のシールドに加えてもよい。そうした場合、自分のシールドを１枚選び、自分の手札に加える。（その「Ｓ・トリガー」能力は使えない）","*Silent Skill (At the start of your turn, if this creature is tapped, you may keep it tapped and use its i ability.)
i You may add a card from your hand to your shields face down. If you do, choose one of your shields and put it into your hand. You can't use the ""shield trigger"" ability of that shield.","■ Silent skill (At the start of each of your turns, if this creature is tapped, you may keep it tapped and use its silent skill ability.)
  You may add a card from your hand to your shields face down. If you do, choose one of your shields and put it into your hand. You can't use the ""shield trigger"" ability of that shield."
1123,1589,card_text,サイバー・ウイルス,サイバー・ウイルス,Cyber Virus
1124,1590,card_text,転生プログラム,Metamorph Program,Transmogrify
1125,1591,card_text,"{ST}S・トリガー
＊クリーチャーを１体選び、破壊する。そうした場合、そのクリーチャーの持ち主は、自分自身の山札の上から進化クリーチャーでないクリーチャーが出るまでカードを表向きにする。そのプレイヤーは、出たクリーチャーをバトルゾーンに出し、表向きにしたそれ以外のカードを持ち主の墓地に置く。","{ST} Shield trigger
*Choose a creature and destroy it. If you do, its owner reveals cards from the top of his deck until he reveals a non-Evolution creature. He puts that creature into the battle zone and puts the rest of the cards into his graveyard.","■ Shield trigger (When this card is put into your hand from your shield zone, you may play it immediately for no cost.)
■ You may destroy a creature. If you do, its owner reveals cards from the top of his deck until he reveals a non-evolution creature. He puts that creature into the battle zone and puts the rest of those cards into his graveyard."
1126,1592,card_text,邪悪の魔黒デビル・マーシャル,"Devil Marshal, the Infernal","Zero Nemesis, Shadow of Panic"
1127,1593,card_text,"＊進化-自分のゴースト1体の上に置く。
＊W・ブレイカー
＊自分のクリーチャーが攻撃する時、相手の手札を1枚見ないで選び、捨てさせる。","*Evolution-Put on one of your Ghosts.
*Double breaker (This creature breaks 2 shields.)
*Whenever any of your creatures attacks, your opponent discards a card at random from his hand.","■ Evolution-Put on one of your Ghosts.
■ Whenever one of your creatures attacks, your opponent discards a card at random from their hand.
■ Double breaker (This creature breaks 2 shields.)"
1128,1594,card_text,半端な攻撃は、倍する抵抗を産むだけじゃ。- デビル・マーシャルの戦術書から抜粋,Anything less than an overwhelming attack only breeds further resistance. -From Devil Marshal's 'Tactics',
1129,1595,card_text,ゴースト,ゴースト,Ghost
1130,1596,card_text,妖舞皇女ユリア,"Yulia, the Entrancer","Uliya, the Entrancer"
1131,1597,card_text,＊このクリーチャーをバトルゾーンに出した時、自分のシールドを1枚選び、自分の手札に加える。（その「Ｓ・トリガー」を使ってもよい）,"*When you put this creature into the battle zone, choose one of your shields and put it into your hand. (You can use the ""shield trigger"" ability of that shield.)","■ When you put this creature into the battle zone, choose one of your shields and put it into your hand. (You can use the ""shield trigger"" ability of that shield.)"
1132,1598,card_text,「君のために歌おう」と言ったばかりに、生きているのが不思議なぐらいジョーはひどい目にあった。,"Just because he said ""Let me sing for you"", Joe received a horrible torture.",
1133,1599,card_text,ダークロード,ダークロード,Dark Lord
1134,1600,card_text,ギガンデュラ,Gigandura,Gigandura
1135,1601,card_text,＊このクリーチャーをバトルゾーンに出した時、相手の手札を見る。その中から1枚選び、持ち主のマナゾーンに置いてもよい。そうした場合、相手のマナゾーンからカードを1枚選び、持ち主の手札に戻す。,"*When you put this creature into the battle zone, look at your opponent's hand. You may choose a card in it and put it into his mana zone. If you do, choose a card in his mana zone and put it into his hand.","■ When you put this creature into the battle zone, look at your opponent's hand. You may choose a card in it and put it into his mana zone. If you do, choose a card in his mana zone and put it into his hand."
1136,1602,card_text,不健全な肉体の攻撃が、異質な効果を引き起こす。,"It is able to pass the imperfections in its own body onto others--unfortunately, most beings cannot survive the process.",
1137,1603,card_text,キマイラ,キマイラ,Chimera
1138,1604,card_text,困惑の影トラブル・アルケミスト,"Trouble Alchemist, Shadow of Confusion","Spark Chemist, Shadow of Whim"
1139,1605,card_text,＊このクリーチャーをバトルゾーンに出した時、自分のマナゾーンにあるカードをすべて自分の手札に戻す。,"*When you put this creature into the battle zone, return all cards from your mana zone to your hand.","■ When you put this creature into the battle zone, return all the cards from your mana zone to your hand."
1140,1606,card_text,「また、やってもうた。」- 困惑の影トラブル・アルケミスト,Whoops--I did it again.--Trouble Alchemist,
1141,1607,card_text,ゴースト,ゴースト,Ghost
1142,1608,card_text,魔天降臨,Upheaval,Upheaval
1143,1609,card_text,"{ST}S・トリガー（この呪文をシールドゾーンから手札に加える時、コストを支払わずにすぐ唱えてもよい）　　　
＊各プレイヤーは自分自身のマナゾーンにあるカードをすべてそれぞれの手札に戻し、同時に、自分自身の手札をすべてタップしてそれぞれのマナゾーンに置く。","{ST} Shield trigger (When this spell is put into your hand from your shield zone, you may cast it immediately for no cost.)
*Each player puts all cards from his mana zone into his hand and, at the same time, puts all cards from his hand into his mana zone tapped.","■ Shield trigger (When this card is put into your hand from your shield zone, you may play it immediately for no cost.)
■ Each player puts all the cards from his mana zone into his hand and, at the same time, puts all the cards from his hand into his mana zone tapped."
1144,1610,card_text,機神装甲ガンダヴァル,Armored Cannon Gandaval,Armored Raider Gandaval
1145,1611,card_text,"＊進化-自分のヒューマノイド１体の上に置く。　　
＊攻撃中、このクリーチャーのパワーは、バトルゾーンにある自分の他のタップされているクリーチャー１体につき+2000される。
＊W・ブレイカー","*Evolution-Put on one of your Humans.
*While attacking, this creature gets +2000 power for each of your other tapped creatures in the battle zone.
*Double breaker","■ Evolution-Put on one of your Humans.
■ While attacking, this creature gets +2000 power for each of your other tapped creatures in the battle zone.
■ Double breaker (This creature breaks 2 shields.)"
1146,1612,card_text,「とりゃー！　七万発くらいやがれ！」- 機神装甲ガンダヴァル,"Ha ha! Think you can stand up to my rocket punch, eh? Take that !--Gandaval",
1147,1613,card_text,ヒューマノイド,ヒューマノイド,Human
1148,1614,card_text,テンペストザウルス,Tempestsaurus,Hurlosaur
1149,1615,card_text,"＊S・トリガー（このクリーチャーをシールドゾーンから手札に加える時、コストを支払わずにすぐ召喚してもよい）　　　　
＊このクリーチャーをバトルゾーンに出した時、パワー1000以下の相手のクリーチャーを１体破壊する。","{ST} Shield trigger (When this creature is put into your hand from your shield zone, you may summon it immediately for no cost.)
*When you put this creature into the battle zone, destroy one of your opponent's creatures that has power 1000 or less.","■ Shield trigger (When this card is put into your hand from your shield zone, you may play it immediately for no cost.)
■ When you put this creature into the battle zone, destroy one of your opponent's creatures that has power 1000 or less."
1150,1616,card_text,予想外の出現に、水の民はただ逃げまどうばかりだった。,"Unprepared for the beast's savage assault, all the water residents could do was flee before it.",
1151,1617,card_text,ロック・ビースト,ロック・ビースト,Rock Beast
1152,1618,card_text,バーンメルト・リザード,Burnmelt Lizard,Burnwisp Lizard
1153,1619,card_text,＊バトルゾーンにある自分の「サイレントスキル」を持つクリーチャーは、「スピードアタッカー」を得る。（「スピードアタッカー」を持つクリーチャーは召喚酔いしない）,"*Each of your creatures in the battle zone that has ""silent skill"" has ""speed attacker."" (A creature that has ""speed attacker"" doesn't get summoning sickness.)","■ Each of your creatures in the battle zone that has ""silent skill"" has ""speed attacker."" (A creature that has ""speed attacker"" doesn't get summoning sickness.)"
1154,1620,card_text,「灼熱の中で鍛えてきた、秘伝の技を見せてやるヒィー！」- バーンメルト・リザード,Only those who survive the Test of Fire can learn how to do this! --Burnmelt Lizard,
1155,1621,card_text,メルト・ウォリアー,メルト・ウォリアー,Melt Warrior
1156,1622,card_text,マインロード・ワイバーン,Minelord Wyvern,Minelord Skyterror
1157,1623,card_text,"＊サイレントスキル（自分のターンのはじめに、このクリーチャーがタップされていたら、アンタップするかわりに次のi能力を使ってもよい）
i パワー3000以下のクリーチャーをすべて破壊する。","*Silent Skill (At the start of your turn, if this creature is tapped, you may keep it tapped and use its i ability.)
i Destroy all creatures that have power 3000 or less.","■ Silent skill (At the start of each of your turns, if this creature is tapped, you may keep it tapped and use its silent skill ability.)
  Destroy all creatures that have power 3000 or less."
1158,1624,card_text,狙われたら、素早く祈れ。残された時はわずか。,"If it should turn its gaze toward you, pray. That won't save you, but it may give you some peace of mind.",
1159,1625,card_text,アーマード・ワイバーン,アーマード・ワイバーン,Armored Wyvern
1160,1626,card_text,砕神兵ガッツンダー,Smash Trooper Gatsundar,Smash Warrior Stagrandu
1161,1627,card_text,"＊このクリーチャーは、タップされていないクリーチャーを攻撃できる。　　
＊このクリーチャーがパワー6000以上のクリーチャーを攻撃する時、そのターンの終わりまで、このクリーチャーのパワーは+9000される。","*This creature can attack untapped creatures.
*Whenever this creature attacks a creature that has power 6000 or more, this creature gets +9000 power until the end of the turn.","■ This creature can attack untapped creatures.
■ Whenever this creature attacks a creature that has power 6000 or more, this creature gets +9000 power until the end of the turn."
1162,1628,card_text,「オマエダカラコソ、ホンキデイクゼ」- 砕神兵ガッツンダー,"You're a big one, aren't you? Guess I won't have to hold back.　--Smash trooper Gatsundar",
1163,1629,card_text,アーマロイド,アーマロイド,Armorloid
1164,1630,card_text,大勇者「鎖風車」,Chain Storm,"Earth Ripper, Talon of Rage"
1165,1631,card_text,"＊進化-自分のビーストフォーク1体の上に置く。
＊W・ブレイカー
＊このクリーチャーをバトルゾーンに出した時、自分のマナゾーンでタップされているカードをすべて自分の手札に戻す。","*Evolution-Put on one of your Beast Folk.
*Double breaker
*When you put this creature into the battle zone, return all tapped cards from your mana zone to your hand.","■ Evolution-Put on one of your Beast Folk.
■ When you put this creature into the battle zone, return all tapped cards from your mana zone to your hand.
■ Double breaker (This creature breaks 2 shields.)"
1166,1632,card_text,大地と共に激怒する！,Its rage resonates with that of the earth's.,
1167,1633,card_text,ビーストフォーク,ビーストフォーク,Beast Folk
1168,1634,card_text,緑神龍クスダルフ,Green Celestial Dragon Cusdalf,Terradragon Cusdalf
1169,1635,card_text,"＊W・ブレイカー
＊パワーアタッカー+4000（攻撃中、このクリーチャーのパワーは+4000される）
＊自分のターンのはじめに、自分のマナゾーンにあるカードをアンタップできない。","*Double breaker
*Power attacker +4000 (While attacking, this creature gets +4000 power.)
*At the start of each of your turns, you can't untap the cards in your mana zone.","■ Power attacker +4000 (While attacking, this creature gets +4000 power.)
■ Double breaker (This creature breaks 2 shields.)
■ You can't untap the cards in your mana zone at the start of each of your turns."
1170,1636,card_text,圧倒的過ぎる龍の力が、自然の法則すらも封じ込めた。,Its barely contained power breaks every constraint of nature.,
1171,1637,card_text,アース・ドラゴン,アース・ドラゴン,Earth Dragon
1172,1638,card_text,エコロバルーン・ビートル,Ecoballoon Beetle,Bubble Scarab
1173,1639,card_text,＊自分のクリーチャーが攻撃された時、自分の手札を１枚捨ててもよい。そうした場合、そのターンの終わりまで、そのクリーチャーのパワーは+3000される。,"*Whenever one of your creatures is attacked, you may discard a card from your hand. If you do, that creature gets +3000 power until the end of the turn.","■ Whenever one of your creatures is attacked, you may discard a card from your hand. If you do, that creature gets +3000 power until the end of the turn."
1174,1640,card_text,気分がいいと、味方の危険を感じ取る。,"hen happy, it can sense its companions' need for aid.",
1175,1641,card_text,ジャイアント・インセクト,ジャイアント・インセクト,Giant Insect
1176,1642,card_text,シャーマン・ブロッコリー,Shaman Broccoli,Shaman Broccoli
1177,1643,card_text,＊このクリーチャーが破壊される時、墓地に置くかわりに自分のマナゾーンに置く。,"*When this creature would be destroyed, put it into your mana zone instead.","■ When this creature would be destroyed, put it into your mana zone instead."
1178,1644,card_text,ほらほら動け。やれ動け。死ぬなら死んだで大地の肥やし。,"Keep working. Don't worry about dying, either--you'll just help make the next generation grow.",
1179,1645,card_text,ワイルド・ベジーズ,ワイルド・ベジーズ,Wild Veggies
1180,1646,card_text,母なる大地,Mother Earth,Soulswap
1181,1647,card_text,"{ST}S・トリガー
＊バトルゾーンにあるクリーチャーを１体選び、持ち主のマナゾーンに置いてもよい。そうした場合、そのマナゾーンにあるカードの枚数とコストが同じかそれ以下のクリーチャーを１体、そのマナゾーンから選ぶ。そのプレイヤーはそのクリーチャーをバトルゾーンに出す。ただし、進化クリーチャーを選ぶことはできない。  ","{ST} Shield trigger (When this spell is put into your hand from your shield zone, you may cast it immediately for no cost.)
*You may choose a creature in the battle zone and put it into its owner's mana zone. If you do, choose a non-Evolution creature in that player's mana zone that costs the same as or less than the number of cards in that mana zone. That player puts that creature into the battle zone.","■ Shield trigger (When this card is put into your hand from your shield zone, you may play it immediately for no cost.)
■ You may choose a creature in the battle zone and put it into its owner's mana zone. If you do, choose a non-evolution creature in that player's mana zone that costs the same as or less than the number of cards in that mana zone. That player puts that creature into the battle zone."
1182,1648,card_text,アクア・リバイバー,Aqua Revivor,Aqua Skydiver
1183,1649,card_text,"{B}ブロッカー
{ST}S・トリガー
＊マナゾーンに置く時、このカードはタップして置く。
＊このクリーチャーが破壊される時、墓地に置くかわりに自分の手札に戻す。","{B} Blocker
{ST} Shield trigger (When this creature is put into your hand from your shield zone, you may summon it immediately for no cost.)
*(This creature is put into your mana zone tapped.)
*When this creature would be destroyed, return it to your hand instead.","■ Shield trigger (When this card is put into your hand from your shield zone, you may play it immediately for no cost.)
■ Blocker (Whenever an opponent's creature attacks, you may tap this creature to stop the attack. Then the 2 creatures battle.)
■ (This creature is put into your mana zone tapped.)
■ When this creature would be destroyed, return it to your hand instead."
1184,1650,card_text,真の勇者は負けても死なず。,"The truly brave warriors fear not death, knowing it is but another battle to be won.","A true hero does not die, even in defeat."
1185,1651,card_text,リキッド・ピープル,リキッド・ピープル,Liquid People
1186,1652,card_text,冷徹のソーダライト,"Soderlight, the Cold Blade","Soderlight, the Cold Blade"
1187,1653,card_text,"＊マナゾーンに置く時、このカードはタップして置く。
＊このクリーチャーはブロックされない。
＊サイレントスキル（自分のターンのはじめに、このクリーチャーがタップされていたら、アンタップするかわりに次のi 能力を使ってもよい）
i 相手は自分自身のクリーチャーを１体選び、破壊する。","*(This creature is put into your mana zone tapped.)
*This creature can't be blocked.
*Silent Skill (At the start of your turn, if this creature is tapped, you may keep it tapped and use its i ability.)
i Your opponent chooses and destroys one of his creatures.","■ (This creature is put into your mana zone tapped.)
■ This creature can't be blocked.
■ Silent skill (At the start of each of your turns, if this creature is tapped, you may keep it tapped and use its silent skill ability.)
  Your opponent chooses one of his creatures and destroys it."
1188,1654,card_text,スピリット・クォーツ,スピリット・クォーツ,Spirit Quartz
1189,1655,card_text,腐敗勇騎ドルマークス,"Dolmarks, the defiled brave knight","Dolmarks, the Shadow Warrior"
1190,1656,card_text,"＊マナゾーンに置く時、このカードはタップして置く。
＊このクリーチャーをバトルゾーンに出した時、バトルゾーンにある自分のクリーチャー１体と、自分のマナゾーンからカードを１枚選び、自分の墓地に置く。その後、相手はバトルゾーンにある自分自身のクリーチャー１体と、自分自身のマナゾーンからカードを１枚選び、持ち主の墓地に置く。","*(This creature is put into your mana zone tapped.)
*When you put this creature into the battle zone, put one of your creatures from the battle zone and a card from your mana zone into your graveyard. Then your opponent chooses one of his creatures in the battle zone and a card in his mana zone and puts them into his graveyard.","■ (This creature is put into your mana zone tapped.)
■ When you put this creature into the battle zone, destroy one of your creatures and put a card from your mana zone into your graveyard. Then your opponent chooses and destroys one of his creatures and chooses a card in his mana zone and puts it into his graveyard."
1191,1657,card_text,ゴースト/ヒューマノイド,ゴースト/ヒューマノイド,Ghost/Human
1192,1658,card_text,反発のタグタップ,"Tagtapp, the Retaliator","Tagtapp, the Retaliator"
1193,1659,card_text,"＊マナゾーンに置く時、このカードはタップして置く。
＊このクリーチャーのパワーは、相手のマナゾーンにある水のカード1枚につき+1000される。
＊このクリーチャーは、パワーが6000以上の時、「Ｗ・ブレイカー」を得る。","*(This creature is put into your mana zone tapped.)
*This creature gets +1000 power for each water card in your opponent's mana zone.
*While this creature has power 6000 or more, it has ""Double breaker (This creature breaks 2 shields).""","■ (This creature is put into your mana zone tapped.)
■ This creature gets +1000 power for each water card in your opponent's mana zone.
■ While this creature has power 6000 or more, it has ""Double breaker (This creature breaks 2 shields)."""
1194,1660,card_text,水を得るのは魚の専売特許じゃない。,Fish are not the only things that can be at home in the water.,
1195,1661,card_text,スピリット・クォーツ,スピリット・クォーツ,Spirit Quartz
1196,1662,card_text,霊峰の守護者ルキア・レックス,"Lukia Lex, Guardian of the Sacred Peak","Lukia Lex, Pinnacle Guardian"
1197,1663,card_text,"＊マナゾーンに置く時、このカードはタップして置く。
＊パワーアタッカー+3000（攻撃中、このクリーチャーのパワーは+3000される）
＊自分のターンの終わりに、このクリーチャーをアンタップしてもよい。","*(This creature is put into your mana zone tapped.)
*Power attacker +3000 (While attacking, this creature gets +3000 power.)
*At the end of each of your turns, you may untap this creature.","■ (This creature is put into your mana zone tapped.)
■ Power attacker +3000 (While attacking, this creature gets +3000 power.)
■ At the end of each of your turns, you may untap this creature."
1198,1664,card_text,夢見の門から流れる風が、戦闘の傷跡を癒やした。,The wind breathing from the Gate of Dreams washes away all remnants of battle.,
1199,1665,card_text,ガーディアン,ガーディアン,Guardian
1200,1666,card_text,光器ベロチカ,"Berochika, Chaneller of Light","Berochika, Channeler of Suns"
1201,1667,card_text,＊このクリーチャーをバトルゾーンに出した時、自分のシールドが５枚以上あれば、自分の山札の上から１枚目を裏向きのまま自分のシールドに加える。,"*When you put this creature into the battle zone, if you have 5 or more shields, add the top card of your deck to your shields face down.","■ When you put this creature into the battle zone, if you have 5 or more shields, add the top card of your deck to your shields face down."
1202,1668,card_text,大空の主であるはずの龍が、身動き一つ出来なかった。,The dragons quickly learned that there were new masters of the sky.,
1203,1669,card_text,メカ・デル・ソル,メカ・デル・ソル,Mecha Del Sol
1204,1670,card_text,粛清者ブルグラフ,"Bulgluf, the Purifier","Bulgluf, the Spydroid"
1205,1671,card_text,"＊サイレントスキル（自分のターンのはじめに、このクリーチャーがタップされていたら、アンタップするかわりに次のi 能力を使ってもよい）
i 自分の山札の上から1枚目を、裏向きのまま自分のシールドに加える。","*Silent Skill (At the start of your turn, if this creature is tapped, you may keep it tapped and use its i ability.)
i Add the top card of your deck to your shields face down.","■ Silent skill (At the start of each of your turns, if this creature is tapped, you may keep it tapped and use its silent skill ability.)
  Add the top card of your deck to your shields face down."
1206,1672,card_text,気づかれないことが完全防御への第一歩だ。,The best defense is not being seen at all.,
1207,1673,card_text,ソルトルーパー,ソルトルーパー,Soltrooper
1208,1674,card_text,祝福の伝道師クレアル,"Clearl, Evangelist of Grace","Clearlo, Grace Enforcer"
1209,1675,card_text,＊このクリーチャーのパワーは、バトルゾーンにある自分の他のタップされていないクリーチャー１体につき+1000される。,*This creature gets +1000 power for each of your other untapped creatures in the battle zone.,■ This creature gets +1000 power for each of your other untapped creatures in the battle zone.
1210,1676,card_text,どんな素晴らしい祝福の歌も、小さな声では人の心に届かない。,"No matter how beautiful the song, it cannot reach people's hearts if sung softly.",
1211,1677,card_text,バーサーカー,バーサーカー,Berserker
1212,1678,card_text,ルナ・ウイング,Luna Wing,Pinpoint Lunatron
1213,1679,card_text,"＊サイレントスキル（自分のターンのはじめに、このクリーチャーがタップされていたら、アンタップするかわりに次のi能力を使ってもよい）
i バトルゾーンか、どちらかのプレイヤーのマナゾーンからカードを１枚選び、持ち主の手札に戻す。","*Silent Skill (At the start of your turn, if this creature is tapped, you may keep it tapped and use its i ability.)
i Choose a card in the battle zone or either player's mana zone and return it to its owner's hand.","■ Silent skill (At the start of each of your turns, if this creature is tapped, you may keep it tapped and use its silent skill ability.)
  Choose a creature in the battle zone or a card in either player's mana zone and return it to its owner's hand."
1214,1680,card_text,遙かな時を沈黙していた月が、サイバーロードの手によって動き始めた。,"Quiescent for eons, the moon has been awoken by the cyberlords.",
1215,1681,card_text,サイバー・ムーン,サイバー・ムーン,Cyber Moon
1216,1682,card_text,ハーミット・フィッシュ,Hermit Fish,Buoyant Blowfish
1217,1683,card_text,＊このクリーチャーのパワーは、相手のマナゾーンでタップされているカード１枚につき+1000される。,*This creature gets +1000 power for each tapped card in your opponent's mana zone.,■ This creature gets +1000 power for each tapped card in your opponent's mana zone.
1218,1684,card_text,幾つも伸びた突起物は、マナを感じ取るセンサーだ。大きな動きを感じると威嚇のために体を膨張させる。,"Its numerous spines are mana sensors. When it senses movement, it puffs up to frighten away enemies.",
1219,1685,card_text,ゲル・フィッシュ,ゲル・フィッシュ,Gel Fish
1220,1686,card_text,ルナ・イーグル,Luna Eagle,Ardent Lunatron
1221,1687,card_text,"{B}ブロッカー　　
＊このクリーチャーは攻撃することができない。　
＊相手のクリーチャーが攻撃する時、このクリーチャーは可能であればブロックする。","{B} Blocker
*This creature can't attack.
*Whenever an opponent's creature attacks, this creature blocks if able.","■ Blocker (Whenever an opponent's creature attacks, you may tap this creature to stop the attack. Then the 2 creatures battle.)
■ Whenever an opponent's creature attacks, this creature blocks if able.
■ This creature can't attack."
1222,1688,card_text,サイバー・ムーン,サイバー・ムーン,Cyber Moon
1223,1689,card_text,セイレーン・コンチェルト,Siren Concerto,Siren Concerto
1224,1690,card_text,"{ST}S・トリガー（この呪文をシールドゾーンから手札に加える時、コストを支払わずにすぐ唱えてもよい）　
＊自分のマナゾーンからカードを１枚、自分の手札に戻す。その後、自分の手札を１枚、自分のマナゾーンに置く。","{ST} Shield trigger (When this spell is put into your hand from your shield zone, you may cast it immediately for no cost.)
*Put a card from your mana zone into your hand. Then put a card from your hand into your mana zone.","■ Shield trigger (When this card is put into your hand from your shield zone, you may play it immediately for no cost.)
■ Put a card from your mana zone into your hand. Then put a card from your hand into your mana zone."
1225,1691,card_text,甘く透き通る歌声は、海を越え大地を震わせた。,Their sweet voices float gently above the water to shake the foundations of the earth.,
1226,1692,card_text,衰弱秘宝デッドリーン,"Dedreen, the Hidden Corrupter","Dedreen, the Hidden Corrupter"
1227,1693,card_text,＊このクリーチャーをバトルゾーンに出した時、相手のシールドが3枚以下であれば、相手の手札を1枚見ないで選び、捨てさせる。,"*When you put this creature into the battle zone, if your opponent has 3 or fewer shields, he discards a card at random from his hand.","■ When you put this creature into the battle zone, if your opponent has 3 or fewer shields, he discards a card at random from his hand."
1228,1694,card_text,思慮無き冒険者は、探し求めていた箱の中味に早変わり。,Those who would mindlessly plunder the contents of the boxes quickly join them.,
1229,1695,card_text,パンドラボックス,パンドラボックス,Pandora's Box
1230,1696,card_text,ポゼスト・マフラー,Possessed Muffler,Spinal Parasite
1231,1697,card_text,＊相手のターンのはじめに、相手はバトルゾーンにある自分自身の攻撃できるクリーチャーを1体選ぶ。そのクリーチャーは、可能であればそのターン攻撃する。,"*At the start of each of your opponent's turns, he chooses one of his creatures in the battle zone that can attack. That creature attacks that turn if able.","■ At the start of each of your opponent's turns, he chooses one of his creatures in the battle zone that can attack. That creature attacks that turn if able."
1232,1698,card_text,闇はいつでも貴方の側に…,Pray that the darkness always remains your ally... ,
1233,1699,card_text,ブレインジャッカー,ブレインジャッカー,Brain Jacker
1234,1700,card_text,ギガメンテ,Gigamente,Gigamente
1235,1701,card_text,"＊サイレントスキル（自分のターンのはじめに、このクリーチャーがタップされていたら、アンタップするかわりに次のi 能力を使ってもよい）
i 自分の墓地からクリーチャーを１体、自分の手札に戻す。","*Silent Skill (At the start of your turn, if this creature is tapped, you may keep it tapped and use its i ability.)
i Return a creature from your graveyard to your hand.","■ Silent skill (At the start of each of your turns, if this creature is tapped, you may keep it tapped and use its silent skill ability.)
  Return a creature from your graveyard to your hand."
1236,1702,card_text,つぎはぎの患者は、良い医者になる素質を持っている。,Patients who have been sown together make the best doctors.,
1237,1703,card_text,キマイラ,キマイラ,Chimera
1238,1704,card_text,死劇人形ピエール,"Pierr, Death Head Doll","Pierr, Psycho Doll"
1239,1705,card_text,"{B}ブロッカー　
＊このクリーチャーは攻撃することができない。
＊相手のクリーチャーが攻撃する時、このクリーチャーは可能であればブロックする。
＊スレイヤー（このクリーチャーがバトルする時、バトルの後、相手クリーチャーを破壊する）","{B} Blocker
*This creature can't attack.
*Whenever an opponent's creature attacks, this creature blocks if able.
*Slayer (Whenever this creature battles, destroy the other creature after the battle.)","■ Blocker (Whenever an opponent's creature attacks, you may tap this creature to stop the attack. Then the 2 creatures battle.)
■ Whenever an opponent's creature attacks, this creature blocks if able.
■ This creature can't attack.
■ Slayer (Whenever this creature battles, destroy the other creature after the battle.)"
1240,1706,card_text,デスパペット,デスパペット,Death Puppet
1241,1707,card_text,バトルトラップ・ワイバーン,Battle trap Wyvern,Taunting Skyterror
1242,1708,card_text,＊相手のターン中、このクリーチャーがタップされていたら、相手のクリーチャーはすべて、可能なら攻撃する。,"*While this creature is tapped during your opponent's turn, all your opponent's creatures attack if able.","■ While this creature is tapped during your opponent's turn, each of his creatures attacks if able."
1243,1709,card_text,左の頬を殴られたら、右の拳でお返しだ。,"Receiving a punch on my left cheek, returning a punch with my left fist.",
1244,1710,card_text,アーマード・ワイバーン,アーマード・ワイバーン,Armored Wyvern
1245,1711,card_text,爆神兵ザルメス,Explosive Trooper Zalmez,Explosive Trooper Zalmez
1246,1712,card_text,＊このクリーチャーをバトルゾーンに出した時、相手のシールドが２枚以下であれば、パワー3000以下の相手のクリーチャーを１体破壊してもよい。,"*When you put this creature into the battle zone, if your opponent has 2 or fewer shields, you may destroy one of your opponent's creatures that has power 3000 or less.","■ When you put this creature into the battle zone, if your opponent has 2 or fewer shields, you may destroy one of your opponent's creatures that has power 3000 or less."
1247,1713,card_text,「泣きっ面にザルメス。」- 暴走番長ギャラン,"There's things in the world worse than Zalmez. Can't think of many, though. --Wild Racer Chief Garan",
1248,1714,card_text,アーマロイド,アーマロイド,Armorloid
1249,1715,card_text,ボーグのリボルバー,Borg's Revolver,Vorg's Engine
1250,1716,card_text,"＊サイレントスキル（自分のターンのはじめに、このクリーチャーがタップされていたら、アンタップするかわりに次のi 能力を使ってもよい）
i パワー2000以下のクリーチャーをすべて破壊する。","*Silent Skill (At the start of your turn, if this creature is tapped, you may keep it tapped and use its i ability.)
i Destroy all creatures that have power 2000 or less.","■ Silent skill (At the start of each of your turns, if this creature is tapped, you may keep it tapped and use its silent skill ability.)
  Destroy all creatures that have power 2000 or less."
1251,1717,card_text,命を燃やした必殺ショット！,"All the soul's energy, concentrated into one fatal shot!",
1252,1718,card_text,ゼノパーツ,ゼノパーツ,Xenoparts
1253,1719,card_text,スクランブル・ブースター,Scramble Booster,Supersonic Jet Pack
1254,1720,card_text,＊バトルゾーンにある自分のクリーチャー1体は、このターンの終わりまで「スピードアタッカー」を得る。（「スピードアタッカー」を持つクリーチャーは召喚酔いしない）,"*One of your creatures in the battle zone gets ""speed attacker"" until the end of the turn. (A creature that has ""speed attacker"" doesn't get summoning sickness.)","■ One of your creatures in the battle zone gets ""speed attacker"" until the end of the turn. (It doesn't get summoning sickness.)"
1255,1721,card_text,ぶっ飛べ！,Take off!,
1256,1722,card_text,襲撃するサベージ・ホーン,"Savage Horn, the Aggressor","Twitch Horn, the Aggressor"
1257,1723,card_text,＊攻撃中、このクリーチャーのパワーは、自分のマナゾーンでタップされているカード１枚につき+2000される。,"*While attacking, this creature gets +2000 power for each tapped card in your mana zone.","■ While attacking, this creature gets +2000 power for each tapped card in your mana zone."
1258,1724,card_text,大地を愛する者は、その恵みを受けるだろう。どんな恵みになるかは、愛し方次第だ。,Those who love the earth shall be blessed by her. What form that blessing takes depends on the individual.,
1259,1725,card_text,ホーン・ビースト,ホーン・ビースト,Horned Beast
1260,1726,card_text,賢察するエンシェント・ホーン,"Ancient Horn, the Watcher","Ancient Horn, the Watcher"
1261,1727,card_text,＊このクリーチャーをバトルゾーンに出した時、自分のシールドが５枚以上あれば、自分のマナゾーンのカードをすべてアンタップする。,"*When you put this creature into the battle zone, if you have 5 or more shields, untap all cards in your mana zone.","■ When you put this creature into the battle zone, if you have 5 or more shields, untap all the cards in your mana zone."
1262,1728,card_text,月の異常にエンシェント・ホーンは身震いし、仲間を呼び集めた。,"Shaken by the activities on the moon, Ancient Horm called his people to him.",
1263,1729,card_text,ホーン・ビースト,ホーン・ビースト,Horned Beast
1264,1730,card_text,ハナサキエリンギ,Flowering Eringi,Sporeblast Erengi
1265,1731,card_text,"＊サイレントスキル（自分のターンのはじめに、このクリーチャーがタップされていたら、アンタップするかわりに次のi 能力を使ってもよい）
i 自分の山札を見る。その中からクリーチャーを１体選び、相手に見せてから自分の手札に加えてもよい。その後、山札をシャッフルする。","*Silent Skill (At the start of your turn, if this creature is tapped, you may keep it tapped and use its i ability.)
i Search your deck. You may take a creature from your deck, show that creature to your opponent, and put it into your hand. Then shuffle your deck.","■ Silent skill (At the start of each of your turns, if this creature is tapped, you may keep it tapped and use its silent skill ability.)
  Search your deck. You may take a creature from your deck, show that creature to your opponent, and put it into your hand. Then shuffle your deck."
1266,1732,card_text,バルーン・マッシュルーム,バルーン・マッシュルーム,Balloon Mushroom
1267,1733,card_text,マッスル・ポテト,Muscle Potato,Karate Potato
1268,1734,card_text,"＊S・トリガー（このクリーチャーをシールドゾーンから手札に加える時、コストを支払わずにすぐ召喚してよい）　　　
＊このクリーチャーをバトルゾーンに出した時、自分の手札を２枚まで、自分のマナゾーンに加えてもよい。","{ST} Shield trigger (When this creature is put into your hand from your shield zone, you may summon it immediately for no cost.)
*When you put this creature into the battle zone, you may put up to 2 cards from your hand into your mana zone.","■ Shield trigger (When this card is put into your hand from your shield zone, you may play it immediately for no cost.)
■ When you put this creature into the battle zone, you may put up to 2 cards from your hand into your mana zone."
1269,1735,card_text,「くらえ、ポテト流！　ジャーマンポテトホールド!!」- マッスル・ポテト,How can you sneak up on something covered with eyes?,
1270,1736,card_text,ワイルド・ベジーズ,ワイルド・ベジーズ,Wild Veggies
1271,1737,card_text,電脳聖者エストール,"Estol, the Electro-saint","Estol, Vizier of Aqua"
1272,1738,card_text,"＊マナゾーンに置く時、このカードはタップして置く。
＊このクリーチャーをバトルゾーンに出した時、自分の山札の上から１枚目を裏向きのまま自分のシールドに加え、相手のシールドを１枚見てから元の場所に戻す。","*(This creature is put into your mana zone tapped.)
*When you put this creature into the battle zone, add the top card of your deck to your shields face down and look at one of your opponent's shields, then put it back where it was.","■ (This creature is put into your mana zone tapped.)
■ When you put this creature into the battle zone, add the top card of your deck to your shields face down. Then look at one of your opponent's shields."
1273,1739,card_text,「なるほどね。」 -電脳聖者エストール,"It is all clear to me now.　--Estol, the electro-saint",
1274,1740,card_text,イニシエート/リキッド・ピープル,イニシエート/リキッド・ピープル,Initiate/Liquid People
1275,1741,card_text,電脳聖者タージマル,"Tajimal, the Electro-saint","Tajimal, Vizier of Aqua"
1276,1742,card_text,"{B}ブロッカー
＊マナゾーンに置く時、このカードはタップして置く。
＊このクリーチャーは、相手プレイヤーを攻撃できない。
＊火のクリーチャーとバトルする時、このクリーチャーのパワーは+4000される。","{B} Blocker
*(This creature is put into your mana zone tapped.)
*This creature can't attack players.
*While battling a fire creature, this creature gets +4000 power.","■ Blocker (Whenever an opponent's creature attacks, you may tap this creature to stop the attack. Then the 2 creatures battle.)
■ (This creature is put into your mana zone tapped.)
■ This creature can't attack players.
■ While battling a fire creature, this creature gets +4000 power."
1277,1743,card_text,同じ敵と戦う。ただその一点でのみ彼等は仲間となった。,They were accepted only because they fought the same enemy.,"They fought the same enemy. On that point alone, they became allies."
1278,1744,card_text,イニシエート/リキッド・ピープル,イニシエート/リキッド・ピープル,Initiate/Liquid People
1279,1745,card_text,腐敗電脳アクアポインター,"Aqua Pointer, the defiled electrobrain","Pointa, the Aqua Shadow"
1280,1746,card_text,"＊マナゾーンに置く時、このカードはタップして置く。
＊このクリーチャーをバトルゾーンに出した時、相手のシールドを１枚見てそれを元の場所に戻し、相手の手札を１枚見ないで選び、捨てさせる。","*(This creature is put into your mana zone tapped.)
*When you put this creature into the battle zone, you look at one of your opponent's shields, then put it back where it was, and your opponent discards a card at random from his hand.","■ (This creature is put into your mana zone tapped.)
■ When you put this creature into the battle zone, look at one of your opponent's shields. Then your opponent discards a card at random from his hand."
1281,1747,card_text,心の隙間をにやりと笑ってこじ開ける。,The pain of its ripping open the secrets of your mind pales in comparison to its unceasing hideous laughter.,
1282,1748,card_text,リキッド・ピープル/ゴースト,リキッド・ピープル/ゴースト,Liquid People/Ghost
1283,1749,card_text,腐敗電脳メルニア,"Melnia, the Defiled Electrobrain","Melnia, the Aqua Shadow"
1284,1750,card_text,"＊マナゾーンに置く時、このカードはタップして置く。
＊このクリーチャーはブロックされない。
＊スレイヤー（このクリーチャーがバトルする時、バトルの後、相手クリーチャーを破壊する）","*(This creature is put into your mana zone tapped.)
*This creature can't be blocked.
*Slayer (Whenever this creature battles, destroy the other creature after the battle.)","■ (This creature is put into your mana zone tapped.)
■ This creature can't be blocked.
■ Slayer (Whenever this creature battles, destroy the other creature after the battle.)"
1285,1751,card_text,月から訪れた魂を媒介に、奇蹟の結合が実現した。,"The visitation of the spirits from the moon caused unimaginable confluxes of energy, resulting in unimaginable creations.",
1286,1752,card_text,リキッド・ピープル/ゴースト,リキッド・ピープル/ゴースト,Liquid People/Ghost
1287,1753,card_text,腐敗勇騎ガレック,"Galek, the Defiled Brave Knight","Galek, the Shadow Warrior"
1288,1754,card_text,"＊マナゾーンに置く時、このカードはタップして置く。
＊このクリーチャーをバトルゾーンに出した時、「ブロッカー」を持つ相手のクリーチャーを1体選んで破壊し、相手の手札を1枚見ないで選び、捨てさせる。","*(This creature is put into your mana zone tapped.)
*When you put this creature into the battle zone, destroy one of your opponent's creatures that has ""blocker"" and your opponent discards a card at random from his hand.","■ (This creature is put into your mana zone tapped.)
■ When you put this creature into the battle zone, destroy one of your opponent's creatures that has ""blocker."" Then your opponent discards a card at random from his hand."
1289,1755,card_text,ゴースト/ヒューマノイド,ゴースト/ヒューマノイド,Ghost/Human
1290,1756,card_text,不屈のウレックス,"Ulex, the Indefatigable","Ulex, the Dauntless"
1291,1757,card_text,"＊マナゾーンに置く時、このカードはタップして置く。
＊相手はこのクリーチャーをタップできない。","*(This creature is put into your mana zone tapped.)
*Your opponent can't tap this creature.","■ (This creature is put into your mana zone tapped.)
■ Your opponent can't tap this creature."
1292,1758,card_text,月と太陽とドラゴン、3つの相反する力が不思議な生命を生むきっかけとなった。,The diametrically opposed energies of the sun and moon combined somehow with those of the dragons' to create a unique new being.,
1293,1759,card_text,スピリット・クォーツ,スピリット・クォーツ,Spirit Quartz
1294,1760,card_text,無頼勇騎ウインドアックス,"Wind Axe, the Blazing Brave Knight","Wind Axe, the Warrior Savage"
1295,1761,card_text,"＊マナゾーンに置く時、このカードはタップして置く。
＊このクリーチャーをバトルゾーンに出した時、「ブロッカー」を持つ相手のクリーチャーを1体破壊し、自分の山札の上から１枚目を自分のマナゾーンに置く。","*(This creature is put into your mana zone tapped.)
*When you put this creature into the battle zone, destroy one of your opponent's creatures that has ""blocker"" and put the top card of your deck into your mana zone.","■ (This creature is put into your mana zone tapped.)
■ When you put this creature into the battle zone, destroy one of your opponent's creatures that has ""blocker."" Then put the top card of your deck into your mana zone."
1296,1762,card_text,ヒューマノイド/ビーストフォーク,ヒューマノイド/ビーストフォーク,Human/Beast Folk
1297,1763,card_text,無頼勇騎ゴンタ,"Gonta, the blazing brave knight","Gonta, the Warrior Savage"
1298,1764,card_text,＊マナゾーンに置く時、このカードはタップして置く。,*(This creature is put into your mana zone tapped.),■ (This creature is put into your mana zone tapped.)
1299,1765,card_text,森を破壊する者と育む者。利用する者、される者。二つの相反する力の結合は、一人の賢者が考え出した。,It was created by a wise shaman to combine the power of those who would destroy the forest and those who would save it.,
1300,1766,card_text,ヒューマノイド/ビーストフォーク,ヒューマノイド/ビーストフォーク,Human/Beast Folk
1301,1767,card_text,無頼聖者スカイソード,"Skysword, the blazing saint","Skysword, the Savage Vizier"
1302,1768,card_text,"＊マナゾーンに置く時、このカードはタップして置く。
＊このクリーチャーをバトルゾーンに出した時、自分の山札の上から１枚目を自分のマナゾーンに加え、その後さらにもう１枚を裏向きのまま自分のシールドに加える。","*(This creature is put into your mana zone tapped.)
*When you put this creature into the battle zone, put the top card of your deck into your mana zone and then put the top card of your deck into your shield zone face down.","■ (This creature is put into your mana zone tapped.)
■ When you put this creature into the battle zone, put the top card of your deck into your mana zone. Then add the top card of your deck to your shields face down."
1303,1769,card_text,野生の力に聖なる鎧。繰り出す技は最高級！,The wild power of nature enmeshed in holy armor sweeps away all that would oppose it.,
1304,1770,card_text,ビーストフォーク/イニシエート,ビーストフォーク/イニシエート,Beast Folk/Initiate
1305,1771,card_text,無頼聖者サンフィスト,"Sanfist, the blazing saint","Sanfist, the Savage Vizier"
1306,1772,card_text,"{B}ブロッカー　
＊マナゾーンに置く時、このカードはタップして置く。
＊相手のターン中、このクリーチャーが自分の手札から捨てられる時、墓地に置くかわりにバトルゾーンに出してもよい。","{B} Blocker (Whenever an opponent's creature attacks, you may tap this creature to stop the attack. Then the 2 creatures battle.)
*(This creature is put into your mana zone tapped.)
*During your opponent's turn, if this creature would be discarded from your hand, you may put it into the battle zone instead.","■ Blocker (Whenever an opponent's creature attacks, you may tap this creature to stop the attack. Then the 2 creatures battle.)
■ (This creature is put into your mana zone tapped.)
■ When this creature would be discarded from your hand during your opponent's turn, you may put it into the battle zone instead."
1307,1773,card_text,奪ったはずの魂が、現実の肉体と共に闇の僕へ立ち塞がる。,"The servants of the dark lords thought they had stolen its soul, only to find it blocking their way again and again.","The soul they thought they had stolen, reunited with its flesh, stands once more in the path of the servants of darkness."
1308,1774,card_text,ビーストフォーク/イニシエート,ビーストフォーク/イニシエート,Beast Folk/Initiate
1309,1775,card_text,滅罪の使徒レミーラ,"Lemila, Apostle of Penitence","Lemik, Vizier of Thought"
1310,1776,card_text,＊バトルゾーンにある自分の水と自然のクリーチャーは「ブロッカー」を得る。（相手クリーチャーが攻撃する時、「ブロッカー」を持つクリーチャーをタップして、その攻撃を阻止してもよい。その後、その相手クリーチャーとバトルする）　,"*Each of your water and nature creatures in the battle zone has ""blocker."" (Whenever one of your opponent's creatures attacks, you may tap a creature that has ""blocker"" to stop the attack. Then the 2 creatures battle.)","■ Each of your water creatures and nature creatures in the battle zone has ""blocker."" (Whenever one of your opponent's creatures attacks, you may tap a creature that has ""blocker"" to stop the attack. Then the 2 creatures battle.)"
1311,1777,card_text,使徒の灯りは、凄惨な大地を優しく浮き彫りにした。,"A new continent arose, called into being by the apostles' gentle light.",
1312,1778,card_text,イニシエート,イニシエート,Initiate
1313,1779,card_text,粛清者リンダホフ,"Lindahof, the Purifier","Flohdani, the Spydroid"
1314,1780,card_text,"＊サイレントスキル（自分のターンのはじめに、このクリーチャーがタップされていたら、アンタップするかわりに次のi能力を使ってもよい）
i バトルゾーンにある相手のクリーチャーを2体まで選び、タップする。","*Silent Skill (At the start of your turn, if this creature is tapped, you may keep it tapped and use its i ability.)
i Choose up to 2 of your opponent's creatures in the battle zone and tap them.","■ Silent skill (At the start of each of your turns, if this creature is tapped, you may keep it tapped and use its silent skill ability.)
  Choose up to 2 of your opponent's creatures in the battle zone and tap them."
1315,1781,card_text,粛清者は、雲糸で夜空に星座を描き出す。だが、その美しさが心疚しき者に伝わる事は無い。,The purifiers spin threads of light that connect the stars into constellations--but only the pure of heart can see them.,
1316,1782,card_text,ソルトルーパー,ソルトルーパー,Soltrooper
1317,1783,card_text,予言者カエミラ,"Kaemira, the Prophet","Kaemira, the Oracle"
1318,1784,card_text,"＊サイレントスキル（自分のターンのはじめに、このクリーチャーがタップされていたら、アンタップするかわりに次のi能力を使ってもよい）
i 自分の山札の上から1枚目を、裏向きのまま自分のシールドに加える。","*Silent Skill (At the start of your turn, if this creature is tapped, you may keep it tapped and use its i ability.)
i Add the top card of your deck to your shields face down.","■ Silent skill (At the start of each of your turns, if this creature is tapped, you may keep it tapped and use its silent skill ability.)
  Add the top card of your deck to your shields face down."
1319,1785,card_text,予言者の眼は、現実と異なる世界を映し出す。,The eyes of the prophets reflect a world that is yet to be.,
1320,1786,card_text,ライトブリンガー,ライトブリンガー,Light Bringer
1321,1787,card_text,雲海の守護者メッサ・バーナ,"Messa Bahna, Guardian of the Cloudy Expanse","Messa Bahna, Expanse Guardian"
1322,1788,card_text,"{B}ブロッカー
＊このクリーチャーは、相手プレイヤーを攻撃できない。
＊相手のクリーチャーが攻撃する時、このクリーチャーは可能ならブロックする。","{B} Blocker (Whenever an opponent's creature attacks, you may tap this creature to stop the attack. Then the 2 creatures battle.)
*This creature can't attack players.
*Whenever an opponent's creature attacks, this creature blocks if able.","■ Blocker (Whenever an opponent's creature attacks, you may tap this creature to stop the attack. Then the 2 creatures battle.)
■ Whenever an opponent's creature attacks, this creature blocks if able.
■ This creature can't attack players."
1323,1789,card_text,天空の鐘の音は、いつになく危機感に溢れていた。,The Bell of Heaven pealed with a more urgent sound than ever before.,
1324,1790,card_text,ガーディアン,ガーディアン,Guardian
1325,1791,card_text,聖騎士メタルサターン,"Metal Saturn, the holy knight","Ferrosaturn, Spectral Knight"
1326,1792,card_text,"{B}ブロッカー（相手クリーチャーが攻撃する時、このクリーチャーをタップして、その攻撃を阻止してもよい。その後、その相手クリーチャーとバトルする）　　　　　
＊このクリーチャーは、相手プレイヤーを攻撃できない。","{B} Blocker (Whenever an opponent's creature attacks, you may tap this creature to stop the attack. Then the 2 creatures battle.)
*This creature can't attack players.","■ Blocker (Whenever an opponent's creature attacks, you may tap this creature to stop the attack. Then the 2 creatures battle.)
■ This creature can't attack players."
1327,1793,card_text,世界の勢力図は混迷を極めた。さながら、聖騎士メタルサターンが翻すマントの色の如く。,"With the appearance of the new beings, the various battlefronts were thrown into chaos, a panoply of color mirroring Metal Saturn's cloak.",
1328,1794,card_text,レインボー・ファントム,レインボー・ファントム,Rainbow Phantom
1329,1795,card_text,予言者クルト,"Kult, the Prophet","Tulk, the Oracle"
1330,1796,card_text,もっとも弱い者のみが、その奇跡を予言していた。世界は混迷し、憎しみを生み続ける。予言を知っていてさえも、この事態は複雑すぎた。,"It was the weakest among them that predicted the miracle. Still, even those who knew the prophecy were unprepared for the chaos that followed.",
1331,1797,card_text,ライトブリンガー,ライトブリンガー,Light Bringer
1332,1798,card_text,ロジック・キューブ,Logic Cube,Logic Cube
1333,1799,card_text,"{ST}S・トリガー（この呪文をシールドゾーンから手札に加える時、コストを支払わずにすぐ唱えてもよい）　
＊自分の山札を見る。その中から呪文を1枚選んで相手に見せ、自分の手札に加えてもよい。その後、山札をシャッフルする。","{ST} Shield trigger (When this spell is put into your hand from your shield zone, you may cast it immediately for no cost.)
*Search your deck. You may take a spell from your deck, show that spell to your opponent, and put it into your hand. Then shuffle your deck.","■ Shield trigger (When this card is put into your hand from your shield zone, you may play it immediately for no cost.)
■ Search your deck. You may take a spell from your deck, show that spell to your opponent, and put it into your hand. Then shuffle your deck."
1334,1800,card_text,ソーラー・レイ,Solar Ray,Solar Ray
1335,1801,card_text,"{ST}S・トリガー（この呪文をシールドゾーンから手札に加える時、コストを支払わずにすぐ唱えてもよい）　　　　　　　
＊バトルゾーンにある相手のクリーチャーを１体選び、タップする。","{ST} Shield trigger (When this spell is put into your hand from your shield zone, you may cast it immediately for no cost.)
*Choose one of your opponent's creatures in the battle zone and tap it.","■ Shield trigger (When this card is put into your hand from your shield zone, you may play it immediately for no cost.)
■ Choose one of your opponent's creatures in the battle zone and tap it."
1336,1802,card_text,体が動かぬとも出来る事はある。お奨めは最後の懺悔だ。,"Even if you can't move, there's still something you can do--make your peace.",
1337,1803,card_text,エレキチューブ・マンタ,Electric Tube Manta,Fluorogill Manta
1338,1804,card_text,＊自分の光と闇のクリーチャーはブロックされない。,*Your light and darkness creatures can't be blocked.,■ Your light creatures and darkness creatures can't be blocked.
1339,1805,card_text,のんびりとした探検家だけが、隠された裏道を知っている。,The patient explorer finds all the routes to his destination.,
1340,1806,card_text,ゲル・フィッシュ,ゲル・フィッシュ,Gel Fish
1341,1807,card_text,ミルポロ,Milporo,Milporo
1342,1808,card_text,"＊サイレントスキル（自分のターンのはじめに、このクリーチャーがタップされていたら、アンタップするかわりに次のi 能力を使ってもよい）
i カードを１枚引く。","*Silent Skill (At the start of your turn, if this creature is tapped, you may keep it tapped and use its i ability.)
i Draw a card.","■ Silent skill (At the start of each of your turns, if this creature is tapped, you may keep it tapped and use its silent skill ability.)
  Draw a card."
1343,1809,card_text,「まさか月にあれ以外の物が隠されていたなんて。いじりがいがあるね。」- ミルポロ,I never would have imagined there was something else hidden on the moon. That makes playing with it even more fun.　--Milporo,
1344,1810,card_text,サイバーロード,サイバーロード,Cyber Lord
1345,1811,card_text,パールチェーン・バトラー,Pearl Chain Battler,Tide Patroller
1346,1812,card_text,{B}ブロッカー（相手クリーチャーが攻撃する時、このクリーチャーをタップして、その攻撃を阻止してもよい。その後、その相手クリーチャーとバトルする）　,"{B} Blocker (Whenever an opponent's creature attacks, you may tap this creature to stop the attack. Then the 2 creatures battle.)","■ Blocker (Whenever an opponent's creature attacks, you may tap this creature to stop the attack. Then the 2 creatures battle.)"
1347,1813,card_text,マーフォークの王国へ進入した者は、すぐに彼等の暖かい歓迎を受ける。,The merfolk were ready to coldly embrace any who attempted to invade their undersea kingdom.,
1348,1814,card_text,マーフォーク,マーフォーク,Merfolk
1349,1815,card_text,バッテリーヘッド・クラスター,Batteryhead Cluster,Battery Cluster
1350,1816,card_text,"{B}ブロッカー（相手クリーチャーが攻撃する時、このクリーチャーをタップして、その攻撃を阻止してもよい。その後、その相手クリーチャーとバトルする）　　　　　　
＊このクリーチャーは攻撃することができない。","{B} Blocker (Whenever an opponent's creature attacks, you may tap this creature to stop the attack. Then the 2 creatures battle.)
*This creature can't attack.","■ Blocker (Whenever an opponent's creature attacks, you may tap this creature to stop the attack. Then the 2 creatures battle.)
■ This creature can't attack."
1351,1817,card_text,「よしよし、このプログラムはいい感じだね。」- アクアン,This is one of my better programs.　--Aquan,
1352,1818,card_text,サイバー・クラスター,サイバー・クラスター,Cyber Cluster
1353,1819,card_text,トーピード・クラスター,Torpedo Cluster,Torpedo Cluster
1354,1820,card_text,＊このクリーチャーをバトルゾーンに出した時、自分のマナゾーンにあるカードを１枚自分の手札に戻す。,"*When you put this creature into the battle zone, return a card from your mana zone to your hand.","■ When you put this creature into the battle zone, return a card from your mana zone to your hand."
1355,1821,card_text,魚雷の種は、掘った土。,Even the smallest rock can become a missile with enough force behind it.,
1356,1822,card_text,サイバー・クラスター,サイバー・クラスター,Cyber Cluster
1357,1823,card_text,アクア・アナライザー,Aqua Analyzer,Aqua Strummer
1358,1824,card_text,＊このクリーチャーをバトルゾーンに出した時、自分の山札の上から５枚まで見て、好きな順番で山札に戻す。,"*When you put this creature into the battle zone, look at up to 5 cards from the top of your deck and put them back in any order.","■ When you put this creature into the battle zone, look at up to 5 cards from the top of your deck and put them back in any order."
1359,1825,card_text,「もう詰んだかも。」- アクア・アナライザー,I believe that's checkmate?　--Aqua Analyzer,
1360,1826,card_text,リキッド・ピープル,リキッド・ピープル,Liquid People
1361,1827,card_text,スパイラル・ゲート,Spiral Gate,Spiral Gate
1362,1828,card_text,"{ST}S・トリガー（この呪文をシールドゾーンから手札に加える時、コストを支払わずにすぐ唱えてよい）　　　　　　
＊バトルゾーンにあるクリーチャーを1体選び、持ち主の手札に戻す。","{ST} Shield trigger (When this spell is put into your hand from your shield zone, you may cast it immediately for no cost.)
*Choose a creature in the battle zone and return it to its owner's hand.","■ Shield trigger (When this card is put into your hand from your shield zone, you may play it immediately for no cost.)
■ Choose a creature in the battle zone and return it to its owner's hand."
1363,1829,card_text,こっちの水は辛いぜ。ママのミルクで我慢しな。,Come back when you're ready.,
1364,1830,card_text,マインド・サーチ,Mind Search,Recon Operation
1365,1831,card_text,＊相手のシールドを3枚まで見る。その後、そのシールドを元の場所に戻す。,*Look at up to 3 of your opponent's shields. Then put them back where they were.,■ Look at up to 3 of your opponent's shields. Then put them back where they were.
1366,1832,card_text,お見通しだよ。,I can see your future.,
1367,1833,card_text,頭刃怪人グレイブクック,"Gravecook, Master of Blades",Nightmare Invader
1368,1834,card_text,「爆炎野郎ジョーさんよぉ、教えてくれよぉ。ワシの、ワシの包丁はどこじゃああああ？」- 頭刃怪人グレイブクック,"Hey J-j-joe, t-t-tell me, wh-where are m-m-my knives!?　--Gravecook",
1369,1835,card_text,デビルマスク,デビルマスク,Devil Mask
1370,1836,card_text,暴発秘宝ベンゾ,"Benzo, the Hidden Fury","Benzo, the Hidden Fury"
1371,1837,card_text,＊このクリーチャーをバトルゾーンに出した時、自分のシールドを1枚選び、自分の手札に加える。（その「Ｓ・トリガー」を使ってもよい）,"*When you put this creature into the battle zone, choose one of your shields and put it into your hand. (You may use the ""shield trigger"" ability of that shield.)","■ When you put this creature into the battle zone, choose one of your shields and put it into your hand. (You can use the ""shield trigger"" ability of that shield.)"
1372,1838,card_text,パンドラボックスは、覇王ブラック・モナークの戯れから誕生した。,The pandora boxes were originally created to be amusements for the Dark Monarch.,
1373,1839,card_text,パンドラボックス,パンドラボックス,Pandora's Box
1374,1840,card_text,砂男,Sand Man,Hourglass Mutant
1375,1841,card_text,＊バトルゾーンにある自分の水と火のクリーチャーは「スレイヤー」を得る。（「スレイヤー」を持つクリーチャーがバトルする時、バトルの後、相手クリーチャーを破壊する）,"*Each of your water and fire creatures in the battle zone has ""slayer."" (Whenever a creature that has ""slayer"" battles, destroy the other creature after the battle).","■ Each of your water creatures and fire creatures in the battle zone has ""slayer."" (Whenever a creature that has ""slayer"" battles, destroy the other creature after the battle.)"
1376,1842,card_text,砂粒がさらさらとこぼれおちるように、砂男の呪いもじわりと拡がる。,"As grains of sand slowly cascade down from dunes, so spreads the curse of the Sand Man.",
1377,1843,card_text,ヘドリアン,ヘドリアン,Hedrian
1378,1844,card_text,憔悴の影ブロークン・ヘッド,"Broken Head, Shadow of Fatigue","Mummy Wrap, Shadow of Fatigue"
1379,1845,card_text,"＊このクリーチャーで攻撃するかわりに、タップして次の t 能力を使ってもよい。
 t 各プレイヤーは、相手の手札を1枚見ないで選び、捨てさせる。","*Instead of having this creature attack, you may tap it to use its t ability.
t Each player discards a card at random from his hand.","■ Instead of having this creature attack, you may tap it to use its tap ability.
 Each player discards a card at random from his hand."
1380,1846,card_text,寝具を出ても悪夢が終わるとは限らない。,Not all nightmares end when you awaken.,
1381,1847,card_text,ゴースト,ゴースト,Ghost
1382,1848,card_text,道化人形ミケ,"Mikay, Bobbing Doll","Mikay, Rattling Doll"
1383,1849,card_text,"{B}ブロッカー（相手クリーチャーが攻撃する時、このクリーチャーをタップして、その攻撃を阻止してもよい。その後、その相手クリーチャーとバトルする）　
＊このクリーチャーは攻撃することができない。","{B} Blocker (Whenever an opponent's creature attacks, you may tap this creature to stop the attack. Then the 2 creatures battle.)
*This creature can't attack.","■ Blocker (Whenever an opponent's creature attacks, you may tap this creature to stop the attack. Then the 2 creatures battle.)
■ This creature can't attack."
1384,1850,card_text,デスパペット,デスパペット,Death Puppet
1385,1851,card_text,ベノム・カプセル,Venom Capsule,Venom Capsule
1386,1852,card_text,"＊サイレントスキル（自分のターンのはじめに、このクリーチャーがタップされていたら、アンタップするかわりに次のi 能力を使ってもよい）
i このクリーチャーは、相手のシールドを１枚ブレイクする。","*Silent Skill (At the start of your turn, if this creature is tapped, you may keep it tapped and use its i ability.)
i This creature breaks one of your opponent's shields.","■ Silent skill (At the start of each of your turns, if this creature is tapped, you may keep it tapped and use its silent skill ability.)
  This creature breaks one of your opponent's shields."
1387,1853,card_text,気付いたら、死んだ。,"By the time you realize it's there, it's already too late.",
1388,1854,card_text,ブレインジャッカー,ブレインジャッカー,Brain Jacker
1389,1855,card_text,デス・スモーク,Death Smoke,Death Smoke
1390,1856,card_text,*タップされていない相手のクリーチャーを1体選び、破壊する。,*Destroy one of your opponent's untapped creatures.,■ Destroy one of your opponent's untapped creatures.
1391,1857,card_text,ぱっくりもぐもぐ。,"Chomp, munch, munch...",
1392,1858,card_text,魂縛,Soul Bind,Infernal Command
1393,1859,card_text,"{ST}S・トリガー　　
＊バトルゾーンにある相手のクリーチャーを１体選ぶ。そのクリーチャーは、自分の次のターンのはじめまで「このクリーチャーは、可能なら攻撃する」を得る。","{ST} Shield trigger (When this spell is put into your hand from your shield zone, you may cast it immediately for no cost.)
*Choose one of your opponent's creatures in the battle zone. It gets ""this creature attacks if able"" until the start of your next turn.","■ Shield trigger (When this card is put into your hand from your shield zone, you may play it immediately for no cost.)
■ Choose one of your opponent's creatures in the battle zone. It gets ""this creature attacks if able"" until the start of your next turn."
1394,1860,card_text,恐怖が行動を単純化する。,"Fear drives all rational thought from the mind, leaving only instinct.",
1395,1861,card_text,マイキーのペンチ,Mykee's Pliers,Mykee's Pliers
1396,1862,card_text,＊バトルゾーンにある自分の闇と自然のクリーチャーは「スピードアタッカー」を得る。（「スピードアタッカー」を持つクリーチャーは召喚酔いしない）,"*Each of your darkness and nature creatures in the battle zone has ""speed attacker."" (A creature that has ""speed attacker"" doesn't get summoning sickness.)","■ Each of your darkness creatures and nature creatures in the battle zone has ""speed attacker."" (A creature that has ""speed attacker"" doesn't get summoning sickness.)"
1397,1863,card_text,「この神経、繋げちゃおうぜ！」- 特攻隊長マイキー,I wonder what will happen if we connect this synapse!? --Shock Trooper Mykee,
1398,1864,card_text,ゼノパーツ,ゼノパーツ,Xenoparts
1399,1865,card_text,撃墜団長メッツアー,"Mezger, Commando Leader","Mezger, Commando Leader"
1400,1866,card_text,＊スピードアタッカー（このクリーチャーは召喚酔いしない）,*Speed attacker (This creature doesn't get summoning sickness.),■ Speed attacker (This creature doesn't get summoning sickness.)
1401,1867,card_text,「勢いしか無いんだよな」－無謀鉄人チョイヤ,"""Just do it!""　--Choya the Unheeding",
1402,1868,card_text,ヒューマノイド,ヒューマノイド,Human
1403,1869,card_text,城神兵バガッシュ,Seige Trooper Bagash,Siege Roller Bagash
1404,1870,card_text,＊攻撃中、このクリーチャーのパワーは、バトルゾーンにある自分の他のタップされているクリーチャー１体につき+1000される。,"*While attacking, this creature gets +1000 power for each of your other tapped creatures in the battle zone.","■ While attacking, this creature gets +1000 power for each of your other tapped creatures in the battle zone."
1405,1871,card_text,「バガッシュ、あっちのが日当たりよさそう。」- 爆炎野郎ジョー,"Let's head over there, Bagash--the weather looks nicer. --Explosive Dude Joe",
1406,1872,card_text,アーマロイド,アーマロイド,Armorloid
1407,1873,card_text,クラッグザウルス,Cragsaurus,Cragsaur
1408,1874,card_text,各地の戦いは僅かながら、沈静化していった。あまりの強大な力の出現に恐怖が均衡を生んだのだ。,"Gradually, the battlefields became quiescent, the combatants' fear of the powerful newcomers balancing their battlelust.",
1409,1875,card_text,ロック・ビースト,ロック・ビースト,Rock Beast
1410,1876,card_text,烈脚戦士ブラッド,"Brad, Warrior of Blinding Speed","Brad, Super Kickin' Dynamo"
1411,1877,card_text,"＊サイレントスキル（自分のターンのはじめに、このクリーチャーがタップされていたら、アンタップするかわりに次のi 能力を使ってもよい）
i 相手の「ブロッカー」を持つクリーチャーを１体破壊する。","*Silent Skill (At the start of your turn, if this creature is tapped, you may keep it tapped and use its i ability.)
i Destroy one of your opponent's creatures that has ""blocker.""","■ Silent skill (At the start of each of your turns, if this creature is tapped, you may keep it tapped and use its silent skill ability.)
  Destroy one of your opponent's creatures that has ""blocker."""
1412,1878,card_text,「このキックはオレって男の象徴だ！」- 烈脚戦士ブラッド,This kick is my speciality!　--Brad,
1413,1879,card_text,ヒューマノイド,ヒューマノイド,Human
1414,1880,card_text,強制突撃,Forced March,Forced Frenzy
1415,1881,card_text,"{ST}S・トリガー（この呪文をシールドゾーンから手札に加える時、コストを支払わずにすぐ唱えてもよい）　
＊自分の次のターンのはじめまで、相手のクリーチャーは「このクリーチャーは可能であれば攻撃する」を得る。","{ST} Shield trigger (When this spell is put into your hand from your shield zone, you may cast it immediately for no cost.)
*Each of your opponent's creatures gets ""this creature attacks if able"" until the start of your next turn.","■ Shield trigger (When this card is put into your hand from your shield zone, you may play it immediately for no cost.)
■ Each of your opponent's creatures gets ""This creature attacks if able"" until the start of your next turn."
1416,1882,card_text,やるときはやる！,"Just give the word, and we'll be there!",
1417,1883,card_text,幻竜砲,Phantom Dragon's Magnum,Phantom Dragon's Flame
1418,1884,card_text,"{ST}S・トリガー（この呪文をシールドゾーンから手札に加える時、コストを支払わずにすぐ唱えてもよい）　
＊パワー2000以下の相手のクリーチャーを1体選び、破壊する。","{ST} Shield trigger (When this spell is put into your hand from your shield zone, you may cast it immediately for no cost.)
*Destroy one of your opponent's creatures that has power 2000 or less.","■ Shield trigger (When this card is put into your hand from your shield zone, you may play it immediately for no cost.)
■ Destroy one of your opponent's creatures that has power 2000 or less."
1419,1885,card_text,そこにいたんだ。,Ah...That's where you were.,
1420,1886,card_text,コロッサス・ブースター,Colossus booster,Colossus Boost
1421,1887,card_text,＊自分のクリーチャー1体のパワーは、このターンの終わりまで+4000される。,*One of your creatures gets +4000 power until the end of the turn.,■ One of your creatures in the battle zone gets +4000 power until the end of the turn.
1422,1888,card_text,強力すぎる一撃が、装置自身をも破壊しちまう。,"It can only be used once, as the energy it releases is so great it destroys itself.",
1423,1889,card_text,シェル・レガシー,Shell Legacy,Legacy Shell
1424,1890,card_text,＊自分の光と火のクリーチャーは「パワーアタッカー+3000」を得る。（攻撃中、「パワーアタッカー+3000」を持つクリーチャーのパワーは+3000される）,"*Each of your light and fire creatures has ""power attacker +3000."" (While attacking, a creature that has ""power attacker +3000"" gets +3000 power.)","■ Each of your light creatures and fire creatures has ""power attacker +3000."" (While attacking, a creature that has ""power attacker +3000"" gets +3000 power.)"
1425,1891,card_text,コロニー・ビートルの近くで、不思議な力の果実が見つかった。,A fruit with strange effects is often found near Colony Beetles.,
1426,1892,card_text,コロニー・ビートル,コロニー・ビートル,Colony Beetle
1427,1893,card_text,セイバーマスク・ビートル,Sabermask Beetle,Sabermask Scarab
1428,1894,card_text,＊このクリーチャーが攻撃する時、自分のマナゾーンからカードを１枚、自分の手札に戻す。,"*Whenever this creature attacks, return a card from your mana zone to your hand.","■ Whenever this creature attacks, return a card from your mana zone to your hand."
1429,1895,card_text,巨大な羽根が巻き起こす風にそよぐ木々。葉と枝の揺らぐ音が行進曲のように鳴り響いた。,"Disturbed by the wind its giant wings make, the branches and leaves in the forest almost seem to sing a march for it as it flies overhead.",
1430,1896,card_text,ジャイアント・インセクト,ジャイアント・インセクト,Giant Insect
1431,1897,card_text,喜びの化身,Pleasure Totem,Jiggly Totem
1432,1898,card_text,＊攻撃中、このクリーチャーのパワーは、自分のマナゾーンでタップされているカード１枚につき+1000される。,"*While attacking, this creature gets +1000 power for each tapped card in your mana zone.","■ While attacking, this creature gets +1000 power for each tapped card in your mana zone."
1433,1899,card_text,フィオナの森でも、一部の者が月の変化に気付き始めた。,"Even within the Fiona Woods, some began to realize what had happened to the moon.",
1434,1900,card_text,ミステリー・トーテム,ミステリー・トーテム,Mystery Totem
1435,1901,card_text,プリーチ・トマト,Preaching Tomato,Scowling Tomato
1436,1902,card_text,「好き嫌いする奴は、大嫌い！」術者が作った生命は、いきなり叫ぶと逃げて行った。そして、あっという間に増えていった。,"I hate people who are finicky! So saying, the  creature the sorcerer had created fled. The next day, the fields were covered with them.",
1437,1903,card_text,ワイルド・ベジーズ,ワイルド・ベジーズ,Wild Veggies
1438,1904,card_text,ハッスル・ベリー,Hustle Berry,Hustle Berry
1439,1905,card_text,"＊サイレントスキル（自分のターンのはじめに、このクリーチャーがタップされていたら、アンタップするかわりに次のi 能力を使ってもよい）
i 自分の山札の上から1枚目を、自分のマナゾーンに加える。","*Silent Skill (At the start of your turn, if this creature is tapped, you may keep it tapped and use its i ability.)
i Put the top card of your deck into your mana zone.","■ Silent skill (At the start of each of your turns, if this creature is tapped, you may keep it tapped and use its silent skill ability.)
  Put the top card of your deck into your mana zone."
1440,1906,card_text,「おめーら！　へたるんじゃねーベリー！」- ハッスル・ベリー,"Come on, you laggards! Next thing you'll be putting down roots! --Hustle Berry",
1441,1907,card_text,ワイルド・ベジーズ,ワイルド・ベジーズ,Wild Veggies
1442,1908,card_text,原始の棍棒,Primitive Club Tribe,Adventure Boar
1443,1909,card_text,＊パワーアタッカー +2000（攻撃中、このクリーチャーのパワーは+2000される）,"*Power attacker +2000 (While attacking, this creature gets +2000 power.)","■ Power attacker +2000 (While attacking, this creature gets +2000 power.)"
1444,1910,card_text,本当の強さは、色あせたりしない。今必要なのはその強さだ。,True strength never fades with age. That is the strength that is needed now.,
1445,1911,card_text,ビーストフォーク,ビーストフォーク,Beast Folk
1446,1912,card_text,フェアリー・ライフ,Faerie Life,Faerie Life
1447,1913,card_text,"{ST}S・トリガー（この呪文をシールドゾーンから手札に加える時、コストを支払わずにすぐ唱えてよい）
＊自分の山札の上から1枚目を、自分のマナゾーンに置く。","{ST} Shield trigger (When this spell is put into your hand from your shield zone, you may cast it immediately for no cost.)
*Put the top card of your deck into your mana zone.","■ Shield trigger (When this card is put into your hand from your shield zone, you may play it immediately for no cost.)
■ Put the top card of your deck into your mana zone."
1448,1914,card_text,歌う妖精。フェアリーいい曲。全部いい曲。たくさん聴いて、大きく育て。,Listen to the faeries' songs--each one will make you grow stronger.,
1449,1915,card_text,ナチュラル・ブースト,Natural Boost,Thirst for the Hunt
1450,1916,card_text,＊このターンの終わりまで、自分のクリーチャーはすべて「パワーアタッカー+1000」を得る。（攻撃中、「パワーアタッカー+1000」を持つクリーチャーのパワーは+1000される）,"*Each of your creatures gets ""power attacker +1000"" until the end of the turn. (While attacking, a creature that has ""power attacker +1000"" gets +1000 power.)","■ Each of your creatures gets ""power attacker +1000"" until the end of the turn. (While attacking, a creature that has ""power attacker +1000"" gets +1000 power.)"
1451,1917,card_text,聖断の精霊エリクシア,"Elixia, the Purifying Blade","Elixia, Pureblade Elemental"
1452,1918,card_text,"＊このクリーチャーのパワーは、自分のマナゾーンにあるカードの文明１つにつき+3000される。
＊このクリーチャーは、パワーが6000以上の時、「Ｗ・ブレイカー」を得る。
＊このクリーチャーは、パワーが15000以上の時、「Ｔ・ブレイカー」を得る。","*This creature gets +3000 power for each civilization in your mana zone.
*While this creature has power 6000 or more, it has ""double breaker.""
*While this creature has power 15000 or more, it has ""triple breaker"" instead of ""double breaker.""","■ This creature gets +3000 power for each civilization in your mana zone.
■ While this creature has power 6000 or more, it has ""double breaker (This creature break 2 shields).""
■ While this creature has power 15000 or more, it has ""triple breaker"" instead of ""double breaker."" (It breaks 3 shields.)"
1453,1919,card_text,エンジェル・コマンド,エンジェル・コマンド,Angel Command
1454,1920,card_text,ルナ・ブライトホーク,Luna Brighthawk,Hawkeye Lunatron
1455,1921,card_text,"＊W・ブレイカー　
＊このクリーチャーをバトルゾーンに出した時、自分の山札を見る。その中からカードを１枚選び、自分の手札に加えてもよい。その後、山札をシャッフルする。","*Double breaker (This creature breaks 2 shields.)
*When you put this creature into the battle zone, search your deck. You may take a card from your deck and put it into your hand. Then shuffle your deck.","■ Double breaker (This creature breaks 2 shields.)
■ When you put this creature into the battle zone, search your deck. You may take a card from your deck and put it into your hand. Then shuffle your deck."
1456,1922,card_text,月は、もはや美しいだけの存在では無い。,The moon is no longer just a beautiful thing.,
1457,1923,card_text,サイバー・ムーン,サイバー・ムーン,Cyber Moon
1458,1924,card_text,ハリケーン・クロウラー,Hurricane Crawler,Hurricane Crawler
1459,1925,card_text,＊このクリーチャーをバトルゾーンに出した時、自分の手札をすべて自分のマナゾーンに置く。その後、同じ枚数のカードを自分のマナゾーンから自分の手札に戻す。,"*When you put this creature into the battle zone, put all the cards from your hand into your mana zone. Then put that many cards from your mana zone into your hand.","■ When you put this creature into the battle zone, put all the cards from your hand into your mana zone. Then put that many cards from your mana zone into your hand."
1460,1926,card_text,巨体がのたうつと、それまであった景色が一変した。,"Its merest movement changes the landscape, its smallest step crushes mountains.",
1461,1927,card_text,アースイーター,アースイーター,Earth Eater
1462,1928,card_text,黒神龍ブライゼナーガ,"Bryzenaga, Black Celestial Dragon",Necrodragon Bryzenaga
1463,1929,card_text,"＊このクリーチャーをバトルゾーンに出した時、自分のシールドをすべて自分の手札に加える。（その「Ｓ・トリガー」を使ってもよい）　　　
＊W・ブレイカー（このクリーチャーはシールドを2枚ブレイクする）","*When you put this creature into the battle zone, put all your shields into your hand. (You can use the ""shield trigger"" abilities of those shields.)
*Double breaker (This creature breaks 2 shields.)","■ When you put this creature into the battle zone, put all your shields into your hand. (You can use the ""shield trigger"" abilities of those shields.)
■ Double breaker (This creature breaks 2 shields.)"
1464,1930,card_text,全生命をこの一撃に！,"Once it's unleashed, there's no turning back.",
1465,1931,card_text,ドラゴン・ゾンビ,ドラゴン・ゾンビ,Zombie Dragon
1466,1932,card_text,コアクラッシュ・リザード,Core-crash Lizard,Core-Crash Lizard
1467,1933,card_text,＊このクリーチャーをバトルゾーンに出した時、相手のシールドを1枚選び、持ち主の墓地に置く。（その「Ｓ・トリガー」は使えない）,"*When you put this creature into the battle zone, choose one of your opponent's shields and put it into his graveyard. (If that shield has a ""shield trigger,"" it doesn't work.)","■ When you put this creature into the battle zone, choose one of your opponent's shields and put it into his graveyard."
1468,1934,card_text,炎の爪が食い込むと、大地は溶岩の涙を流した。,"Struck with claws of fire, the earth wept tears of magma.",
1469,1935,card_text,メルト・ウォリアー,メルト・ウォリアー,Melt Warrior
1470,1936,card_text,アルティメット・ドラゴン,Ultimate Dragon,Ultimate Dragon
1471,1937,card_text,"＊このクリーチャーのパワーは、バトルゾーンにある自分の他のドラゴン１体につき+5000される。
＊クルー・ブレイカー:ドラゴン（このクリーチャーは、バトルゾーンにある自分の他のドラゴン1体につき、シールドをさらにもう1枚ブレイクする）","*This creature gets +5000 power for each of your other Dragons in the battle zone.
*Crew breaker-Dragon (This creature breaks one more shield for each of your other Dragons in the battle zone.)","■ This creature gets +5000 power for each of your other creatures in the battle zone that has Dragon in its race.
■ Crew breaker-Dragon (This creature breaks one more shield for each of your other creatures in the battle zone that has Dragon in its race.)"
1472,1938,card_text,無限の翼が、世界を覆いつくす。,Its vast wings encircle the world like a shroud.,
1473,1939,card_text,アーマード・ドラゴン,アーマード・ドラゴン,Armored Dragon
1474,1940,card_text,不落の超人,Immortal Giant,Bodacious Giant
1475,1941,card_text,"＊W・ブレイカー（このクリーチャーはシールドを2枚ブレイクする）
＊相手のターン中、このクリーチャーがタップされていて、そのターンにまだ攻撃を受けていない場合、相手のクリーチャーは可能ならこのクリーチャーを攻撃する。","*Double breaker (This creature breaks 2 shields.)
*While this creature is tapped during your opponent's turn, if it hasn't been attacked that turn, your opponent's creatures must attack it if able.","■ Double breaker (This creature breaks 2 shields.)
■ While this creature is tapped during your opponent's turn, if it hasn't been attacked that turn, your opponent's creatures must attack it if able."
1476,1942,card_text,ジャイアント,ジャイアント,Giant
1477,1943,card_text,緑神龍ダクマバルガロウ,Green Celestial Dragon Dakma Balgarow,Terradragon Dakma Balgarow
1478,1944,card_text,"＊このクリーチャーのパワーは、自分と相手のシールド１枚につき+2000される。
＊このクリーチャーは、パワーが6000以上の時、「Ｗ・ブレイカー」を得る。
＊このクリーチャーは、パワーが15000以上の時、「Ｔ・ブレイカー」を得る。","*This creature gets +2000 power for each shield you and your opponent have.
*While this creature has power 6000 or more, it has ""Double breaker (This creature breaks 2 shields).""
*While this creature has power 15000 or more, it has ""Triple breaker (This creature breaks 3 shields)"" instead of ""double breaker.""","■ This creature gets +2000 power for each shield you and your opponent have.
■ While this creature has power 6000 or more, it has ""double breaker (This creature breaks 2 shields).""
■ While this creature has power 15000 or more, it has ""triple breaker"" instead of ""double breaker."" (It breaks 3 shields.)"
1479,1945,card_text,アース・ドラゴン,アース・ドラゴン,Earth Dragon
1480,1946,card_text,陽炎の守護者ブルー・メルキス,"Blue Merkis, Guardian of the Solar Flare","Bluum Erkis, Flare Guardian"
1481,1947,card_text,"＊マナゾーンに置く時、このカードはタップして置く。
＊このクリーチャーが相手のシールドをブレイクする時、相手はそのシールドを手札に加えるかわりに表向きにする。それが「Ｓ・トリガー」を持つ呪文なら、自分がコストを支払わずに唱え、その後持ち主の墓地に置く。それ以外のカードであれば、持ち主の手札に加える。
＊W・ブレイカー","*(This creature is put into your mana zone tapped.)
*Whenever this creature would break one of your opponent's shields, your opponent shows that shield to you instead of putting it into his hand. If it's a spell that has ""shield trigger,"" you cast it for no cost, then put it into your opponent's graveyard. If it's not, your opponent puts it into his hand.
*Double breaker","■ (This creature is put into your mana zone tapped.)
■ Whenever this creature would break one of your opponent's shields, your opponent shows that shield to you instead of putting it into his hand. If it's a spell that has ""shield trigger,"" you cast it for no cost, then put it into your opponent's graveyard. If it's not, your opponent puts it into his hand.
■ Double breaker"
1482,1948,card_text,ガーディアン,ガーディアン,Guardian
1483,1949,card_text,根絶のデクロワゾー,"Deklowaz, the Terminator","Deklowaz, the Terminator"
1484,1950,card_text,"＊マナゾーンに置く時、このカードはタップして置く。
＊このクリーチャーで攻撃するかわりに、タップして次の t 能力を使ってもよい。
tパワー3000以下のクリーチャーをすべて破壊する。その後、相手の手札を見る。相手は自分自身の手札からパワー3000以下のクリーチャーをすべて捨てる。","*(This creature is put into your mana zone tapped.)
*Instead of having this creature attack, you may tap it to use its t ability.
t Destroy all creatures that have power 3000 or less. Then look at your opponent's hand. He discards all creatures from it that have power 3000 or less.","■ (This creature is put into your mana zone tapped.)
■ Instead of having this creature attack, you may tap it to use its tap ability.
 Destroy all creatures that have power 3000 or less. Then look at your opponent's hand. He discards all creatures from it that have power 3000 or less."
1485,1951,card_text,スピリット・クォーツ,スピリット・クォーツ,Spirit Quartz
1486,1952,card_text,鬼面超人エル・アンドレ,Super Devil Mask El Andore,Evil Incarnate
1487,1953,card_text,"＊進化-自分のデビルマスク１体の上に置く。
＊各プレイヤーは、自分のターンのはじめに、自分自身のクリーチャーを１体破壊する。
＊W・ブレイカー（このクリーチャーはシールドを２枚ブレイクする）","*Evolution-Put on one of your Devil Masks.
*At the start of each player's turn, that player destroys one of his creatures.
*Double breaker (This creature breaks 2 shields.)","■ Evolution-Put on one of your Devil Masks.
■ At the start of each player's turn, that player chooses one of his creatures and destroys it.
■ Double breaker (This creature breaks 2 shields.)"
1488,1954,card_text,誰の挑戦でも受けてやる！ - 鬼面超人エル・アンドレ,"I'll take anybody on! Who's next!?
--Super Devil Mask El Andore",
1489,1955,card_text,デビルマスク,デビルマスク,Devil Mask
1490,1956,card_text,ダブルソード・レッド・ドラゴン,Double-sword Red Dragon,Heavyweight Dragon
1491,1957,card_text,"＊W・ブレイカー
＊このクリーチャーで攻撃するかわりに、タップして次の t 能力を使ってもよい。
 t バトルゾーンにある相手のタップされているクリーチャーを２体まで選ぶ。選んだクリーチャーの合計パワーの方が、このクリーチャーのパワーより小さければ、選んだクリーチャーを破壊する。","*Double breaker (This creature breaks 2 shields.)
*Instead of having this creature attack, you may tap it to use its t ability.
t Choose up to 2 of your opponent's tapped creatures in the battle zone. If they have total power less than this creature's power, destroy them.","■ Double breaker (This creature breaks 2 shields.)
■ Instead of having this creature attack, you may tap it to use its tap ability.
 Choose up to 2 of your opponent's tapped creatures in the battle zone. If they have total power less than this creature's power, destroy them."
1492,1958,card_text,アーマード・ドラゴン,アーマード・ドラゴン,Armored Dragon
1493,1959,card_text,ダイヤモンド・ブリザード,Diamond Blizzard,"Diamondia, the Blizzard Rider"
1494,1960,card_text,"＊進化-自分のスノーフェアリー１体の上に置く。
＊このクリーチャーをバトルゾーンに出した時、自分の墓地とマナゾーンからスノーフェアリーをすべて、自分の手札に戻す。","*Evolution-Put on one of your Snow Faeries.
*When you put this creature into the battle zone, return all Snow Faeries from your graveyard and your mana zone to your hand.","■ Evolution-Put on one of your Snow Faeries.
■ When you put this creature into the battle zone, return all Snow Faeries from your graveyard and your mana zone to your hand."
1495,1961,card_text,世界が妖精にひざまずく！,"The world shall bow down to us, the fairies!",
1496,1962,card_text,スノーフェアリー,スノーフェアリー,Snow Faerie
1497,1963,card_text,魂と記憶の盾,Eternal Guard,Miraculous Snare
1498,1964,card_text,"＊マナゾーンに置く時、このカードはタップして置く。
＊バトルゾーンにある、進化クリーチャーでないクリーチャーを１体選び、裏向きにして持ち主のシールドに加える。","*(This spell is put into your mana zone tapped.)
*Choose a non-evolution creature in the battle zone and add it to its owner's shields face down.","■ (This spell is put into your mana zone tapped.)
■ Choose a non-evolution creature in the battle zone and add it to its owner's shields face down."
1499,1965,card_text,神秘のオーロラがすべてを包み込む！,Let the veil of mystery envelop all!,
1500,1966,card_text,調和と繁栄の罠,Eternal Trap,Miraculous Truce
1501,1967,card_text,"{ST} S・トリガー
＊マナゾーンに置く時、このカードはタップして置く。
＊文明をひとつ選ぶ。次の自分のターンのはじめまで、その文明のクリーチャーは自分を攻撃することができない。（この呪文を唱えた後にバトルゾーンに出たクリーチャーも含まれる）","{ST} Shield trigger
*(This spell is put into your mana zone tapped.)
*Choose a civilization. Until the start of your next turn, creatures of that civilization can't attack you even if your opponent puts them into the battle zone after you cast this spell.","■ Shield trigger (When this card is put into your hand from your shield zone, you may play it immediately for no cost.)
■ (This spell is put into your mana zone tapped.)
■ Choose a civilization. Until the start of your next turn, creatures of that civilization can't attack you even if your opponent puts them into the battle zone after you cast this spell."
1502,1968,card_text,命運の伝道師ラミエル,"Lamiel, Evangelist of Destiny","Lamiel, Destiny Enforcer"
1503,1969,card_text,"＊ウェーブストライカー（バトルゾーンに「ウェーブストライカー」を持つクリーチャーが他に２体以上あれば、このクリーチャーは次のw 能力を得る）
w 相手のターン中に自分のクリーチャーが破壊された時、カードを１枚引いてもよい。","*Wave striker (While 2 or more other creatures in the battle zone have ""wave striker,"" this creature has its w ability.)
w Whenever one of your creatures is destroyed during your opponent's turn, you may draw a card.","■ Wave striker (While 2 or more other creatures in the battle zone have ""wave striker,"" this creature has its wave striker ability.)
  Whenever one of your creatures is destroyed during your opponent's turn, you may draw a card.
"
1504,1970,card_text,戦線維持の為、伝道師達は常に戦場を走り続ける。大事な言葉を伝える為に。,"During a battle, the evangelists can be seen racing from one front to another, bringing inspiration to their allies and dread to their enemies.",
1505,1971,card_text,バーサーカー,バーサーカー,Berserker
1506,1972,card_text,光器ユリアーナ,"Yuliana, Channeler of Light","Yuliana, Channeler of Suns"
1507,1973,card_text,"{B}ブロッカー　
＊相手がバトルゾーンにあるクリーチャーを選ぶ時、このクリーチャーを選ぶことはできない。（ただし、このクリーチャーを攻撃またはブロックしてもよい）
＊このクリーチャーは、相手プレイヤーを攻撃できない。","{B} Blocker
*Whenever your opponent would choose a creature in the battle zone, he can't choose this one. (It can still be attacked and blocked.)
*This creature can't attack players.","■ Blocker (Whenever an opponent's creature attacks, you may tap this creature to stop the attack. Then the 2 creatures battle.)
■ Whenever your opponent would choose a creature in the battle zone, he can't choose this one. (It can still be attacked and blocked.)
■ This creature can't attack players."
1508,1974,card_text,メカ・デル・ソル,メカ・デル・ソル,Mecha Del Sol
1509,1975,card_text,宣凶師ベリックス,"Belix, the Missionary","Belix, the Explorer"
1510,1976,card_text,"{B} ブロッカー
＊このクリーチャーをバトルゾーンに出した時、自分のマナゾーンから呪文カードを１枚、自分の手札に戻す。
＊このクリーチャーは、相手プレイヤーを攻撃できない。","{B} Blocker (Whenever an opponent's creature attacks, you may tap this creature to stop the attack. Then the 2 creatures battle.)
*When you put this creature into the battle zone, return a spell from your mana zone to your hand.
*This creature can't attack players.","■ Blocker (Whenever an opponent's creature attacks, you may tap this creature to stop the attack. Then the 2 creatures battle.)
■ When you put this creature into the battle zone, return a spell from your mana zone to your hand.
■ This creature can't attack players."
1511,1977,card_text,シルヴァーグローリーの僕は、ただの宣凶師ではない。より神秘な形状をしている。,The servants of Silver Glory are not just missionaries. They are made into an even purer form.,
1512,1978,card_text,グラディエーター,グラディエーター,Gladiator
1513,1979,card_text,ルナ・フォートレス,Luna Fortress,Warped Lunatron
1514,1980,card_text,"＊バトルゾーンにあるクリーチャーは、ターンのはじめにアンタップされない。
＊各プレイヤーは、自分のターンのはじめにカードをアンタップした時、自分自身のマナゾーンのカードを好きな枚数タップしてもよい。このようにしてタップしたカード2枚につき、バトルゾーンにある自分自身のクリーチャーを１体アンタップする。
＊W・ブレイカー","*Creatures in the battle zone donﾕt untap at the start of each playerﾕs turn.
*When each player untaps his cards at the start of his turn, he may then tap any number of cards in his mana zone. For every 2 cards he taps this way, he untaps one of his creatures in the battle zone.
*Double breaker","■ Creatures in the battle zone don't untap at the start of each player's turn.
■ When each player untaps his cards at the start of his turn, he may then tap any number of cards in his mana zone. For every 2 cards he taps this way, he untaps one of his creatures in the battle zone.
■ Double breaker (This creature breaks 2 shields.)"
1515,1981,card_text,サイバー・ムーン,サイバー・ムーン,Cyber Moon
1516,1982,card_text,ファンタジー・フィッシュ,Fantasy Fish,Fantasy Fish
1517,1983,card_text,"{B}ブロッカー（相手クリーチャーが攻撃する時、このクリーチャーをタップして、その攻撃を阻止してもよい。その後、その相手クリーチャーとバトルする）　
{ST}S・トリガー（このクリーチャーをシールドゾーンから手札に加える時、コストを支払わずにすぐ召喚してもよい）","{B} Blocker (When an opponent's creature attacks, you may tap this creature to stop the attack. Then the 2 creatures battle.)
{ST} Shield trigger (When this creature is put into your hand from your shield zone, you may summon it immediately for no cost.)","■ Shield trigger (When this card is put into your hand from your shield zone, you may play it immediately for no cost.)
■ Blocker (Whenever an opponent's creature attacks, you may tap this creature to stop the attack. Then the 2 creatures battle.)"
1518,1984,card_text,ゲル・フィッシュ,ゲル・フィッシュ,Gel Fish
1519,1985,card_text,ルナ・レーザーコブラ,Luna Laser Cobra,Squawking Lunatron
1520,1986,card_text,"＊サイレントスキル（自分のターンのはじめに、このクリーチャーがタップされていたら、アンタップするかわりに次のi 能力を使ってもよい）
i 自分のマナゾーンからカードを3枚まで、自分の手札に戻す。","Silent skill (At the start of your turn, if this creature is tapped, you may keep it tapped and use its i ability.)
i Return up to 3 cards from your mana zone to your hand.","■ Silent skill (At the start of each of your turns, if this creature is tapped, you may keep it tapped and use its silent skill ability.)
  Return up to 3 cards from your mana zone to your hand."
1521,1987,card_text,サファイヤ・ウィズダムに規律は無い。ただ知識を欲するのみだ。,There is no discipline or order in Sapphire Wisdom's mind. All it wants is more knowledge.,
1522,1988,card_text,サイバー・ムーン,サイバー・ムーン,Cyber Moon
1523,1989,card_text,邪凶の影ゲイザー・アイズ,"Gazer Eyes, Shadow of Catastrophe","Gazer Eyes, Shadow of Secrets"
1524,1990,card_text,"＊サイレントスキル（自分のターンのはじめに、このクリーチャーがタップされていたら、アンタップするかわりに次のi 能力を使ってもよい）
i 相手の手札を見てその中から１枚選び、捨てさせる。","*Silent skill (At the start of your turn, if this creature is tapped, you may keep it tapped and use its i ability.)
i Look at your opponent's hand and choose a card from it. Your opponent discards that card.","■ Silent skill (At the start of each of your turns, if this creature is tapped, you may keep it tapped and use its silent skill ability.)
  Look at your opponent's hand and choose a card from it. Your opponent discards that card."
1525,1991,card_text,興味で闇を覗いてはいけない。もし出会ってしまえば、もう元には戻れないから。,"Never gaze into the darkness out of curiosity. Should it gaze back at you, you'll never be the same.",
1526,1992,card_text,ゴースト,ゴースト,Ghost
1527,1993,card_text,薔薇公爵ハザリア,"Hazaria, Duke of Roses","Hazaria, Duke of Thorns"
1528,1994,card_text,"＊ウェーブストライカー（バトルゾーンに「ウェーブストライカー」を持つクリーチャーが他に２体以上あれば、このクリーチャーは次のw 能力を得る）
w このクリーチャーをバトルゾーンに出した時、相手は自分自身のクリーチャーを１体破壊する。","*Wave striker (While 2 or more other creatures in the battle zone have ""wave striker,"" this creature has its w ability.)
w When you put this creature into the battle zone, your opponent destroys one of his creatures.","■ Wave striker (While 2 or more other creatures in the battle zone have ""wave striker,"" this creature has its wave striker ability.)
  When you put this creature into the battle zone, your opponent chooses one of his creatures and destroys it.
"
1529,1995,card_text,ダークロード,ダークロード,Dark Lord
1530,1996,card_text,滅亡ルーレット,Roulette of Ruin,Roulette of Ruin
1531,1997,card_text,"{ST} S・トリガー
＊数字をひとつ選ぶ。自分の手札を相手に見せ、その中から選んだ数字と同じコストのカードをすべて捨てる。その後、相手は自分自身の手札を見せ、その中から選んだ数字と同じコストのカードをすべて捨てる。","{ST} Shield trigger
*Choose a number. Show your hand to your opponent and discard from it each card that has that cost. Then your opponent shows you his hand and discards from it each card that has that cost.","■ Shield trigger (When this card is put into your hand from your shield zone, you may play it immediately for no cost.)
■ Choose a number. Show your hand to your opponent and discard from it each card that has that cost. Then your opponent shows you his hand and discards from it each card that has that cost."
1532,1998,card_text,タリスマン・リザード,Talisman Lizard,Lockdown Lizard
1533,1999,card_text,＊誰も、自分自身のクリーチャーの t 能力を使うことはできない。,*Players can't use the t abilities of their creatures.,■ Players can't use the  abilities of their creatures.
1534,2000,card_text,かの種族は異常な程に炎を愛し、炎はその愛に応え尋常ならざる力を与えた。,"These lizards love fire above all else, and fire loves them back, allowing them to use its power.",
1535,2001,card_text,メルト・ウォリアー,メルト・ウォリアー,Melt Warrior
1536,2002,card_text,斬神兵グランドルメス,Eviscerating Warrior Grand Lumes,Eviscerating Warrior Lumez
1537,2003,card_text,"＊ウェーブストライカー（バトルゾーンに「ウェーブストライカー」を持つクリーチャーが他に２体以上あれば、このクリーチャーは次のw 能力を得る）
w このクリーチャーをバトルゾーンに出した時、パワー2000以下のクリーチャーをすべて破壊する。","*Wave striker (While 2 or more other creatures in the battle zone have ""wave striker,"" this creature has its w ability.)
w When you put this creature into the battle zone, destroy all creatures that have power 2000 or less.","■ Wave striker (While 2 or more other creatures in the battle zone have ""wave striker,"" this creature has its wave striker ability.)
  When you put this creature into the battle zone, destroy all creatures that have power 2000 or less.
"
1538,2004,card_text,アーマロイド,アーマロイド,Armorloid
1539,2005,card_text,超爆合体ダンギルバー,Expplosive Hybrid Dangilver,Jabaha's Automaton
1540,2006,card_text,"＊進化-自分のゼノパーツ１体の上に置く。
＊パワーアタッカー +4000（攻撃中、このクリーチャーのパワーは+4000される）
＊W・ブレイカー（このクリーチャーはシールドを２枚ブレイクする）","*Evolution-Put on one of your Xeno Parts.
*Power attacker +4000 (While attacking, this creature gets +4000 power.)
*Double breaker (This creature breaks 2 shields.)","■ Evolution-Put on one of your XenoParts.
■ Power attacker +4000 (While attacking, this creature gets +4000 power.)
■ Double breaker (This creature breaks 2 shields.)"
1541,2007,card_text,ゼノパーツ,ゼノパーツ,Xenoparts
1542,2008,card_text,地龍の化身,Dracolayer Totem,Rollicking Totem
1543,2009,card_text,"＊サイレントスキル（自分のターンのはじめに、このクリーチャーがタップされていたら、アンタップするかわりに次のi 能力を使ってもよい）
i 自分のマナゾーンからドラゴンを１体、バトルゾーンに出す。","Silent skill (At the start of your turn, if this creature is tapped, you may keep it tapped and use its i ability.)
i Put a Dragon from your mana zone into the battle zone.","■ Silent skill (At the start of each of your turns, if this creature is tapped, you may keep it tapped and use its silent skill ability.)
  Put a creature that has Dragon in its race from your mana zone into the battle zone."
1544,2010,card_text,ミステリー・トーテム,ミステリー・トーテム,Mystery Totem
1545,2011,card_text,ロイヤル・ドリアン,Royal Durian,Royal Durian
1546,2012,card_text,"＊S・トリガー（このクリーチャーをシールドゾーンから手札に加える時、コストを支払わずにすぐ召喚してもよい）
＊このクリーチャーをバトルゾーンに出した時、バトルゾーンにあるすべての進化クリーチャーの一番上のカードを、持ち主のマナゾーンに置く。","{ST} Shield trigger (When this creature is put into your hand from your shield zone, you may summon it immediately for no cost.)
*When you put this creature into the battle zone, put the top card of each evolution creature from the battle zone into its owner's mana zone.","■ Shield trigger (When this card is put into your hand from your shield zone, you may play it immediately for no cost.)
■ When you put this creature into the battle zone, put the top card of each evolution creature from the battle zone into its owner's mana zone."
1547,2013,card_text,ワイルド・ベジーズ,ワイルド・ベジーズ,Wild Veggies
1548,2014,card_text,シェル・チャーチ,Shell Church,Skyscraper Shell
1549,2015,card_text,"＊ウェーブストライカー（バトルゾーンに「ウェーブストライカー」を持つクリーチャーが他に２体以上あれば、このクリーチャーは次のw 能力を得る）
w このクリーチャーをバトルゾーンに出した時、相手はバトルゾーンにある自分自身のクリーチャーを１体選び、持ち主のマナゾーンに置く。","*Wave striker (While 2 or more other creatures in the battle zone have ""wave striker,"" this creature has its w ability.)
w When you put this creature into the battle zone, your opponent chooses one of his creatures in the battle zone and puts it into his mana zone.","■ Wave striker (While 2 or more other creatures in the battle zone have ""wave striker,"" this creature has its wave striker ability.)
  When you put this creature into the battle zone, your opponent chooses one of his creatures in the battle zone and puts it into his mana zone.
"
1550,2016,card_text,コロニー・ビートル,コロニー・ビートル,Colony Beetle
1551,2017,card_text,宣凶師バレイド,"Baraid, the Missionary","Baraid, the Explorer"
1552,2018,card_text,"＊サイレントスキル（自分のターンのはじめに、このクリーチャーがタップされていたら、アンタップするかわりに次のi 能力を使ってもよい）
i このターン、自分の光のクリーチャーはブロックされない。","*Silent skill (At the start of your turn, if this creature is tapped, you may keep it tapped and use its i ability.)
i Your light creatures can't be blocked this turn.","■ Silent skill (At the start of each of your turns, if this creature is tapped, you may keep it tapped and use its silent skill ability.)
  Your light creatures can't be blocked this turn."
1553,2019,card_text,グラディエーター,グラディエーター,Gladiator
1554,2020,card_text,予言者ラメール,"Le Mere, the Prophet","Merlee, the Oracle"
1555,2021,card_text,"＊ウェーブストライカー（バトルゾーンに「ウェーブストライカー」を持つクリーチャーが他に２体以上あれば、このクリーチャーは次のw 能力を得る）
w バトルゾーンにある自分のクリーチャーすべてのパワーは+1000される。","*Wave striker (While 2 or more other creatures in the battle zone have ""wave striker,"" this creature has its w ability.)
w Each of your creatures in the battle zone gets +1000 power.","■ Wave striker (While 2 or more other creatures in the battle zone have ""wave striker,"" this creature has its wave striker ability.)
  Each of your creatures in the battle zone gets +1000 power.
"
1556,2022,card_text,ライトブリンガー,ライトブリンガー,Light Bringer
1557,2023,card_text,フォーチュン・ボール,Fortune Ball,Lucky Ball
1558,2024,card_text,＊このクリーチャーをバトルゾーンに出した時、相手のシールドが3枚以下であれば、カードを2枚まで引く。,"*When you put this creature into the battle zone, if your opponent has 3 or fewer shields, draw up to 2 cards.","■ When you put this creature into the battle zone, if your opponent has 3 or fewer shields, draw up to 2 cards."
1559,2025,card_text,「我慢はするもんだよね。」 - ポキラ,"Every wait is worth its while
--Pokira",
1560,2026,card_text,サイバー・ウイルス,サイバー・ウイルス,Cyber Virus
1561,2027,card_text,アクア・トリックスター,Aqua Trickster,Aqua Trickster
1562,2028,card_text,"＊ウェーブストライカー（バトルゾーンに「ウェーブストライカー」を持つクリーチャーが他に２体以上あれば、このクリーチャーは次のw 能力を得る）
w このクリーチャーをバトルゾーンに出した時、バトルゾーンにある相手のクリーチャーを１体選び、タップする。","*Wave striker (While 2 or more other creatures in the battle zone have ""wave striker,"" this creature has its w ability.)
w When you put this creature into the battle zone, choose one of your opponent's creatures in the battle zone and tap it.","■ Wave striker (While 2 or more other creatures in the battle zone have ""wave striker,"" this creature has its wave striker ability.)
  When you put this creature into the battle zone, choose one of your opponent's creatures in the battle zone and tap it.
"
1563,2029,card_text,リキッド・ピープル,リキッド・ピープル,Liquid People
1564,2030,card_text,略奪秘宝ジャギラ,"Jagila, the Hidden Pillager","Jagila, the Hidden Pillager"
1565,2031,card_text,"＊ウェーブストライカー（バトルゾーンに「ウェーブストライカー」を持つクリーチャーが他に２体以上あれば、このクリーチャーは次のw 能力を得る）
w このクリーチャーをバトルゾーンに出した時、相手の手札を3枚見ないで選び、捨てさせる。","*Wave striker (While 2 or more other creatures in the battle zone have ""wave striker,"" this creature has its w ability.)
w When you put this creature into the battle zone, your opponent discards 3 cards at random from his hand.","■ Wave striker (While 2 or more other creatures in the battle zone have ""wave striker,"" this creature has its wave striker ability.)
  When you put this creature into the battle zone, your opponent discards 3 cards at random from his hand.
"
1566,2032,card_text,パンドラボックス,パンドラボックス,Pandora's Box
1567,2033,card_text,デビル・メディスン,Devil Medicine,Morbid Medicine
1568,2034,card_text,＊自分の墓地からクリーチャーを2体まで、自分の手札に戻す。,*Return up to 2 creatures from your graveyard to your hand.,■ Return up to 2 creatures from your graveyard to your hand.
1569,2035,card_text,新たな破壊の産声が、冥界の底から沸き起こる。,The cry of a newborn devastation wells up from the depths of the pit.,
1570,2036,card_text,スカイフレーム・リザード,Skyflame Lizard,Bonfire Lizard
1571,2037,card_text,"＊ウェーブストライカー（バトルゾーンに「ウェーブストライカー」を持つクリーチャーが他に２体以上あれば、このクリーチャーは次のw 能力を得る）
w このクリーチャーをバトルゾーンに出した時、「ブロッカー」を持つ相手のクリーチャーを2体まで破壊する。","*Wave striker (While 2 or more other creatures in the battle zone have ""wave striker,"" this creature has its w ability.)
w When you put this creature into the battle zone, destroy up to 2 of your opponent's creatures that have ""blocker.""","■ Wave striker (While 2 or more other creatures in the battle zone have ""wave striker,"" this creature has its wave striker ability.)
  When you put this creature into the battle zone, destroy up to 2 of your opponent's creatures that have ""blocker.""
"
1572,2038,card_text,メルト・ウォリアー,メルト・ウォリアー,Melt Warrior
1573,2039,card_text,ジェット・リザード,Jet Lizard,Hysteria Lizard
1574,2040,card_text,"＊このクリーチャーは、可能であれば毎ターン攻撃する。
＊パワーアタッカー+3000（攻撃中、このクリーチャーのパワーは+3000される）","*This creature attacks each turn if able.
*Power attacker +3000 (While attacking, this creature gets +3000 power.)","■ This creature attacks each turn if able.
■ Power attacker +3000 (While attacking, this creature gets +3000 power.)"
1575,2041,card_text,拳に命を、標的に死を。,"Its heart is in its fist, and death is in its eyes.",
1576,2042,card_text,メルト・ウォリアー,メルト・ウォリアー,Melt Warrior
1577,2043,card_text,ハザード・ホッパー,Hazard Hopper,Hazard Hopper
1578,2044,card_text,＊このクリーチャーがシールドをブレイクした時、そのターンの終わりにこのクリーチャーをバトルゾーンから自分の手札に戻す。,"*At the end of each of your turns, if this creature broke any shields that turn, return it to your hand.","■ At the end of each of your turns, if this creature broke any shields that turn, return it to your hand."
1579,2045,card_text,…あいつは、もうちょっと落ち着けないの？ - 盗賊の盾,"Can't he calm down, even just a little?
--Mighty Bandit",
1580,2046,card_text,ジャイアント・インセクト,ジャイアント・インセクト,Giant Insect
1581,2047,card_text,マッチョ・メロン,Macho Melon,Macho Melon
1582,2048,card_text,"＊ウェーブストライカー（バトルゾーンに「ウェーブストライカー」を持つクリーチャーが他に２体以上あれば、このクリーチャーは次のw 能力を得る）
w パワーアタッカー +3000（攻撃中、このクリーチャーのパワーは+3000される）","*Wave striker (While 2 or more other creatures in the battle zone have ""wave striker,"" this creature has its w ability.)
w Power attacker +3000 (While attacking, this creature gets +3000 power.)","■ Wave striker (While 2 or more other creatures in the battle zone have ""wave striker,"" this creature has its wave striker ability.)
  Power attacker +3000 (While attacking, this creature gets +3000 power.)
"
1583,2049,card_text,ワイルド・ベジーズ,ワイルド・ベジーズ,Wild Veggies
1584,2050,card_text,守護と偶然の象徴,Fortitude and Chance,Rise and Shine
1585,2051,card_text,"{ST} S・トリガー（この呪文をシールドゾーンから手札に加える時、コストを支払わずにすぐ唱えてもよい）
＊マナゾーンに置く時、このカードはタップして置く。
＊自分の山札の上から４枚を表向きにする。その中から「ブロッカー」を持つカードを自分の手札に加え、他の３枚を好きな順番で自分の山札の一番下に戻す。","{ST} Shield trigger (When this spell is put into your hand from your shield zone, you may cast it immediately for no cost.)
*(This spell is put into your mana zone tapped.)
*Reveal the top 4 cards of your deck. Put each of them that has ""blocker"" into your hand, and put the rest on the bottom of your deck in any order.","■ Shield trigger (When this card is put into your hand from your shield zone, you may play it immediately for no cost.)
■ (This spell is put into your mana zone tapped.)
■ Reveal the top 4 cards of your deck. Put one of them that has ""blocker"" into your hand, and put the rest on the bottom of your deck in any order."
1586,2052,card_text,陰謀と計略の手,Secrets and Conspiracies,Hide and Seek
1587,2053,card_text,"＊マナゾーンに置く時、このカードはタップして置く。
＊バトルゾーンにある、相手の進化クリーチャーでないクリーチャーを１体選び、持ち主の手札に戻す。その後、相手の手札を１枚見ないで選び、捨てさせる。","*(This spell is put into your mana zone tapped.)
*Choose one of your opponent's non-evolution creatures in the battle zone and return it to his hand. Then he discards a card at random from his hand.","■ (This spell is put into your mana zone tapped.)
■ Choose one of your opponent's non-evolution creatures in the battle zone and return it to his hand. Then he discards a card at random from his hand."
1588,2054,card_text,この恐怖から、もう逃げられやしない。,There is no escaping this terror.,
1589,2055,card_text,崩壊と灼熱の牙,Flame and Ruin,Slash and Burn
1590,2056,card_text,"＊マナゾーンに置く時、このカードはタップして置く。
＊このターン、相手のクリーチャーが破壊された時、相手は自分自身のマナゾーンからカードを１枚選び、持ち主の墓地に置く。その後、相手は自分自身のシールドを１枚選び、持ち主の墓地に置く。（その「Ｓ・トリガー」能力は使えない）","*(This spell is put into your mana zone tapped.)
*Whenever any of your opponent's creatures is destroyed this turn, your opponent chooses a card in his mana zone and puts it into his graveyard. Then he chooses one of his shields and puts it into his graveyard. (If that shield has a ""shield trigger,"" it doesn't work.)","■ (This spell is put into your mana zone tapped.)
■ Whenever any of your opponent's creatures is destroyed this turn, your opponent chooses a card in his mana zone and puts it into his graveyard. Then he chooses one of his shields and puts it into his graveyard."
1591,2057,card_text,焦土と開拓の天変,Reap and Sow,Reap and Sow
1592,2058,card_text,"＊マナゾーンに置く時、このカードはタップして置く。
＊相手のマナゾーンからカードを１枚選び、持ち主の墓地に置く。その後、自分の山札の上から１枚目を、自分のマナゾーンに加える。","*(This spell is put into your mana zone tapped.)
*Choose a card in your opponent's mana zone and put it into his graveyard. Then put the top card of your deck into your mana zone.","■ (This spell is put into your mana zone tapped.)
■ Choose a card in your opponent's mana zone and put it into his graveyard. Then put the top card of your deck into your mana zone."
1593,2059,card_text,一瞬にして、世界に天国と地獄が訪れた。,"In the same instant, Heaven and Hell both appeared on the earth.",
1594,2060,card_text,神秘と創造の石碑,Birth and Growth,Live and Breathe
1595,2061,card_text,"＊マナゾーンに置く時、このカードはタップして置く。
＊このターン、自分のクリーチャーを召喚した時、自分の山札を見る。その中から、召喚したクリーチャーと同じ名前のクリーチャーを１体選び、バトルゾーンに出してもよい。その後、山札をシャッフルする。","*(This spell is put into your mana zone tapped.)
*Whenever you summon a creature this turn, search your deck. You may take a creature from your deck that has the same name as that creature and put it into the battle zone. Then shuffle your deck.","■ (This spell is put into your mana zone tapped.)
■ Whenever you summon a creature this turn, search your deck. You may take a creature from your deck that has the same name as that creature and put it into the battle zone. Then shuffle your deck."
1596,2062,card_text,粛清者イングベルト,"Engbelt, the Purifier","Engbelt, the Spydroid"
1597,2063,card_text,"{B}ブロッカー（相手クリーチャーが攻撃する時、このクリーチャーをタップして、その攻撃を阻止してもよい。その後、その相手クリーチャーとバトルする）　
＊このクリーチャーは、相手プレイヤーを攻撃できない。","{B} Blocker (Whenever an opponent's creature attacks, you may tap this creature to stop the attack. Then the 2 creatures battle.)
*This creature can't attack players.","■ Blocker (Whenever an opponent's creature attacks, you may tap this creature to stop the attack. Then the 2 creatures battle.)
■ This creature can't attack players."
1598,2064,card_text,塔を取り巻く雲海に、いつも彼等は潜んでる。,They lurk in the raging storm clouds that perpetually envelop the spires of light.,
1599,2065,card_text,ソルトルーパー,ソルトルーパー,Soltrooper
1600,2066,card_text,俊速の使徒ナイアル,"Nial, Apostle of Dexterity","Nial, Vizier of Dexterity"
1601,2067,card_text,＊自分のターンの終わりに、このクリーチャーをアンタップしてもよい。,"*At the end of each of your turns, you may untap this creature.","■ At the end of each of your turns, you may untap this creature."
1602,2068,card_text,サファイヤ・ウィズダムは、新生体素材を己の興味を満たすためだけに各文明へと送り届けた。多くの光種族がそれを利用した。,"In order to satsify his own curiosity, Sapphire Wisdom sent new biological specimens to each of the other civilizations. Many Light races made a use of it.",
1603,2069,card_text,イニシエート,イニシエート,Initiate
1604,2070,card_text,堅防の使徒アースラ,"Asra, Apostle of Defense","Asra, Vizier of Safety"
1605,2071,card_text,"＊ウェーブストライカー（バトルゾーンに「ウェーブストライカー」を持つクリーチャーが他に２体以上あれば、このクリーチャーは次のw 能力を得る）
w このクリーチャーのパワーは+4000され、「ブロッカー」を得る。","*Wave striker (While 2 or more other creatures in the battle zone have ""wave striker,"" this creature has its w ability.)
w This creature gets +4000 power and has ""blocker.""","■ Wave striker (While 2 or more other creatures in the battle zone have ""wave striker,"" this creature has its wave striker ability.)
  This creature gets +4000 power and has ""blocker"". (Whenever an opponent's creature attacks, you may tap this creature to stop the attack. Then the 2 creatures battle.)"
1606,2072,card_text,イニシエート,イニシエート,Initiate
1607,2073,card_text,ソル・チューブ,Sol Tube,Solar Trap
1608,2074,card_text,＊バトルゾーンにある相手のクリーチャーを１体選び、タップする。,*Choose one of your opponent's creatures in the battle zone and tap it.,■ Choose one of your opponent's creatures in the battle zone and tap it.
1609,2075,card_text,サンサン太陽。全ての罪を照らし出す。,"Sun, sun, sunshine. Shines on all the sins.",
1610,2076,card_text,オカリナ・ハンター,Ocarina Hunter,Melodic Hunter
1611,2077,card_text,{B}ブロッカー（相手クリーチャーが攻撃する時、このクリーチャーをタップして、その攻撃を阻止してもよい。その後、その相手クリーチャーとバトルする）,"{B} Blocker (Whenever an opponent's creature attacks, you may tap this creature to stop the attack. Then the 2 creatures battle.)","■ Blocker (Whenever an opponent's creature attacks, you may tap this creature to stop the attack. Then the 2 creatures battle.)"
1612,2078,card_text,君の鼓動、我らが海の奏でる音色には相応しくない。 - オカリナ・ハンター,"The sound of your heartbeat is out of tune with our aquatic melody. It must be stopped.
--Ocarina Hunter",
1613,2079,card_text,マーフォーク,マーフォーク,Merfolk
1614,2080,card_text,リバイバル・ソルジャー,Revival Soldier,Revival Soldier
1615,2081,card_text,"＊ウェーブストライカー（バトルゾーンに「ウェーブストライカー」を持つクリーチャーが他に２体以上あれば、このクリーチャーは次のw 能力を得る）
w このクリーチャーのパワーは、+4000される。
w このクリーチャーが破壊される時、墓地に置くかわりに自分の手札に戻す。","*Wave striker (While 2 or more other creatures in the battle zone have ""wave striker,"" this creature has its w abilities.)
w This creature gets +4000 power.
w When this creature would be destroyed, return it to your hand instead.","■ Wave striker (While 2 or more other creatures in the battle zone have ""wave striker,"" this creature has its wave striker ability.)
  This creature gets +4000 power.
  When this creature would be destroyed, return it to your hand instead."
1616,2082,card_text,マーフォーク,マーフォーク,Merfolk
1617,2083,card_text,タイム・スカウト,Time Scout,Time Scout
1618,2084,card_text,＊このクリーチャーをバトルゾーンに出した時、相手の山札の上から1枚目を見る。その後、それを元に戻す。,"*When you put this creature into the battle zone, look at the top card of your opponent's deck. Then put it back where it was.","■ When you put this creature into the battle zone, look at the top card of your opponent's deck."
1619,2085,card_text,積み重ねた経験が、戦況の予測を可能とする。,Its vast experience allows it to predict in which direction the tides of battle will flow.,
1620,2086,card_text,マーフォーク,マーフォーク,Merfolk
1621,2087,card_text,エマージェンシー・タイフーン,Emergency Typhoon,Emergency Typhoon
1622,2088,card_text,"{ST} S・トリガー（この呪文をシールドゾーンから手札に加える時、コストを支払わずにすぐ唱えてもよい）
＊カードを２枚まで引く。その後、自分の手札を１枚捨てる。","{ST} Shield trigger (When this spell is put into your hand from your shield zone, you may cast it immediately for no cost.)
*Draw up to 2 cards. Then discard a card from your hand.","■ Shield trigger (When this card is put into your hand from your shield zone, you may play it immediately for no cost.)
■ Draw up to 2 cards. Then discard a card from your hand."
1623,2089,card_text,華麗からは程遠い。だが、今はこの強引さが必要なのだ。,"This is far from being graceful. Still, an exaggerated response of this nature is justifiable under the circumstances.",
1624,2090,card_text,貪欲秘宝ベラッチャ,"Beratcha, the Hidden Glutton","Beratcha, the Hidden Glutton"
1625,2091,card_text,＊スレイヤー（このクリーチャーがバトルする時、バトルの後、相手クリーチャーを破壊する）,"*Slayer (Whenever this creature battles, destroy the other creature after the battle.)","■ Slayer (Whenever this creature battles, destroy the other creature after the battle.)"
1626,2092,card_text,我慢に我慢を重ね、呪いを込めて溜め続けた言葉。何時の日か出会う冒険者の為に秘め続けた邪な思い。でもその我慢もあと僅か。ほら遠くから足音が…,"It has waited for many years, patiently storing its evil, looking forward to the day when someone finds it...And that day is close now... ",
1627,2093,card_text,パンドラボックス,パンドラボックス,Pandora's Box
1628,2094,card_text,玉砕秘宝バイラ,"Baira, the Hidden Martyr","Baira, the Hidden Lunatic"
1629,2095,card_text,"{B}ブロッカー（相手クリーチャーが攻撃する時、このクリーチャーをタップして、その攻撃を阻止してもよい。その後、その相手クリーチャーとバトルする）
＊このクリーチャーは攻撃することができない。
＊このクリーチャーがバトルする時、バトルの後、このクリーチャーを破壊する。","{B} Blocker (Whenever an opponentﾕs creature attacks, you may tap this creature to stop the attack. Then the 2 creatures battle.)
*This creature canﾕt attack.
*When this creature battles, destroy it after the battle.","■ Blocker (Whenever an opponent's creature attacks, you may tap this creature to stop the attack. Then the 2 creatures battle.)
■ This creature can't attack.
■ When this creature battles, destroy it after the battle."
1630,2096,card_text,パンドラボックス,パンドラボックス,Pandora's Box
1631,2097,card_text,邪口虫ラフレシア・ワーム,Rafreshia Worm,Saliva Worm
1632,2098,card_text,"＊ウェーブストライカー（バトルゾーンに「ウェーブストライカー」を持つクリーチャーが他に２体以上あれば、このクリーチャーは次のw 能力を得る）
w このクリーチャーのパワーは+4000され、「闇ステルス」を得る。（相手のマナゾーンに闇のカードが１枚でもあれば、「闇ステルス」を持つクリーチャーはブロックされない）","*Wave striker (While 2 or more other creatures in the battle zone have ""wave striker,"" this creature has its w ability.)
w This creature gets +4000 power and has ""Darkness stealth (This creature can't be blocked while your opponent has any darkness cards in his mana zone.)""","■ Wave striker (While 2 or more other creatures in the battle zone have ""wave striker,"" this creature has its wave striker ability.)
  This creature gets +4000 power and has ""Darkness stealth (This creature can't be blocked while your opponent has any darkness cards in his mana zone).""
"
1633,2099,card_text,パラサイトワーム,パラサイトワーム,Parasite Worm
1634,2100,card_text,髑髏怪人スピンホイール,"Skull Terror, Spin Wheel","Spinning Terror, the Wretched"
1635,2101,card_text,＊このクリーチャーのパワーは、バトルゾーンにある相手のタップされているクリーチャー１体につき+2000される。,*This creature gets +2000 power for each tapped creature your opponent has in the battle zone.,■ This creature gets +2000 power for each tapped creature your opponent has in the battle zone.
1636,2102,card_text,薔薇公爵の秘密を知った者に死を与える。,It brings death to those who have learned the Duke of Roses' secrets.,
1637,2103,card_text,デビルマスク,デビルマスク,Devil Mask
1638,2104,card_text,支援団長ガンクローク,"Gankloak, Auxiliary Troop Commander","Gankloak, Rogue Commando"
1639,2105,card_text,"＊サイレントスキル（自分のターンのはじめに、このクリーチャーがタップされていたら、アンタップするかわりに次のi 能力を使ってもよい）
i このターンの終わりまで、自分の火のクリーチャーはすべて「W・ブレイカー」を得る。","*Silent skill (At the start of your turn, if this creature is tapped, you may keep it tapped and use its i ability.)
i Each of your fire creatures in the battle zone gets ""double breaker"" until the end of the turn.","■ Silent skill (At the start of each of your turns, if this creature is tapped, you may keep it tapped and use its silent skill ability.)
  Each of your fire creatures in the battle zone gets ""double breaker"" until the end of the turn. (It breaks 2 shields.)"
1640,2106,card_text,ヒューマノイド,ヒューマノイド,Human
1641,2107,card_text,炎舞闘士サピエント・アーク,"Sapient Arc, Flaming Dervish","Sapian Tark, Flame Dervish"
1642,2108,card_text,"＊ウェーブストライカー（バトルゾーンに「ウェーブストライカー」を持つクリーチャーが他に２体以上あれば、このクリーチャーは次のw 能力を得る）
w このクリーチャーのパワーは+4000され、タップされていないクリーチャーを攻撃できる。","*Wave striker (While 2 or more other creatures in the battle zone have ""wave striker,"" this creature has its w ability.)
w This creature gets +4000 power and can attack untapped creatures.","■ Wave striker (While 2 or more other creatures in the battle zone have ""wave striker,"" this creature has its wave striker ability.)
  This creature gets +4000 power and can attack untapped creatures.
"
1643,2109,card_text,ドラゴノイド,ドラゴノイド,Dragonoid
1644,2110,card_text,ブラッドのカッター,Brad's Cutter,Brad's Cutter
1645,2111,card_text,＊S・トリガー（このクリーチャーをシールドゾーンから手札に加える時、コストを支払わずにすぐ召喚してもよい）,"{ST} Shield trigger (When this creature is put into your hand from your shield zone, you may summon it immediately for no cost.)","■ Shield trigger (When this card is put into your hand from your shield zone, you may play it immediately for no cost.)"
1646,2112,card_text,踊らされる前に、逃げればいい。,"If it starts to move, you should just run--before it's too late.",
1647,2113,card_text,ゼノパーツ,ゼノパーツ,Xenoparts
1648,2114,card_text,グシャット・フィスト,Crunch Fist,Ten-Ton Crunch
1649,2115,card_text,"{ST} S・トリガー（この呪文をシールドゾーンから手札に加える時、コストを支払わずにすぐ唱えてもよい）
＊相手のパワー3000以下のクリーチャーを１体破壊する。","{ST} Shield trigger (When this spell is put into your hand from your shield zone, you may cast it immediately for no cost.)
*Destroy one of your opponent's creatures that has power 3000 or less.","■ Shield trigger (When this card is put into your hand from your shield zone, you may play it immediately for no cost.)
■ Destroy one of your opponent's creatures that has power 3000 or less."
1650,2116,card_text,オイーッス！,Bam!,
1651,2117,card_text,闘気の棘,Brave Stinger,Quillspike Rumbler
1652,2118,card_text,＊このクリーチャーがクリーチャーを攻撃する時、そのターンの終わりまで、このクリーチャーのパワーは+3000される。,"*Whenever this creature attacks a creature, this creature gets +3000 power until the end of the turn.","■ Whenever this creature attacks a creature, this creature gets +3000 power until the end of the turn."
1653,2119,card_text,敵を見れば、不敵に笑う。逆境こそが大好物。,"Should you see death, laugh in his face. He has been known to spare those with a sense of humor.",
1654,2120,card_text,ビーストフォーク,ビーストフォーク,Beast Folk
1655,2121,card_text,ニンジャ・パンプキン,Ninja Pumpkin,Ninja Pumpkin
1656,2122,card_text,"＊ウェーブストライカー（バトルゾーンに「ウェーブストライカー」を持つクリーチャーが他に２体以上あれば、このクリーチャーは次のw 能力を得る）
w このクリーチャーのパワーは+4000され、パワー5000以下のクリーチャーにブロックされない。","*Wave striker (While 2 or more other creatures in the battle zone have ""wave striker,"" this creature has its w ability.)
w This creature gets +4000 power and can't be blocked by any creature that has power 5000 or less.","■ Wave striker (While 2 or more other creatures in the battle zone have ""wave striker,"" this creature has its wave striker ability.)
  This creature gets +4000 power and can't be blocked by any creature that has power 5000 or less.
"
1657,2123,card_text,ワイルド・ベジーズ,ワイルド・ベジーズ,Wild Veggies
1658,2124,card_text,冒険妖精ポレゴン,"Polegon, Faerie Explorer",Hearty Cap'n Polligon
1659,2125,card_text,＊このクリーチャーがシールドをブレイクした時、そのターンの終わりにこのクリーチャーをバトルゾーンから自分の手札に戻す。,"*At the end of each of your turns, if this creature broke any shields that turn, return it to your hand.","■ At the end of each of your turns, if this creature broke any shields that turn, return it to your hand."
1660,2126,card_text,冒険の終わりは、新たな冒険の始まりさ！ - 冒険妖精ポレゴン,"The end of one adventure is just the beginning of another!
--Polegon, Faerie Explorer",
1661,2127,card_text,スノーフェアリー,スノーフェアリー,Snow Faerie
1662,2128,card_text,次元の霊峰,Sacred Peak of the Dimensions,Rainbow Gate
1663,2129,card_text,＊自分の山札を見る。その中から多色クリーチャーを１体選び、相手に見せてから自分の手札に加えてもよい。その後、山札をシャッフルする。,"*Search your deck. You may take a multicolored creature from your deck, show that creature to your opponent, and put it into your hand. Then shuffle your deck.","■ Search your deck. You may take a multicolored creature from your deck, show that creature to your opponent, and put it into your hand. Then shuffle your deck."
1664,2130,card_text,さぁ出てこい！,Come on out!,
1665,2131,card_text,聖皇エール・ソニアス,Holy Emperor Ale Sonious,Warlord Ailzonius
1666,2132,card_text,"＊進化-自分のグラディエーター１体の上に置く。
＊W・ブレイカー
＊相手がバトルゾーンにあるクリーチャーを選ぶ時、このクリーチャーを選ぶことはできない。（ただし、このクリーチャーを攻撃またはブロックしてもよい）","*Evolution-Put on one of your Gladiators.
*Double breaker
*Whenever your opponent would choose a creature in the battle zone, he can't choose this one. (It can still be attacked and blocked.)","■ Evolution-Put on one of your Gladiators.
■ Double breaker (This creature breaks 2 shields.)
■ Whenever your opponent would choose a creature in the battle zone, he can't choose this one. (It can still be attacked and blocked.)"
1667,2133,card_text,グラディエーター,グラディエーター,Gladiator
1668,2134,card_text,アドラス,Adras,Klujadras
1669,2135,card_text,"＊ウェーブストライカー（バトルゾーンに「ウェーブストライカー」を持つクリーチャーが他に２体以上あれば、このクリーチャーは次のw 能力を得る）
w このクリーチャーをバトルゾーンに出した時、各プレイヤーは、バトルゾーンにある自分自身の「ウェーブストライカー」を持つクリーチャー１体につき１枚カードを引く。","*Wave striker (While 2 or more other creatures in the battle zone have ""wave striker,"" this creature has its w ability.)
w When you put this creature into the battle zone, each player draws a card for each of his creatures in the battle zone that has ""wave striker.""","■ Wave striker (While 2 or more other creatures in the battle zone have ""wave striker,"" this creature has its wave striker ability.)
  When you put this creature into the battle zone, each player draws a card for each of his creatures in the battle zone that has ""wave striker.""
"
1670,2136,card_text,シー・ハッカー,シー・ハッカー,Sea Hacker
1671,2137,card_text,英知と追撃の宝剣,Eternal Sword,Miraculous Plague
1672,2138,card_text,"＊マナゾーンに置く時、このカードはタップして置く。
＊バトルゾーンにある相手のクリーチャーを２体選ぶ。相手にその中から１体選んで持ち主の手札に戻させ、もう１体を破壊させる。その後、自分は相手のマナゾーンからカードを２枚選ぶ。相手にその中から１枚選んで持ち主の手札に戻させ、もう１枚を持ち主の墓地に置かせる。","*(This spell is put into your mana zone tapped.)
*Choose 2 of your opponent's creatures in the battle zone. Your opponent chooses one of them, puts it into his hand, and destroys the other. Then choose 2 cards in your opponent's mana zone. Your opponent chooses one of them, puts it into his hand, and puts the other into his graveyard.","■ (This spell is put into your mana zone tapped.)
■ Choose 2 of your opponent's creatures in the battle zone. Your opponent chooses one of them, puts it into his hand, and destroys the other one. Then choose 2 cards in your opponent's mana zone. Your opponent chooses one of them, puts it into his hand, and puts the other one into his graveyard."
1673,2139,card_text,憎悪と怒りの獄門,Eternal Gate,Miraculous Meltdown
1674,2140,card_text,"＊マナゾーンに置く時、このカードはタップして置く。
＊相手のシールドが自分のシールドより多ければ、この呪文を唱えることができる。
＊自分のシールドと同じ枚数のシールドを、相手は自分自身のシールドゾーンから選ぶ。相手は残りのシールドを持ち主の手札に加える。（その「Ｓ・トリガー」を使ってもよい）","*(This spell is put into your mana zone tapped.)
*You can cast this spell only if your opponent has more shields than you do.
*Your opponent chooses one of his shields for each shield you have. He puts the rest of his shields into his hand. (He can use the ""shield trigger"" abilities of those shields.)","■ (This spell is put into your mana zone tapped.)
■ You can cast this spell only if your opponent has more shields than you do.
■ Your opponent chooses one of his shields for each shield you have. He puts the rest of his shields into his hand. (He can use the ""shield trigger"" abilities of those shields.)"
1675,2141,card_text,破壊と誕生の神殿,Eternal Santcuary,Miraculous Rebirth
1676,2142,card_text,"＊マナゾーンに置く時、このカードはタップして置く。
＊パワー5000以下の相手のクリーチャーを１体破壊する。相手がそのクリーチャーを墓地に置いた時、自分の山札を見る。その中から、墓地に置かれた相手のクリーチャーとコストが同じクリーチャーを１体選び、バトルゾーンに出してもよい。その後、山札をシャッフルする。","*(This spell is put into your mana zone tapped.)
*Destroy one of your opponent's creatures that has power 5000 or less. When your opponent puts it into his graveyard, search your deck. You may take a creature from your deck that has the same cost as that creature and put it into the battle zone. Then shuffle your deck.","■ (This spell is put into your mana zone tapped.)
■ Destroy one of your opponent's creatures that has power 5000 or less. When your opponent puts that creature into his graveyard, search your deck. You may take a creature from your deck that has the same cost as that creature and put it into the battle zone. Then shuffle your deck."
1677,,test,おはよう,Good Morning,
1678,,test,こんにちは,Hello,
1679,,test,さようなら,Good BYE,
1680,,test,ねる,Good Night,
1681,,test,かえる,Go Home,
