master_text_id,roles,cards,source_japanese,list_index,list1_japanese,dormant_list2_reference,translation
0,name,0:0_1:Special/Promo 1:凶星王ダーク・ヒドラ,凶星王ダーク・ヒドラ,,,,"Dark Hydra, Evil Planet Lord"
1,rules,0:0_1:Special/Promo 1:凶星王ダーク・ヒドラ,"■自分のクリーチャーがバトルゾーンに出るとき、そのクリーチャーと同じ種族のクリーチャーを自分の墓地から１体選び、自分の手札に加えてもよい。
■Ｗ・ブレイカー（シールドを攻撃したとき、このクリーチャーはシールドを２枚ブレイクする。） 　",,,,"■ Double breaker (This creature breaks 2 shields.)
■ Whenever you put a creature, you may return a creature that has the same race as that creature from your graveyard to your hand."
2,flavor,0:0_1:Special/Promo 1:凶星王ダーク・ヒドラ,その宇宙は冥界への入り口、死者しかくぐれない。,,,,"That universe is a gateway to the underworld, one only the dead may pass through."
3,race,0:0_1:Special/Promo 1:凶星王ダーク・ヒドラ,ダークロード,,,,Dark Lord
4,name,1:0_2:Special/Promo 2:ミラフォース・ドラゴン,ミラフォース・ドラゴン,,,,Mirror Force Dragon
5,rules,1:0_2:Special/Promo 2:ミラフォース・ドラゴン,"■このクリーチャーがバトルゾーンにある間、バトルゾーンにある自分のドラゴン以外のクリーチャーはすべて「パワーアタッカー
+4000」を得る。",,,,"■ Each of your non-Dragon creatures gets ""power attacker +4000""."
6,flavor,1:0_2:Special/Promo 2:ミラフォース・ドラゴン,この力は次につながる。聖なる剣が戦場を切る。,,,,"Its power will now connect all, and its holy sword will cut through the battlefield."
7,race,1:0_2:Special/Promo 2:ミラフォース・ドラゴン,ボルケーノ・ドラゴン,,,,Volcano Dragon
8,name,2:0_3:Special/Promo 3:聖清の精霊アムニス,聖清の精霊アムニス,,,,"Amnis, Holy Elemental"
9,rules,2:0_3:Special/Promo 3:聖清の精霊アムニス,"■闇ブロッカー（相手の闇クリーチャーが攻撃するとき、このクリーチャーをタップして、その攻撃を阻止してよい。そのあと、その相手クリーチャーとバトルする）
■このクリーチャーは、闇クリーチャーとのバトルに負けても、墓地には置かれない。",,,,"■ Darkness blocker (Whenever an opponent's darkness creature attacks, you may tap this creature to stop the attack. Then the 2 creatures battle.)
■ When this creature loses a battle against a darkness creature, this creature isn't destroyed."
10,flavor,2:0_3:Special/Promo 3:聖清の精霊アムニス,光は永遠の剣なり。その輝きを何者も消すことはできない。,,,,
11,race,2:0_3:Special/Promo 3:聖清の精霊アムニス,エンジェル・コマンド,,,,Angel Command
12,name,3:0_4:Special/Promo 4:邪獄ギリアム,邪獄ギリアム,,,,"Giliam, the Tormentor"
13,rules,3:0_4:Special/Promo 4:邪獄ギリアム,"■光ブロッカー（相手の光クリーチャーが攻撃するとき、このクリーチャーをタップして、その攻撃を阻止してよい。そのあと、その相手クリーチャーとバトルする。）
■このクリーチャーは、光クリーチャーとのバトルに負けても、墓地には置かれない。",,,,"   Light blocker (Whenever an opponent's light creature attacks, you may tap this creature to stop the attack. Then the 2 creatures battle.)
■ Whenever this creature loses a battle against a light creature, this creature isn't destroyed."
14,flavor,3:0_4:Special/Promo 4:邪獄ギリアム,邪獄の憎悪は剣となり、天に煉獄の苦しみを与えた。,,,,
15,race,3:0_4:Special/Promo 4:邪獄ギリアム,デーモン・コマンド,,,,Demon Command
16,name,4:0_5:Special/Promo 5:シェル・ブリゲードγ,シェル・ブリゲードγ,,,,Brigade Shell Q
17,rules,4:0_5:Special/Promo 5:シェル・ブリゲードγ,"[Ｓ]－このクリーチャーが攻撃するとき、自分の山札の上から１枚目を表向きにする。そのカードがサバイバーであれば自分の手札に加え、サバイバーでなければ自分の墓地に置く。
サバイバー（このクリーチャーがバトルゾーンにある間、自分の他のサバイバーも上の[Ｓ]能力を得る）",,,,"■ Survivor (Each of your Survivors has this creature's Survivor ability.)
  Whenever this creature attacks, reveal the top card of your deck. If it's a Survivor, put it into your hand. Otherwise, put it into your graveyard."
18,flavor,4:0_5:Special/Promo 5:シェル・ブリゲードγ,シェル・ブリゲードの背中には、思い出だけが住んでいる。,,,,Only memories dwell on Brigade Shell's back.
19,race,4:0_5:Special/Promo 5:シェル・ブリゲードγ,コロニー・ビートル［サバイバー］,,,,Survivor/Colony Beetle
20,name,5:0_6:Special/Promo 6:機神装甲ヴァルボーグ,機神装甲ヴァルボーグ,,,,Divine Machine Armor Valborg
21,rules,5:0_6:Special/Promo 6:機神装甲ヴァルボーグ,"■進化－自分のヒューマノイド１体の上に置く。
■Ｗ・ブレイカー（シールドを攻撃したとき、このクリーチャーはシールドを２枚ブレイクする。）
■攻撃中、このクリーチャーのパワーは、バトルゾーンにある他の火のクリーチャー１体につき、+1000される。",,,,"■ Evolution-Put on one of your Humans.
■ While attacking, this creature gets +1000 power for each other fire creature in the battle zone.
■ Double breaker (This creature breaks 2 shields.)"
22,race,5:0_6:Special/Promo 6:機神装甲ヴァルボーグ,ヒューマノイド,,,,Human
23,name,6:0_7:Special/Promo 7:シータ・トゥレイト,シータ・トゥレイト,,,,Q-tronic Omnistrain
24,rules,6:0_7:Special/Promo 7:シータ・トゥレイト,"■進化－自分のサバイバー１体の上に置く。
■Ｓ・トリガー（このクリーチャーをシールドゾーンから手札に加えるとき、コストを支払わずにすぐ召喚してよい）
■このクリーチャーがバトルゾーンにある間、バトルゾーンにある自分のクリーチャーはすべて、それぞれの種族に加えてサバイバー種族を得る。",,,,"■ Shield trigger (When this card is put into your hand from your shield zone, you may play it immediately for no cost.)
■ Evolution-Put on one of your Survivors.
■ Each of your creatures in the battle zone is a Survivor in addition to its other races."
25,race,6:0_7:Special/Promo 7:シータ・トゥレイト,サバイバー,,,,Survivor
26,name,7:0_8:Special/Promo 8:聖騎士サーベルフィーリ,聖騎士サーベルフィーリ,,,,"Saberfili, the Paladin"
27,rules,7:0_8:Special/Promo 8:聖騎士サーベルフィーリ,■このクリーチャーで攻撃するかわりに、タップしてバトルゾーンにあるクリーチャー１体の[Ｔ]能力を使ってもよい。,,,,"■ Instead of attacking, you may tap this creature to use another creature's ability."
28,flavor,7:0_8:Special/Promo 8:聖騎士サーベルフィーリ, 油断をするな。思いもしなかった空間から、見えない剣が現れる。,,,,Never let your guard down. An unseen blade may appear from a space you never imagined.
29,race,7:0_8:Special/Promo 8:聖騎士サーベルフィーリ,レインボー・ファントム,,,,Rainbow Phantom
30,name,8:0_9:Special/Promo 9:超竜バハム,超竜バハム,,,,Überdragon Baham
31,rules,8:0_9:Special/Promo 9:超竜バハム,"■進化－自分のアーマード・ドラゴン１体の上に置く。
■シールドを攻撃したとき、バトルゾーンにある自分のドラゴノイド１体につき、シールドをさらにもう１枚ブレイクする。",,,,"■ Evolution-Put on one of your Armored Dragons.
■ This creature breaks an additional shield for each of your Dragonoids in the battle zone."
32,flavor,8:0_9:Special/Promo 9:超竜バハム,その姿、その果敢さ、その強さ、時代の記憶に残されるであろう。,,,,"Its form, its courage, its strength - all will be remembered through the ages."
33,race,8:0_9:Special/Promo 9:超竜バハム,アーマード・ドラゴン,,,,Armored Dragon
34,name,9:0_10:Special/Promo 10:大昆虫ジェネラルマンティス,大昆虫ジェネラルマンティス,,,,"Dyno Mantis, the Mightspinner"
35,rules,9:0_10:Special/Promo 10:大昆虫ジェネラルマンティス,"■進化－自分のジャイアント・インセクト１体の上に置く。
■Ｗ・ブレイカー
■バトルゾーンにあるパワー5000以上の自分の他のクリーチャーは、シールドを攻撃したとき、さらにもう１枚ブレイクする。",,,,"■ Evolution-Put on one of your Giant Insects.
■ Double breaker (This creature breaks 2 shields.)
■ Each of your other creatures in the battle zone that has power 5000 or more breaks one more shield."
36,flavor,9:0_10:Special/Promo 10:大昆虫ジェネラルマンティス,満月の晩、虫達の怒りが究極の戦士を生む！,,,,
37,race,9:0_10:Special/Promo 10:大昆虫ジェネラルマンティス,ジャイアント・インセクト,,,,Giant Insect
38,,,ガルベリアス・ドラゴン,,,,
39,,,"■Ｗ・ブレイカー　■スピードアタッカー
■このクリーチャーがバトルゾーンに出たとき、バトルゾーンに相手の自然のクリーチャーが１体でもあれば、自分の山札の上から１枚目を自分のマナゾーンに置く。
■バトルゾーンに相手の水のクリーチャーが１体でもあれば、このクリーチャーはブロックされない。
■バトルゾーンに相手の闇のクリーチャーが１体でもあれば、このクリーチャーは「スレイヤー」を得る。
■バトルゾーンに相手の光のクリーチャーが１体でもあれば、自分のターンの終わりに、このクリーチャーをアンタップしてもよい。",,,,
40,,,アーマード・ドラゴン,,,,
41,name,10:0_12:Special/Promo 12:超竜ザシャック,超竜ザシャック,,,,Überdragon Zaschack
42,rules,10:0_12:Special/Promo 12:超竜ザシャック,"■進化－自分のアーマード・ドラゴン１体の上に置く。
■クルー・ブレイカー :アーマード・ドラゴン（バトルゾーンにある自分の他のアーマード・ドラゴン１体につき、さらにシールドをもう１枚ブレイクする）",,,,"■ Evolution-Put on one of your Armored Dragons.
■ Crew breaker-Armored Dragon (This creature breaks one more shield for each of your other Armored Dragons in the battle zone.)"
43,flavor,10:0_12:Special/Promo 12:超竜ザシャック,うだうだ悩むぐらいなら、切り札を使ってしまえ！,,,,
44,race,10:0_12:Special/Promo 12:超竜ザシャック,アーマード・ドラゴン,,,,Armored Dragon
45,,,神滅竜騎ガルザーク,,,,
46,,,"■マナゾーンに置く時、このカードはタップして置く。
■バトルゾーンに自分のドラゴンが他に１体でもあれば、このクリーチャーは「パワーアタッカー+6000」と「Ｔ・ブレイカー」を得る。
■Ｗ・ブレイカー
■このクリーチャーは攻撃されない。",,,,
47,,,滅びの声が響く時、世界の歴史は悲鳴をあげる。,,,,
48,,,アーマード・ドラゴン/ドラゴン・ゾンビ,,,,
49,name,11:0_14:Special/Promo 14:電脳聖霊グラリス,電脳聖霊グラリス,,,,"Glaris, Electro-Elemental"
50,rules,11:0_14:Special/Promo 14:電脳聖霊グラリス,"■マナゾーンに置く時、このカードはタップして置く。
■自分のクリーチャーは、同じ文明のクリーチャーから攻撃されない。",,,,"■ (This creature is put into your mana zone tapped.)
■ Your creatures can't be attacked by creatures that have the same civilization."
51,flavor,11:0_14:Special/Promo 14:電脳聖霊グラリス,輝く星のきらめきと、溢れ出る海の英知の前に、敵すらも心を奪われた。,,,,"Before the glitter of the shining stars and the overflowing wisdom of the sea, even its enemies were spellbound."
52,race,11:0_14:Special/Promo 14:電脳聖霊グラリス,エンジェル・コマンド/ゲル・フィッシュ,,,,Angel Command/Gel Fish
53,name,12:0_15:Special/Promo 15:ネオ・ブレイン,ネオ・ブレイン,,,,Brain Serum
54,rules,12:0_15:Special/Promo 15:ネオ・ブレイン,"■Ｓ・トリガー（この呪文をシールドゾーンから手札に加える時、コストを支払わずにすぐ唱えてもよい）
■カードを２枚まで引く。",,,,"■ Shield trigger (When this card is put into your hand from your shield zone, you may play it immediately for no cost.)
■ Draw up to 2 cards."
55,flavor,12:0_15:Special/Promo 15:ネオ・ブレイン,知は最も偉大な力なり！,,,,Knowledge is the greatest power!
56,name,13:0_16:Special/Promo 16:魔刻の騎士オルゲイト,魔刻の騎士オルゲイト,,,,"Olgate, Nightmare Samurai"
57,rules,13:0_16:Special/Promo 16:魔刻の騎士オルゲイト,"■Ｗ・ブレイカー（シールドを攻撃したとき、このクリーチャーはシールドを２枚ブレイクする）
■このクリーチャーがバトルゾーンにある間、自分のクリーチャーがバトルゾーンから墓地に置かれるたびに、このクリーチャーをアンタップしてもよい。",,,,"■ Double breaker (This creature breaks 2 shields.)
■ Whenever one of your creatures is destroyed, you may untap this creature."
58,race,13:0_16:Special/Promo 16:魔刻の騎士オルゲイト,デーモン・コマンド,,,,Demon Command
59,name,14:0_17:Special/Promo 17:バルキリー・ドラゴン,バルキリー・ドラゴン,,,,Velyrika Dragon
60,rules,14:0_17:Special/Promo 17:バルキリー・ドラゴン,"■Ｗ・ブレイカー（シールドを攻撃したとき、このクリーチャーはシールドを２枚ブレイクする）
■このクリーチャーがバトルゾーンに出たとき、自分の山札を見る。その中からアーマード・ドラゴンを１体選び、相手に見せてから自分の手札に加えてもよい。その後、山札をシャッフルする。",,,,"■ When you put this creature into the battle zone, search your deck. You may take an Armored Dragon from your deck, show that Armored Dragon to your opponent, and put it into your hand. Then shuffle your deck.
■ Double breaker (This creature breaks 2 shields.)"
61,race,14:0_17:Special/Promo 17:バルキリー・ドラゴン,アーマード・ドラゴン,,,,Armored Dragon
62,name,15:0_18:Special/Promo 18:新星の精霊アルシア,新星の精霊アルシア,,,,"Alshia, Nova Elemental"
63,rules,15:0_18:Special/Promo 18:新星の精霊アルシア,■このクリーチャーをバトルゾーンに出した時、呪文を１枚、自分の墓地から自分の手札に戻してもよい。,,,,"■ When you put this creature into the battle zone, you may return a spell from your graveyard to your hand."
64,flavor,15:0_18:Special/Promo 18:新星の精霊アルシア,暗闇もいつかは消える。眠れぬ夜もいつかは明ける。終わらない苦しみはない。それがこの世界だ。,,,,Even darkness will someday fade. Even a sleepless night will someday see dawn. No suffering lasts forever. Such is this world.
65,race,15:0_18:Special/Promo 18:新星の精霊アルシア,エンジェル・コマンド,,,,Angel Command
66,name,16:0_19:Special/Promo 19:黒神龍バグラザード,黒神龍バグラザード,,,,Necrodragon Bagrazard
67,rules,16:0_19:Special/Promo 19:黒神龍バグラザード,"■このクリーチャーは、相手プレイヤーを攻撃できない。
■このクリーチャーは、タップされていない光のクリーチャーを攻撃できる。",,,,"■ This creature can't attack players.
■ This creature can attack untapped light creatures."
68,flavor,16:0_19:Special/Promo 19:黒神龍バグラザード,身震いで飛び散った棘が、立ち並ぶ天空の塔に深い傷跡を残した。,,,,"When it shook its body, the thorns that fired out left deep scars in the towers lining the skies."
69,race,16:0_19:Special/Promo 19:黒神龍バグラザード,ドラゴン・ゾンビ,,,,Zombie Dragon
70,name,17:0_20:Special/Promo 20:ギガジラス,ギガジラス,,,,Gigajiras
71,rules,17:0_20:Special/Promo 20:ギガジラス,■このクリーチャーが攻撃する時、クリーチャーを１体、自分の墓地から自分の手札に戻してもよい。,,,,"■ Whenever this creature attacks, you may return a creature from your graveyard to your hand."
72,flavor,17:0_20:Special/Promo 20:ギガジラス,異なる脳は異なる思考を命令する。それがキマイラの武器であり、弱点でもある。,,,,Different brains command different thoughts. That is both the Chimera's weapon and its weakness.
73,race,17:0_20:Special/Promo 20:ギガジラス,キマイラ,,,,Chimera
74,name,18:0_21:Special/Promo 21:緑神龍ザールベルグ,緑神龍ザールベルグ,,,,Terradragon Zalberg
75,rules,18:0_21:Special/Promo 21:緑神龍ザールベルグ,■このクリーチャーをバトルゾーンに出した時、相手のマナゾーンからカードを２枚まで選び、持ち主の墓地に置く。,,,,"■ When you put this creature into the battle zone, choose up to 2 cards in your opponent's mana zone and put them into their graveyard."
76,flavor,18:0_21:Special/Promo 21:緑神龍ザールベルグ,龍を怖れよ。そして、他のどの獣も怖れるな。,,,,"Fear the dragons, and no longer fear any other beast."
77,race,18:0_21:Special/Promo 21:緑神龍ザールベルグ,アース・ドラゴン,,,,Earth Dragon
78,name,19:0_22:Special/Promo 22:黒神龍ゼキラ,黒神龍ゼキラ,,,,Necrodragon Zekira
79,rules,19:0_22:Special/Promo 22:黒神龍ゼキラ,■このクリーチャーをバトルゾーンに出した時、自分のクリーチャーを１体破壊する。,,,,"■ When you put this creature, destroy one of your creatures."
80,flavor,19:0_22:Special/Promo 22:黒神龍ゼキラ,どんな犠牲も、勝利よりは軽い。,,,,Victory is worth any sort of sacrifice.
81,race,19:0_22:Special/Promo 22:黒神龍ゼキラ,ドラゴン・ゾンビ,,,,Zombie Dragon
82,name,20:0_23:Special/Promo 23:紅神龍ガルドス,紅神龍ガルドス,,,,Magmadragon Gardos
83,rules,20:0_23:Special/Promo 23:紅神龍ガルドス,"■スピードアタッカー(このクリーチャーは召喚酔いしない）
■このクリーチャーは、相手プレイヤーを攻撃できない。
■自分のターンが終わる時、このクリーチャーを自分の手札に戻す。",,,,"■ Speed attacker (This creature doesn't get summoning sickness.)
■ This creature can't attack players.
■ At the end of your turn, return this creature to your hand."
84,flavor,20:0_23:Special/Promo 23:紅神龍ガルドス,犠牲を強いる勝利ほど虚しいものはない。,,,,There is nothing emptier than victory won through sacrifice.
85,race,20:0_23:Special/Promo 23:紅神龍ガルドス,ボルケーノ・ドラゴン,,,,Volcano Dragon
86,name,21:0_24:Special/Promo 24:キッキ・ヤコッピ,キッキ・ヤコッピ,,,,Kicky Yacoopy
87,rules,21:0_24:Special/Promo 24:キッキ・ヤコッピ,■このクリーチャーは、タップされていないクリーチャーを攻撃できる。,,,,■ This creature can attack untapped creatures.
88,flavor,21:0_24:Special/Promo 24:キッキ・ヤコッピ,つぶらな瞳の探検家。今日も元気に王様捜し。,,,,"An adventurer with cute, round eyes. And today, it cheerfully searches for its prince once again."
89,race,21:0_24:Special/Promo 24:キッキ・ヤコッピ,ファイアー・バード,,,,Fire Bird
90,name,22:0_25:Special/Promo 25:フィスト・ブレーダー,フィスト・ブレーダー,,,,Fist Blader
91,rules,22:0_25:Special/Promo 25:フィスト・ブレーダー,"■ブロッカー（相手クリーチャーが攻撃する時、このクリーチャーをタップして、その攻撃を阻止してもよい。その後、その相手クリーチャーとバトルする）
■このクリーチャーは攻撃することができない。",,,,"■ Blocker (Whenever an opponent's creature attacks, you may tap this creature to stop the attack. Then the 2 creatures battle.)
■ This creature can't attack."
92,flavor,22:0_25:Special/Promo 25:フィスト・ブレーダー,新たな刃は闘いの中で研ぎ澄まされ、竜を貫く時を待つ。,,,,"This new blade is sharpened in the heat of battle, and it waits for the moment it will pierce the dragons themselves."
93,race,22:0_25:Special/Promo 25:フィスト・ブレーダー,マーフォーク,,,,Merfolk
94,name,23:0_26:Special/Promo 26:建機男,建機男,,,,Construction Mutant
95,rules,23:0_26:Special/Promo 26:建機男,■このクリーチャーが破壊される時、墓地に置くかわりに手札に戻してもよい。そうした場合、自分の手札を１枚捨てる。,,,,"■ When this creature would be destroyed, you may return it to your hand instead. If you do, discard a card from your hand."
96,flavor,23:0_26:Special/Promo 26:建機男,掘削への偏執的な愛情が、他の全てを忘れさせた。その忘れっぷりは、気付かず自分の死体を掘削するほどだ。,,,,"Its obsessive love of excavation made it forget everything else. It digs so mindlessly, it could unearth its own corpse without noticing."
97,race,23:0_26:Special/Promo 26:建機男,へドリアン,,,,Hedrian
98,name,24:0_27:Special/Promo 27:ゲットのノコギリ,ゲットのノコギリ,,,,Gett's Saw
99,rules,24:0_27:Special/Promo 27:ゲットのノコギリ,"■このクリーチャーは、可能なら毎ターン攻撃する。
■パワーアタッカー +1000（攻撃中、このクリーチャーのパワーは+1000される）",,,,"■ This creature attacks each turn if able.
■ Power attacker +1000 (While attacking, this creature gets +1000 power.)"
100,flavor,24:0_27:Special/Promo 27:ゲットのノコギリ,小さなボディにたっぷり刃。,,,,A tiny body packed with blades.
101,race,24:0_27:Special/Promo 27:ゲットのノコギリ,ゼノパーツ,,,,Xenoparts
102,name,25:0_28:Special/Promo 28:黒神龍バズラデューダ,黒神龍バズラデューダ,,,,Necrodragon Bazradyuda
103,rules,25:0_28:Special/Promo 28:黒神龍バズラデューダ,"■Ｗ・ブレイカー（このクリーチャーはシールドを２枚ブレイクする）
■このクリーチャーが破壊される時、種族にドラゴンとあるカードを１枚、自分の手札から捨ててもよい。そうした場合、このクリーチャーは墓地に置かれるかわりにバトルゾーンにとどまる。",,,,"■ Double breaker (This creature breaks 2 shields.)
■ When this creature would be destroyed, you may discard a Dragon from your hand. If you do, this creature stays in the battle zone instead."
104,race,25:0_28:Special/Promo 28:黒神龍バズラデューダ,ドラゴン・ゾンビ,,,,Zombie Dragon
105,name,26:0_29:Special/Promo 29:ボルスレッド・ファイアー・ドラゴン,ボルスレッド・ファイアー・ドラゴン,,,,Bolsred Fire Dragon
106,rules,26:0_29:Special/Promo 29:ボルスレッド・ファイアー・ドラゴン,"■Ｗ・ブレイカー（このクリーチャーはシールドを２枚ブレイクする）
■このクリーチャーが攻撃する時、種族にドラゴンとあるクリーチャーを１体、自分の手札から捨ててもよい。そうした場合、そのクリーチャーとパワーが同じかそれ以下の相手のクリーチャーを１体、破壊する。",,,,"■ Double breaker (This creature breaks 2 shields.)
■ Whenever this creature attacks, you may discard a Dragon from your hand. If you do, destroy one of your opponent's creatures that has power equal to or less than the discarded Dragon."
107,race,26:0_29:Special/Promo 29:ボルスレッド・ファイアー・ドラゴン,アーマード・ドラゴン,,,,Armored Dragon
108,name,27:0_30:Special/Promo 30:聖神龍アルティメス,聖神龍アルティメス,,,,"Altimeth, Holy Divine Dragon"
109,rules,27:0_30:Special/Promo 30:聖神龍アルティメス,"■Ｗ・ブレイカー
■自分のクリーチャーはターンの開始時にブロッカーを得る時がある。
■このクリーチャーがバトルゾーンを離れる時、山札の上から一枚目を自分のシールドに加える。
■このクリーチャーがバトルゾーンに出るか墓地に置かれたとき、相手のクリーチャーを数体選んでタップ出来る時がある。",,,,"■ Double breaker
■ Each turn you may have all of your creatures get ""blocker"" until the end of your opponent's turn.
■ When this creature leaves the battle zone, put the top card of your deck into your shield zone face down.
■ When you put this creature into the battle zone, you may tap all your opponent's creatures."
110,race,27:0_30:Special/Promo 30:聖神龍アルティメス,ホーリー・ドラゴン,,,,Holy Dragon
111,name,28:0_31:Special/Promo 31:蒼神龍ウォルフィース,蒼神龍ウォルフィース,,,,"Wolfis, Blue Divine Dragon"
112,rules,28:0_31:Special/Promo 31:蒼神龍ウォルフィース,"■Ｗ・ブレイカー
■このクリーチャーはブロックされない。
■このクリーチャーがバトルゾーンにいる間にシールドが破られる時、そのシールドをシールドトリガーとして使える時がある。
■このクリーチャーが墓地に置かれる時、手札に戻る時がある。",,,,"■ Double breaker (This creature breaks 2 shields.)
■ This creature can't be blocked.
■ While this creature is in the battle zone, whenever one of your shields is broken, there is a chance you can use that shield as a shield trigger.
■ When this creature would be destroyed, there is a chance you may return it to your hand instead."
113,race,28:0_31:Special/Promo 31:蒼神龍ウォルフィース,サイバー・ドラゴン,,,,Cyber Dragon
114,name,29:0_32:Special/Promo 32:黒神龍ガルバロス,黒神龍ガルバロス,,,,Necrodragon Galbalos
115,rules,29:0_32:Special/Promo 32:黒神龍ガルバロス,"■Ｗ・ブレイカー
■このクリーチャーが、バトルゾーンに出るか攻撃するか墓地に置かれた時に、何かが起こる事がある。",,,,"■ Double breaker
■ Whenever this creature attacks or is put into your graveyard from the battle zone, you may choose one of the following. These effects can only be used once per turn:
> Put one of your opponent's shields into their graveyard.
> Your opponent discards a card from their hand.
> Destroy one of your opponent's creatures."
116,race,29:0_32:Special/Promo 32:黒神龍ガルバロス,ドラゴン・ゾンビ,,,,Zombie Dragon
117,name,30:0_33:Special/Promo 33:ボルブレイズ・ドラゴン,ボルブレイズ・ドラゴン,,,,Bolblaze Dragon
118,rules,30:0_33:Special/Promo 33:ボルブレイズ・ドラゴン,"■Ｗ・ブレイカー
■スピードアタッカー
■このクリーチャーが攻撃する時、相手のマナゾーンが減る事がある。
■このクリーチャーがシールドをブレイクする時、相手は直接そのシールドを墓地に置く事がある。
■このクリーチャーはタップされていないクリーチャーを攻撃できる時がある。",,,,"■ Double breaker (This creature breaks 2 shields.)
■ Speed attacker (This creature doesn't get summoning sickness.)
■ Whenever this creature attacks, there is a chance 2 cards are put from your opponent's mana zone into their graveyard.
■ Whenever this creature breaks a shield, there is a chance your opponent puts that shield into their graveyard instead.
■ There is a chance this creature can attack untapped creatures."
119,race,30:0_33:Special/Promo 33:ボルブレイズ・ドラゴン,アーマード・ドラゴン,,,,Armored Dragon
120,name,31:0_34:Special/Promo 34:緑神龍ハルクーンベルガ,緑神龍ハルクーンベルガ,,,,Terradragon Hulcoon Berga
121,rules,31:0_34:Special/Promo 34:緑神龍ハルクーンベルガ,"■このクリーチャーがタップされている時、バトルゾーンにいる自分の他のクリーチャーはＷ・ブレイカーとパワーアタッカー+4000を得る。
■毎ターン、このクリーチャーのパワーはランダムに強くなる。
■このクリーチャーは、パワーによってはＷ・ブレイカーかトリプルブレイカーを得る。",,,,"■ While this creature is tapped, your other creatures in the battle zone get ""power attacker +4000"" and ""double breaker"".
■ This creature's power randomly increases at the end of each turn while it is tapped.
■ This creature gets ""Double Breaker"" or ""Triple Breaker"" depending on its power."
122,race,31:0_34:Special/Promo 34:緑神龍ハルクーンベルガ,アース・ドラゴン,,,,Earth Dragon
123,name,32:0_35:Special/Promo 35:神滅竜騎ガルザーク,神滅竜騎ガルザーク,,,,"Galzark, Divine Destruction Dragon Knight"
124,rules,32:0_35:Special/Promo 35:神滅竜騎ガルザーク,"■マナゾーンに置く時、このカードはタップして置く。
■バトルゾーンに自分のドラゴンが他に１体でもあれば、このクリーチャーは「パワーアタッカー+6000」と「Ｔ・ブレイカー」を得る。
■Ｗ・ブレイカー
■このクリーチャーは攻撃されない。",,,,"(This creature is put into your mana zone tapped.)
■ Double breaker (This creature breaks 2 shields.)
■ This creature can't be attacked.
■ If you have at least another Dragon in the battle zone, this creature gets ""Power attacker +6000"" and ""Triple breaker"". (A creature that has ""triple breaker"" breaks 3 shields.)"
125,flavor,32:0_35:Special/Promo 35:神滅竜騎ガルザーク,滅びの声が響く時、世界の歴史は悲鳴をあげる。,,,,"When it lets out its roar of destruction, the history of the world cries out in anguish."
126,race,32:0_35:Special/Promo 35:神滅竜騎ガルザーク,アーマード・ドラゴン/ドラゴン・ゾンビ,,,,Armored Dragon/Zombie Dragon
127,name,33:0_36:Special/Promo 36:勇騎恐皇フォルテ,勇騎恐皇フォルテ,,,,"Forte, Brave Fear Lord"
128,rules,33:0_36:Special/Promo 36:勇騎恐皇フォルテ,"■マナゾーンに置く時、このカードはタップして置く。
■このクリーチャーがブロックされた時、「ブロッカー」を持つ相手のクリー
チャーをすべて破壊する。
■Ｗ・ブレイカー",,,,"(This creature is put into your mana zone tapped.)
■ Whenever this creature is blocked, destroy all your opponent's creatures that have ""blocker"".
■ Double breaker"
129,flavor,33:0_36:Special/Promo 36:勇騎恐皇フォルテ,異世界よりの刺客は闇に導かれ、その憎悪は業火よりも深く熱い。,,,,"Assassins from the other world are guided by darkness, stoking their hatred deeper than the fires of hell."
130,race,33:0_36:Special/Promo 36:勇騎恐皇フォルテ,ダークロード/ヒューマノイド,,,,Dark Lord/Human
131,name,34:0_37:Special/Promo 37:無双竜機ドルザーク,無双竜機ドルザーク,,,,Super Dragon Machine Dolzark
132,rules,34:0_37:Special/Promo 37:無双竜機ドルザーク,"■マナゾーンに置く時、このカードはタップして置く。
■自分の他の、種族にドラゴンとあるクリーチャーが攻撃した時、バトルゾーン
にある相手のパワー5000以下のクリーチャーを１体選び、持ち主のマナゾーンに置いてもよい。
■Ｗ・ブレイカー",,,,"■ (This creature is put into your mana zone tapped.)
■ Whenever one of your other creatures that has Dragon in its race attacks, you may choose one of your opponent's creatures in the battle zone that has power 5000 or less and put it into his mana zone.
■ Double breaker (This creature breaks 2 shields.)"
133,flavor,34:0_37:Special/Promo 37:無双竜機ドルザーク,宿命の出会いで死闘は始まり、運命の再会で闘いは終わる。,,,,
134,race,34:0_37:Special/Promo 37:無双竜機ドルザーク,アーマード・ドラゴン/アース・ドラゴン,,,,Armored Dragon/Earth Dragon
135,name,35:1_100:DM-01 100:凶戦士ブレイズ・クロー,凶戦士ブレイズ・クロー,,,,Deadly Fighter Braid Claw
136,rules,35:1_100:DM-01 100:凶戦士ブレイズ・クロー,■このクリーチャーは、毎ターン攻撃しなければならない。,,,,■ This creature attacks each turn if able.
137,race,35:1_100:DM-01 100:凶戦士ブレイズ・クロー,ドラゴノイド,,,,Dragonoid
138,name,36:1_8:DM-01 8:ボルシャック・ドラゴン,ボルシャック・ドラゴン,,,,Bolshack Dragon
139,rules,36:1_8:DM-01 8:ボルシャック・ドラゴン,"■Ｗ・ブレイカー（シールドを攻撃したとき、このクリーチャーはシールドを２枚ブレイクする。）
■攻撃中、このクリーチャーのパワーは、自分の墓地にある火のカード１枚につき+1000される。",,,,"■ While attacking, this creature gets +1000 power for each fire card in your graveyard.
■ Double breaker (This creature breaks 2 shields.)"
140,flavor,36:1_8:DM-01 8:ボルシャック・ドラゴン,その怒りに触れたために、ひとつの都市が消滅した。,,,,
141,race,36:1_8:DM-01 8:ボルシャック・ドラゴン,アーマード・ドラゴン,,,,Armored Dragon
142,name,37:1_98:DM-01 98:喧嘩屋タイラー,喧嘩屋タイラー,,,,Brawler Zyler
143,rules,37:1_98:DM-01 98:喧嘩屋タイラー,■パワーアタッカー +2000（攻撃中、このクリーチャーのパワーは+2000される。）,,,,"■ Power attacker +2000 (While attacking, this creature gets +2000 power.)"
144,flavor,37:1_98:DM-01 98:喧嘩屋タイラー,「やめときな。怪我するぜ。」　喧嘩屋タイラー,,,,
145,race,37:1_98:DM-01 98:喧嘩屋タイラー,ヒューマノイド,,,,Human
146,name,38:1_83:DM-01 83:アクア・ビークル,アクア・ビークル,,,,Aqua Vehicle
147,race,38:1_83:DM-01 83:アクア・ビークル,リキッド・ピープル,,,,Liquid People
148,name,39:1_76:DM-01 76:蒼天の守護者ラ・ウラ・ギガ,蒼天の守護者ラ・ウラ・ギガ,,,,"La Ura Giga, Sky Guardian"
149,rules,39:1_76:DM-01 76:蒼天の守護者ラ・ウラ・ギガ,"■ブロッカー（相手クリーチャーが攻撃するとき、このクリーチャーをタップして、その攻撃を阻止してよい。そのあと、その相手クリーチャーとバトルする。）
■このクリーチャーは、相手プレイヤーを攻撃できない。",,,,"■ Blocker (Whenever an opponent's creature attacks, you may tap this creature to stop the attack. Then the 2 creatures battle.)
■ This creature can't attack players."
150,flavor,39:1_76:DM-01 76:蒼天の守護者ラ・ウラ・ギガ,守護者たちは輝く翼を授けられた。天空の都市を守るためである。,,,,
151,race,39:1_76:DM-01 76:蒼天の守護者ラ・ウラ・ギガ,ガーディアン,,,,Guardian
152,name,40:1_89:DM-01 89:ブラッディ・イヤリング,ブラッディ・イヤリング,,,,Bloody Squito
153,rules,40:1_89:DM-01 89:ブラッディ・イヤリング,"■ブロッカー（相手クリーチャーが攻撃するとき、このクリーチャーをタップして、その攻撃を阻止してよい。そのあと、その相手クリーチャーとバトルする。）
■このクリーチャーは攻撃することができない。
■このクリーチャーはバトルに勝っても、バトルのあと、持ち主の墓地に置かれる。",,,,"■ Blocker (Whenever an opponent's creature attacks, you may tap this creature to stop the attack. Then the 2 creatures battle.)
■ This creature can't attack.
■ When this creature wins a battle, destroy it."
154,flavor,40:1_89:DM-01 89:ブラッディ・イヤリング,闇にまぎれて落ちて来る。小さな小さな小さな死神。,,,,"It descends hidden in the darkness. A tiny, tiny, tiny grim reaper."
155,race,40:1_89:DM-01 89:ブラッディ・イヤリング,ブレインジャッカー,,,,Brain Jacker
156,name,41:1_69:DM-01 69:シビレアシダケ,シビレアシダケ,,,,Poisonous Mushroom
157,rules,41:1_69:DM-01 69:シビレアシダケ,■このクリーチャーがバトルゾーンに出たとき、自分の手札からカードを１枚選び、自分のマナゾーンに置いてよい。,,,,"■ When you put this creature into the battle zone, you may put 1 card from your hand into your mana zone."
158,race,41:1_69:DM-01 69:シビレアシダケ,バルーン・マッシュルーム,,,,Balloon Mushroom
159,name,42:1_84:DM-01 84:アクア・ガード,アクア・ガード,,,,Aqua Guard
160,rules,42:1_84:DM-01 84:アクア・ガード,"■ブロッカー（相手クリーチャーが攻撃するとき、このクリーチャーをタップして、その攻撃を阻止してよい。そのあと、その相手クリーチャーとバトルする。）
■このクリーチャーは攻撃することができない。",,,,"■ Blocker (Whenever an opponent's creature attacks, you may tap this creature to stop the attack. Then the 2 creatures battle.)
■ This creature can't attack."
161,flavor,42:1_84:DM-01 84:アクア・ガード,水の力をあなどってはいけない。たった一滴でも、岩をもけずる力をかくしている。,,,,
162,race,42:1_84:DM-01 84:アクア・ガード,リキッド・ピープル,,,,Liquid People
163,name,43:1_73:DM-01 73:雷光の使徒ミール,雷光の使徒ミール,,,,"Miele, Vizier of Lightning"
164,rules,43:1_73:DM-01 73:雷光の使徒ミール,■このクリーチャーがバトルゾーンに出たとき、バトルゾーンにある相手のクリーチャーを１体選び、タップしてよい。,,,,"■ When you put this creature into the battle zone, you may choose one of your opponent's creatures in the battle zone and tap it."
165,flavor,43:1_73:DM-01 73:雷光の使徒ミール,雷光の使徒よ、覚醒せよ。汝の目は審判の弓なり。,,,,
166,race,43:1_73:DM-01 73:雷光の使徒ミール,イニシエート,,,,Initiate
167,name,44:1_90:DM-01 90:うごめく者ボーン・グール,うごめく者ボーン・グール,,,,Writhing Bone Ghoul
168,flavor,44:1_90:DM-01 90:うごめく者ボーン・グール,彼らは知性を捨て、永遠の命を求めた。そして、永遠の苦しみを受け取った。,,,,
169,race,44:1_90:DM-01 90:うごめく者ボーン・グール,リビング・デッド,,,,Living Dead
170,name,45:1_82:DM-01 82:狩猟魚,狩猟魚,,,,Hunter Fish
171,rules,45:1_82:DM-01 82:狩猟魚,"■ブロッカー（相手クリーチャーが攻撃するとき、このクリーチャーをタップして、その攻撃を阻止してよい。そのあと、その相手クリーチャーとバトルする。）
■このクリーチャーは攻撃することができない。",,,,"■ Blocker (Whenever an opponent's creature attacks, you may tap this creature to stop the attack. Then the 2 creatures battle.)
■ This creature can't attack."
172,flavor,45:1_82:DM-01 82:狩猟魚,サンゴ礁のすきまに隠れていて、餌が近づくと猛然と襲いかかる。,,,,
173,race,45:1_82:DM-01 82:狩猟魚,フィッシュ,,,,Fish
174,name,46:1_32:DM-01 32:銃神兵ディオライオス,銃神兵ディオライオス,,,,"Rothus, the Traveler"
175,rules,46:1_32:DM-01 32:銃神兵ディオライオス,■このクリーチャーがバトルゾーンに出たとき、各プレイヤーはバトルゾーンにある自分のクリーチャーを１体ずつ選び、それぞれの墓地に置く。,,,,"■ When you put this creature into the battle zone, destroy one of your creatures. Then your opponent chooses one of his creatures and destroys it."
176,race,46:1_32:DM-01 32:銃神兵ディオライオス,アーマロイド,,,,Armorloid
177,name,47:1_10:DM-01 10:トゲ刺しマンドラ,トゲ刺しマンドラ,,,,Thorny Mandra
178,rules,47:1_10:DM-01 10:トゲ刺しマンドラ,■このクリーチャーがバトルゾーンに出たとき、自分の墓地からクリーチャーを１体選び、自分のマナゾーンに置いてよい。,,,,"■ When you put this creature into the battle zone, you may put 1 creature from your graveyard into your mana zone."
179,flavor,47:1_10:DM-01 10:トゲ刺しマンドラ,美しい花。甘い匂い。毒のトゲ。,,,,
180,race,47:1_10:DM-01 10:トゲ刺しマンドラ,ツリーフォーク,,,,Tree Folk
181,name,48:1_S7:DM-01 S7:クリムゾン・ワイバーン,クリムゾン・ワイバーン,,,,Scarlet Skyterror
182,rules,48:1_S7:DM-01 S7:クリムゾン・ワイバーン,■このクリーチャーがバトルゾーンに出たとき、バトルゾーンにある「ブロッカー」を持つクリーチャーをすべて、持ち主の墓地に置く。,,,,"■ When you put this creature into the battle zone, destroy all creatures that have ""blocker""."
183,race,48:1_S7:DM-01 S7:クリムゾン・ワイバーン,アーマード・ワイバーン,,,,Armored Wyvern
184,name,49:1_80:DM-01 80:アクア・ハルカス,アクア・ハルカス,,,,Aqua Hulcus
185,rules,49:1_80:DM-01 80:アクア・ハルカス,■このクリーチャーがバトルゾーンに出たとき、カードを１枚引いてよい。,,,,"■ When you put this creature into the battle zone, you may draw a card."
186,flavor,49:1_80:DM-01 80:アクア・ハルカス,リキッド・ピープルは液体を自在に操る。彼らにとって、水は鎧であり剣である。,,,,
187,race,49:1_80:DM-01 80:アクア・ハルカス,リキッド・ピープル,,,,Liquid People
188,name,50:1_3:DM-01 3:キング・ポセイドン,キング・ポセイドン,,,,King Ripped-Hide
189,rules,50:1_3:DM-01 3:キング・ポセイドン,■このクリーチャーがバトルゾーンに出たとき、カードを２枚引いてよい。,,,,"■ When you put this creature into the battle zone, draw up to 2 cards."
190,flavor,50:1_3:DM-01 3:キング・ポセイドン,はるか昔、サイバーロードは彼の背中に都市を築いた。,,,,
191,race,50:1_3:DM-01 3:キング・ポセイドン,リヴァイアサン,,,,Leviathan
192,name,51:1_S1:DM-01 S1:光輪の精霊シャウナ,光輪の精霊シャウナ,,,,"Hanusa, Radiance Elemental"
193,rules,51:1_S1:DM-01 S1:光輪の精霊シャウナ,■Ｗ・ブレイカー（シールドを攻撃したとき、このクリーチャーはシールドを２枚ブレイクする。）,,,,■ Double breaker (This creature breaks 2 shields.)
194,flavor,51:1_S1:DM-01 S1:光輪の精霊シャウナ,ドラゴンの炎が天を焼き、精霊の光線が大地をえぐった。その戦いは七日七晩のあいだ続いた。,,,,
195,race,51:1_S1:DM-01 S1:光輪の精霊シャウナ,エンジェル・コマンド,,,,Angel Command
196,name,52:1_81:DM-01 81:キャンディ・ドロップ,キャンディ・ドロップ,,,,Candy Drop
197,rules,52:1_81:DM-01 81:キャンディ・ドロップ,■このクリーチャーはブロックされない。,,,,■ This creature can't be blocked.
198,race,52:1_81:DM-01 81:キャンディ・ドロップ,サイバー・ウィルス,,,,Cyber Virus
199,name,53:1_97:DM-01 97:不死身男爵ボーグ,不死身男爵ボーグ,,,,"Immortal Baron, Vorg"
200,flavor,53:1_97:DM-01 97:不死身男爵ボーグ,「わかるか。相手よりでかい武器を持ってるやつが勝つんだよ。」　不死身男爵ボーグ,,,,
201,race,53:1_97:DM-01 97:不死身男爵ボーグ,ヒューマノイド,,,,Human
202,name,54:1_71:DM-01 71:翡翠樹,翡翠樹,,,,Senatine Jade Tree
203,rules,54:1_71:DM-01 71:翡翠樹,"■ブロッカー（相手クリーチャーが攻撃するとき、このクリーチャーをタップして、その攻撃を阻止してよい。そのあと、その相手クリーチャーとバトルする。）
■このクリーチャーは、相手プレイヤーを攻撃できない。",,,,"■ Blocker (Whenever an opponent's creature attacks, you may tap this creature to stop the attack. Then the 2 creatures battle.)
■ This creature can't attack players."
204,flavor,54:1_71:DM-01 71:翡翠樹,天空をただよう木々は、汚れた空気から美しい光を作り出す。,,,,
205,race,54:1_71:DM-01 71:翡翠樹,スターライト・ツリー,,,,Starlight Tree
206,name,55:1_74:DM-01 74:碧玉草,碧玉草,,,,Emerald Grass
207,rules,55:1_74:DM-01 74:碧玉草,"■ブロッカー（相手クリーチャーが攻撃するとき、このクリーチャーをタップして、その攻撃を阻止してよい。そのあと、その相手クリーチャーとバトルする。）
■このクリーチャーは、相手プレイヤーを攻撃できない。",,,,"■ Blocker (Whenever an opponent's creature attacks, you may tap this creature to stop the attack. Then the 2 creatures battle.)
■ This creature can't attack players."
208,flavor,55:1_74:DM-01 74:碧玉草,「光る花、降ってくる。触る、しびれる。食う、しびれる。」　象族の戦士マイティ・ハウリング,,,,"""Glowing flowers fall. Touch them, tingle. Eat them, tingle."" - Mighty Howling, Elephant Warrior"
209,race,55:1_74:DM-01 74:碧玉草,スターライト・ツリー,,,,Starlight Tree
210,name,56:1_64:DM-01 64:トルネード・フレーム,トルネード・フレーム,,,,Tornado Flame
211,rules,56:1_64:DM-01 64:トルネード・フレーム,"■Ｓ・トリガー（このカードをシールドゾーンから手札に戻すとき、コストを支払わずにすぐ使ってよい。）
■バトルゾーンにある、パワー4000以下の相手のクリーチャーを１体選び、持ち主の墓地に置く。",,,,"■ Shield trigger (When this card is put into your hand from your shield zone, you may play it immediately for no cost.)
■ Destroy one of your opponent's creatures that has power 4000 or less."
212,flavor,56:1_64:DM-01 64:トルネード・フレーム,くらえ!　あとかたもなく燃えつきろ!,,,,"""Take this! Burn away without a trace!"""
213,name,57:1_39:DM-01 39:ナチュラル・トラップ,ナチュラル・トラップ,,,,Natural Snare
214,rules,57:1_39:DM-01 39:ナチュラル・トラップ,"■Ｓ・トリガー（このカードをシールドゾーンから手札に戻すとき、コストを支払わずにすぐ使ってよい。）
■バトルゾーンにある相手のクリーチャーを１体選び、持ち主のマナゾーンに置く。",,,,"■ Shield trigger (When this card is put into your hand from your shield zone, you may play it immediately for no cost.)
■ Choose one of your opponent's creatures in the battle zone and put it into his mana zone."
215,flavor,57:1_39:DM-01 39:ナチュラル・トラップ,さあ、母なる大地に帰るんだ。,,,,"""Now, return to Mother Earth."""
216,name,58:1_2:DM-01 2:真理の伝道師レイーラ,真理の伝道師レイーラ,,,,"Rayla, Truth Enforcer"
217,rules,58:1_2:DM-01 2:真理の伝道師レイーラ,■このクリーチャーがバトルゾーンに出たとき、自分の山札から呪文を１枚さがして相手に見せ、自分の手札に加える。そのあと、山札をシャッフルする。,,,,"■ When you put this creature into the battle zone, search your deck. You may take a spell from your deck, show that spell to your opponent, and put it into your hand. Then shuffle your deck."
218,flavor,58:1_2:DM-01 2:真理の伝道師レイーラ,伝道師たちは予言者の言葉を伝え、言葉は真理の力を持つだろう。,,,,
219,race,58:1_2:DM-01 2:真理の伝道師レイーラ,バーサーカー,,,,Berserker
220,name,59:1_106:DM-01 106:青銅の鎧,青銅の鎧,,,,Bronze-Arm Tribe
221,rules,59:1_106:DM-01 106:青銅の鎧,■このクリーチャーがバトルゾーンに出たとき、自分の山札の一番上のカードを表にして自分のマナゾーンに置く。,,,,"■ When you put this creature into the battle zone, put the top card of your deck into your mana zone."
222,race,59:1_106:DM-01 106:青銅の鎧,ビーストフォーク,,,,Beast Folk
223,name,60:1_109:DM-01 109:アルティメット・フォース,アルティメット・フォース,,,,Ultimate Force
224,rules,60:1_109:DM-01 109:アルティメット・フォース,■自分の山札の一番上のカードを２枚、表にして自分のマナゾーンに置く。,,,,■ Put the top 2 cards of your deck into your mana zone.
225,flavor,60:1_109:DM-01 109:アルティメット・フォース,偉大なる大地よ、我に力を!,,,,
226,name,61:1_101:DM-01 101:クリムゾン・ハンマー,クリムゾン・ハンマー,,,,Crimson Hammer
227,rules,61:1_101:DM-01 101:クリムゾン・ハンマー,■バトルゾーンにある、パワー2000以下の相手のクリーチャーを１体選び、持ち主の墓地に置く。,,,,■ Destroy 1 of your opponent's creatures that has power 2000 or less.
228,flavor,61:1_101:DM-01 101:クリムゾン・ハンマー,油断は死を意味する－。,,,,
229,name,62:1_27:DM-01 27:デーモン・ハンド,デーモン・ハンド,,,,Terror Pit
230,rules,62:1_27:DM-01 27:デーモン・ハンド,"■Ｓ・トリガー（このカードをシールドゾーンから手札に戻すとき、コストを支払わずにすぐ使ってよい。）
■バトルゾーンにある相手のクリーチャーを１体選び、持ち主の墓地に置く。",,,,"■ Shield trigger (When this card is put into your hand from your shield zone, you may play it immediately for no cost.)
■ Destroy one of your opponent's creatures."
231,flavor,62:1_27:DM-01 27:デーモン・ハンド,悪魔どもよ、地獄の底まで連れて行け!,,,,"""Demons, drag them to the depths of hell!"""
232,name,63:1_58:DM-01 58:ダーク・リバース,ダーク・リバース,,,,Dark Reversal
233,rules,63:1_58:DM-01 58:ダーク・リバース,"■Ｓ・トリガー（このカードをシールドゾーンから手札に戻すとき、コストを支払わずにすぐ使ってよい。）
■自分の墓地からクリーチャーを１体選び、自分の手札に戻す。",,,,"■ Shield trigger (When this card is put into your hand from your shield zone, you may play it immediately for no cost.)
■ Return a creature from your graveyard to your hand."
234,flavor,63:1_58:DM-01 58:ダーク・リバース,よみがえれ!　暗黒の戦士よ!,,,,"""Rise again, warrior of darkness!"""
235,name,64:1_52:DM-01 52:サイバー・ブレイン,サイバー・ブレイン,,,,Cyber Brain
236,rules,64:1_52:DM-01 52:サイバー・ブレイン,"■Ｓ・トリガー（このカードをシールドゾーンから手札に戻すとき、コストを支払わずにすぐ使ってよい。）
■自分の山札からカードを３枚まで引く。",,,,"■ Shield trigger (When this spell is put into your hand from your shield zone, you may cast it immediately for no cost.)
■ Draw up to 3 cards."
237,flavor,64:1_52:DM-01 52:サイバー・ブレイン,もうあきらめたら?,,,,Why don't you just give up?
238,name,65:1_94:DM-01 94:ゴースト・タッチ,ゴースト・タッチ,,,,Ghost Touch
239,rules,65:1_94:DM-01 94:ゴースト・タッチ,"■Ｓ・トリガー（このカードをシールドゾーンから手札に戻すとき、コストを支払わずにすぐ使ってよい。）
■相手の手札からカードを１枚見ないで選び、相手はそれを持ち主の墓地に置く。",,,,"■ Shield trigger (When this card is put into your hand from your shield zone, you may play it immediately for no cost.)
■ Your opponent discards a card at random from his hand."
240,flavor,65:1_94:DM-01 94:ゴースト・タッチ,思い知るがいい、それが絶望というものだ!,,,,"""Now you will learn what despair truly is!"""
241,name,66:1_15:DM-01 15:ホーリー・スパーク,ホーリー・スパーク,,,,Holy Awe
242,rules,66:1_15:DM-01 15:ホーリー・スパーク,"■Ｓ・トリガー（このカードをシールドゾーンから手札に戻すとき、コストを支払わずにすぐ使ってよい。）
■バトルゾーンにある相手のクリーチャーすべてをタップする。",,,,"■ Shield trigger (When this card is put into your hand from your shield zone, you may play it immediately for no cost.)
■ Tap all your opponent's creatures in the battle zone."
243,flavor,66:1_15:DM-01 15:ホーリー・スパーク,そこまでだ。もうゆるさない。,,,,"""That is enough. I will not forgive you."""
244,name,67:2_24:DM-02 24:クリスタル・ランサー,クリスタル・ランサー,,,,Crystal Lancer
245,rules,67:2_24:DM-02 24:クリスタル・ランサー,"■進化－自分のリキッド・ピープル１体の上に置く。
■Ｗ・ブレイカー（シールドを攻撃したとき、このクリーチャーはシールドを２枚ブレイクする。）
■このクリーチャーはブロックされない。",,,,"■ Evolution-Put on one of your Liquid People.
■ This creature can't be blocked.
■ Double breaker (This creature breaks 2 shields.)"
246,race,67:2_24:DM-02 24:クリスタル・ランサー,リキッド・ピープル,,,,Liquid People
247,name,68:2_27:DM-02 27:魔獣虫カオス・ワーム,魔獣虫カオス・ワーム,,,,Chaos Worm
248,rules,68:2_27:DM-02 27:魔獣虫カオス・ワーム,"■進化－自分のパラサイトワーム１体の上に置く。
■このクリーチャーがバトルゾーンに出たとき、バトルゾーンにある相手のクリーチャーを１体選び、持ち主の墓地に置いてよい。",,,,"■ Evolution-Put on one of your Parasite Worms.
■ When you put this creature into the battle zone, you may destroy one of your opponent's creatures."
249,race,68:2_27:DM-02 27:魔獣虫カオス・ワーム,パラサイトワーム,,,,Parasite Worm
250,name,69:2_33:DM-02 33:大勇者「大地の猛攻」,大勇者「大地の猛攻」,,,,"Barkwhip, the Smasher"
251,rules,69:2_33:DM-02 33:大勇者「大地の猛攻」,"■進化－自分のビーストフォーク１体の上に置く。
■このクリーチャーがバトルゾーンにあり、タップされていれば、バトルゾーンにある自分の他のビーストフォークすべてのパワーは、+2000される。",,,,"■ Evolution-Put on one of your Beast Folk.
■ While this creature is tapped, each of your other Beast Folk in the battle zone gets +2000 power."
252,flavor,69:2_33:DM-02 33:大勇者「大地の猛攻」,怒りが究極の力を呼び起こす。,,,,
253,race,69:2_33:DM-02 33:大勇者「大地の猛攻」,ビーストフォーク,,,,Beast Folk
254,name,70:2_4:DM-02 4:ボルザード・ドラゴン,ボルザード・ドラゴン,,,,Bolzard Dragon
255,rules,70:2_4:DM-02 4:ボルザード・ドラゴン,■このクリーチャーが攻撃するとき、相手のマナゾーンからカードを１枚選び、持ち主の墓地に置く。,,,,"■ Whenever this creature attacks, choose a card in your opponent's mana zone and put it into his graveyard."
256,flavor,70:2_4:DM-02 4:ボルザード・ドラゴン,東のボルシャックが目覚める時、西のボルザードが咆哮する。,,,,
257,race,70:2_4:DM-02 4:ボルザード・ドラゴン,アーマード・ドラゴン,,,,Armored Dragon
258,name,71:2_S3:DM-02 S3:魔翼虫ジェノサイド・ワーム,魔翼虫ジェノサイド・ワーム,,,,Ultracide Worm
259,rules,71:2_S3:DM-02 S3:魔翼虫ジェノサイド・ワーム,"■進化－自分のパラサイトワーム１体の上に置く。
■Ｗ・ブレイカー（シールドを攻撃したとき、このクリーチャーはシールドを２枚ブレイクする。）",,,,"■ Evolution-Put on one of your Parasite Worms.
■ Double breaker (This creature breaks 2 shields.)"
260,race,71:2_S3:DM-02 S3:魔翼虫ジェノサイド・ワーム,パラサイトワーム,,,,Parasite Worm
261,name,72:2_19:DM-02 19:鳴動するギガ・ホーン,鳴動するギガ・ホーン,,,,Rumbling Terahorn
262,rules,72:2_19:DM-02 19:鳴動するギガ・ホーン,■このクリーチャーがバトルゾーンに出たとき、自分の山札からクリーチャーを１枚さがして相手に見せ、自分の手札に加える。そのあと、山札をシャッフルする。,,,,"■ When you put this creature into the battle zone, search your deck. You may take a creature from your deck, show that creature to your opponent, and put it into your hand. Then shuffle your deck."
263,race,72:2_19:DM-02 19:鳴動するギガ・ホーン,ホーン・ビースト,,,,Horned Beast
264,name,73:2_21:DM-02 21:守護聖天ラルバ・ギア,守護聖天ラルバ・ギア,,,,"Larba Geer, the Immaculate"
265,rules,73:2_21:DM-02 21:守護聖天ラルバ・ギア,"■進化－自分のガーディアン１体の上に置く。 
■このクリーチャーがバトルゾーンに出たとき、バトルゾーンにある相手の「ブロッカー」を持つクリーチャーをすべてタップする。",,,,"■ Evolution-Put on one of your Guardians.
■ When you put this creature into the battle zone, tap all your opponent's creatures in the battle zone that have ""blocker""."
266,race,73:2_21:DM-02 21:守護聖天ラルバ・ギア,ガーディアン,,,,Guardian
267,name,74:2_39:DM-02 39:ロジック・キューブ,ロジック・キューブ,,,,Logic Cube
268,rules,74:2_39:DM-02 39:ロジック・キューブ,"■Ｓ・トリガー（このカードをシールドゾーンから手札に戻すとき、コストを支払わずにすぐ使ってよい。）
■自分の山札から呪文を１枚さがして相手に見せ、自分の手札に加える。そのあと、山札をシャッフルする。",,,,"■ Shield trigger (When this card is put into your hand from your shield zone, you may play it immediately for no cost.)
■ Search your deck. You may take a spell from your deck, show that spell to your opponent, and put it into your hand. Then shuffle your deck."
269,name,75:2_S2:DM-02 S2:クリスタル・パラディン,クリスタル・パラディン,,,,Crystal Paladin
270,rules,75:2_S2:DM-02 S2:クリスタル・パラディン,"■進化－自分のリキッド・ピープル１体の上に置く。
■このクリーチャーがバトルゾーンに出たとき、バトルゾーンにある「ブロッカー」を持つクリーチャーをすべて、持ち主の手札に戻す。",,,,"■ Evolution-Put on one of your Liquid People.
■ When you put this creature into the battle zone, return all creatures in the battle zone that have ""blocker"" to their owners' hands."
271,race,75:2_S2:DM-02 S2:クリスタル・パラディン,リキッド・ピープル,,,,Liquid People
272,name,76:2_26:DM-02 26:ディープ・オペレーション,ディープ・オペレーション,,,,Thought Probe
273,rules,76:2_26:DM-02 26:ディープ・オペレーション,"■Ｓ・トリガー（このカードをシールドゾーンから手札に戻すとき、コストを支払わずにすぐ使ってよい。）
■バトルゾーンにある相手のクリーチャーと同じ枚数のカードを引く。",,,,"■ Shield trigger (When this card is put into your hand from your shield zone, you may play it immediately for no cost.)
■ When you cast this spell, if your opponent has 3 or more creatures in the battle zone, draw 3 cards."
274,name,77:2_28:DM-02 28:貪欲の影グレイ・バルーン,貪欲の影グレイ・バルーン,,,,"Gray Balloon, Shadow of Greed"
275,rules,77:2_28:DM-02 28:貪欲の影グレイ・バルーン,"■ブロッカー（相手クリーチャーが攻撃するとき、このクリーチャーをタップして、その攻撃を阻止してよい。そのあと、その相手クリーチャーとバトルする。）
■このクリーチャーは、相手プレイヤーを攻撃できない。",,,,"■ Blocker (Whenever an opponent's creature attacks, you may tap this creature to stop the attack. Then the 2 creatures battle.)
■ This creature can't attack players."
276,flavor,77:2_28:DM-02 28:貪欲の影グレイ・バルーン,むさぼり食うことでは満たされない飢えがある。,,,,
277,race,77:2_28:DM-02 28:貪欲の影グレイ・バルーン,ゴースト,,,,Ghost
278,name,78:2_47:DM-02 47:クリティカル・ブレード,クリティカル・ブレード,,,,Critical Blade
279,rules,78:2_47:DM-02 47:クリティカル・ブレード,"■Ｓ・トリガー（このカードをシールドゾーンから手札に戻すとき、コストを支払わずにすぐ使ってよい。）
■バトルゾーンにある相手の「ブロッカー」を持つクリーチャーを１体選び、持ち主の墓地に置く。",,,,"■ Shield trigger (When this card is put into your hand from your shield zone, you may play it immediately for no cost.)
■ Destroy one of your opponent's creatures that has ""blocker""."
280,name,79:2_49:DM-02 49:小さな勇者ゲット,小さな勇者ゲット,,,,Mini Titan Gett
281,rules,79:2_49:DM-02 49:小さな勇者ゲット,"■パワーアタッカー +1000（攻撃中、このクリーチャーのパワーは+1000される。）
■このクリーチャーは、毎ターン攻撃しなければならない。",,,,"■ This creature attacks each turn if able.
■ Power attacker +1000 (While attacking, this creature gets +1000 power.)"
282,flavor,79:2_49:DM-02 49:小さな勇者ゲット,「絶対、機神装甲を着られるくらい強くなるんだ!」　小さな勇者ゲット,,,,
283,race,79:2_49:DM-02 49:小さな勇者ゲット,ヒューマノイド,,,,Human
284,name,80:2_32:DM-02 32:バースト・ショット,バースト・ショット,,,,Burst Shot
285,rules,80:2_32:DM-02 32:バースト・ショット,"■Ｓ・トリガー（このカードをシールドゾーンから手札に戻すとき、コストを支払わずにすぐ使ってよい。）
■各プレイヤーは、バトルゾーンにあるパワー 2000以下のクリーチャーすべてを、それぞれの墓地に置く。",,,,"■ Shield trigger (When this card is put into your hand from your shield zone, you may play it immediately for no cost.)
■ Destroy all creatures that have power 2000 or less."
286,name,81:2_S5:DM-02 S5:大勇者「ふたつ牙」,大勇者「ふたつ牙」,,,,Fighter Dual Fang
287,rules,81:2_S5:DM-02 S5:大勇者「ふたつ牙」,"■進化－自分のビーストフォーク１体の上に置く。
■このクリーチャーがバトルゾーンに出たとき、自分の山札の一番上のカードを２枚表にして、自分のマナゾーンに置く。
■Ｗ・ブレイカー（シールドを攻撃したとき、このクリーチャーはシールドを２枚ブレイクする。）",,,,"■ Evolution-Put on one of your Beast Folk.
■ When you put this creature into the battle zone, put the top 2 cards of your deck into your mana zone.
■ Double breaker (This creature breaks 2 shields.)"
288,race,81:2_S5:DM-02 S5:大勇者「ふたつ牙」,ビーストフォーク,,,,Beast Folk
289,name,82:2_35:DM-02 35:マナ・クライシス,マナ・クライシス,,,,Mana Crisis
290,rules,82:2_35:DM-02 35:マナ・クライシス,"■Ｓ・トリガー（このカードをシールドゾーンから手札に戻すとき、コストを支払わずにすぐ使ってよい。）
■相手のマナゾーンからカードを１枚選び、持ち主の墓地に置く。",,,,"■ Shield trigger (When this card is put into your hand from your shield zone, you may play it immediately for no cost.)
■ Choose a card in your opponent's mana zone and put it into his graveyard."
291,name,83:2_38:DM-02 38:晴天の守護者レゾ・パコス,晴天の守護者レゾ・パコス,,,,"Reso Pacos, Clear Sky Guardian"
292,flavor,83:2_38:DM-02 38:晴天の守護者レゾ・パコス,大いなる異変を察知して、まず守護者たちが変化に対応した。,,,,
293,race,83:2_38:DM-02 38:晴天の守護者レゾ・パコス,ガーディアン,,,,Guardian
294,name,84:2_6:DM-02 6:暁の守護者ファル・イーガ,暁の守護者ファル・イーガ,,,,"Phal Eega, Dawn Guardian"
295,rules,84:2_6:DM-02 6:暁の守護者ファル・イーガ,■このクリーチャーがバトルゾーンに出たとき、自分の墓地から呪文を１枚選び、自分の手札に戻してよい。,,,,"■ When you put this creature into the battle zone, you may return a spell from your graveyard to your hand."
296,flavor,84:2_6:DM-02 6:暁の守護者ファル・イーガ,これはまだ演習にすぎない。,,,,
297,race,84:2_6:DM-02 6:暁の守護者ファル・イーガ,ガーディアン,,,,Guardian
298,name,85:2_23:DM-02 23:ダイヤモンド・カッター,ダイヤモンド・カッター,,,,Diamond Cutter
299,rules,85:2_23:DM-02 23:ダイヤモンド・カッター,■このターン、バトルゾーンにある自分のクリーチャーはすべて、たとえ召喚酔いであったり、「このクリーチャーは攻撃することができない」または「このクリーチャーは相手プレイヤーを攻撃できない」と書かれていても、相手プレイヤーを攻撃することができる。,,,,"■ This turn, ignore any effects that would prevent your creatures from attacking your opponent. (For example, ignore summoning sickness and card effects that say ""This creature can't attack"" or ""This creature can't attack players"". Your creatures can't attack creatures this way.)"
300,flavor,85:2_23:DM-02 23:ダイヤモンド・カッター,今、光の封印を解き放つ。,,,,"""Now, I unleash the seal of light."""
301,name,86:2_40:DM-02 40:コーライル,コーライル,,,,Corile
302,rules,86:2_40:DM-02 40:コーライル,■このクリーチャーがバトルゾーンに出たとき、バトルゾーンにある相手のクリーチャーを１体選び、持ち主の山札の一番上に置く。,,,,"■ When you put this creature into the battle zone, choose one of your opponent's creatures in the battle zone and put it on top of his deck."
303,flavor,86:2_40:DM-02 40:コーライル,サイバーロードの科学力をもってしても、水中都市の崩壊は止まらなかった。,,,,
304,race,86:2_40:DM-02 40:コーライル,サイバーロード,,,,Cyber Lord
305,name,87:2_45:DM-02 45:卵胞虫ゼリー・ワーム,卵胞虫ゼリー・ワーム,,,,Horrid Worm
306,rules,87:2_45:DM-02 45:卵胞虫ゼリー・ワーム,■このクリーチャーが攻撃するとき、相手の手札からカードを１枚見ないで選び、相手はそれを持ち主の墓地におく。,,,,"■ Whenever this creature attacks, your opponent discards a card at random from his hand."
307,flavor,87:2_45:DM-02 45:卵胞虫ゼリー・ワーム,「良いワームは好き嫌いをしないものだ。」　覇王ブラック・モナーク,,,,
308,race,87:2_45:DM-02 45:卵胞虫ゼリー・ワーム,パラサイトワーム,,,,Parasite Worm
309,name,88:2_46:DM-02 46:ねじれる者ボーン・スライム,ねじれる者ボーン・スライム,,,,"Marrow Ooze, the Twister"
310,rules,88:2_46:DM-02 46:ねじれる者ボーン・スライム,"■ブロッカー（相手クリーチャーが攻撃するとき、このクリーチャーをタップして、その攻撃を阻止してよい。そのあと、その相手クリーチャーとバトルする）
■このクリーチャーは相手プレイヤーを攻撃したあと、持ち主の墓地に置かれる。",,,,"■ Blocker (Whenever an opponent's creature attacks, you may tap this creature to stop the attack. Then the 2 creatures battle.)
■ When this creature attacks a player, destroy it after the attack."
311,flavor,88:2_46:DM-02 46:ねじれる者ボーン・スライム,大災害が闇の住人にすら耐えられない闇をもたらした。,,,,
312,race,88:2_46:DM-02 46:ねじれる者ボーン・スライム,リビング・デッド,,,,Living Dead
313,name,89:2_29:DM-02 29:ロスト・ソウル,ロスト・ソウル,,,,Lost Soul
314,rules,89:2_29:DM-02 29:ロスト・ソウル,■相手は自分自身の手札をすべて、持ち主の墓地に置く。,,,,■ Your opponent discards all cards from his hand.
315,flavor,89:2_29:DM-02 29:ロスト・ソウル,輝く闇が魂を奪う。,,,,
316,name,90:2_54:DM-02 54:ラブ・エルフィン,ラブ・エルフィン,,,,Essence Elf
317,rules,90:2_54:DM-02 54:ラブ・エルフィン,■このクリーチャーがバトルゾーンにある間、自分の呪文を唱えるとき、支払うコストは１少なくなる。ただし、コストが１のときは少なくならない。,,,,■ Your spells each cost 1 less to cast. They can't cost less than 1.
318,flavor,90:2_54:DM-02 54:ラブ・エルフィン,白髭団が傷つき倒れた時、美しい妖精たちがその窮地を救った。,,,,
319,race,90:2_54:DM-02 54:ラブ・エルフィン,ツリーフォーク,,,,Tree Folk
320,name,91:3_3:DM-03 3:絶望の魔黒ジャックバイパー,絶望の魔黒ジャックバイパー,,,,"Jack Viper, Shadow of Doom"
321,rules,91:3_3:DM-03 3:絶望の魔黒ジャックバイパー,"■進化－自分のゴースト１体の上に置く。
■このクリーチャーがバトルゾーンにある間に、自分の他の闇のクリーチャーがバトルゾーンから墓地に置かれるとき、その闇のクリーチャーを自分の手札に戻してよい。",,,,"■ Evolution-Put on one of your Ghosts.
■ Whenever another of your darkness creatures would be put into your graveyard from the battle zone, you may return it to your hand instead."
322,race,91:3_3:DM-03 3:絶望の魔黒ジャックバイパー,ゴースト,,,,Ghost
323,name,92:3_5:DM-03 5:大昆虫ギガマンティス,大昆虫ギガマンティス,,,,Gigamantis
324,rules,92:3_5:DM-03 5:大昆虫ギガマンティス,"■進化－自分のジャイアント・インセクト１体の上に置く。
■このクリーチャーがバトルゾーンにある間に、自分の他の自然のクリーチャーがバトルゾーンから墓地に置かれるとき、その自然のクリーチャーを自分のマナゾーンに置く。",,,,"■ Evolution-Put on one of your Giant Insects.
■ Whenever another of your nature creatures would be put into your graveyard from the battle zone, put it into your mana zone instead."
325,flavor,92:3_5:DM-03 5:大昆虫ギガマンティス,強靭なるもの、強靭なる魂！,,,,
326,race,92:3_5:DM-03 5:大昆虫ギガマンティス,ジャイアント・インセクト,,,,Giant Insect
327,name,93:3_11:DM-03 11:ストリーミング・シェイパー,ストリーミング・シェイパー,,,,Streaming Shaper
328,rules,93:3_11:DM-03 11:ストリーミング・シェイパー,■自分の山札のカードを、上から４枚表向きにする。その中の水のカードをすべて自分の手札に加え、それ以外のカードを自分の墓地に置く。,,,,■ Reveal the top 4 cards of your deck. Put all water cards from among them into your hand and the rest into your graveyard.
329,flavor,93:3_11:DM-03 11:ストリーミング・シェイパー,勝利は残酷な、時の運！,,,,"""Victory is a cruel twist of fate, bound by time!"""
330,name,94:3_18:DM-03 18:夜明けの超人,夜明けの超人,,,,Dawn Giant
331,rules,94:3_18:DM-03 18:夜明けの超人,"■Ｗ・ブレイカー（シールドを攻撃したとき、このクリーチャーはシールドを２枚ブレイクする）
■このクリーチャーは、クリーチャーを攻撃できない。",,,,"■ This creature can't attack creatures.
■ Double breaker (This creature breaks 2 shields.)"
332,flavor,94:3_18:DM-03 18:夜明けの超人,森がある限り、1000年前の過去も1000年後の未来も彼らはこうしている。,,,,
333,race,94:3_18:DM-03 18:夜明けの超人,ジャイアント,,,,Giant
334,name,95:3_34:DM-03 34:シェル・ポーチ,シェル・ポーチ,,,,Pouch Shell
335,rules,95:3_34:DM-03 34:シェル・ポーチ,■このクリーチャーがバトルゾーンに出たとき、バトルゾーンにある相手の進化クリーチャーを１体選び、そのクリーチャーの一番上のカードを持ち主の墓地に置いてよい。,,,,"■ When you put this creature into the battle zone, you may choose one of your opponent's evolution creatures in the battle zone and put the top card of that creature into your opponent's graveyard."
336,flavor,95:3_34:DM-03 34:シェル・ポーチ,コロニー･ビートルの卵は本能のまま攻撃を繰り返す。,,,,
337,race,95:3_34:DM-03 34:シェル・ポーチ,コロニー・ビートル,,,,Colony Beetle
338,name,96:3_35:DM-03 35:深緑の魔方陣,深緑の魔方陣,,,,Mana Nexus
339,rules,96:3_35:DM-03 35:深緑の魔方陣,"■Ｓ・トリガー（このカードをシールドゾーンから手札に加えるとき、コストを支払わずにすぐ使ってよい）
■自分のマナゾーンからカードを１枚選び、裏向きにしてシールドに加える。",,,,"■ Shield trigger (When this card is put into your hand from your shield zone, you may play it immediately for no cost.)
■ Add a card from your mana zone to your shields face down."
340,flavor,96:3_35:DM-03 35:深緑の魔方陣,大地がある限り、命は生まれる！,,,,"""Where there is earth, life is born!"""
341,name,97:3_41:DM-03 41:アングラー・クラスター,アングラー・クラスター,,,,Angler Cluster
342,rules,97:3_41:DM-03 41:アングラー・クラスター,"■ブロッカー（相手クリーチャーが攻撃するとき、このクリーチャーをタップして、その攻撃を阻止してよい。そのあと、その相手クリーチャーとバトルする）
■このクリーチャーは攻撃することができない。
■自分のマナゾーンにあるカードがすべて水のカードである間、このクリーチャーのパワーは＋3000される。",,,,"■ Blocker (Whenever an opponent's creature attacks, you may tap this creature to stop the attack. Then the 2 creatures battle.)
■ This creature can't attack.
■ While all the cards in your mana zone are water cards, this creature gets +3000 power."
343,race,97:3_41:DM-03 41:アングラー・クラスター,サイバー・クラスター,,,,Cyber Cluster
344,name,98:3_42:DM-03 42:エメラル,エメラル,,,,Emeral
345,rules,98:3_42:DM-03 42:エメラル,■このクリーチャーがバトルゾーンに出たとき、自分の手札からカードを１枚選び、裏向きにしてシールドに加えてよい。そうしたなら、自分のシールドを１枚裏向きのまま選び、自分の手札に加える。ただし、その「Ｓ・トリガー」は使えない。,,,,"■ When you put this creature into the battle zone, you may add a card from your hand to your shields face down. If you do, choose one of your shields and put it into your hand. You can't use the ""shield trigger"" ability of that shield."
346,race,98:3_42:DM-03 42:エメラル,サイバーロード,,,,Cyber Lord
347,name,99:3_49:DM-03 49:チッチ・ホッピー,チッチ・ホッピー,,,,Baby Zoppe
348,rules,99:3_49:DM-03 49:チッチ・ホッピー,■自分のマナゾーンにあるカードがすべて火のカードである間、このクリーチャーのパワーは＋2000される。,,,,"■ While all the cards in your mana zone are fire cards, this creature gets +2000 power."
349,flavor,99:3_49:DM-03 49:チッチ・ホッピー,炎の谷を大忙しで走るのだ。火山の粉塵を食べるため！,,,,
350,race,99:3_49:DM-03 49:チッチ・ホッピー,ファイアー・バード,,,,Fire Bird
351,name,100:3_51:DM-03 51:ボルカニック・アロー,ボルカニック・アロー,,,,Volcanic Arrows
352,rules,100:3_51:DM-03 51:ボルカニック・アロー,"■Ｓ・トリガー（このカードをシールドゾーンから手札に加えるとき、コストを支払わずにすぐ使ってよい）
■バトルゾーンにあるパワー6000以下のクリーチャーを１体選び、持ち主の墓地に置く。
■自分のシールドが１枚でもあれば、裏向きのまま１枚選び、自分の墓地に置く。",,,,"■ Shield trigger (When this card is put into your hand from your shield zone, you may play it immediately for no cost.)
■ Destroy a creature that has power 6000 or less.
■ Choose one of your shields and put it into your graveyard."
353,name,101:3_S4:DM-03 S4:ガルカーゴ・ドラゴン,ガルカーゴ・ドラゴン,,,,Garkago Dragon
354,rules,101:3_S4:DM-03 S4:ガルカーゴ・ドラゴン,"■Ｗ・ブレイカー（シールドを攻撃したとき、このクリーチャーはシールドを２枚ブレイクする）
■このクリーチャーのパワーは、バトルゾーンにある自分の他の火のクリーチャー１体につき+1000される。
■このクリーチャーは、タップされていないクリーチャーを攻撃できる。",,,,"■ Double breaker (This creature breaks 2 shields.)
■ This creature gets +1000 power for each other fire creature you have in the battle zone.
■ This creature can attack untapped creatures."
355,race,101:3_S4:DM-03 S4:ガルカーゴ・ドラゴン,アーマード・ドラゴン,,,,Armored Dragon
356,name,102:4_1:DM-04 1:聖霊王アルカディアス,聖霊王アルカディアス,,,,"Alcadeias, Lord of Spirits"
357,rules,102:4_1:DM-04 1:聖霊王アルカディアス,"■進化―自分のエンジェル・コマンド１体の上に置く。
■Ｗ・ブレイカー（シールドを攻撃したとき、このクリーチャーはシールドを２枚ブレイクする）
■このクリーチャーがバトルゾーンにある間、誰も光以外の呪文を唱えることができない。",,,,"■ Evolution-Put on one of your Angel Commands.
■ Double breaker (This creature breaks 2 shields.)
■ Players can't cast spells other than light spells."
358,race,102:4_1:DM-04 1:聖霊王アルカディアス,エンジェル・コマンド,,,,Angel Command
359,name,103:4_2:DM-04 2:アストラル・リーフ,アストラル・リーフ,,,,Astral Reef
360,rules,103:4_2:DM-04 2:アストラル・リーフ,"■進化－自分のサイバー・ウィルス１体の上に置く。
■このクリーチャーがバトルゾーンに出たとき、カードを３枚引いてもよい。",,,,"■ Evolution-Put on one of your Cyber Virus creatures.
■ When you put this creature, you may draw 3 cards."
361,flavor,103:4_2:DM-04 2:アストラル・リーフ,解るかい？　圧倒的なまでの知性の差というものを。,,,,"Do you understand? The depths of my intellect, that is."
362,race,103:4_2:DM-04 2:アストラル・リーフ,サイバー・ウィルス,,,,Cyber Virus
363,name,104:4_6:DM-04 6:飛翔の精霊アリエス,飛翔の精霊アリエス,,,,"Aeris, Flight Elemental"
364,rules,104:4_6:DM-04 6:飛翔の精霊アリエス,"■このクリーチャーは、タップされていない闇のクリーチャーを攻撃できる。
■このクリーチャーは、相手プレイヤーを攻撃できない。",,,,"■ This creature can't attack players.
■ This creature can attack untapped darkness creatures."
365,flavor,104:4_6:DM-04 6:飛翔の精霊アリエス,これより、荒廃の巨王ジェノサイド討伐作戦を開始！　全軍発進！,,,,
366,race,104:4_6:DM-04 6:飛翔の精霊アリエス,エンジェル・コマンド,,,,Angel Command
367,name,105:4_10:DM-04 10:アクアン,アクアン,,,,Aquan
368,rules,105:4_10:DM-04 10:アクアン,■このクリーチャーがバトルゾーンに出たとき、自分の山札を上から５枚、表向きにしてもよい。その中の光と闇のカードをすべて自分の手札に加え、それ以外のカードを自分の墓地に置く。,,,,"■ When you put this creature, you may reveal the top 5 cards of your deck. Put all light and darkness cards from among them into your hand, and put the rest into your graveyard."
369,flavor,105:4_10:DM-04 10:アクアン,にひひひ。中立が一番儲かるのさ。,,,,"""Nihihihi. Neutrality is the most profitable."""
370,race,105:4_10:DM-04 10:アクアン,サイバーロード,,,,Cyber Lord
371,name,106:4_11:DM-04 11:ハイドロ・ハリケーン,ハイドロ・ハリケーン,,,,Hydro Hurricane
372,rules,106:4_11:DM-04 11:ハイドロ・ハリケーン,"■バトルゾーンにある自分の闇のクリーチャー１体につき、バトルゾーンにある相手のクリーチャーを１体選び、持ち主の手札に戻してもよい。
■バトルゾーンにある自分の光のクリーチャー１体につき、相手のマナゾーンから１枚選び、持ち主の手札に戻してもよい。",,,,"■ For each light creature you have in the battle zone, you may choose a card in your opponent's mana zone and return it to his hand.
■ For each darkness creature you have in the battle zone, you may choose one of your opponent's creatures and return it to his hand."
373,name,107:4_13:DM-04 13:荒廃の巨王ジェノサイド,荒廃の巨王ジェノサイド,,,,"Photocide, Lord of the Wastes"
374,rules,107:4_13:DM-04 13:荒廃の巨王ジェノサイド,"■このクリーチャーは、タップされていない光のクリーチャーを攻撃できる。
■このクリーチャーは、相手プレイヤーを攻撃できない。",,,,"■ This creature can't attack players.
■ This creature can attack untapped light creatures."
375,flavor,107:4_13:DM-04 13:荒廃の巨王ジェノサイド,我は－破壊する。我が餓えを満たさんがために。,,,,
376,race,107:4_13:DM-04 13:荒廃の巨王ジェノサイド,デーモン・コマンド,,,,Demon Command
377,name,108:4_14:DM-04 14:いけにえの鎖,いけにえの鎖,,,,Chains of Sacrifice
378,rules,108:4_14:DM-04 14:いけにえの鎖,"■バトルゾーンにある相手のクリーチャーを2体まで選び、持ち主の墓地に置く。
■バトルゾーンに自分のクリーチャーが１体でもあれば、その中から１体選び、自分の墓地に置く。",,,,"■ Destroy up to 2 of your opponent's creatures.
■ Destroy one of your creatures."
379,name,109:4_23:DM-04 23:牢黒の伝道師ミリエス,牢黒の伝道師ミリエス,,,,"Milieus, the Daystretcher"
380,rules,109:4_23:DM-04 23:牢黒の伝道師ミリエス,"■ブロッカー（相手クリーチャーが攻撃するとき、このクリーチャーをタップして、その攻撃を阻止してよい。そのあと、その相手クリーチャーとバトルする）
■このクリーチャーがバトルゾーンにある間、闇のクリーチャーを召喚するコストと闇の呪文を唱えるコストは、それぞれ+２される。",,,,"■ Blocker (Whenever an opponent's creature attacks, you may tap this creature to stop the attack. Then the 2 creatures battle.)
■ Each darkness creature costs 2 more to summon, and each darkness spell costs 2 more to cast."
381,race,109:4_23:DM-04 23:牢黒の伝道師ミリエス,バーサーカー,,,,Berserker
382,name,110:4_24:DM-04 24:雷鳴の守護者ミスト・リエス,雷鳴の守護者ミスト・リエス,,,,"Mist Rias, Sonic Guardian"
383,rules,110:4_24:DM-04 24:雷鳴の守護者ミスト・リエス,■このクリーチャーがバトルゾーンにある間、他のクリーチャーがバトルゾーンに置かれるたびに、カードを１枚引いてもよい。,,,,"■ Whenever another creature is put into the battle zone, you may draw a card."
384,flavor,110:4_24:DM-04 24:雷鳴の守護者ミスト・リエス,控えよ！　神に叛きし者どもよ！,,,,
385,race,110:4_24:DM-04 24:雷鳴の守護者ミスト・リエス,ガーディアン,,,,Guardian
386,name,111:4_28:DM-04 28:屑男,屑男,,,,Mongrel Man
387,rules,111:4_28:DM-04 28:屑男,■このクリーチャーがバトルゾーンにある間、他のクリーチャーがバトルゾーンから墓地に置かれるたびに、カードを１枚引いてもよい。,,,,"■ Whenever another creature is destroyed, you may draw a card."
388,flavor,111:4_28:DM-04 28:屑男,臭い？　汚い！？邪妃様、そんなに褒めてもゴミしか出ないずら。,,,,
389,race,111:4_28:DM-04 28:屑男,ヘドリアン,,,,Hedrian
390,name,112:4_29:DM-04 29:汽車男,汽車男,,,,Locomotiver
391,rules,112:4_29:DM-04 29:汽車男,"■Ｓ・トリガー（このカードをシールドゾーンから手札に加えるとき、コストを支払わずにすぐ召喚してよい）
■このクリーチャーがバトルゾーンに出たとき、相手の手札が１枚でもあれば、その中から１枚見ないで選び、相手はそれを持ち主の墓地に置く。",,,,"■ Shield trigger (When this card is put into your hand from your shield zone, you may play it immediately for no cost.)
■ When you put this creature into the battle zone, your opponent discards a card at random from his hand."
392,race,112:4_29:DM-04 29:汽車男,ヘドリアン,,,,Hedrian
393,name,113:4_37:DM-04 37:予言者コロン,予言者コロン,,,,"Kolon, the Oracle"
394,rules,113:4_37:DM-04 37:予言者コロン,"■Ｓ・トリガー（このカードをシールドゾーンから手札に加えるとき、コストを支払わずにすぐ召喚してよい）
■このクリーチャーがバトルゾーンに出たとき、バトルゾーンにある相手のクリーチャーを１体選び、タップしてもよい。",,,,"■ Shield trigger (When this card is put into your hand from your shield zone, you may play it immediately for no cost.)
■ When you put this creature into the battle zone, you may choose one of your opponent's creatures in the battle zone and tap it."
395,race,113:4_37:DM-04 37:予言者コロン,ライトブリンガー,,,,Light Bringer
396,name,114:4_39:DM-04 39:鎮圧の使徒サリエス,鎮圧の使徒サリエス,,,,"Sarius, Vizier of Suppression"
397,rules,114:4_39:DM-04 39:鎮圧の使徒サリエス,"■ブロッカー（相手クリーチャーが攻撃するとき、このクリーチャーをタップして、その攻撃を阻止してよい。そのあと、その相手クリーチャーとバトルする）
■このクリーチャーは、相手プレイヤーを攻撃できない。",,,,"■ Blocker (Whenever an opponent's creature attacks, you may tap this creature to stop the attack. Then the 2 creatures battle.)
■ This creature can't attack players."
398,flavor,114:4_39:DM-04 39:鎮圧の使徒サリエス,強力な言霊の盾が全身を覆っている。,,,,
399,race,114:4_39:DM-04 39:鎮圧の使徒サリエス,イニシエート,,,,Initiate
400,name,115:4_43:DM-04 43:マリン・フラワー,マリン・フラワー,,,,Marine Flower
401,rules,115:4_43:DM-04 43:マリン・フラワー,"■ブロッカー（相手クリーチャーが攻撃するとき、このクリーチャーをタップして、その攻撃を阻止してよい。そのあと、その相手クリーチャーとバトルする）
■このクリーチャーは攻撃することができない。",,,,"■ Blocker (Whenever an opponent's creature attacks, you may tap this creature to stop the attack. Then the 2 creatures battle.)
■ This creature can't attack."
402,flavor,115:4_43:DM-04 43:マリン・フラワー,光が届かぬ深海でひっそりと花開く。,,,,
403,race,115:4_43:DM-04 43:マリン・フラワー,サイバー・ウィルス,,,,Cyber Virus
404,name,116:4_45:DM-04 45:暴食虫グレゴリア・ワーム,暴食虫グレゴリア・ワーム,,,,Gregorian Worm
405,rules,116:4_45:DM-04 45:暴食虫グレゴリア・ワーム,■Ｓ・トリガー（このカードをシールドゾーンから手札に加えるとき、コストを支払わずにすぐ召喚してよい）,,,,"■ Shield trigger (When this card is put into your hand from your shield zone, you may play it immediately for no cost.)"
406,flavor,116:4_45:DM-04 45:暴食虫グレゴリア・ワーム,ファング・ワームにとって、世界は喰えるものと喰えないものの二種類。ちなみに、喰えないものなど存在しない。,,,,
407,race,116:4_45:DM-04 45:暴食虫グレゴリア・ワーム,パラサイトワーム,,,,Parasite Worm
408,name,117:4_46:DM-04 46:呪いの影シャドウ・ムーン,呪いの影シャドウ・ムーン,,,,"Shadow Moon, Cursed Shade"
409,rules,117:4_46:DM-04 46:呪いの影シャドウ・ムーン,■このクリーチャーがバトルゾーンにある間、バトルゾーンにある他の闇のクリーチャーすべてのパワーはそれぞれ+2000される。,,,,■ Each other darkness creature in the battle zone gets +2000 power.
410,flavor,117:4_46:DM-04 46:呪いの影シャドウ・ムーン,紡ぎだす呪縛の言葉は邪妃様のために。,,,,
411,race,117:4_46:DM-04 46:呪いの影シャドウ・ムーン,ゴースト,,,,Ghost
412,name,118:4_55:DM-04 55:孤高の願,孤高の願,,,,Torcon
413,rules,118:4_55:DM-04 55:孤高の願,■Ｓ・トリガー（このカードをシールドゾーンから手札に加えるとき、コストを支払わずにすぐ召喚してよい）,,,,"■ Shield trigger (When this card is put into your hand from your shield zone, you may play it immediately for no cost.)"
414,flavor,118:4_55:DM-04 55:孤高の願,"孤高の願が究極最終必殺奥義を使った！
－ボーン・ピアースは道に迷ってちょっとだけ困った。",,,,
415,race,118:4_55:DM-04 55:孤高の願,ビーストフォーク,,,,Beast Folk
416,name,119:4_S3:DM-04 S3:悪魔神バロム,悪魔神バロム,,,,"Ballom, Master of Death"
417,rules,119:4_S3:DM-04 S3:悪魔神バロム,"■進化－自分のデーモン・コマンド１体の上に置く。
■Ｗ・ブレイカー（シールドを攻撃したとき、このクリーチャーはシールドを２枚ブレイクする）
■このクリーチャーがバトルゾーンに出たとき、バトルゾーンにある闇以外のクリーチャーをすべて、持ち主の墓地に置く。",,,,"■ Evolution-Put on one of your Demon Commands.
■ When you put this creature into the battle zone, destroy all creatures except darkness creatures.
■ Double breaker (This creature breaks 2 shields.)"
418,race,119:4_S3:DM-04 S3:悪魔神バロム,デーモン・コマンド,,,,Demon Command
419,name,120:4_S5:DM-04 S5:護りの角フィオナ,護りの角フィオナ,,,,"Niofa, Horned Protector"
420,rules,120:4_S5:DM-04 S5:護りの角フィオナ,"■進化―自分のホーン・ビースト１体の上に置く。
■このクリーチャーがバトルゾーンに出たとき、自分の山札を見る。その中から自然のクリーチャーを１体選び、相手に見せてから自分の手札に加えてもよい。その後、山札をシャッフルする。
■Ｗ・ブレイカー",,,,"■ Evolution-Put on one of your Horned Beasts.
■ When you put this creature into the battle zone, search your deck. You may take a nature creature from your deck, show that creature to your opponent, and put it into your hand. Then shuffle your deck.
■ Double breaker (This creature breaks 2 shields.)"
421,race,120:4_S5:DM-04 S5:護りの角フィオナ,ホーン・ビースト,,,,Horned Beast
422,name,121:5_4:DM-05 4:ブレイドラッシュ・ワイバーンδ,ブレイドラッシュ・ワイバーンδ,,,,Bladerush Skyterror Q
423,rules,121:5_4:DM-05 4:ブレイドラッシュ・ワイバーンδ,"[Ｓ]－Ｗ・ブレイカー（シールドを攻撃したとき、このクリーチャーはシールドを２枚ブレイクする）
■サバイバー（このクリーチャーがバトルゾーンにある間、自分の他のサバイバーも上の[Ｓ]能力を得る）",,,,"■ Survivor (Each of your Survivors has this creature's Survivor ability.)
   Double breaker (This creature breaks 2 shields.)"
424,flavor,121:5_4:DM-05 4:ブレイドラッシュ・ワイバーンδ,右の刃は肉を裂き、左の刃は心を砕く！,,,,
425,race,121:5_4:DM-05 4:ブレイドラッシュ・ワイバーンδ,アーマード・ワイバーン［サバイバー］,,,,Armored Wyvern
426,name,122:5_7:DM-05 7:神魂の守護者シュノーク・ラー,神魂の守護者シュノーク・ラー,,,,"Snork La, Shrine Guardian"
427,rules,122:5_7:DM-05 7:神魂の守護者シュノーク・ラー,"■ブロッカー（相手クリーチャーが攻撃するとき、このクリーチャーをタップして、その攻撃を阻止してよい。そのあと、その相手クリーチャーとバトルする）
■このクリーチャーは、相手プレイヤーを攻撃できない。
■このクリーチャーがバトルゾーンにある間、相手によって自分のマナゾーンのカードが自分の墓地に置かれるとき、そのカードを自分のマナゾーンに戻してもよい。",,,,"■ Blocker (Whenever an opponent's creature attacks, you may tap this creature to stop the attack. Then the 2 creatures battle.)
■ This creature can't attack players.
■ Whenever your opponent causes a card to be put into your graveyard from your mana zone, you may return that card to your mana zone."
428,race,122:5_7:DM-05 7:神魂の守護者シュノーク・ラー,ガーディアン,,,,Guardian
429,name,123:5_15:DM-05 15:ツインキャノン・ワイバーン,ツインキャノン・ワイバーン,,,,Twin-Cannon Skyterror
430,rules,123:5_15:DM-05 15:ツインキャノン・ワイバーン,"■スピードアタッカー(このクリーチャーは召喚酔いしない）
■Ｗ・ブレイカー（シールドを攻撃したとき、このクリーチャーはシールドを２枚ブレイクする）
",,,,"■ Speed attacker (This creature doesn't get summoning sickness.)
■ Double breaker (This creature breaks 2 shields.)"
431,flavor,123:5_15:DM-05 15:ツインキャノン・ワイバーン,爆音を聞いた時には手遅れだ。,,,,
432,race,123:5_15:DM-05 15:ツインキャノン・ワイバーン,アーマード・ワイバーン,,,,Armored Wyvern
433,name,124:5_24:DM-05 24:アクア・サーファー,アクア・サーファー,,,,Aqua Surfer
434,rules,124:5_24:DM-05 24:アクア・サーファー,"■Ｓ・トリガー（このクリーチャーをシールドゾーンから手札に加えるとき、コストを支払わずにすぐ召喚してよい）
■このクリーチャーがバトルゾーンに出たとき、バトルゾーンにあるクリーチャーを１体選び、持ち主の手札に戻してもよい。",,,,"■ Shield trigger (When this card is put into your hand from your shield zone, you may play it immediately for no cost.)
■ When you put this creature into the battle zone, you may choose a creature in the battle zone and return it to its owner's hand."
435,race,124:5_24:DM-05 24:アクア・サーファー,リキッド・ピープル,,,,Liquid People
436,name,125:5_48:DM-05 48:ストームジャベリン・ワイバーン,ストームジャベリン・ワイバーン,,,,Storm Javelin Wyvern
437,rules,125:5_48:DM-05 48:ストームジャベリン・ワイバーン,"■このクリーチャーは、相手プレイヤーを攻撃できない。
■このクリーチャーは、タップされていない光と水のクリーチャーを攻撃できる。",,,,"■ This creature can't attack players.
■ This creature can attack untapped light or water creatures."
438,flavor,125:5_48:DM-05 48:ストームジャベリン・ワイバーン,小賢しい！,,,,Impertinent!
439,race,125:5_48:DM-05 48:ストームジャベリン・ワイバーン,アーマード・ワイバーン,,,,Armored Wyvern
440,name,126:5_49:DM-05 49:解体屋ピーカプ,解体屋ピーカプ,,,,"Rikabu, the Dismantler"
441,rules,126:5_49:DM-05 49:解体屋ピーカプ,■スピードアタッカー(このクリーチャーは召喚酔いしない）,,,,■ Speed attacker (This creature doesn't get summoning sickness.)
442,flavor,126:5_49:DM-05 49:解体屋ピーカプ,"「あっとゆう間に、バーラバラのボッコボコ」
- 解体屋ピーカプ",,,,
443,race,126:5_49:DM-05 49:解体屋ピーカプ,マシン・イーター,,,,Machine Eater
444,name,127:5_50:DM-05 50:ポッポ・チャッピー,ポッポ・チャッピー,,,,Kip Chippotto
445,rules,127:5_50:DM-05 50:ポッポ・チャッピー,■セイバー－アーマード・ドラゴン（このクリーチャーがバトルゾーンにある間、バトルゾーンにある自分のアーマード・ドラゴンが自分の墓地に置かれるとき、そのアーマード・ドラゴンの代わりにこのクリーチャーを自分の墓地に置いてもよい）,,,,"■ When one of your Armored Dragons would be destroyed, you may destroy this creature instead."
446,flavor,127:5_50:DM-05 50:ポッポ・チャッピー,竜族だけは知っている。小さな友の体に秘められた不死の力を。,,,,
447,race,127:5_50:DM-05 50:ポッポ・チャッピー,ファイアー・バード,,,,Fire Bird
448,name,128:5_51:DM-05 51:ブレイズザウルスα,ブレイズザウルスα,,,,Blazosaur Q
449,rules,128:5_51:DM-05 51:ブレイズザウルスα,"[Ｓ]－パワーアタッカー+1000（攻撃中、このクリーチャーのパワーは+1000される）
■サバイバー（このクリーチャーがバトルゾーンにある間、自分の他のサバイバーも上の[Ｓ]能力を得る）",,,,"■ Survivor (Each of your Survivors has this creature's Survivor ability.)
  Power attacker +1000 (While attacking, this creature gets +1000 power.)"
450,flavor,128:5_51:DM-05 51:ブレイズザウルスα,ブレイズザウルスの咆哮と共に力の波動が味方のサバイバーへと伝わっていく。,,,,
451,race,128:5_51:DM-05 51:ブレイズザウルスα,ロック・ビースト［サバイバー］,,,,Survivor/Rock Beast
452,name,129:5_54:DM-05 54:威嚇するスマッシュ・ホーンα,威嚇するスマッシュ・ホーンα,,,,Smash Horn Q
453,rules,129:5_54:DM-05 54:威嚇するスマッシュ・ホーンα,"[Ｓ]－バトルゾーンにある間、このクリーチャーのパワーは+1000される。
■サバイバー（このクリーチャーがバトルゾーンにある間、自分の他のサバイバーも上の[Ｓ]能力を得る）",,,,"■ Survivor (Each of your Survivors has this creature's Survivor ability.)
  This creature gets +1000 power."
454,flavor,129:5_54:DM-05 54:威嚇するスマッシュ・ホーンα,背中の球は生存の証。,,,,
455,race,129:5_54:DM-05 54:威嚇するスマッシュ・ホーンα,ホーン・ビースト［サバイバー］,,,,Survivor/Horned Beast
456,name,130:5_55:DM-05 55:巨翼の爪,巨翼の爪,,,,Crow Winger
457,rules,130:5_55:DM-05 55:巨翼の爪,■バトルゾーンにある間、このクリーチャーのパワーは、バトルゾーンにある相手の水と闇のクリーチャー１体につき+1000される。,,,,■ This creature gets +1000 power for each water creature and darkness creature your opponent has in the battle zone.
458,flavor,130:5_55:DM-05 55:巨翼の爪,"「ある種の生物は、闘争本能によって爪の強度を変化させる。」
 - データ-ベース BX354 より抜粋",,,,
459,race,130:5_55:DM-05 55:巨翼の爪,ビーストフォーク,,,,Beast Folk
460,name,131:5_S1:DM-05 S1:天海の精霊シリウス,天海の精霊シリウス,,,,"Syrius, Firmament Elemental"
461,rules,131:5_S1:DM-05 S1:天海の精霊シリウス,"■ブロッカー（相手クリーチャーが攻撃するとき、このクリーチャーをタップして、その攻撃を阻止してよい。そのあと、その相手クリーチャーとバトルする）
■Ｔ・ブレイカー（シールドを攻撃したとき、このクリーチャーはシールドを３枚ブレイクする）",,,,"■ Blocker (Whenever an opponent's creature attacks, you may tap this creature to stop the attack. Then the 2 creatures battle.)
■ Triple breaker (This creature breaks 3 shields.)"
462,race,131:5_S1:DM-05 S1:天海の精霊シリウス,エンジェル・コマンド,,,,Angel Command
463,name,132:5_S5:DM-05 S5:神拳の超人,神拳の超人,,,,Avalanche Giant
464,rules,132:5_S5:DM-05 S5:神拳の超人,"■Ｗ・ブレイカー（シールドを攻撃したとき、このクリーチャーはシールドを２枚ブレイクする）
■このクリーチャーは、クリーチャーを攻撃できない。
■このクリーチャーがブロックされるとき、相手のシールドが１枚でもあれば、そのうちの１枚をブレイクする。",,,,"■ This creature can't attack creatures.
■ Whenever this creature becomes blocked, it breaks one of your opponent's shields.
■ Double breaker (This creature breaks 2 shields.)"
465,race,132:5_S5:DM-05 S5:神拳の超人,ジャイアント,,,,Giant
466,name,133:6_1:DM-06 1:銀界の守護者ル・ギラ・レシール,銀界の守護者ル・ギラ・レシール,0,銀界の守護者ル・ギラ・レシール,"Lu Gila Reseel, Guardian of the Silver Sphere","Lu Gila, Silver Rift Guardian"
467,rules,133:6_1:DM-06 1:銀界の守護者ル・ギラ・レシール,"■ブロッカー（相手クリーチャーが攻撃するとき、このクリーチャーをタップして、その攻撃を阻止してよい。その後、その相手クリーチャーとバトルする）
■このクリーチャーがバトルゾーンにある間、進化クリーチャーはタップされた状態でバトルゾーンに出る。
■このクリーチャーは、相手プレイヤーを攻撃できない。",1,"{B}ブロッカー（相手クリーチャーが攻撃するとき、このクリーチャーをタップして、その攻撃を阻止してよい。その後、その相手クリーチャーとバトルする）
＊このクリーチャーがバトルゾーンにある間、進化クリーチャーはタップされた状態でバトルゾーンに出る。
＊このクリーチャーは、相手プレイヤーを攻撃できない。","{B} Blocker (When one of your opponent's creatures attacks, you may tap this creature to stop the attack. Then the two creatures battle.)
While this creature is in the battle zone, evolution creatures are put into the battle zone tapped.
This creature can't attack players.","■ Blocker (Whenever an opponent's creature attacks, you may tap this creature to stop the attack. Then the 2 creatures battle.)
■ Evolution creatures are put into the battle zone tapped.
■ This creature can't attack players."
468,race,133:6_1:DM-06 1:銀界の守護者ル・ギラ・レシール,ガーディアン,2,ガーディアン,ガーディアン,Guardian
469,name,134:6_2:DM-06 2:インビンシブル・オーラ,インビンシブル・オーラ,3,インビンシブル・オーラ,Invincible Aura,Invincible Aura
470,rules,134:6_2:DM-06 2:インビンシブル・オーラ,■自分の山札のカードを上から３枚まで、自分のシールドに加える。,4,＊自分の山札のカードを上から3枚まで、自分のシールドに加える。,Add up to 3 cards from the top of your deck to your shields.,■ Add up to 3 cards from the top of your deck to your shields face down.
471,flavor,134:6_2:DM-06 2:インビンシブル・オーラ,星さえも消滅させる苛烈な火の攻撃。だがしかし、光の盾には通じなかった。,5,星さえも消滅させる苛烈な火の攻撃。だがしかし、光の盾には通じなかった。,"The Fire army possesses enough firepower to lay waste to a planet, yet even that is not enough to penetrate the wall of light.",
472,name,135:6_3:DM-06 3:エウロピカ,エウロピカ,6,エウロピカ,Aeropica,Aeropica
473,rules,135:6_3:DM-06 3:エウロピカ,"■このクリーチャーで攻撃する代わりに、タップして次の[Ｔ]能力を使ってもよい。
[Ｔ]－バトルゾーンにあるクリーチャーを１体選び、持ち主の手札に戻す。",7,"＊このクリーチャーで攻撃する代わりに、タップして次の t 能力を使ってもよい。
t バトルゾーンにあるクリーチャーを1体選び、持ち主の手札に戻す。","Instead of having this creature attack, you may tap it to use its t ability.
t Choose a creature in the battle zone and return it to its owner's hand.","■ Instead of having this creature attack, you may tap it to use its tap ability.
 Choose a creature in the battle zone and return it to its owner's hand."
474,flavor,135:6_3:DM-06 3:エウロピカ,深海をまさぐる両腕は、全てを吸い込む魔法の扉。,8,深海をまさぐる両腕は、全てを吸い込む魔法の扉。,"Its hands sweep through the water, gathering all between them like giant nets.",
475,race,135:6_3:DM-06 3:エウロピカ,シー・ハッカー,9,シー・ハッカー,シー・ハッカー,Sea Hacker
476,name,136:6_4:DM-06 4:インビンシブル・テクノロジー,インビンシブル・テクノロジー,10,インビンシブル・テクノロジー,Invincible Technology,Invincible Technology
477,rules,136:6_4:DM-06 4:インビンシブル・テクノロジー,■自分の山札を見る。その中から好きな枚数のカードを選び、相手に見せてから自分の手札に加えてもよい。その後、山札をシャッフルする。,11,＊自分の山札を見る。その中から好きな枚数のカードを選び、相手に見せてから自分の手札に加えてもよい。その後、山札をシャッフルする。,"Search your deck. You may take any number of cards from your deck, show those cards to your opponent, and put them into your hand. Then shuffle your deck.","■ Search your deck. You may take any number of cards from your deck, show those cards to your opponent, and put them into your hand. Then shuffle your deck."
478,flavor,136:6_4:DM-06 4:インビンシブル・テクノロジー,全宇宙の真理が記されているというアカシック・レコード。サイバーロードはついにその解読の糸口を掴んだ。,12,全宇宙の真理が記されているというアカシック・レコード。サイバーロードはついにその解読の糸口を掴んだ。,"The Acashic Record is said to hold the secrets of the universe. After centuries of searching, the Cyberlords have at last found a clue to deciphering it.",
479,name,137:6_5:DM-06 5:戦車男,戦車男,13,戦車男,Tank Man,Tank Mutant
480,rules,137:6_5:DM-06 5:戦車男,"■このクリーチャーで攻撃する代わりに、タップして次の[Ｔ]能力を使ってもよい。
[Ｔ]－相手はバトルゾーンにある自分自身のクリーチャーを１体選び、持ち主の墓地に置く。",14,"＊このクリーチャーで攻撃する代わりに、タップして次のt能力を使ってもよい。
t相手はバトルゾーンにある自分自身のクリーチャーを1体選び、持ち主の墓地に置く。","Instead of having this creature attack, you may tap it to use its t ability.
t Your opponent chooses 1 of his or her creatures in the battle zone and puts it into his or her graveyard.","■ Instead of having this creature attack, you may tap it to use its tap ability.
 Your opponent chooses one of his creatures in the battle zone and destroys it."
481,flavor,137:6_5:DM-06 5:戦車男,万物融解砲発射！,15,万物融解砲発射！,Fire the Particle Disruptor Cannon!,
482,race,137:6_5:DM-06 5:戦車男,ヘドリアン,16,ヘドリアン,ヘドリアン,Hedrian
483,name,138:6_6:DM-06 6:インビンシブル・アビス,インビンシブル・アビス,17,インビンシブル・アビス,Invincible Abyss,Invincible Abyss
484,rules,138:6_6:DM-06 6:インビンシブル・アビス,■相手は、バトルゾーンにある自分自身のクリーチャーすべてを持ち主の墓地に置く。,18,＊相手は、バトルゾーンにある自分自身のクリーチャーすべてを持ち主の墓地に置く。,Your opponent puts all his or her creatures from the battle zone into his or her graveyard.,■ Destroy all your opponent's creatures.
485,flavor,138:6_6:DM-06 6:インビンシブル・アビス,猛毒の瘴気立ちこめる大爆発の跡地から、あらゆる生者を憎み、あらゆる魂を汚す恐れと悲しみの精神波動が放出された。,19,猛毒の瘴気立ちこめる大爆発の跡地から、あらゆる生者を憎み、あらゆる魂を汚す恐れと悲しみの精神波動が放出された。,"A miasma of psychic energy pulses out of the explosion crater, polluting all it touches.",
486,name,139:6_7:DM-06 7:勇神兵エグゾリウス,勇神兵エグゾリウス,20,勇神兵エグゾリウス,Valiant Warrior Exorious,Valiant Warrior Exorious
487,rules,139:6_7:DM-06 7:勇神兵エグゾリウス,"■このクリーチャーは、タップされていないクリーチャーを攻撃できる。
■パワーアタッカー +3000（攻撃中、このクリーチャーのパワーは+3000される）",21,"*このクリーチャーは、タップされていないクリーチャーを攻撃できる。
*パワーアタッカー +3000（攻撃中、このクリーチャーのパワーは+3000される）","This creature can attack untapped creatures.
Power attacker +3000 (While attacking, this creature gets +3000 power.)","■ This creature can attack untapped creatures.
■ Power attacker +3000 (While attacking, this creature gets +3000 power.)"
488,flavor,139:6_7:DM-06 7:勇神兵エグゾリウス,必殺のブレードホイールで防衛網を一撃粉砕！,22,必殺のブレードホイールで防衛網を一撃粉砕！,His wheel blade can fell hundred with but a single stroke.,
489,race,139:6_7:DM-06 7:勇神兵エグゾリウス,アーマロイド,23,アーマロイド,アーマロイド,Armorloid
490,name,140:6_8:DM-06 8:インビンシブル・フォートレス,インビンシブル・フォートレス,24,インビンシブル・フォートレス,Invincible Fortress,Invincible Cataclysm
491,rules,140:6_8:DM-06 8:インビンシブル・フォートレス,■相手のシールドを裏向きのまま３枚まで選び、表にして持ち主の墓地に置く。（その「Ｓ・トリガー」は使えない）,25,＊相手のシールドを裏向きのまま3枚まで選び、表にして持ち主の墓地に置く。（その「S・トリガー」は使えない）,"Choose up to 3 of your opponent's shields and put them into your opponent's graveyard. (If any of those shields have ""shield triggers,"" they don't work.)",■ Choose up to 3 of your opponent's shields and put them into his graveyard.
492,flavor,140:6_8:DM-06 8:インビンシブル・フォートレス,意志持たぬ光の軍隊により、炎の都は瓦礫と化した。だが、山中深くに隠された最終兵器から報復が始まろうとしていた。,26,意志持たぬ光の軍隊により、炎の都は瓦礫と化した。だが、山中深くに隠された最終兵器から報復が始まろうとしていた。,"The capital of the Fire civilization was leveled by the mindless forces of Light. But deep in the mountains, the Fire doomsday weapon waits to exact revenge.",
493,name,141:6_9:DM-06 9:ガイアクロウ・ワスプ,ガイアクロウ・ワスプ,27,ガイアクロウ・ワスプ,Gaea Claw Wasp,Splinterclaw Wasp
494,rules,141:6_9:DM-06 9:ガイアクロウ・ワスプ,"■パワーアタッカー+3000（攻撃中、このクリーチャーのパワーは+3000される）
■Ｗ・ブレイカー（シールドを攻撃したとき、このクリーチャーはシールドを２枚ブレイクする）
■このクリーチャーがブロックされるとき、相手のシールドが１枚でもあれば、そのうちの１枚をブレイクする。",28,"＊パワーアタッカー+3000（攻撃中、このクリーチャーのパワーは+3000される）
＊W・ブレイカー（シールドを攻撃したとき、このクリーチャーはシールドを2枚ブレイクする）
＊このクリーチャーがブロックされるとき、相手のシールドが1枚でもあれば、そのうちの１枚をブレイクする。","Power attacker +3000 (While attacking, this creature gets +3000 power.)
Double breaker (This creature breaks 2 shields.)
Whenever this creature becomes blocked, it breaks 1 shield. (If your opponent has no shields, it doesn't attack him or her.)","■ Power attacker +3000 (While attacking, this creature gets +3000 power.)
■ Double breaker (This creature breaks 2 shields.)
■ Whenever this creature becomes blocked, it breaks one of your opponent's shields."
495,race,141:6_9:DM-06 9:ガイアクロウ・ワスプ,ジャイアント・インセクト,29,ジャイアント・インセクト,ジャイアント・インセクト,Giant Insect
496,name,142:6_10:DM-06 10:インビンシブル・パワー,インビンシブル・パワー,30,インビンシブル・パワー,Invincible Power,Invincible Unity
497,rules,142:6_10:DM-06 10:インビンシブル・パワー,■このターンが終わるまで、バトルゾーンにある自分のクリーチャーのパワーはそれぞれ＋8000され、「Ｔ・ブレイカー」を得る。（シールドを攻撃したとき、このクリーチャーはシールドを３枚ブレイクする）,31,＊このターンが終わるまで、バトルゾーンにある自分のクリーチャーのパワーはそれぞれ＋8000され、「T・ブレイカー」を得る。（シールドを攻撃したとき、このクリーチャーはシールドを3枚ブレイクする）,"Each of your creatures in the battle zone gets +8000 power and ""triple breaker"" until the end of this turn. (A creature that has ""triple breaker"" breaks 3 shields.)","■ Each of your creatures in the battle zone gets +8000 power and ""triple breaker"" until the end of the turn. (A creature that has ""triple breaker"" breaks 3 shields.)"
498,flavor,142:6_10:DM-06 10:インビンシブル・パワー,数年に一度、世界樹は膨大なエナジーを放出する。それは、勇気と力を与える光の洪水だ。再生が終わり、戦いの時が来た。,32,数年に一度、世界樹は膨大なエナジーを放出する。それは、勇気と力を与える光の洪水だ。再生が終わり、戦いの時が来た。,"Once every several years, the World Tree can release a large amount of energy, a flood of light that emboldens all who see it, strengthening them for battle.",
499,name,143:6_11:DM-06 11:守護聖天アーク・バイン,守護聖天アーク・バイン,33,守護聖天アーク・バイン,"Arc Bine, Guardian Angel","Arc Bine, the Astounding"
500,rules,143:6_11:DM-06 11:守護聖天アーク・バイン,"■進化－自分のガーディアン１体の上に置く。
■このクリーチャーがバトルゾーンにある間、バトルゾーンにある自分の光のクリーチャーをタップし、攻撃する代わりに次の[Ｔ]能力を使ってもよい。
[Ｔ]－バトルゾーンにある相手のクリーチャーを１体選び、タップする。",34,"＊進化－自分のガーディアン1体の上に置く。
＊このクリーチャーがバトルゾーンにある間、バトルゾーンにある自分の光のクリーチャーをタップし、攻撃する代わりに次のt 能力を使ってもよい。
t バトルゾーンにある相手のクリーチャーを1体選び、タップする。","Evolution-Put on one of your Guardians.
While this creature is in the battle zone, each of your light creatures may tap instead of attacking to use this t ability:
t Choose one of your opponent's creatures in the battle zone and tap it.","■ Evolution-Put on one of your Guardians.
■ Each of your light creatures may tap instead of attacking to use this creature's tap ability.
 Choose one of your opponent's creatures in the battle zone and tap it."
501,race,143:6_11:DM-06 11:守護聖天アーク・バイン,ガーディアン,35,ガーディアン,ガーディアン,Guardian
502,name,144:6_12:DM-06 12:聖域の守護者フォボス・エレインγ,聖域の守護者フォボス・エレインγ,36,聖域の守護者フォボス・エレインγ,Sanctum Guardian Forbos Elaine γ,"Forbos, Sanctum Guardian Q"
503,rules,144:6_12:DM-06 12:聖域の守護者フォボス・エレインγ,"[Ｓ]－このクリーチャーがバトルゾーンに出たとき、自分の山札を見る。その中から呪文を１枚選び、相手に見せてから自分の手札に加えてもよい。その後、山札をシャッフルする。
■サバイバー（このクリーチャーがバトルゾーンにある間、自分の他のサバイバーも上の[Ｓ]能力を得る）",37,"oS このクリーチャーがバトルゾーンに出たとき、自分の山札を見る。その中から呪文を1枚選び、相手に見せてから自分の手札に加えてもよい。その後、山札をシャッフルする。
サバイバー（このクリーチャーがバトルゾーンにある間、自分の他のサバイバーも上のoS 能力を得る）","oS When this creature is put into the battle zone, search your deck. You may take a spell from your deck, show that spell to your opponent, and put it into your hand. Then shuffle your deck.
Survivor (While this creature is in the battle zone, each of your other Survivors also gets this oS ability.)","■ Survivor (Each of your Survivors has this creature's Survivor ability.)
  When you put this creature into the battle zone, search your deck. You may take a spell from your deck, show that spell to your opponent, and put it into your hand. Then shuffle your deck."
504,race,144:6_12:DM-06 12:聖域の守護者フォボス・エレインγ,ガーディアン［サバイバー］,38,ガーディアン［サバイバー］,ガーディアン［サバイバー］,Survivor/Guardian
505,name,145:6_13:DM-06 13:綺羅星の精霊ガリアル,綺羅星の精霊ガリアル,39,綺羅星の精霊ガリアル,"Gariel, Elemental of the Shining Stars","Gariel, Elemental of Sunbeams"
506,rules,145:6_13:DM-06 13:綺羅星の精霊ガリアル,"■呪文を唱えたターンのみ、このクリーチャーを召喚できる。
■Ｗ・ブレイカー（シールドを攻撃したとき、このクリーチャーはシールドを２枚ブレイクする）",40,"＊呪文を唱えたターンのみ、このクリーチャーを召喚できる。
＊W・ブレイカー（シールドを攻撃したとき、このクリーチャーはシールドを2枚ブレイクする）","You can summon this creature only if you have cast a spell this turn.
Double breaker (This creature breaks 2 shields.)","■ You can summon this creature only if you have cast a spell this turn.
■ Double breaker (This creature breaks 2 shields.)"
507,flavor,145:6_13:DM-06 13:綺羅星の精霊ガリアル,精霊の翼は闇を切り裂き炎を鎮める。,41,精霊の翼は闇を切り裂き炎を鎮める。,Elementals' wings are infused with a light so powerful it can rend any darkness.,
508,race,145:6_13:DM-06 13:綺羅星の精霊ガリアル,エンジェル・コマンド,42,エンジェル・コマンド,エンジェル・コマンド,Angel Command
509,name,146:6_14:DM-06 14:聖騎士コスモグールド,聖騎士コスモグールド,43,聖騎士コスモグールド,"Cosmogoold, Holy Knight","Cosmogold, Spectral Knight"
510,rules,146:6_14:DM-06 14:聖騎士コスモグールド,"■このクリーチャーで攻撃する代わりに、タップして次の[Ｔ]能力を使ってもよい。
[Ｔ]－自分のマナゾーンから呪文を１枚選び、自分の手札に戻す。",44,"＊このクリーチャーで攻撃する代わりに、タップして次のt 能力を使ってもよい。
t 自分のマナゾーンから呪文を1枚選び、自分の手札に戻す。","Instead of having this creature attack, you may tap it to use its t ability.
t Return a spell from your mana zone to your hand.","■ Instead of having this creature attack, you may tap it to use its tap ability.
 Return a spell from your mana zone to your hand."
511,flavor,146:6_14:DM-06 14:聖騎士コスモグールド,星々の輝きを反射する。その者が生まれし場所は虹の生まれる地。,45,星々の輝きを反射する。その者が生まれし場所は虹の生まれる地。,His armor glows with the reflection of a thousand stars.,
512,race,146:6_14:DM-06 14:聖騎士コスモグールド,レインボー・ファントム,46,レインボー・ファントム,レインボー・ファントム,Rainbow Phantom
513,name,147:6_15:DM-06 15:宣凶師エルリオット,宣凶師エルリオット,47,宣凶師エルリオット,"Ellitt, the Missionary","Telitol, the Explorer"
514,rules,147:6_15:DM-06 15:宣凶師エルリオット,"■ブロッカー（相手クリーチャーが攻撃するとき、このクリーチャーをタップして、その攻撃を阻止してよい。その後、その相手クリーチャーとバトルする）
■このクリーチャーは、相手プレイヤーを攻撃できない。
■このクリーチャーがバトルゾーンに出たとき、自分のシールドをすべて見てもよい。その後、それを元に戻す。",48,"{B}ブロッカー（相手クリーチャーが攻撃するとき、このクリーチャーをタップして、その攻撃を阻止してよい。その後、その相手クリーチャーとバトルする）
＊このクリーチャーは、相手プレイヤーを攻撃できない。
＊このクリーチャーがバトルゾーンに出たとき、自分のシールドをすべて見てもよい。その後、それを元に戻す。","{B} Blocker (When one of your opponent's creatures attacks, you may tap this creature to stop the attack. Then the two creatures battle.)
This creature can't attack players. 
When this creature is put into the battle zone, you may look at your shields. Then put them back where they were.","■ Blocker (Whenever an opponent's creature attacks, you may tap this creature to stop the attack. Then the 2 creatures battle.)
■ When you put this creature into the battle zone, you may look at your shields. Then put them back where they were.
■ This creature can't attack players."
515,race,147:6_15:DM-06 15:宣凶師エルリオット,グラディエーター,49,グラディエーター,グラディエーター,Gladiator
516,name,148:6_16:DM-06 16:ジャスティス・バインド,ジャスティス・バインド,50,ジャスティス・バインド,Bonds of Justice,Bonds of Justice
517,rules,148:6_16:DM-06 16:ジャスティス・バインド,"■Ｓ・トリガー（この呪文をシールドゾーンから手札に加えるとき、コストを支払わずにすぐ唱えてよい）
■バトルゾーンにある、「ブロッカー」以外のクリーチャーをすべてタップする。",51,"{ST}S・トリガー（この呪文をシールドゾーンから手札に加えるとき、コストを支払わずにすぐ唱えてよい）
＊バトルゾーンにある、「ブロッカー」以外のクリーチャーをすべてタップする。","{ST} Shield trigger (If this spell is put from your shield zone into your hand, you may cast it immediately for no cost.)
Tap all untapped creatures in the battle zone that don't have ""blocker"".","■ Shield trigger (When this card is put into your hand from your shield zone, you may play it immediately for no cost.)
■ Tap all creatures in the battle zone that don't have ""blocker."""
518,flavor,148:6_16:DM-06 16:ジャスティス・バインド,断罪の時。,52,断罪の時。,The time of judgment has come. ,
519,name,149:6_17:DM-06 17:フォート・メガクラスター,フォート・メガクラスター,53,フォート・メガクラスター,Fort Megacluster,Fort Megacluster
520,rules,149:6_17:DM-06 17:フォート・メガクラスター,"■進化－自分のサイバー・クラスター１体の上に置く。
■このクリーチャーがバトルゾーンにある間、バトルゾーンにある自分の水のクリーチャーをタップし、攻撃する代わりに次の[Ｔ]能力を使ってもよい。
■[Ｔ]－カードを１枚引く。",54,"＊進化－自分のサイバー・クラスター1体の上に置く。
＊このクリーチャーがバトルゾーンにある間、バトルゾーンにある自分の水のクリーチャーをタップし、攻撃する代わりに次のt 能力を使ってもよい。
t カードを1枚引く。","Evolution-Put on one of your Cyber Clusters.
While this creature is in the battle zone, each of your water creatures may tap instead of attacking to use this t ability:
t Draw a card.","■ Evolution-Put on one of your Cyber Clusters.
■ Each of your water creatures may tap instead of attacking to use this creature's tap ability.
 Draw a card."
521,race,149:6_17:DM-06 17:フォート・メガクラスター,サイバー・クラスター,55,サイバー・クラスター,サイバー・クラスター,Cyber Cluster
522,name,150:6_18:DM-06 18:キング・トラファルガー,キング・トラファルガー,56,キング・トラファルガー,King Trafalger,King Triumphant
523,rules,150:6_18:DM-06 18:キング・トラファルガー,"■Ｗ・ブレイカー
■相手がクリーチャーを召喚するか呪文を唱えた場合、そのターンが終わるまで、このクリーチャーは「ブロッカー」を得る。（相手クリーチャーが攻撃するとき、このクリーチャーをタップして、その攻撃を阻止してよい。その後、その相手クリーチャーとバトルする）",57,"＊W・ブレイカー
＊相手がクリーチャーを召喚するか呪文を唱えた場合、そのターンが終わるまで、このクリーチャーは「ブロッカー」を得る。（相手クリーチャーが攻撃するとき、このクリーチャーをタップして、その攻撃を阻止してよい。その後、その相手クリーチャーとバトルする）","Double breaker
Whenever your opponent summons a creature or casts a spell, this creature gets ""blocker"" until the end of that turn. (When one of your opponent's creatures attacks, you may tap a creature that has ""blocker"" to stop the attack. Then the two creatures battle.)","■ Whenever your opponent summons a creature or casts a spell, this creature gets ""blocker"" until the end of the turn. (Whenever an opponent's creature attacks, you may tap a creature that has ""blocker"" to stop the attack. Then the 2 creatures battle.)
■ Double breaker (This creature breaks 2 shields.)"
524,race,150:6_18:DM-06 18:キング・トラファルガー,リヴァイアサン,58,リヴァイアサン,リヴァイアサン,Leviathan
525,name,151:6_19:DM-06 19:ナイト・クロウラー,ナイト・クロウラー,59,ナイト・クロウラー,Night Crawler,Midnight Crawler
526,rules,151:6_19:DM-06 19:ナイト・クロウラー,"■このクリーチャーがバトルゾーンに出たとき、相手のマナゾーンからカードを１枚選び、持ち主の手札に戻す。
■Ｗ・ブレイカー（シールドを攻撃したとき、このクリーチャーはシールドを２枚ブレイクする）",60,"＊このクリーチャーがバトルゾーンに出たとき、相手のマナゾーンからカードを1枚選び、持ち主の手札に戻す。
＊W・ブレイカー（シールドを攻撃したとき、このクリーチャーはシールドを2枚ブレイクする）","When this creature is put into the battle zone, choose 1 card in your opponent's mana zone and return it to your opponent's hand.
Double breaker (This creature breaks 2 shields).","■ When you put this creature into the battle zone, choose a card in your opponent's mana zone and return it to his hand.
■ Double breaker (This creature breaks 2 shields.)"
527,flavor,151:6_19:DM-06 19:ナイト・クロウラー,夜空に紅く輝く星を見付けたら気をつけなさい。その横で大きな口が貴方を狙っているかもしれない。,61,夜空に紅く輝く星を見付けたら気をつけなさい。その横で大きな口が貴方を狙っているかもしれない。,"If you see twinkling red stars at night, beware--there's likely a mouth attached to them.","If you spot a red star shining in the night sky, beware. A huge mouth beside it may be aiming for you."
528,race,151:6_19:DM-06 19:ナイト・クロウラー,アースイーター,62,アースイーター,アースイーター,Earth Eater
529,name,152:6_20:DM-06 20:ラプター・フィッシュ,ラプター・フィッシュ,63,ラプター・フィッシュ,Raptor Fish,Raptor Fish
530,rules,152:6_20:DM-06 20:ラプター・フィッシュ,■このクリーチャーがバトルゾーンに出たとき、自分の手札を山札に戻してシャッフルし、その枚数と同じ枚数のカードを引く。,64,＊このクリーチャーがバトルゾーンに出たとき、自分の手札を山札に戻してシャッフルし、その枚数と同じ枚数のカードを引く。,"When this creature is put into the battle zone, count the number of cards in your hand, shuffle those cards into your deck, then draw that many cards.","■ When you put this creature into the battle zone, count the cards in your hand, shuffle those cards into your deck, then draw that many cards."
531,flavor,152:6_20:DM-06 20:ラプター・フィッシュ,サイバーロードは、より好戦的なチップを搭載させることにした。,65,サイバーロードは、より好戦的なチップを搭載させることにした。,The cyberlords made it more aggressive by installing a new control chip.,
532,race,152:6_20:DM-06 20:ラプター・フィッシュ,ゲル・フィッシュ,66,ゲル・フィッシュ,ゲル・フィッシュ,Gel Fish
533,name,153:6_21:DM-06 21:キュロロ,キュロロ,67,キュロロ,Kyuroro,Kyuroro
534,rules,153:6_21:DM-06 21:キュロロ,■このクリーチャーがバトルゾーンにある間、自分のシールドが相手のクリーチャーにブレイクされるとき、ブレイクされるシールドを裏向きのまま自分で選ぶ。,68,＊このクリーチャーがバトルゾーンにある間、自分のシールドが相手のクリーチャーにブレイクされるとき、ブレイクされるシールドを裏向きのまま自分で選ぶ。,"While this creature is in the battle zone, whenever one of your opponent's creatures breaks one of your shields, you choose the shield (without looking).","■ Whenever an opponent's creature would break a shield, you choose the shield instead of your opponent."
535,flavor,153:6_21:DM-06 21:キュロロ,君達の行動パターンは、既に解析済みだよ。 - キュロロ,69,君達の行動パターンは、既に解析済みだよ。 - キュロロ,Our analysis of your strategy allows us to anticipate your every move. --Kyuroro,
536,race,153:6_21:DM-06 21:キュロロ,サイバーロード,70,サイバーロード,サイバーロード,Cyber Lord
537,name,154:6_22:DM-06 22:ロータス・ミントγ,ロータス・ミントγ,71,ロータス・ミントγ,Lotus Mint γ,Ripple Lotus Q
538,rules,154:6_22:DM-06 22:ロータス・ミントγ,"[Ｓ]－このクリーチャーがバトルゾーンに出たとき、バトルゾーンにある相手のクリーチャーを１体選び、タップしてもよい。
■サバイバー（このクリーチャーがバトルゾーンにある間、自分の他のサバイバーも上の[Ｓ]能力を得る）",72,"oS このクリーチャーがバトルゾーンに出たとき、バトルゾーンにある相手のクリーチャーを1体選び、タップしてもよい。
サバイバー（このクリーチャーがバトルゾーンにある間、自分の他のサバイバーも上のoS 能力を得る）","oS When this creature is put into the battle zone, you may choose 1 of your opponent's untapped creatures in the battle zone and tap it.
Survivor (While this creature is in the battle zone, each of your other Survivors also gets this oS ability.)","■ Survivor (Each of your Survivors has this creature's Survivor ability.)
  When you put this creature into the battle zone, you may choose one of your opponent's creatures in the battle zone and tap it."
539,flavor,154:6_22:DM-06 22:ロータス・ミントγ,海流にゆらめく花びらは、敵を誘う魔性の踊り子。,73,海流にゆらめく花びらは、敵を誘う魔性の踊り子。,"Its petals gently wave in the current, tempting prey to come closer.",
540,race,154:6_22:DM-06 22:ロータス・ミントγ,サイバー・ウイルス［サバイバー］,74,サイバー・ウイルス［サバイバー］,サイバー・ウイルス［サバイバー］,Survivor/Cyber Virus
541,name,155:6_23:DM-06 23:恐慌の魔黒デス・スペクター,恐慌の魔黒デス・スペクター,75,恐慌の魔黒デス・スペクター,"Death Specter, the Dark Fear","Frost Specter, Shadow of Age"
542,rules,155:6_23:DM-06 23:恐慌の魔黒デス・スペクター,"■進化－自分のゴースト１体の上に置く。
■このクリーチャーがバトルゾーンにある間、バトルゾーンにある自分のゴーストはそれぞれ「スレイヤー」を得る。（そのクリーチャーとバトルした相手クリーチャーは、勝っても持ち主の墓地に置かれる）",76,"＊進化－自分のゴースト1体の上に置く。
＊このクリーチャーがバトルゾーンにある間、バトルゾーンにある自分のゴーストはそれぞれ「スレイヤー」を得る。（そのクリーチャーとバトルした相手クリーチャーは、勝っても持ち主の墓地に置かれる）","Evolution-Put on one of your Ghosts.
While this creature is in the battle zone, each of your Ghosts in the battle zone gets ""Slayer (Even if this creature loses a battle, put the other creature into its owner's graveyard).""","■ Evolution-Put on one of your Ghosts.
■ Each of your Ghosts in the battle zone has ""slayer."" (Whenever a creature that has ""slayer"" battles, destroy the other creature after the battle.)"
543,race,155:6_23:DM-06 23:恐慌の魔黒デス・スペクター,ゴースト,77,ゴースト,ゴースト,Ghost
544,name,156:6_24:DM-06 24:戦慄の剛将アブリン,戦慄の剛将アブリン,78,戦慄の剛将アブリン,"Abling, the Bloody","Gnarvash, Merchant of Blood"
545,rules,156:6_24:DM-06 24:戦慄の剛将アブリン,"■Ｗ・ブレイカー（シールドを攻撃したとき、このクリーチャーはシールドを２枚ブレイクする）
■自分のターンが終わるとき、バトルゾーンにある自分のクリーチャーがこのクリーチャーだけであれば、自分の墓地に置く。",79,"＊W・ブレイカー（シールドを攻撃したとき、このクリーチャーはシールドを2枚ブレイクする）
＊自分のターンが終わるとき、バトルゾーンにある自分のクリーチャーがこのクリーチャーだけであれば、自分の墓地に置く。","Double breaker (This creature breaks 2 shields.)
When each of your turns ends, if this is your only creature in the battle zone, put it into your graveyard.","■ Double breaker (This creature breaks 2 shields.)
■ At the end of each of your turns, if this is your only creature in the battle zone, destroy it."
546,flavor,156:6_24:DM-06 24:戦慄の剛将アブリン,血が戦場を求めている。,80,血が戦場を求めている。,"His heart cries out for a battlefield, his blood sings a dirge of doom.",
547,race,156:6_24:DM-06 24:戦慄の剛将アブリン,デーモン・コマンド,81,デーモン・コマンド,デーモン・コマンド,Demon Command
548,name,157:6_25:DM-06 25:闇侯爵ハウクス,闇侯爵ハウクス,82,闇侯爵ハウクス,"Haucks, Duke of Darkness","Schuka, Duke of Amnesia"
549,rules,157:6_25:DM-06 25:闇侯爵ハウクス,■このクリーチャーがバトルゾーンから自分の墓地に置かれたとき、各プレイヤーは自分自身の手札をすべて、それぞれの墓地に置く。,83,＊このクリーチャーがバトルゾーンから自分の墓地に置かれたとき、各プレイヤーは自分自身の手札をすべて、それぞれの墓地に置く。,"When this creature is put from the battle zone into your graveyard, both you and your opponent discard your hands.","■ When this creature is destroyed, each player discards his hand."
550,flavor,157:6_25:DM-06 25:闇侯爵ハウクス,火の国との密約を思い浮かべ、邪悪に微笑む。,84,火の国との密約を思い浮かべ、邪悪に微笑む。,"The secret treaty with the Fire army signed, a soul-chilling chuckle escaped the Duke's throat.",
551,race,157:6_25:DM-06 25:闇侯爵ハウクス,ダークロード,85,ダークロード,ダークロード,Dark Lord
552,name,158:6_26:DM-06 26:死縛虫グレイブ・ワームγ,死縛虫グレイブ・ワームγ,86,死縛虫グレイブ・ワームγ,Grave Wurmγ,Grave Worm Q
553,rules,158:6_26:DM-06 26:死縛虫グレイブ・ワームγ,"[Ｓ]－このクリーチャーがバトルゾーンに出たとき、自分の墓地からサバイバーを１体選び、自分の手札に戻してもよい。
■サバイバー（このクリーチャーがバトルゾーンにある間、自分の他のサバイバーも上の[Ｓ]能力を得る）",87,"oS このクリーチャーがバトルゾーンに出たとき、自分の墓地からサバイバーを1体選び、自分の手札に戻してもよい。
サバイバー（このクリーチャーがバトルゾーンにある間、自分の他のサバイバーも上のoS 能力を得る）","oS When this creature is put into the battle zone, you may return 1 Survivor from your graveyard to your hand.
Survivor (While this creature is in the battle zone, each of your other Survivors also gets this oS ability.)","■ Survivor (Each of your Survivors has this creature's Survivor ability.)
  When you put this creature into the battle zone, you may return a Survivor from your graveyard to your hand."
554,race,158:6_26:DM-06 26:死縛虫グレイブ・ワームγ,パラサイトワーム［サバイバー］,88,パラサイトワーム［サバイバー］,パラサイトワーム［サバイバー］,Survivor/Parasite Worm
555,name,159:6_27:DM-06 27:虚空の翼ダークモルダー,虚空の翼ダークモルダー,89,虚空の翼ダークモルダー,"Dark Mulder, Wing of the Void ","Vile Mulder, Wing of the Void"
556,rules,159:6_27:DM-06 27:虚空の翼ダークモルダー,"■このクリーチャーは、クリーチャーを攻撃できない。
■Ｗ・ブレイカー（シールドを攻撃したとき、このクリーチャーはシールドを２枚ブレイクする）
■このクリーチャーはバトルに勝っても、バトルの後、持ち主の墓地に置かれる。",90,"＊このクリーチャーは、クリーチャーを攻撃できない。
＊W・ブレイカー（シールドを攻撃したとき、このクリーチャーはシールドを2枚ブレイクする）
＊このクリーチャーはバトルに勝っても、バトルの後、持ち主の墓地に置かれる。","This creature can't attack creatures. 
Double breaker (This creature breaks 2 shields.)
Even if this creature wins a battle, put it into your graveyard.","■ This creature can't attack creatures.
■ Double breaker (This creature breaks 2 shields.)
■ When this creature battles, destroy it after the battle."
557,race,159:6_27:DM-06 27:虚空の翼ダークモルダー,デーモン・コマンド,91,デーモン・コマンド,デーモン・コマンド,Demon Command
558,name,160:6_28:DM-06 28:邪魂転生,邪魂転生,92,邪魂転生,Vile Reincarnation,Intense Evil
559,rules,160:6_28:DM-06 28:邪魂転生,"■Ｓ・トリガー（この呪文をシールドゾーンから手札に加えるとき、コストを支払わずにすぐ唱えてよい）
■バトルゾーンにある自分のクリーチャーを好きな数選び、自分の墓地に置く。その後、そのクリーチャー１体につき２枚カードを引く。",93,"{ST}S・トリガー（この呪文をシールドゾーンから手札に加えるとき、コストを支払わずにすぐ唱えてよい）
＊バトルゾーンにある自分のクリーチャーを好きな数選び、自分の墓地に置く。その後、そのクリーチャー1体につき2枚カードを引く。","{ST} Shield trigger (If this spell is put from your shield zone into your hand, you may cast it immediately for no cost.)
Put any number of your creatures from the battle zone into your graveyard. Then draw 2 cards for each of those creatures.","■ Shield trigger (When this card is put into your hand from your shield zone, you may play it immediately for no cost.)
■ Destroy any number of your creatures. Then draw that many cards."
560,flavor,160:6_28:DM-06 28:邪魂転生,闇は常に魂を代償に求める。,94,闇は常に魂を代償に求める。,Every soul has a price--and no one can escape the collector.,
561,name,161:6_29:DM-06 29:シグマ・トゥレイト,シグマ・トゥレイト,95,シグマ・トゥレイト,Sigma Toolate,Q-tronic Gargantua
562,rules,161:6_29:DM-06 29:シグマ・トゥレイト,"■進化－自分のサバイバー１体の上に置く。
■クルー・ブレイカー:サバイバー（シールドを攻撃したとき、バトルゾーンにある自分の他のサバイバー１体につき、シールドをさらにもう１枚ブレイクする）",96,"＊進化－自分のサバイバー1体の上に置く。
＊クルー・ブレイカー:サバイバー（シールドを攻撃したとき、バトルゾーンにある自分の他のサバイバー1体につき、シールドをさらにもう1枚ブレイクする）","Evolution-Put on one of your Survivors.
Crew breaker-Survivor (This creature breaks 1 more shield for each of your other Survivors in the battle zone.)","■ Evolution-Put on one of your Survivors.
■ Crew breaker-Survivor (This creature breaks one more shield for each of your other Survivors in the battle zone.)"
563,flavor,161:6_29:DM-06 29:シグマ・トゥレイト,地上の災害に共鳴し、サバイバーはその悲劇を力に変える。,97,地上の災害に共鳴し、サバイバーはその悲劇を力に変える。,"Resonating with disasters on earth, Survivors turn the tragedies into the source of their power.",
564,race,161:6_29:DM-06 29:シグマ・トゥレイト,サバイバー,98,サバイバー,サバイバー,Survivor
565,name,162:6_30:DM-06 30:機神装甲ヴァルカイザー,機神装甲ヴァルカイザー,99,機神装甲ヴァルカイザー,Armored Cannon Valkaizer,Armored Decimator Valkaizer
566,rules,162:6_30:DM-06 30:機神装甲ヴァルカイザー,"■進化－自分のヒューマノイド１体の上に置く。
■このクリーチャーがバトルゾーンに出たとき、バトルゾーンにある、パワー4000以下の相手のクリーチャーを１体選び、持ち主の墓地に置いてもよい。",100,"＊進化－自分のヒューマノイド1体の上に置く。
＊このクリーチャーがバトルゾーンに出たとき、バトルゾーンにある、パワー4000以下の相手のクリーチャーを1体選び、持ち主の墓地に置いてもよい。","Evolution-Put on one of your Humans.
When this creature is put into the battle zone, you may choose 1 of your opponent's creatures in the battle zone that has power 4000 or less and put it into your opponent's graveyard.","■ Evolution-Put on one of your Humans.
■ When you put this creature into the battle zone, you may destroy one of your opponent's creatures that has power 4000 or less."
567,flavor,162:6_30:DM-06 30:機神装甲ヴァルカイザー,我がマントの元に集まりし者どもよ、光の馬鹿野郎をぶっつぶすぞ！,101,我がマントの元に集まりし者どもよ、光の馬鹿野郎をぶっつぶすぞ！,"Summon your might and follow me, we will ruin them, those light creatures!",
568,race,162:6_30:DM-06 30:機神装甲ヴァルカイザー,ヒューマノイド,102,ヒューマノイド,ヒューマノイド,Human
569,name,163:6_31:DM-06 31:バザガジール・ドラゴン,バザガジール・ドラゴン,103,バザガジール・ドラゴン,Bazagazeal Dragon,Bazagazeal Dragon
570,rules,163:6_31:DM-06 31:バザガジール・ドラゴン,"■スピードアタッカー(このクリーチャーは召喚酔いしない）
■このクリーチャーは、タップされていないクリーチャーを攻撃できる。
■Ｗ・ブレイカー
■自分のターンが終わるとき、このクリーチャーがバトルゾーンにあれば、自分の手札に戻す。",104,"＊スピードアタッカー(このクリーチャーは召喚酔いしない）
＊このクリーチャーは、タップされていないクリーチャーを攻撃できる。
＊W・ブレイカー
＊自分のターンが終わるとき、このクリーチャーがバトルゾーンにあれば、自分の手札に戻す。","Speed attacker (This creature doesn't get summoning sickness.)
This creature can attack untapped creatures.
Double breaker
When your turn ends, if this creature is in the battle zone, return it to your hand.","■ Speed attacker (This creature doesn't get summoning sickness.)
■ This creature can attack untapped creatures.
■ Double breaker
■ At the end of your turn, return this creature to your hand."
571,race,163:6_31:DM-06 31:バザガジール・ドラゴン,アーマード・ドラゴン,105,アーマード・ドラゴン,アーマード・ドラゴン,Armored Dragon
572,name,164:6_32:DM-06 32:ピーカプ・リザード,ピーカプ・リザード,106,ピーカプ・リザード,Pikabu Lizard,Badlands Lizard
573,rules,164:6_32:DM-06 32:ピーカプ・リザード,"■パワーアタッカー +3000（攻撃中、このクリーチャーのパワーは+3000される）
■このクリーチャーの攻撃がブロックされた場合、バトルは行われない。ただし、両クリーチャーはタップしたままである。",107,"＊パワーアタッカー +3000（攻撃中、このクリーチャーのパワーは+3000される）
＊このクリーチャーの攻撃がブロックされた場合、バトルは行われない。","Power attacker +3000 (While attacking, this creature gets +3000 power.)
If this creature becomes blocked, stop the attack and no battle happens. (Both creatures stay tapped.)","■ Power attacker +3000 (While attacking, this creature gets +3000 power.)
■ Whenever this creature becomes blocked, no battle happens. (Both creatures stay tapped.)"
574,flavor,164:6_32:DM-06 32:ピーカプ・リザード,こいつが居れば、百人力！ - 解体屋ピーカプ,108,こいつが居れば、百人力！ - 解体屋ピーカプ,One of these is worth a hundred fighters! --Pikabu the Dismantler,
575,race,164:6_32:DM-06 32:ピーカプ・リザード,デューンゲッコー,109,デューンゲッコー,デューンゲッコー,Dune Gecko
576,name,165:6_33:DM-06 33:ピーカプのドライバー,ピーカプのドライバー,110,ピーカプのドライバー,Pikabu Driver,Rikabu's Screwdriver
577,rules,165:6_33:DM-06 33:ピーカプのドライバー,"■このクリーチャーで攻撃する代わりに、タップして次の[Ｔ]能力を使ってもよい。
[Ｔ]－バトルゾーンにある相手の「ブロッカー」を持つクリーチャーを１体選び、持ち主の墓地に置く。",111,"＊このクリーチャーで攻撃する代わりに、タップして次の t 能力を使ってもよい。
 t バトルゾーンにある相手の「ブロッカー」を持つクリーチャーを1体選び、持ち主の墓地に置く。","Instead of having this creature attack, you may tap it to use its t ability.
t Choose one of your opponent's creatures in the battle zone that has ""blocker"" and put it into your opponent's graveyard.","■ Instead of having this creature attack, you may tap it to use its tap ability.
 Destroy one of your opponent's creatures that has ""blocker."""
578,flavor,165:6_33:DM-06 33:ピーカプのドライバー,道具は持ち主に似る。,112,道具は持ち主に似る。,You build what you know best.,
579,race,165:6_33:DM-06 33:ピーカプのドライバー,ゼノパーツ,113,ゼノパーツ,ゼノパーツ,Xenoparts
580,name,166:6_34:DM-06 34:クライシス・ボーラー,クライシス・ボーラー,114,クライシス・ボーラー,Crisis Bowler,Crisis Boulder
581,rules,166:6_34:DM-06 34:クライシス・ボーラー,"■Ｓ・トリガー（この呪文をシールドゾーンから手札に加えるとき、コストを支払わずにすぐ唱えてよい）
■相手は、バトルゾーンかマナゾーンから自分自身のカードを１枚選び、持ち主の墓地に置く。",115,"{ST}S・トリガー（この呪文をシールドゾーンから手札に加えるとき、コストを支払わずにすぐ唱えてよい）
＊相手は、バトルゾーンかマナゾーンから自分自身のカードを1枚選び、持ち主の墓地に置く。","{ST} Shield trigger (If this spell is put from your shield zone into your hand, you may cast it immediately for no cost.)
Your opponent chooses 1 of his or her cards in the battle zone or in his or her mana zone. Your opponent puts that card into his or her graveyard.","■ Shield trigger (When this card is put into your hand from your shield zone, you may play it immediately for no cost.)
■ Your opponent chooses one of his creatures in the battle zone or a card in his mana zone and puts it into his graveyard."
582,flavor,166:6_34:DM-06 34:クライシス・ボーラー,奴らの補給線をぶっちぎれ！ - 凶戦士ブレイズ・クロー,116,奴らの補給線をぶっちぎれ！ - 凶戦士ブレイズ・クロー,Cut off their supply lines! --Blaze Claw,"""Cut off their supply lines!"" - Deadly Fighter Braid Claw"
583,name,167:6_35:DM-06 35:超空要塞バビロン,超空要塞バビロン,117,超空要塞バビロン,Dimensional Fortress Babylon,Living Citadel Vosh
584,rules,167:6_35:DM-06 35:超空要塞バビロン,"■進化－自分のコロニー・ビートル１体の上に置く。
■このクリーチャーがバトルゾーンにある間、バトルゾーンにある自分の自然のクリーチャーをタップし、攻撃する代わりに次の[Ｔ]能力を使ってもよい。
[Ｔ]－自分の山札の上から１枚目を、自分のマナゾーンに置く。",118,"＊進化－自分のコロニー・ビートル1体の上に置く。
＊このクリーチャーがバトルゾーンにある間、バトルゾーンにある自分の自然のクリーチャーをタップし、攻撃する代わりに次の t 能力を使ってもよい。
 t 自分の山札の上から1枚目を、自分のマナゾーンに置く。","Evolution-Put on one of your Colony Beetles.
While this creature is in the battle zone, each of your nature creatures may tap instead of attacking to use this t ability:
t Put the top card of your deck into your mana zone.","■ Evolution-Put on one of your Colony Beetles.
■ Each of your nature creatures may tap instead of attacking to use this creature's tap ability.
 Put the top card of your deck into your mana zone."
585,race,167:6_35:DM-06 35:超空要塞バビロン,コロニー・ビートル,119,コロニー・ビートル,コロニー・ビートル,Colony Beetle
586,name,168:6_36:DM-06 36:殺戮の化身,殺戮の化身,120,殺戮の化身,Smash Totem,Clobber Totem
587,rules,168:6_36:DM-06 36:殺戮の化身,"■パワーアタッカー +2000（攻撃中、このクリーチャーのパワーは+2000される）
■このクリーチャーは、パワー5000以下のクリーチャーにブロックされない。
■Ｗ・ブレイカー（シールドを攻撃したとき、このクリーチャーはシールドを２枚ブレイクする）",121,"＊パワーアタッカー +2000（攻撃中、このクリーチャーのパワーは+2000される）
＊このクリーチャーは、パワー5000以下のクリーチャーにブロックされない。
＊W・ブレイカー（シールドを攻撃したとき、このクリーチャーはシールドを2枚ブレイクする）","Power attacker +2000 (While attacking, this creature gets +2000 power.)
This creature can't be blocked by any creature that has power 5000 or less.
Double breaker (This creature breaks 2 shields.)","■ Power attacker +2000 (While attacking, this creature gets +2000 power.)
■ This creature can't be blocked by any creature that has power 5000 or less.
■ Double breaker (This creature breaks 2 shields.)"
588,race,168:6_36:DM-06 36:殺戮の化身,ミステリー・トーテム,122,ミステリー・トーテム,ミステリー・トーテム,Mystery Totem
589,name,169:6_37:DM-06 37:シェル・ファクトリーγ,シェル・ファクトリーγ,123,シェル・ファクトリーγ,Shell Factory γ,Factory Shell Q
590,rules,169:6_37:DM-06 37:シェル・ファクトリーγ,"[Ｓ]－このクリーチャーがバトルゾーンに出たとき、自分の山札を見る。その中からサバイバーを１体選び、相手に見せてから自分の手札に加えてもよい。その後、山札をシャッフルする。
■サバイバー（このクリーチャーがバトルゾーンにある間、自分の他のサバイバーも上の[Ｓ]能力を得る）",124,"oS このクリーチャーがバトルゾーンに出たとき、自分の山札を見る。その中からサバイバーを1体選び、相手に見せてから自分の手札に加えてもよい。その後、山札をシャッフルする。
サバイバー（このクリーチャーがバトルゾーンにある間、自分の他のサバイバーも上のoS 能力を得る）","oS When this creature is put into the battle zone, search your deck. You may take a Survivor from your deck, show that Survivor to your opponent, and put it into your hand. Then shuffle your deck.
Survivor (While this creature is in the battle zone, each of your other Survivors also gets this oS ability.)","■ Survivor (Each of your Survivors has this creature's Survivor ability.)
  When you put this creature into the battle zone, search your deck. You may take a Survivor from your deck, show that Survivor to your opponent, and put it into your hand. Then shuffle your deck."
591,race,169:6_37:DM-06 37:シェル・ファクトリーγ,コロニー・ビートル［サバイバー］,125,コロニー・ビートル［サバイバー］,コロニー・ビートル［サバイバー］,Survivor/Colony Beetle
592,name,170:6_38:DM-06 38:戦いの化身,戦いの化身,126,戦いの化身,Battle Totem,Forbidding Totem
593,rules,170:6_38:DM-06 38:戦いの化身,■このクリーチャーがバトルゾーンにある間、相手の攻撃クリーチャーは、可能であればミステリー・トーテムを攻撃する。,127,＊このクリーチャーがバトルゾーンにある間、相手の攻撃クリーチャーは、可能であればミステリー・トーテムを攻撃する。,"While this creature is in the battle zone, your opponent's attacking creatures attack Mystery Totems if able.",■ Your opponent's attacking creatures attack Mystery Totems if able.
594,flavor,170:6_38:DM-06 38:戦いの化身,トーテムの気質は本来の姿から大きな影響を受ける。たとえば、戦いの化身は一本気で直線的だ。,128,トーテムの気質は本来の姿から大きな影響を受ける。たとえば、戦いの化身は一本気で直線的だ。,"The personality of an avatar is a reflection of the nature it represents. For example, the avatar of war is straightforward and difficult to control.",
595,race,170:6_38:DM-06 38:戦いの化身,ミステリー・トーテム,129,ミステリー・トーテム,ミステリー・トーテム,Mystery Totem
596,name,171:6_39:DM-06 39:魅了妖精チャミリア,魅了妖精チャミリア,130,魅了妖精チャミリア,Charmilia the Enticer,"Charmilia, the Enticer"
597,rules,171:6_39:DM-06 39:魅了妖精チャミリア,"■このクリーチャーで攻撃する代わりに、タップして次の[Ｔ]能力を使ってもよい。
[Ｔ]－自分の山札を見る。その中からクリーチャーを１体選び、相手に見せてから自分の手札に加えてもよい。その後、山札をシャッフルする。",131,"＊このクリーチャーで攻撃する代わりに、タップして次の t 能力を使ってもよい。
 t 自分の山札を見る。その中からクリーチャーを1体選び、相手に見せてから自分の手札に加えてもよい。その後、山札をシャッフルする。","Instead of having this creature attack, you may tap it to use its t ability.
t Search your deck. You may take a creature from your deck, show that creature to your opponent, and put it into your hand. Then shuffle your deck.","■ Instead of having this creature attack, you may tap it to use its tap ability.
 Search your deck. You may take a creature from your deck, show that creature to your opponent, and put it into your hand. Then shuffle your deck."
598,flavor,171:6_39:DM-06 39:魅了妖精チャミリア,雪国には人を惑わす妖精がいるという。,132,雪国には人を惑わす妖精がいるという。,Across the snow fields walk spirits which enthrall all who see them.,
599,race,171:6_39:DM-06 39:魅了妖精チャミリア,スノーフェアリー,133,スノーフェアリー,スノーフェアリー,Snow Faerie
600,name,172:6_40:DM-06 40:神秘の宝箱,神秘の宝箱,134,神秘の宝箱,Mysterious Treasure Chest,Mystic Treasure Chest
601,rules,172:6_40:DM-06 40:神秘の宝箱,■自分の山札を見る。その中から自然以外のカードを１枚選び、自分のマナゾーンに置いてもよい。その後、山札をシャッフルする。,135,＊自分の山札を見る。その中から自然以外のカードを1枚選び、自分のマナゾーンに置いてもよい。その後、山札をシャッフルする。,Search your deck. You may take a non-nature card from your deck and put it into your mana zone. Then shuffle your deck.,■ Search your deck. You may take a non-nature card from your deck and put it into your mana zone. Then shuffle your deck.
602,flavor,172:6_40:DM-06 40:神秘の宝箱,ひーふーみーよー。ん、一つ足りないぞ。 - 白銀の牙,136,ひーふーみーよー。ん、一つ足りないぞ。 - 白銀の牙,One...Two...Three...Four...Huh? One's missing. --Silver Fang,
603,name,173:6_41:DM-06 41:飛雲の求道者ダバ・トーレ,飛雲の求道者ダバ・トーレ,137,飛雲の求道者ダバ・トーレ,"Dava Torey, Seeker of Clouds","Dava Torey, Seeker of Clouds"
604,rules,173:6_41:DM-06 41:飛雲の求道者ダバ・トーレ,"■相手のターンに、このクリーチャーが自分の手札から自分の墓地に置かれた場合、このクリーチャーをバトルゾーンに置く。
",138,"＊相手のターンに、このクリーチャーが自分の手札から自分の墓地に置かれた場合、このクリーチャーをバトルゾーンに置く。
","During your opponent's turn, if this creature is discarded from your hand, then put this creature into the battle zone.","■ During your opponent's turn, if this creature would be discarded from your hand, put it into the battle zone instead."
605,flavor,173:6_41:DM-06 41:飛雲の求道者ダバ・トーレ,形無き物は壊せやしない。,139,形無き物は壊せやしない。,It is impossible to destroy something that has no body.,
606,race,173:6_41:DM-06 41:飛雲の求道者ダバ・トーレ,メカサンダー,140,メカサンダー,メカサンダー,Mecha Thunder
607,name,174:6_42:DM-06 42:光柱樹,光柱樹,141,光柱樹,Pillar of Light,Razorpine Tree
608,rules,174:6_42:DM-06 42:光柱樹,■バトルゾーンにある間、このクリーチャーのパワーは、自分のシールド１枚につき+2000される。,142,＊バトルゾーンにある間、このクリーチャーのパワーは、自分のシールド1枚につき+2000される。,"While in the battle zone, this creature gets +2000 power for each shield you have.",■ This creature gets +2000 power for each shield you have.
609,flavor,174:6_42:DM-06 42:光柱樹,強い光に集まる習性を持つ。,143,強い光に集まる習性を持つ。,It is attracted to large concentrations of light.,
610,race,174:6_42:DM-06 42:光柱樹,スターライト・ツリー,144,スターライト・ツリー,スターライト・ツリー,Starlight Tree
611,name,175:6_43:DM-06 43:予言者アドミス,予言者アドミス,145,予言者アドミス,Adomis the Prohphet,"Adomis, the Oracle"
612,rules,175:6_43:DM-06 43:予言者アドミス,"■このクリーチャーで攻撃する代わりに、タップして次の[Ｔ]能力を使ってもよい。
[Ｔ]－シールドを１枚選んで見る。その後、それを元に戻す。",146,"＊このクリーチャーで攻撃する代わりに、タップして次のt 能力を使ってもよい。
t シールドを1枚選んで見る。その後、それを元に戻す。","Instead of having this creature attack, you may tap it to use its t ability.
t Choose 1 shield and look at it. Then put it back where it was.","■ Instead of having this creature attack, you may tap it to use its tap ability.
 Choose a shield and look at it. Then put it back where it was."
613,race,175:6_43:DM-06 43:予言者アドミス,ライトブリンガー,147,ライトブリンガー,ライトブリンガー,Light Bringer
614,name,176:6_44:DM-06 44:聖騎士ムーンティアー,聖騎士ムーンティアー,148,聖騎士ムーンティアー,"Moontear, Holy Knight","Moontear, Spectral Knight"
615,rules,176:6_44:DM-06 44:聖騎士ムーンティアー,■呪文を唱えたターンのみ、このクリーチャーを召喚することができる。,149,＊呪文を唱えたターンのみ、このクリーチャーを召喚することができる。,You can summon this creature only if you have cast a spell this turn.,■ You can summon this creature only if you have cast a spell this turn.
616,flavor,176:6_44:DM-06 44:聖騎士ムーンティアー,その剣は見る者によって変化する。,150,その剣は見る者によって変化する。,All who see his sword are changed by it.,
617,race,176:6_44:DM-06 44:聖騎士ムーンティアー,レインボー・ファントム,151,レインボー・ファントム,レインボー・ファントム,Rainbow Phantom
618,name,177:6_45:DM-06 45:レイン・アロー,レイン・アロー,152,レイン・アロー,Rain Arrow,Rain of Arrows
619,rules,177:6_45:DM-06 45:レイン・アロー,■相手の手札を見て、その中から闇の呪文をすべて選び出し、持ち主の墓地に置く。,153,＊相手の手札を見て、その中から闇の呪文をすべて選び出し、持ち主の墓地に置く。,Look at your opponent's hand and put all darkness spells from it into your opponent's graveyard.,■ Look at your opponent's hand. He discards all darkness spells from it.
620,flavor,177:6_45:DM-06 45:レイン・アロー,浄化の光矢が降り注ぎ、闇を切り裂く。,154,浄化の光矢が降り注ぎ、闇を切り裂く。,"An arrow of purifying light, splitting the night.",
621,name,178:6_46:DM-06 46:プロテクト・フォース,プロテクト・フォース,155,プロテクト・フォース,Protective Force,Protective Force
622,rules,178:6_46:DM-06 46:プロテクト・フォース,"■Ｓ・トリガー（この呪文をシールドゾーンから手札に加えるとき、コストを支払わずにすぐ唱えてよい）
■バトルゾーンにある、自分の「ブロッカー」を持つクリーチャーを１体選ぶ。このターンが終わるまで、そのクリーチャーのパワーは+4000される。",156,"{ST}S・トリガー（この呪文をシールドゾーンから手札に加えるとき、コストを支払わずにすぐ唱えてよい）
＊バトルゾーンにある、自分の「ブロッカー」を持つクリーチャーを1体選ぶ。このターンが終わるまで、そのクリーチャーのパワーは+4000される。","{ST} Shield trigger (If this spell is put from your shield zone into your hand, you may cast it immediately for no cost.)
One of your creatures in the battle zone that has ""blocker"" gets +4000 power until the end of this turn.","■ Shield trigger (When this card is put into your hand from your shield zone, you may play it immediately for no cost.)
■ One of your creatures in the battle zone that has ""blocker"" gets +4000 power until the end of the turn."
623,name,179:6_47:DM-06 47:シャインシェル・クラスター,シャインシェル・クラスター,157,シャインシェル・クラスター,Shine Shell Cluster,Neon Cluster
624,rules,179:6_47:DM-06 47:シャインシェル・クラスター,"■このクリーチャーで攻撃する代わりに、タップして次の[Ｔ]能力を使ってもよい。
[Ｔ]－カードを２枚引く。",158,"＊このクリーチャーで攻撃する代わりに、タップして次の t 能力を使ってもよい。
tカードを2枚引く。","Instead of having this creature attack, you may tap it to use its t ability.
t Draw 2 cards.","■ Instead of having this creature attack, you may tap it to use its tap ability.
 Draw 2 cards."
625,flavor,179:6_47:DM-06 47:シャインシェル・クラスター,殴ればいいってもんじゃないよ。 - アクアン,159,殴ればいいってもんじゃないよ。 - アクアン,There are more ways to win a battle than simply fighting. --Aquan,
626,race,179:6_47:DM-06 47:シャインシェル・クラスター,サイバー・クラスター,160,サイバー・クラスター,サイバー・クラスター,Cyber Cluster
627,name,180:6_48:DM-06 48:ハザード・クロウラー,ハザード・クロウラー,161,ハザード・クロウラー,Hazard Crawler,Hazard Crawler
628,rules,180:6_48:DM-06 48:ハザード・クロウラー,"■ブロッカー（相手クリーチャーが攻撃するとき、このクリーチャーをタップして、その攻撃を阻止してよい。その後、その相手クリーチャーとバトルする）
■このクリーチャーは攻撃することができない。",162,{B}ブロッカー（相手クリーチャーが攻撃するとき、このクリーチャーをタップして、その攻撃を阻止してよい。その後、その相手クリーチャーとバトルする） 　　　　　　＊このクリーチャーは攻撃することができない。,"{B} Blocker (When one of your opponent's creatures attacks, you may tap this creature to stop the attack. Then the two creatures battle.)
This creature can't attack.","■ Blocker (Whenever an opponent's creature attacks, you may tap this creature to stop the attack. Then the 2 creatures battle.)
■ This creature can't attack."
629,flavor,180:6_48:DM-06 48:ハザード・クロウラー,全ては海から始まり、海が全てを終わらせる。,163,全ては海から始まり、海が全てを終わらせる。,"All began from the sea, and the sea shall end all.",
630,race,180:6_48:DM-06 48:ハザード・クロウラー,アースイーター,164,アースイーター,アースイーター,Earth Eater
631,name,181:6_49:DM-06 49:デコ・クラスター,デコ・クラスター,165,デコ・クラスター,Deco Cluster,Overload Cluster
632,rules,181:6_49:DM-06 49:デコ・クラスター,■相手がクリーチャーを召喚するか呪文を唱えた場合、そのターンが終わるまで、このクリーチャーは「ブロッカー」を得る。（相手クリーチャーが攻撃するとき、このクリーチャーをタップして、その攻撃を阻止してよい。そのあと、その相手クリーチャーとバトルする）,166,＊相手がクリーチャーを召喚するか呪文を唱えた場合、そのターンが終わるまで、このクリーチャーは「ブロッカー」を得る。（相手クリーチャーが攻撃するとき、このクリーチャーをタップして、その攻撃を阻止してよい。そのあと、その相手クリーチャーとバトルする）,"Whenever your opponent summons a creature or casts a spell, this creature gets ""blocker"" until the end of that turn. (When one of your opponent's creatures attacks, you may tap a creature that has ""blocker"" to stop the attack. Then the two creatures battle.)","■ Whenever your opponent summons a creature or casts a spell, this creature gets ""blocker"" until the end of the turn. (Whenever an opponent's creature attacks, you may tap a creature that has ""blocker"" to stop the attack. Then the 2 creatures battle.)"
633,race,181:6_49:DM-06 49:デコ・クラスター,サイバー・クラスター,167,サイバー・クラスター,サイバー・クラスター,Cyber Cluster
634,name,182:6_50:DM-06 50:ストーム・クロウラー,ストーム・クロウラー,168,ストーム・クロウラー,Storm Crawler,Thrash Crawler
635,rules,182:6_50:DM-06 50:ストーム・クロウラー,"■ブロッカー（相手クリーチャーが攻撃するとき、このクリーチャーをタップして、その攻撃を阻止してよい。そのあと、その相手クリーチャーとバトルする）
■このクリーチャーがバトルゾーンに出たとき、自分のマナゾーンからカードを１枚選び、自分の手札に戻す。
■このクリーチャーは攻撃することができない。
",169,"{B}ブロッカー（相手クリーチャーが攻撃するとき、このクリーチャーをタップして、その攻撃を阻止してよい。そのあと、その相手クリーチャーとバトルする）
*このクリーチャーがバトルゾーンに出たとき、自分のマナゾーンからカードを1枚選び、自分の手札に戻す。
*このクリーチャーは攻撃することができない。
","{B} Blocker (When one of your opponent's creatures attacks, you may tap this creature to stop the attack. Then the two creatures battle.)
When this creature is put into the battle zone, return a card from your mana zone to your hand.
This creature can't attack.","■ Blocker (Whenever an opponent's creature attacks, you may tap this creature to stop the attack. Then the 2 creatures battle.)
■ When you put this creature into the battle zone, return a card from your mana zone to your hand.
■ This creature can't attack."
636,race,182:6_50:DM-06 50:ストーム・クロウラー,アースイーター,170,アースイーター,アースイーター,Earth Eater
637,name,183:6_51:DM-06 51:ショック・ハリケーン,ショック・ハリケーン,171,ショック・ハリケーン,Shock Hurricane,Shock Hurricane
638,rules,183:6_51:DM-06 51:ショック・ハリケーン,■バトルゾーンにある自分のクリーチャーを好きな数選び、自分の手札に戻す。その後、バトルゾーンにある相手のクリーチャーを同じ数選び、持ち主の手札に戻してもよい。,172,＊バトルゾーンにある自分のクリーチャーを好きな数選び、自分の手札に戻す。その後、バトルゾーンにある相手のクリーチャーを同じ数選び、持ち主の手札に戻してもよい。,Return any number of your creatures from the battle zone to your hand. Then you may choose that many of your opponent's creatures in the battle zone and return them to your opponent's hand.,■ Return any number of your creatures from the battle zone to your hand. Then you may choose that many of your opponent's creatures in the battle zone and return them to your opponent's hand.
639,flavor,183:6_51:DM-06 51:ショック・ハリケーン,押せば引け、引いたら更に引け。,173,押せば引け、引いたら更に引け。,"If pushed, pull back. If pulled, pull back harder.",
640,name,184:6_52:DM-06 52:ミスティック・クリエーション,ミスティック・クリエーション,174,ミスティック・クリエーション,Mystic Creation,Mystic Dreamscape
641,rules,184:6_52:DM-06 52:ミスティック・クリエーション,"■Ｓ・トリガー（この呪文をシールドゾーンから手札に加えるとき、コストを支払わずにすぐ唱えてよい）
■自分のマナゾーンからカードを３枚まで選び、自分の手札に戻す。",175,"{ST}S・トリガー（この呪文をシールドゾーンから手札に加えるとき、コストを支払わずにすぐ唱えてよい）
＊自分のマナゾーンからカードを3枚まで選び、自分の手札に戻す。","{ST} Shield trigger (If this spell is put from your shield zone into your hand, you may cast it immediately for no cost.)
Return up to 3 cards from your mana zone to your hand.","■ Shield trigger (When this card is put into your hand from your shield zone, you may play it immediately for no cost.)
■ Return up to 3 cards from your mana zone to your hand."
642,flavor,184:6_52:DM-06 52:ミスティック・クリエーション,サイバーロードは生命の禁忌をも超越する。,176,サイバーロードは生命の禁忌をも超越する。,The cyberlords have no qualms about breaking even the most sacred of life's taboos.,
643,name,185:6_53:DM-06 53:ギガボアー,ギガボアー,177,ギガボアー,Gigaboa,Gigagriff
644,rules,185:6_53:DM-06 53:ギガボアー,"■ブロッカー（相手クリーチャーが攻撃するとき、このクリーチャーをタップして、その攻撃を阻止してよい。その後、その相手クリーチャーとバトルする）
■スレイヤー（このクリーチャーとバトルした相手クリーチャーは、勝っても持ち主の墓地に置かれる）
■このクリーチャーは攻撃することができない。",178,"{B}ブロッカー（相手クリーチャーが攻撃するとき、このクリーチャーをタップして、その攻撃を阻止してよい。その後、その相手クリーチャーとバトルする）
＊スレイヤー（このクリーチャーとバトルした相手クリーチャーは、勝っても持ち主の墓地に置かれる）
＊このクリーチャーは攻撃することができない。","{B} Blocker (When one of your opponent's creatures attacks, you may tap this creature to stop the attack. Then the two creatures battle.)
Slayer (Even if this creature loses a battle, put the other creature into its owner's graveyard.)
This creature can't attack.","■ Blocker (Whenever an opponent's creature attacks, you may tap this creature to stop the attack. Then the 2 creatures battle.)
■ Slayer (Whenever this creature battles, destroy the other creature after the battle.)
■ This creature can't attack."
645,race,185:6_53:DM-06 53:ギガボアー,キマイラ,179,キマイラ,キマイラ,Chimera
646,name,186:6_54:DM-06 54:戦男,戦男,180,戦男,Fighting Man,Bazooka Mutant
647,rules,186:6_54:DM-06 54:戦男,"■このクリーチャーは、「ブロッカー」を持つクリーチャーだけを攻撃できる。
■このクリーチャーは、相手プレイヤーを攻撃できない。",181,"＊このクリーチャーは、「ブロッカー」を持つクリーチャーだけを攻撃できる。
＊このクリーチャーは、相手プレイヤーを攻撃できない。","This creature can attack only creatures that have ""blocker.""
This creature can't attack players.","■ This creature can attack only creatures that have ""blocker.""
■ This creature can't attack players."
648,flavor,186:6_54:DM-06 54:戦男,どろりとした砲身から飛ぶのはやはり泥。,182,どろりとした砲身から飛ぶのはやはり泥。,A cannon of mud shots nothing but.,
649,race,186:6_54:DM-06 54:戦男,ヘドリアン,183,ヘドリアン,ヘドリアン,Hedrian
650,name,187:6_55:DM-06 55:鬼眼怪人スカルカッター,鬼眼怪人スカルカッター,184,鬼眼怪人スカルカッター,"Skullcutter, Evil Eye","Skullcutter, Swarm Leader"
651,rules,187:6_55:DM-06 55:鬼眼怪人スカルカッター,■自分のターンが終わるとき、バトルゾーンにある自分のクリーチャーがこのクリーチャーだけであれば、自分の墓地に置く。,185,＊自分のターンが終わるとき、バトルゾーンにある自分のクリーチャーがこのクリーチャーだけであれば、自分の墓地に置く。,"When each of your turns ends, if this is your only creature in the battle zone, put it into your graveyard.","■ At the end of each of your turns, if this is your only creature in the battle zone, destroy it."
652,flavor,187:6_55:DM-06 55:鬼眼怪人スカルカッター,頭は考える為にあるんじゃないぞ。 - 鬼眼怪人スカルカッター,186,頭は考える為にあるんじゃないぞ。 - 鬼眼怪人スカルカッター,"Your head isn't for thinking, you know. --Skullcutter, Evil Eye",
653,race,187:6_55:DM-06 55:鬼眼怪人スカルカッター,デビルマスク,187,デビルマスク,デビルマスク,Devil Mask
654,name,188:6_56:DM-06 56:刃滅人形ポール,刃滅人形ポール,188,刃滅人形ポール,"Paul, Doll of Dark Blades","Lupa, Poison-Tipped Doll"
655,rules,188:6_56:DM-06 56:刃滅人形ポール,"■このクリーチャーで攻撃する代わりに、タップして次の[Ｔ]能力を使ってもよい。
[Ｔ]－バトルゾーンにある自分のクリーチャーを１体選ぶ。このターンが終わるまで、そのクリーチャーは「スレイヤー」を得る。（このクリーチャーとバトルした相手クリーチャーは、勝っても持ち主の墓地に置かれる）",189,"＊このクリーチャーで攻撃する代わりに、タップして次の t 能力を使ってもよい。
 t バトルゾーンにある自分のクリーチャーを1体選ぶ。このターンが終わるまで、そのクリーチャーは「スレイヤー」を得る。（このクリーチャーとバトルした相手クリーチャーは、勝っても持ち主の墓地に置かれる）","Instead of having this creature attack, you may tap it to use its t ability.
t One of your creatures in the battle zone gets ""slayer"" until the end of the turn. (Even if a creature that has ""slayer"" loses a battle, put the other creature into its owner's graveyard.)","■ Instead of having this creature attack, you may tap it to use its tap ability.
 One of your creatures in the battle zone gets ""slayer"" until the end of the turn. (Whenever a creature that has ""slayer"" battles, destroy the other creature after the battle.)"
656,race,188:6_56:DM-06 56:刃滅人形ポール,デスパペット,190,デスパペット,デスパペット,Death Puppet
657,name,189:6_57:DM-06 57:ヘル・スラッシュ,ヘル・スラッシュ,191,ヘル・スラッシュ,Hell Slash,Hell Slash
658,rules,189:6_57:DM-06 57:ヘル・スラッシュ,■相手の山札を見る。その中から３枚選び、持ち主の墓地に置いてもよい。その後、相手は自分自身の山札をシャッフルする。,192,＊相手の山札を見る。その中から3枚選び、持ち主の墓地に置いてもよい。その後、相手は自分自身の山札をシャッフルする。,Search your opponent's deck. You may take 3 cards from your opponent's deck and put them into his or her graveyard. Then your opponent shuffles his or her deck.,■ Search your opponent's deck. Take up to 3 cards from their deck and put them into their graveyard. Then your opponent shuffles their deck.
659,flavor,189:6_57:DM-06 57:ヘル・スラッシュ,骨を斬らせて、心を断つ。,193,骨を斬らせて、心を断つ。,It rends bones and slays hearts.,Let them cut your bones. Then break their spirit.
660,name,190:6_58:DM-06 58:死の宣告,死の宣告,194,死の宣告,Proclamation of Death,Proclamation of Death
661,rules,190:6_58:DM-06 58:死の宣告,"■Ｓ・トリガー（この呪文をシールドゾーンから手札に加えるとき、コストを支払わずにすぐ唱えてよい）
■相手はバトルゾーンにある自分自身のクリーチャーを１体選び、持ち主の墓地に置く。",195,"{ST}S・トリガー（この呪文をシールドゾーンから手札に加えるとき、コストを支払わずにすぐ唱えてよい）
＊相手はバトルゾーンにある自分自身のクリーチャーを1体選び、持ち主の墓地に置く。","{ST} Shield trigger (If this spell is put from your shield zone into your hand, you may cast it immediately for no cost.)
Your opponent chooses 1 of his or her creatures in the battle zone and puts it into his or her graveyard.","■ Shield trigger (When this card is put into your hand from your shield zone, you may play it immediately for no cost.)
■ Your opponent chooses one of his creatures in the battle zone and destroys it."
662,flavor,190:6_58:DM-06 58:死の宣告,その眼を見てはいけない。,196,その眼を見てはいけない。,Do not look into those eyes.,Do not look into those eyes.
663,name,191:6_59:DM-06 59:スフィンティラノスβ,スフィンティラノスβ,197,スフィンティラノスβ,Sfintiranos β,Rumblesaur Q
664,rules,191:6_59:DM-06 59:スフィンティラノスβ,[Ｓ]－スピードアタッカー(このクリーチャーは召喚酔いしない）■サバイバー（このクリーチャーがバトルゾーンにある間、自分の他のサバイバーも上の[Ｓ]能力を得る）,198,"oS スピードアタッカー(このクリーチャーは召喚酔いしない）
サバイバー（このクリーチャーがバトルゾーンにある間、自分の他のサバイバーも上のoS 能力を得る）","oS Speed attacker (This creature doesn't get summoning sickness.)
Survivor (While this creature is in the battle zone, each of your other Survivors also gets this oS ability.)","■ Survivor (Each of your Survivors has this creature's Survivor ability.)
  Speed attacker (This creature doesn't get summoning sickness.)"
665,flavor,191:6_59:DM-06 59:スフィンティラノスβ,岩壁を裂き、炎の獅子が蘇る。,199,岩壁を裂き、炎の獅子が蘇る。,"Its rocky prison broken, the lion of fire awakes.",
666,race,191:6_59:DM-06 59:スフィンティラノスβ,ロック・ビースト［サバイバー］,200,ロック・ビースト［サバイバー］,ロック・ビースト［サバイバー］,Rock Beast
667,name,192:6_60:DM-06 60:エグゼズ・ワイバーン,エグゼズ・ワイバーン,201,エグゼズ・ワイバーン,Exes Wyvern,Cutthroat Skyterror
668,rules,192:6_60:DM-06 60:エグゼズ・ワイバーン,"■スピードアタッカー(このクリーチャーは召喚酔いしない）
■このクリーチャーは、相手プレイヤーを攻撃できない。
■自分のターンが終わるとき、このクリーチャーがバトルゾーンにあれば、自分の手札に戻す。",202,"＊スピードアタッカー(このクリーチャーは召喚酔いしない）
＊このクリーチャーは、相手プレイヤーを攻撃できない。
＊自分のターンが終わるとき、このクリーチャーがバトルゾーンにあれば、自分の手札に戻す。","Speed attacker (This creature doesn't get summoning sickness.)
This creature can't attack players.
When your turn ends, if this creature is in the battle zone, return it to your hand.","■ Speed attacker (This creature doesn't get summoning sickness.)
■ This creature can't attack players.
■ At the end of your turn, return this creature to your hand."
669,flavor,192:6_60:DM-06 60:エグゼズ・ワイバーン,寄せては返す波状攻撃で、光の民を次々と撃破していった。,203,寄せては返す波状攻撃で、光の民を次々と撃破していった。,The forces of light's defenses quickly crumbled under assault by wave after wave of wyverns.,Wave after wave of attacks struck down the people of Light one after another.
670,race,192:6_60:DM-06 60:エグゼズ・ワイバーン,アーマード・ワイバーン,204,アーマード・ワイバーン,アーマード・ワイバーン,Armored Wyvern
671,name,193:6_61:DM-06 61:荒法師ミガサ,荒法師ミガサ,205,荒法師ミガサ,"Migasa, Adept of Chaos","Migasa, Adept of Chaos"
672,rules,193:6_61:DM-06 61:荒法師ミガサ,"■このクリーチャーで攻撃する代わりに、タップして次の[Ｔ]能力を使ってもよい。
[Ｔ]－バトルゾーンにある自分の火のクリーチャーを１体選ぶ。このターンが終わるまで、そのクリーチャーは「Ｗ・ブレイカー」を得る。（シールドを攻撃したとき、そのクリーチャーはシールドを２枚ブレイクする）",206,"＊このクリーチャーで攻撃する代わりに、タップして次の t 能力を使ってもよい。
 t バトルゾーンにある自分の火のクリーチャーを1体選ぶ。このターンが終わるまで、そのクリーチャーは「Ｗ・ブレイカー」を得る。（シールドを攻撃したとき、そのクリーチャーはシールドを2枚ブレイクする）","Instead of having this creature attack, you may tap it to use its t ability.
t One of your fire creatures in the battle zone gets ""double breaker"" until the end of the turn. (This creature breaks 2 shields.)","■ Instead of having this creature attack, you may tap it to use its tap ability.
 One of your fire creatures in the battle zone gets ""double breaker"" until the end of the turn. (A creature that has ""double breaker"" breaks 2 shields.)"
673,flavor,193:6_61:DM-06 61:荒法師ミガサ,正々堂々、いざ勝負！ - 荒法師ミガサ,207,正々堂々、いざ勝負！ - 荒法師ミガサ,"Show me what you've gt! --Migasa, Adept of Chaos","""Fair and square - let us battle!"" - Migasa, Adept of Chaos"
674,race,193:6_61:DM-06 61:荒法師ミガサ,ヒューマノイド,208,ヒューマノイド,ヒューマノイド,Human
675,name,194:6_62:DM-06 62:コッコ・ルピア,コッコ・ルピア,209,コッコ・ルピア,Cocco Lupia,Cocco Lupia
676,rules,194:6_62:DM-06 62:コッコ・ルピア,■このクリーチャーがバトルゾーンにある間、自分のドラゴンを召喚するとき、支払うコストは２少なくなる。ただし、コストが１以下になることはない。,210,＊このクリーチャーがバトルゾーンにある間、自分のドラゴンを召喚するとき、支払うコストは2少なくなる。ただし、コストが1以下になることはない。,"While this creature is in the battle zone, your Dragons each cost 2 less to summon. They can't cost less than 1.",■ Your creatures that have Dragon in their race each cost 2 less to summon. (Dragonoids don't count.) They can't cost less than 2.
677,flavor,194:6_62:DM-06 62:コッコ・ルピア,竜が唯一友とする。,211,竜が唯一友とする。,A dragon's only true friend.,
678,race,194:6_62:DM-06 62:コッコ・ルピア,ファイアー・バード,212,ファイアー・バード,ファイアー・バード,Fire Bird
679,name,195:6_63:DM-06 63:ピコット・ミサイル,ピコット・ミサイル,213,ピコット・ミサイル,Picott Missile,Spastic Missile
680,rules,195:6_63:DM-06 63:ピコット・ミサイル,■バトルゾーンにある、パワー3000以下の相手のクリーチャーを１体選び、持ち主の墓地に置く。,214,＊バトルゾーンにある、パワー3000以下の相手のクリーチャーを1体選び、持ち主の墓地に置く。,Choose 1 of your opponent's creatures in the battle zone that has power 3000 or less and put it into your opponent's graveyard.,■ Destroy one of your opponent's creatures that has power 3000 or less.
681,flavor,195:6_63:DM-06 63:ピコット・ミサイル,増えすぎだ！,215,増えすぎだ！,There's too many of 'em!,
682,name,196:6_64:DM-06 64:火炎流星弾,火炎流星弾,216,火炎流星弾,Comet Missile,Comet Missile
683,rules,196:6_64:DM-06 64:火炎流星弾,"■Ｓ・トリガー（この呪文をシールドゾーンから手札に加えるとき、コストを支払わずにすぐ唱えてよい）
■バトルゾーンにある、相手の「ブロッカー」を持つパワー6000以下のクリーチャーを１体選び、持ち主の墓地に置く。",217,"{ST} S・トリガー（この呪文をシールドゾーンから手札に加えるとき、コストを支払わずにすぐ唱えてよい）
＊バトルゾーンにある、相手の「ブロッカー」を持つパワー6000以下のクリーチャーを1体選び、持ち主の墓地に置く。","{ST} Shield trigger (If this spell is put from your shield zone into your hand, you may cast it immediately for no cost.)
Choose 1 of your opponent's creatures in the battle zone that has ""blocker"" and power 6000 or less and put it into your opponent's graveyard.","■ Shield trigger (When this card is put into your hand from your shield zone, you may play it immediately for no cost.)
■ Destroy one of your opponent's creatures that has ""blocker"" and power 6000 or less."
684,name,197:6_65:DM-06 65:跳躍の超人,跳躍の超人,218,跳躍の超人,Flying Giant,Cantankerous Giant
685,rules,197:6_65:DM-06 65:跳躍の超人,■Ｗ・ブレイカー（シールドを攻撃したとき、このクリーチャーはシールドを２枚ブレイクする）,219,＊W・ブレイカー（シールドを攻撃したとき、このクリーチャーはシールドを2枚ブレイクする）,Double breaker (This creature breaks 2 shields.),■ Double breaker (This creature breaks 2 shields.)
686,flavor,197:6_65:DM-06 65:跳躍の超人,大地を踏む手は力の象徴。,220,大地を踏む手は力の象徴。,"The large, hand-shaped impressions in the earth are signs of its passing.",
687,race,197:6_65:DM-06 65:跳躍の超人,ジャイアント,221,ジャイアント,ジャイアント,Giant
688,name,198:6_66:DM-06 66:恵みの化身,恵みの化身,222,恵みの化身,"Blessing Ttem, Avatar of Fortune","Bliss Totem, Avatar of Luck"
689,rules,198:6_66:DM-06 66:恵みの化身,"■このクリーチャーで攻撃する代わりに、タップして次の[Ｔ]能力を使ってもよい。
[Ｔ]－自分の墓地からカードを３枚まで選び、自分のマナゾーンに置く。",223,"＊このクリーチャーで攻撃する代わりに、タップして次のt 能力を使ってもよい。
t 自分の墓地からカードを3枚まで選び、自分のマナゾーンに置く。","Instead of having this creature attack, you may tap it to use its t ability.
t Put up to 3 cards from your graveyard into your mana zone.","■ Instead of having this creature attack, you may tap it to use its tap ability.
 Put up to 3 cards from your graveyard into your mana zone."
690,flavor,198:6_66:DM-06 66:恵みの化身,世界樹の光を利用して、孤高の願はフィオナの森の古木に魂を吹き込んだ。,224,世界樹の光を利用して、孤高の願はフィオナの森の古木に魂を吹き込んだ。,"Using light from the World Tree, it breathes life into the ancient trees of the Fiona Woods.",
691,race,198:6_66:DM-06 66:恵みの化身,ミステリー・トーテム,225,ミステリー・トーテム,ミステリー・トーテム,Mystery Totem
692,name,199:6_67:DM-06 67:激闘するフェザー・ホーン,激闘するフェザー・ホーン,226,激闘するフェザー・ホーン,"Feather Horn, the Fighter","Feather Horn, the Tracker"
693,flavor,199:6_67:DM-06 67:激闘するフェザー・ホーン,綺麗な羽は彼らの心を鎮める御守り。だが、闇の行為への怒りははるかにそれを上回った。,227,綺麗な羽は彼らの心を鎮める御守り。だが、闇の行為への怒りははるかにそれを上回った。,"Their wings, which sing songs of peace, cannt hold back their fury toward the forces of darkness.",
694,race,199:6_67:DM-06 67:激闘するフェザー・ホーン,ホーン・ビースト,228,ホーン・ビースト,ホーン・ビースト,Horned Beast
695,name,200:6_68:DM-06 68:樹界を守るパラダイス・ホーン,樹界を守るパラダイス・ホーン,229,樹界を守るパラダイス・ホーン,"Paradise Horn, Guardian of the Groves",Paradise Horn
696,rules,200:6_68:DM-06 68:樹界を守るパラダイス・ホーン,■パワーアタッカー +2000（攻撃中、このクリーチャーのパワーは+2000される）,230,＊パワーアタッカー +2000（攻撃中、このクリーチャーのパワーは+2000される）,"Power attacker +2000 (While attacking, this creature gets +2000 power.)","■ Power attacker +2000 (While attacking, this creature gets +2000 power.)"
697,flavor,200:6_68:DM-06 68:樹界を守るパラダイス・ホーン,その震動に樹木と鳥達が歓喜のダンスを踊る。,231,その震動に樹木と鳥達が歓喜のダンスを踊る。,"As if the world had been born anew, animals, birds, even the tree themselves, dance for joy at his presence.",
698,race,200:6_68:DM-06 68:樹界を守るパラダイス・ホーン,ホーン・ビースト,232,ホーン・ビースト,ホーン・ビースト,Horned Beast
699,name,201:6_69:DM-06 69:無垢の宝剣,無垢の宝剣,233,無垢の宝剣,"Innocent Hunter, the Virtuous Blade","Innocent Hunter, Blade of All"
700,rules,201:6_69:DM-06 69:無垢の宝剣,■どんな種族の進化クリーチャーを、このクリーチャーの上に置いてもよい。,234,＊どんな種族の進化クリーチャーを、このクリーチャーの上に置いてもよい。,You can put an evolution creature of any race on this creature.,■ You can put an evolution creature of any race on this creature.
701,flavor,201:6_69:DM-06 69:無垢の宝剣,彼の器は誰よりも大きく、彼の精神は誰よりも透明だ。将来の王と獣人は呼ぶ。,235,彼の器は誰よりも大きく、彼の精神は誰よりも透明だ。将来の王と獣人は呼ぶ。,"With a blade larger than any other's, and a soul purer than any other's, he is hailed as the future king of the Beastfolk.",
702,race,201:6_69:DM-06 69:無垢の宝剣,ビーストフォーク,236,ビーストフォーク,ビーストフォーク,Beast Folk
703,name,202:6_70:DM-06 70:大自然の意志,大自然の意志,237,大自然の意志,Gaea's Will,Pangaea's Will
704,rules,202:6_70:DM-06 70:大自然の意志,"■Ｓ・トリガー（この呪文をシールドゾーンから手札に加えるとき、コストを支払わずにすぐ唱えてよい）
■バトルゾーンにある、相手の進化クリーチャーを１体選び、一番上のカードを持ち主のマナゾーンに置く。",238,"{ST}S・トリガー（この呪文をシールドゾーンから手札に加えるとき、コストを支払わずにすぐ唱えてよい）
＊バトルゾーンにある、相手の進化クリーチャーを1体選び、一番上のカードを持ち主のマナゾーンに置く。","{ST} Shield trigger (If this spell is put from your shield zone into your hand, you may cast it immediately for no cost.)
Choose 1 of your opponent's evolution creatures in the battle zone and put the top card of that creature into your opponent's mana zone.","■ Shield trigger (When this card is put into your hand from your shield zone, you may play it immediately for no cost.)
■ Choose one of your opponent's evolution creatures in the battle zone and put the top card of that creature into your opponent's mana zone."
705,flavor,202:6_70:DM-06 70:大自然の意志,自然は、不自然な強さを認めない。,239,自然は、不自然な強さを認めない。,That which is born naturally is stronger than anything that is nt.,Nature does not tolerate unnatural strength.
706,name,203:6_71:DM-06 71:鋭刃の使徒グーレ・チェーン,鋭刃の使徒グーレ・チェーン,240,鋭刃の使徒グーレ・チェーン,"Gret Chen, Apostle of Blades","Chen Treg, Vizier of Blades"
707,rules,203:6_71:DM-06 71:鋭刃の使徒グーレ・チェーン,"■このクリーチャーで攻撃する代わりに、タップして次の[Ｔ]能力を使ってもよい。
[Ｔ]－バトルゾーンにある相手のクリーチャーを１体選び、タップする。",241,"＊このクリーチャーで攻撃する代わりに、タップして次の t 能力を使ってもよい。
t バトルゾーンにある相手のクリーチャーを1体選び、タップする。","Instead of having this creature attack, you may tap it to use its t ability.
t Choose 1 of your opponent's untapped creatures in the battle zone and tap it.","■ Instead of having this creature attack, you may tap it to use its tap ability.
 Choose one of your opponent's creatures in the battle zone and tap it."
708,flavor,203:6_71:DM-06 71:鋭刃の使徒グーレ・チェーン,幾星霜を経て鍛えられし剣は全てを貫く。,242,幾星霜を経て鍛えられし剣は全てを貫く。,"Its blade, forged in the heat of stars, can penetrate anything.",
709,race,203:6_71:DM-06 71:鋭刃の使徒グーレ・チェーン,イニシエート,243,イニシエート,イニシエート,Initiate
710,name,204:6_72:DM-06 72:不屈の使徒チーキ・クーレ,不屈の使徒チーキ・クーレ,244,不屈の使徒チーキ・クーレ,"Chieki Coole, Apostle of Endurance","Chekicul, Vizier of Endurance"
711,rules,204:6_72:DM-06 72:不屈の使徒チーキ・クーレ,"■ブロッカー
■このクリーチャーが攻撃をブロックしたとき、バトルは行われない。ただし、両クリーチャーはタップしたままである。
■このクリーチャーは攻撃することができない。",245,"{B}ブロッカー
＊このクリーチャーが攻撃をブロックしたとき、バトルは行われない。ただし、両クリーチャーはタップしたままである。
＊このクリーチャーは攻撃することができない。","{B} Blocker
Whenever this creature blocks, stop the attack and no battle happens. (Both creatures stay tapped.)
This creature can't attack.","■ Blocker (Whenever an opponent's creature attacks, you may tap this creature to stop the attack. Then the 2 creatures battle.)
■ Whenever this creature blocks, no battle happens. (Both creatures stay tapped.)
■ This creature can't attack."
712,flavor,204:6_72:DM-06 72:不屈の使徒チーキ・クーレ,中枢の護衛のため、その使徒はエネルギーを蓄え、姿を変えていった。,246,中枢の護衛のため、その使徒はエネルギーを蓄え、姿を変えていった。,"In order to protect the central system, the apostle has stored necessary energy for his metamorphosis.",
713,race,204:6_72:DM-06 72:不屈の使徒チーキ・クーレ,イニシエート,247,イニシエート,イニシエート,Initiate
714,name,205:6_73:DM-06 73:宣凶師キンゼラ,宣凶師キンゼラ,248,宣凶師キンゼラ,"Kinsella, the Missionary","Kanesill, the Explorer"
715,rules,205:6_73:DM-06 73:宣凶師キンゼラ,"■ブロッカー（相手クリーチャーが攻撃するとき、このクリーチャーをタップして、その攻撃を阻止してよい。そのあと、その相手クリーチャーとバトルする）
■このクリーチャーは、相手プレイヤーを攻撃できない。",249,"{B}ブロッカー（相手クリーチャーが攻撃するとき、このクリーチャーをタップして、その攻撃を阻止してよい。そのあと、その相手クリーチャーとバトルする）　　　　　　　
＊このクリーチャーは、相手プレイヤーを攻撃できない。","{B} Blocker (When one of your opponent's creatures attacks, you may tap this creature to stop the attack. Then the two creatures battle.)
This creature can't attack players.","■ Blocker (Whenever an opponent's creature attacks, you may tap this creature to stop the attack. Then the 2 creatures battle.)
■ This creature can't attack players."
716,flavor,205:6_73:DM-06 73:宣凶師キンゼラ,戦禍の疲弊を癒すため、宣凶師は地上へと降り立った。,250,戦禍の疲弊を癒すため、宣凶師は地上へと降り立った。,"Seeking to ease the ravages of war, the missionaries descended to the earth.",
717,race,205:6_73:DM-06 73:宣凶師キンゼラ,グラディエーター,251,グラディエーター,グラディエーター,Gladiator
718,name,206:6_74:DM-06 74:藍電草,藍電草,252,藍電草,Blue Lightning Grass,Lightning Grass
719,flavor,206:6_74:DM-06 74:藍電草,戦闘の残骸は、空の掃除人の大事な養分となった。,253,戦闘の残骸は、空の掃除人の大事な養分となった。,The remnants of the battle become nourishment for the denizens of the air.,
720,race,206:6_74:DM-06 74:藍電草,スターライト・ツリー,254,スターライト・ツリー,スターライト・ツリー,Starlight Tree
721,name,207:6_75:DM-06 75:電磁の使徒バルアス,電磁の使徒バルアス,255,電磁の使徒バルアス,"Ballas, Apostle of Electromagnetism","Ballas, Vizier of Electrons"
722,flavor,207:6_75:DM-06 75:電磁の使徒バルアス,長き戦いの末、光の軍勢は炎熱の部族を撤退させた。,256,長き戦いの末、光の軍勢は炎熱の部族を撤退させた。,"After the enduring battle, the Fire tribe was forced to retreat from the ground of powerful Light army offence.",
723,race,207:6_75:DM-06 75:電磁の使徒バルアス,イニシエート,257,イニシエート,イニシエート,Initiate
724,name,208:6_76:DM-06 76:予言者ユーク,予言者ユーク,258,予言者ユーク,Yuuk the Prophet,"Yuluk, the Oracle"
725,rules,208:6_76:DM-06 76:予言者ユーク,■呪文を唱えたターンのみ、このクリーチャーを召喚することができる。,259,＊呪文を唱えたターンのみ、このクリーチャーを召喚することができる。,You can summon this creature only if you have cast a spell this turn.,■ You can summon this creature only if you have cast a spell this turn.
726,flavor,208:6_76:DM-06 76:予言者ユーク,予言者の言葉は、時紡ぐ神々の置き手紙。,260,予言者の言葉は、時紡ぐ神々の置き手紙。,The words of the prophets are as a letter left behind by the gods.,
727,race,208:6_76:DM-06 76:予言者ユーク,ライトブリンガー,261,ライトブリンガー,ライトブリンガー,Light Bringer
728,name,209:6_77:DM-06 77:予言者ジェス,予言者ジェス,262,予言者ジェス,"Jess, the Prophet","Vess, the Oracle"
729,rules,209:6_77:DM-06 77:予言者ジェス,"■ブロッカー（相手クリーチャーが攻撃するとき、このクリーチャーをタップして、その攻撃を阻止してよい。その後、その相手クリーチャーとバトルする）
■このクリーチャーは、相手プレイヤーを攻撃できない。",263,"{B}ブロッカー（相手クリーチャーが攻撃するとき、このクリーチャーをタップして、その攻撃を阻止してよい。その後、その相手クリーチャーとバトルする） 　　　　　　
＊このクリーチャーは、相手プレイヤーを攻撃できない。","{B} Blocker (When one of your opponent's creatures attacks, you may tap this creature to stop the attack. Then the two creatures battle.)
This creature can't attack players.","■ Blocker (Whenever an opponent's creature attacks, you may tap this creature to stop the attack. Then the 2 creatures battle.)
■ This creature can't attack players."
730,flavor,209:6_77:DM-06 77:予言者ジェス,予言者の体を包む光は、精霊達の祈りの言葉。,264,予言者の体を包む光は、精霊達の祈りの言葉。,The light surrounding the prophet's body is the manifestation of elementals' hymns.,
731,race,209:6_77:DM-06 77:予言者ジェス,ライトブリンガー,265,ライトブリンガー,ライトブリンガー,Light Bringer
732,name,210:6_78:DM-06 78:エレメンタル・シールド,エレメンタル・シールド,266,エレメンタル・シールド,Elemental Shield,Sphere of Wonder
733,rules,210:6_78:DM-06 78:エレメンタル・シールド,■相手のシールドが自分のより多い場合、自分の山札の上から１枚目を、自分のシールドに加える。,267,＊相手のシールドが自分のより多い場合、自分の山札の上から1枚目を、自分のシールドに加える。,"If your opponent has more shields than you do, add the top card of your deck to your shields.","■ If your opponent has more shields than you do, add the top card of your deck to your shields face down."
734,flavor,210:6_78:DM-06 78:エレメンタル・シールド,緊急事態の発生に、予備シールドが展開された。,268,緊急事態の発生に、予備シールドが展開された。,"In response to the emergency, additional shield generators were deployed.",
735,name,211:6_79:DM-06 79:ソピアン,ソピアン,269,ソピアン,Sopian,Sopian
736,rules,211:6_79:DM-06 79:ソピアン,"■このクリーチャーで攻撃する代わりに、タップして次の[Ｔ]能力を使ってもよい。
[Ｔ]－バトルゾーンにある自分のクリーチャーを１体選ぶ。このターンが終わるまで、そのクリーチャーはブロックされない。",270,"＊このクリーチャーで攻撃する代わりに、タップして次の t 能力を使ってもよい。
 t バトルゾーンにある自分のクリーチャーを1体選ぶ。このターンが終わるまで、そのクリーチャーはブロックされない。","Instead of having this creature attack, you may tap it to use its t ability.
t One of your creatures in the battle zone can't be blocked until the end of the turn.","■ Instead of having this creature attack, you may tap it to use its tap ability.
 Choose one of your creatures in the battle zone. It can't be blocked this turn."
737,race,211:6_79:DM-06 79:ソピアン,サイバーロード,271,サイバーロード,サイバーロード,Cyber Lord
738,name,212:6_80:DM-06 80:アクア・ライダー,アクア・ライダー,272,アクア・ライダー,Aqua Rider,Aqua Rider
739,rules,212:6_80:DM-06 80:アクア・ライダー,■相手がクリーチャーを召喚するか呪文を唱えた場合、そのターンが終わるまで、このクリーチャーは「ブロッカー」を得る。（相手クリーチャーが攻撃するとき、このクリーチャーをタップして、その攻撃を阻止してよい。そのあと、その相手クリーチャーとバトルする）,273,＊相手がクリーチャーを召喚するか呪文を唱えた場合、そのターンが終わるまで、このクリーチャーは「ブロッカー」を得る。（相手クリーチャーが攻撃するとき、このクリーチャーをタップして、その攻撃を阻止してよい。そのあと、その相手クリーチャーとバトルする）,"Whenever your opponent summons a creature or casts a spell, this creature gets ""blocker"" until the end of that turn. (When one of your opponent's creatures attacks, you may tap a creature that has ""blocker"" to stop the attack. Then the two creatures battle.)","■ Whenever your opponent summons a creature or casts a spell, this creature gets ""blocker"" until the end of the turn. (Whenever an opponent's creature attacks, you may tap a creature that has ""blocker"" to stop the attack. Then the 2 creatures battle.)"
740,race,212:6_80:DM-06 80:アクア・ライダー,リキッド・ピープル,274,リキッド・ピープル,リキッド・ピープル,Liquid People
741,name,213:6_81:DM-06 81:プロメフィウスα,プロメフィウスα,275,プロメフィウスα,Promephius α,Promephius Q
742,flavor,213:6_81:DM-06 81:プロメフィウスα,彼らの起こす放電は、水の生物にとって時に致命的だ。漂流生活中は需要も多かったのだが。,276,彼らの起こす放電は、水の生物にとって時に致命的だ。漂流生活中は需要も多かったのだが。,"The electricity they discharge is often lethal to ther aquatic life, but necessary for their survival.",
743,race,213:6_81:DM-06 81:プロメフィウスα,シー・ハッカー［サバイバー］,277,シー・ハッカー［サバイバー］,シー・ハッカー［サバイバー］,Survivor/Sea Hacker
744,name,214:6_82:DM-06 82:マドリオン・フィッシュ,マドリオン・フィッシュ,278,マドリオン・フィッシュ,Madrillon Fish,Madrillon Fish
745,rules,214:6_82:DM-06 82:マドリオン・フィッシュ,"■ブロッカー（相手クリーチャーが攻撃するとき、このクリーチャーをタップして、その攻撃を阻止してよい。そのあと、その相手クリーチャーとバトルする）
■このクリーチャーは攻撃することができない。",279,"{B}ブロッカー（相手クリーチャーが攻撃するとき、このクリーチャーをタップして、その攻撃を阻止してよい。そのあと、その相手クリーチャーとバトルする） 　　　　　　
＊このクリーチャーは攻撃することができない。","{B} Blocker (When one of your opponent's creatures attacks, you may tap this creature to stop the attack. Then the two creatures battle.)
This creature can't attack.","■ Blocker (Whenever an opponent's creature attacks, you may tap this creature to stop the attack. Then the 2 creatures battle.)
■ This creature can't attack."
746,flavor,214:6_82:DM-06 82:マドリオン・フィッシュ,特殊監視機構始動。,280,特殊監視機構始動。,Sensory mode activated.,
747,race,214:6_82:DM-06 82:マドリオン・フィッシュ,ゲル・フィッシュ,281,ゲル・フィッシュ,ゲル・フィッシュ,Gel Fish
748,name,215:6_83:DM-06 83:エレガント・ランプ,エレガント・ランプ,282,エレガント・ランプ,Elegant Lamp,Steam Star
749,flavor,215:6_83:DM-06 83:エレガント・ランプ,小さな灯りがゆらゆら揺れる。,283,小さな灯りがゆらゆら揺れる。,"Like stars in the sky, they bob gently in the waves in countless numbers.",
750,race,215:6_83:DM-06 83:エレガント・ランプ,サイバー・ウイルス,284,サイバー・ウイルス,サイバー・ウイルス,Cyber Virus
751,name,216:6_84:DM-06 84:ゼピメテウス,ゼピメテウス,285,ゼピメテウス,Zepimeteus,Zepimeteus
752,rules,216:6_84:DM-06 84:ゼピメテウス,"■ブロッカー（相手クリーチャーが攻撃するとき、このクリーチャーをタップして、その攻撃を阻止してよい。その後、その相手クリーチャーとバトルする）
■このクリーチャーは攻撃することができない。",286,"{B}ブロッカー（相手クリーチャーが攻撃するとき、このクリーチャーをタップして、その攻撃を阻止してよい。その後、その相手クリーチャーとバトルする）
＊このクリーチャーは攻撃することができない。","{B} Blocker (When one of your opponent's creatures attacks, you may tap this creature to stop the attack. Then the two creatures battle.)
This creature can't attack.","■ Blocker (Whenever an opponent's creature attacks, you may tap this creature to stop the attack. Then the 2 creatures battle.)
■ This creature can't attack."
753,flavor,216:6_84:DM-06 84:ゼピメテウス,あいつの体、俺の歌よりビリビリしてやがる！ - 爆炎野郎ジョー,287,あいつの体、俺の歌よりビリビリしてやがる！ - 爆炎野郎ジョー,Even I'm impressed by what he can do! --Explosive Dude Joe,
754,race,216:6_84:DM-06 84:ゼピメテウス,シー・ハッカー,288,シー・ハッカー,シー・ハッカー,Sea Hacker
755,name,217:6_85:DM-06 85:エナジー・ライト,エナジー・ライト,289,エナジー・ライト,Energy Light,Energy Stream
756,rules,217:6_85:DM-06 85:エナジー・ライト,■カードを２枚引く。,290,＊カードを2枚引く。,Draw 2 cards.,■ Draw 2 cards.
757,flavor,217:6_85:DM-06 85:エナジー・ライト,超科学の神髄！,291,超科学の神髄！,The epitome of cyber science!,
758,name,218:6_86:DM-06 86:スパイラル・ゲート,スパイラル・ゲート,292,スパイラル・ゲート,Spiral Gate,Spiral Gate
759,rules,218:6_86:DM-06 86:スパイラル・ゲート,"■Ｓ・トリガー（この呪文をシールドゾーンから手札に加えるとき、コストを支払わずにすぐ唱えてよい）
■バトルゾーンにあるクリーチャーを１体選び、持ち主の手札に戻す。",293,"{ST}S・トリガー（この呪文をシールドゾーンから手札に加えるとき、コストを支払わずにすぐ唱えてよい）
＊バトルゾーンにあるクリーチャーを1体選び、持ち主の手札に戻す。","{ST} Shield trigger (If this spell is put from your shield zone into your hand, you may cast it immediately for no cost.)
Choose 1 creature in the battle zone and return it to its owner's hand.","■ Shield trigger (When this card is put into your hand from your shield zone, you may play it immediately for no cost.)
■ Choose a creature in the battle zone and return it to its owner's hand."
760,flavor,218:6_86:DM-06 86:スパイラル・ゲート,そこだ！,294,そこだ！,Gotcha!,
761,name,219:6_87:DM-06 87:砕骨の刺客ゾルバス,砕骨の刺客ゾルバス,295,砕骨の刺客ゾルバス,"Zorvass, the Bonecrusher","Zorvaz, the Bonecrusher"
762,rules,219:6_87:DM-06 87:砕骨の刺客ゾルバス,"■ブロッカー（相手クリーチャーが攻撃するとき、このクリーチャーをタップして、その攻撃を阻止してよい。そのあと、その相手クリーチャーとバトルする）
■このクリーチャーは攻撃することができない。
■このクリーチャーはバトルに勝っても、バトルの後、持ち主の墓地に置かれる。",296,"{B}ブロッカー（相手クリーチャーが攻撃するとき、このクリーチャーをタップして、その攻撃を阻止してよい。そのあと、その相手クリーチャーとバトルする）
＊このクリーチャーは攻撃することができない。
＊このクリーチャーはバトルに勝っても、バトルの後、持ち主の墓地に置かれる。","{B} Blocker (When one of your opponent's creatures attacks, you may tap this creature to stop the attack. Then the two creatures battle.)
This creature can't attack.
After it battles, put this creature into your graveyard even if it wins.","■ Blocker (Whenever an opponent's creature attacks, you may tap this creature to stop the attack. Then the 2 creatures battle.)
■ This creature can't attack.
■ When this creature battles, destroy it after the battle."
763,race,219:6_87:DM-06 87:砕骨の刺客ゾルバス,デーモン・コマンド,297,デーモン・コマンド,デーモン・コマンド,Demon Command
764,name,220:6_88:DM-06 88:幽鬼の影リバース・ソウル,幽鬼の影リバース・ソウル,298,幽鬼の影リバース・ソウル,Ghostly Shadow Reverse Soul,"Grim Soul, Shadow of Reversal"
765,rules,220:6_88:DM-06 88:幽鬼の影リバース・ソウル,"■このクリーチャーで攻撃する代わりに、タップして次の[Ｔ]能力を使ってもよい。
[Ｔ]－自分の墓地から闇クリーチャーを１体選び、自分の手札に戻す。",299,"＊このクリーチャーで攻撃する代わりに、タップして次の t 能力を使ってもよい。
 t 自分の墓地から闇クリーチャーを1体選び、自分の手札に戻す。","Instead of having this creature attack, you may tap it to use its t ability.
t Return a darkness creature from your graveyard to your hand.","■ Instead of having this creature attack, you may tap it to use its tap ability.
 Return a darkness creature from your graveyard to your hand."
766,flavor,220:6_88:DM-06 88:幽鬼の影リバース・ソウル,死が安らかとは限らない。,300,死が安らかとは限らない。,Death is not always a gentle repose.,
767,race,220:6_88:DM-06 88:幽鬼の影リバース・ソウル,ゴースト,301,ゴースト,ゴースト,Ghost
768,name,221:6_89:DM-06 89:烈裂虫テンタクル・ワーム,烈裂虫テンタクル・ワーム,302,烈裂虫テンタクル・ワーム,Tentacle Wurm,Tentacle Worm
769,flavor,221:6_89:DM-06 89:烈裂虫テンタクル・ワーム,森の地中深くでは、災厄の芽がのたうちながら増殖を続けている。,303,森の地中深くでは、災厄の芽がのたうちながら増殖を続けている。,"Deep in the forest, the seeds of destruction writhe, squirm, crawl...and multiply.",
770,race,221:6_89:DM-06 89:烈裂虫テンタクル・ワーム,パラサイトワーム,304,パラサイトワーム,パラサイトワーム,Parasite Worm
771,name,222:6_90:DM-06 90:カース・ペンダント,カース・ペンダント,305,カース・ペンダント,Cursed Pendant,Cursed Pincher
772,rules,222:6_90:DM-06 90:カース・ペンダント,"■ブロッカー（相手クリーチャーが攻撃するとき、このクリーチャーをタップして、その攻撃を阻止してよい。その後、その相手クリーチャーとバトルする）
■スレイヤー（このクリーチャーとバトルした相手クリーチャーは、勝っても持ち主の墓地に置かれる）
■このクリーチャーは攻撃することができない。",306,"{B}ブロッカー（相手クリーチャーが攻撃するとき、このクリーチャーをタップして、その攻撃を阻止してよい。その後、その相手クリーチャーとバトルする）
＊スレイヤー（このクリーチャーとバトルした相手クリーチャーは、勝っても持ち主の墓地に置かれる）
＊このクリーチャーは攻撃することができない。","{B} Blocker (When one of your opponent's creatures attacks, you may tap this creature to stop the attack. Then the two creatures battle.)
Slayer (Even if this creature loses a battle, put the other creature into its owner's graveyard.)
This creature can't attack.","■ Blocker (Whenever an opponent's creature attacks, you may tap this creature to stop the attack. Then the 2 creatures battle.)
■ Slayer (Whenever this creature battles, destroy the other creature after the battle.)
■ This creature can't attack."
773,race,222:6_90:DM-06 90:カース・ペンダント,ブレインジャッカー,307,ブレインジャッカー,ブレインジャッカー,Brain Jacker
774,name,223:6_91:DM-06 91:逆歯怪人トマホーク,逆歯怪人トマホーク,308,逆歯怪人トマホーク,"Tomahawk, the Monstrosity","Grinning Axe, the Monstrosity"
775,rules,223:6_91:DM-06 91:逆歯怪人トマホーク,■スレイヤー（このクリーチャーとバトルした相手クリーチャーは、勝っても持ち主の墓地に置かれる）,309,＊スレイヤー（このクリーチャーとバトルした相手クリーチャーは、勝っても持ち主の墓地に置かれる）,"Slayer (Even if this creature loses a battle, put the other creature into its owner's graveyard.)","■ Slayer (Whenever this creature battles, destroy the other creature after the battle.)"
776,flavor,223:6_91:DM-06 91:逆歯怪人トマホーク,「あいつ、自分の顔食ってない？」 - 小さな勇者ゲット,310,「あいつ、自分の顔食ってない？」 - 小さな勇者ゲット,That thing looks like it's eating its own face! --Small Giant Get,
777,race,223:6_91:DM-06 91:逆歯怪人トマホーク,デビルマスク,311,デビルマスク,デビルマスク,Devil Mask
778,name,224:6_92:DM-06 92:凶犬人形ジュンカツ,凶犬人形ジュンカツ,312,凶犬人形ジュンカツ,"Junkatz, Rabid Doll","Junkatz, Rabid Doll"
779,flavor,224:6_92:DM-06 92:凶犬人形ジュンカツ,自然の民に破れた屈辱が、覇王ブラック・モナークに、新たな呪いの種をもたらす人形を作成させた。,313,自然の民に破れた屈辱が、覇王ブラック・モナークに、新たな呪いの種をもたらす人形を作成させた。,"Stinging from his humiliting defeat by nature's army, Dark Monarch created a doll to unleash a new plague upon them.",
780,race,224:6_92:DM-06 92:凶犬人形ジュンカツ,デスパペット,314,デスパペット,デスパペット,Death Puppet
781,name,225:6_93:DM-06 93:孤独の影ロンリー・ウォーカー,孤独の影ロンリー・ウォーカー,315,孤独の影ロンリー・ウォーカー,"Lonely Walker, Shadow of Solitude","Lone Tear, Shadow of Solitude"
782,rules,225:6_93:DM-06 93:孤独の影ロンリー・ウォーカー,■自分のターンが終わるとき、バトルゾーンにある自分のクリーチャーがこのクリーチャーだけであれば、自分の墓地に置く。,316,＊自分のターンが終わるとき、バトルゾーンにある自分のクリーチャーがこのクリーチャーだけであれば、自分の墓地に置く。,"When each of your turns ends, if this is your only creature in the battle zone, put it into your graveyard.","■ At the end of each of your turns, if this is your only creature in the battle zone, destroy it."
783,flavor,225:6_93:DM-06 93:孤独の影ロンリー・ウォーカー,一人にするな。 - 孤独の影ロンリー・ウォーカー,317,一人にするな。 - 孤独の影ロンリー・ウォーカー,Don't leave me by myself. --Lonely Walker,
784,race,225:6_93:DM-06 93:孤独の影ロンリー・ウォーカー,ゴースト,318,ゴースト,ゴースト,Ghost
785,name,226:6_94:DM-06 94:デス・スモーク,デス・スモーク,319,デス・スモーク,Death Smoke,Death Smoke
786,rules,226:6_94:DM-06 94:デス・スモーク,■バトルゾーンにある、相手のタップされていないクリーチャーを１体選び、持ち主の墓地に置く。,320,＊バトルゾーンにある、相手のタップされていないクリーチャーを1体選び、持ち主の墓地に置く。,Choose 1 of your opponent's untapped creatures in the battle zone and put it into your opponent's graveyard.,■ Destroy one of your opponent's untapped creatures.
787,flavor,226:6_94:DM-06 94:デス・スモーク,もはや逃れる術は無い。,321,もはや逃れる術は無い。,There is no escape.,
788,name,227:6_95:DM-06 95:ムラマサ・リザード,ムラマサ・リザード,322,ムラマサ・リザード,Muramasa Lizard,Legionnaire Lizard
789,rules,227:6_95:DM-06 95:ムラマサ・リザード,"■スピードアタッカー(このクリーチャーは召喚酔いしない）
■このクリーチャーで攻撃する代わりに、タップして次の[Ｔ]能力を使ってもよい。
[Ｔ]－バトルゾーンにある自分のクリーチャーを１体選ぶ。このターンが終わるまで、そのクリーチャーは「スピードアタッカー」を得る。",323,"＊スピードアタッカー(このクリーチャーは召喚酔いしない）
＊このクリーチャーで攻撃する代わりに、タップして次の t 能力を使ってもよい。
 t バトルゾーンにある自分のクリーチャーを1体選ぶ。このターンが終わるまで、そのクリーチャーは「スピードアタッカー」を得る。","Speed attacker (This creature doesn't get summoning sickness.)
Instead of having this creature attack, you may tap it to use its t ability.
t One of your creatures in the battle zone gets ""speed attacker"" until the end of the turn.","■ Speed attacker (This creature doesn't get summoning sickness.)
■ Instead of having this creature attack, you may tap it to use its tap ability.
 One of your creatures in the battle zone gets ""speed attacker"" until the end of the turn."
790,race,227:6_95:DM-06 95:ムラマサ・リザード,デューンゲッコー,324,デューンゲッコー,デューンゲッコー,Dune Gecko
791,name,228:6_96:DM-06 96:捜神兵グチェラリオン,捜神兵グチェラリオン,325,捜神兵グチェラリオン,Armored Scout Gutscherallion,Armored Scout Gestuchar
792,rules,228:6_96:DM-06 96:捜神兵グチェラリオン,■バトルゾーンに自分の火のクリーチャーが他に１体もなければ、このクリーチャーは「パワーアタッカー+3000」と「Ｗ・ブレイカー」を得る。（攻撃中、そのクリーチャーのパワーは+3000され、シールドを攻撃したとき、シールドを２枚ブレイクする）,326,＊バトルゾーンに自分の火のクリーチャーが他に1体もなければ、このクリーチャーは「パワーアタッカー+3000」と「W・ブレイカー」を得る。（攻撃中、そのクリーチャーのパワーは+3000され、シールドを攻撃したとき、シールドを2枚ブレイクする）,"While you have no other fire creatures in the battle zone, this creature gets ""Power attacker +3000 (While attacking, this creature gets +3000 power)"" and ""Double breaker (This creature breaks 2 shields).""","■ While you have no other fire creatures in the battle zone, this creature has ""power attacker +3000"" and ""double breaker."" (A creature that has ""power attacker +3000"" and ""double breaker"" gets +3000 power while attacking and breaks 2 shields.)"
793,flavor,228:6_96:DM-06 96:捜神兵グチェラリオン,熾烈な運用に耐えられるのは、自動修復装置のおかげだ。,327,熾烈な運用に耐えられるのは、自動修復装置のおかげだ。,"Were it not for its self-repair mechanisms, it would not be able to survive more than single mission.",
794,race,228:6_96:DM-06 96:捜神兵グチェラリオン,アーマロイド,328,アーマロイド,アーマロイド,Armorloid
795,name,229:6_97:DM-06 97:撃神兵マシンガー,撃神兵マシンガー,329,撃神兵マシンガー,Automated Weapons Master Machinger,Automated Weaponmaster Machai
796,rules,229:6_97:DM-06 97:撃神兵マシンガー,■このクリーチャーは攻撃可能であれば、必ず攻撃しなければならない。,330,＊このクリーチャーは攻撃可能であれば、必ず攻撃しなければならない。,This creature attacks if able.,■ This creature attacks each turn if able.
797,flavor,229:6_97:DM-06 97:撃神兵マシンガー,チョイヤのための突破口を開くのがこいつの役目。,331,チョイヤのための突破口を開くのがこいつの役目。,His mission is to clear the way for Choya.,
798,race,229:6_97:DM-06 97:撃神兵マシンガー,アーマロイド,332,アーマロイド,アーマロイド,Armorloid
799,name,230:6_98:DM-06 98:襲撃者エグゼドライブ,襲撃者エグゼドライブ,333,襲撃者エグゼドライブ,"Exe Driver, the Assaulter",Pyrofighter Magnus
800,rules,230:6_98:DM-06 98:襲撃者エグゼドライブ,"■スピードアタッカー(このクリーチャーは召喚酔いしない）
■自分のターンが終わるとき、このクリーチャーがバトルゾーンにあれば、自分の手札に戻す。",334,"＊スピードアタッカー(このクリーチャーは召喚酔いしない）
＊自分のターンが終わるとき、このクリーチャーがバトルゾーンにあれば、自分の手札に戻す。","Speed attacker (This creature doesn't get summoning sickness.)
When your turn ends, if this creature is in the battle zone, return it to your hand.","■ Speed attacker (This creature doesn't get summoning sickness.)
■ At the end of your turn, return this creature to your hand."
801,flavor,230:6_98:DM-06 98:襲撃者エグゼドライブ,音すらぶっちぎり。,335,音すらぶっちぎり。,You hear its attack before you see it.,
802,race,230:6_98:DM-06 98:襲撃者エグゼドライブ,ドラゴノイド,336,ドラゴノイド,ドラゴノイド,Dragonoid
803,name,231:6_99:DM-06 99:炎獣兵マグナム・ブルース,炎獣兵マグナム・ブルース,337,炎獣兵マグナム・ブルース,Pyrofighter Magnum blues,Torchclencher
804,rules,231:6_99:DM-06 99:炎獣兵マグナム・ブルース,■バトルゾーンに自分の火のクリーチャーが他に１体でもあれば、このクリーチャーは「パワーアタッカー+3000」を得る。（攻撃中、そのクリーチャーのパワーは+3000される）,338,＊バトルゾーンに自分の火のクリーチャーが他に1体でもあれば、このクリーチャーは「パワーアタッカー+3000」を得る。（攻撃中、そのクリーチャーのパワーは+3000される）,"While you have at least 1 other fire creature in the battle zone, this creature gets ""Power attacker +3000 (While attacking, this creature gets +3000 power).""","■ While you have at least one other fire creature in the battle zone, this creature has ""Power attacker +3000 (While attacking, this creature gets +3000 power)."""
805,flavor,231:6_99:DM-06 99:炎獣兵マグナム・ブルース,復讐の銃声は、友に捧げるレクイエム。,339,復讐の銃声は、友に捧げるレクイエム。,The gunshot echoing the battle field is an requiem for my friends.,
806,race,231:6_99:DM-06 99:炎獣兵マグナム・ブルース,ドラゴノイド,340,ドラゴノイド,ドラゴノイド,Dragonoid
807,name,232:6_100:DM-06 100:ピコラのスパナ,ピコラのスパナ,341,ピコラのスパナ,Picola's Spanner,Picora's Wrench
808,flavor,232:6_100:DM-06 100:ピコラのスパナ,砕け散った大地から、マシンイーターは古代の部品を掘り起こした。,342,砕け散った大地から、マシンイーターは古代の部品を掘り起こした。,The broken earth gives up the secrets of the ancient Machine Eater civilization.,
809,race,232:6_100:DM-06 100:ピコラのスパナ,ゼノパーツ,343,ゼノパーツ,ゼノパーツ,Xenoparts
810,name,233:6_101:DM-06 101:無謀鉄人チョイヤ,無謀鉄人チョイヤ,344,無謀鉄人チョイヤ,"Choya, the Unheeding","Choya, the Unheeding"
811,rules,233:6_101:DM-06 101:無謀鉄人チョイヤ,"■パワーアタッカー +1000（攻撃中、このクリーチャーのパワーは+1000される）
■このクリーチャーの攻撃がブロックされた場合、バトルは行われない。ただし、両クリーチャーはタップしたままである。",345,"＊パワーアタッカー +1000（攻撃中、このクリーチャーのパワーは+1000される）
＊このクリーチャーの攻撃がブロックされた場合、バトルは行われない。ただし、両クリーチャーはタップしたままである。","Power attacker +1000 (While attacking, this creature gets +1000 power.)
If this creature becomes blocked, stop the attack and no battle happens. (Both creatures stay tapped.)","■ Power attacker +1000 (While attacking, this creature gets +1000 power.)
■ Whenever this creature becomes blocked, no battle happens. (Both creatures stay tapped.)"
812,race,233:6_101:DM-06 101:無謀鉄人チョイヤ,ヒューマノイド,346,ヒューマノイド,ヒューマノイド,Human
813,name,234:6_102:DM-06 102:幻竜砲,幻竜砲,347,幻竜砲,Phantom Dragon's Magnum,Phantom Dragon's Flame
814,rules,234:6_102:DM-06 102:幻竜砲,"■Ｓ・トリガー（この呪文をシールドゾーンから手札に加えるとき、コストを支払わずにすぐ唱えてよい）
■バトルゾーンにある、パワー2000以下の相手のクリーチャーを１体選び、持ち主の墓地に置く。",348,"{ST}S・トリガー（この呪文をシールドゾーンから手札に加えるとき、コストを支払わずにすぐ唱えてよい）
＊バトルゾーンにある、パワー2000以下の相手のクリーチャーを1体選び、持ち主の墓地に置く。","{ST} Shield trigger (If this spell is put from your shield zone into your hand, you may cast it immediately for no cost.)
Choose 1 of your opponent's creatures in the battle zone that has power 2000 or less and put it into your opponent's graveyard.","■ Shield trigger (When this card is put into your hand from your shield zone, you may play it immediately for no cost.)
■ Destroy one of your opponent's creatures that has power 2000 or less."
815,flavor,234:6_102:DM-06 102:幻竜砲, 見かけ倒しと言ってくれるな。,349, 見かけ倒しと言ってくれるな。,Don't think this is all I've got.,
816,name,235:6_103:DM-06 103:ブルーレイザー・ビートル,ブルーレイザー・ビートル,350,ブルーレイザー・ビートル,Blue Laser Beetle,Trench Scarab
817,rules,235:6_103:DM-06 103:ブルーレイザー・ビートル,"■このクリーチャーは、相手プレイヤーを攻撃できない。
■パワーアタッカー+4000（攻撃中、このクリーチャーのパワーは+4000される）",351,"＊このクリーチャーは、相手プレイヤーを攻撃できない。
＊パワーアタッカー+4000（攻撃中、このクリーチャーのパワーは+4000される）","This creature can't attack players.
Power attacker +4000 (While attacking, this creature gets +4000 power.)","■ This creature can't attack players.
■ Power attacker +4000 (While attacking, this creature gets +4000 power.)"
818,flavor,235:6_103:DM-06 103:ブルーレイザー・ビートル,全身に備わる鋭利な刃のため、同族ですら離れて暮らす。,352,全身に備わる鋭利な刃のため、同族ですら離れて暮らす。,"As their keen blades are dangerous to even one anther, these insects live alone.",
819,race,235:6_103:DM-06 103:ブルーレイザー・ビートル,ジャイアント・インセクト,353,ジャイアント・インセクト,ジャイアント・インセクト,Giant Insect
820,name,236:6_104:DM-06 104:幻惑ベリー,幻惑ベリー,354,幻惑ベリー,Hallucinatory Berry,Illusory Berry
821,flavor,236:6_104:DM-06 104:幻惑ベリー,闇のエキスをも肥やしとし、どろどろとした果実を実らす。,355,闇のエキスをも肥やしとし、どろどろとした果実を実らす。,"It draws on the essence of darkness, to create a sappy fruit.",
822,race,236:6_104:DM-06 104:幻惑ベリー,ツリーフォーク,356,ツリーフォーク,ツリーフォーク,Tree Folk
823,name,237:6_105:DM-06 105:シェル・キャリアー,シェル・キャリアー,357,シェル・キャリアー,Shell Carrier,Carrier Shell
824,rules,237:6_105:DM-06 105:シェル・キャリアー,■パワーアタッカー +3000（攻撃中、このクリーチャーのパワーは+3000される）,358,＊パワーアタッカー +3000（攻撃中、このクリーチャーのパワーは+3000される）,"Power attacker +3000 (While attacking, this creature gets +3000 power.)","■ Power attacker +3000 (While attacking, this creature gets +3000 power.)"
825,flavor,237:6_105:DM-06 105:シェル・キャリアー,コロニー・ビートルが孵化した地は、しばしの間、豊かな草花の息吹に溢れかえる。,359,コロニー・ビートルが孵化した地は、しばしの間、豊かな草花の息吹に溢れかえる。,"Eventually, the places where Colony Beetle eggs hatch become fertile fields covered in grass and flowers.",
826,race,237:6_105:DM-06 105:シェル・キャリアー,コロニー・ビートル,360,コロニー・ビートル,コロニー・ビートル,Colony Beetle
827,name,238:6_106:DM-06 106:盗賊の盾,盗賊の盾,361,盗賊の盾,"Mighty Bandit, Shield of Thieves","Mighty Bandit, Ace of Thieves"
828,rules,238:6_106:DM-06 106:盗賊の盾,"■このクリーチャーで攻撃する代わりに、タップして次の[Ｔ]能力を使ってもよい。
[Ｔ]－バトルゾーンにある自分のクリーチャーを１体選ぶ。このターンが終わるまで、そのクリーチャーのパワーは+5000される。",362,"＊このクリーチャーで攻撃する代わりに、タップして次の t 能力を使ってもよい。
 t バトルゾーンにある自分のクリーチャーを1体選ぶ。このターンが終わるまで、そのクリーチャーのパワーは+5000される。","Instead of having this creature attack, you may tap it to use its t ability.
t One of your creatures in the battle zone gets +5000 power until the end of the turn.","■ Instead of having this creature attack, you may tap it to use its tap ability.
 One of your creatures in the battle zone gets +5000 power until the end of the turn."
829,race,238:6_106:DM-06 106:盗賊の盾,ビーストフォーク,363,ビーストフォーク,ビーストフォーク,Beast Folk
830,name,239:6_107:DM-06 107:シェル・ラック,シェル・ラック,364,シェル・ラック,Shell Rack,Slumber Shell
831,flavor,239:6_107:DM-06 107:シェル・ラック,何度燃やされようと、森はまた成長を始める。,365,何度燃やされようと、森はまた成長を始める。,"Fire, blade, whatever the cause--as long as one seedling remains, nthing can forever destroy the forest.",
832,race,239:6_107:DM-06 107:シェル・ラック,コロニー・ビートル,366,コロニー・ビートル,コロニー・ビートル,Colony Beetle
833,name,240:6_108:DM-06 108:滑降妖精ガラボン,滑降妖精ガラボン,367,滑降妖精ガラボン,Garabon the Glider,"Garabon, the Glider"
834,rules,240:6_108:DM-06 108:滑降妖精ガラボン,■パワーアタッカー +2000（攻撃中、このクリーチャーのパワーは+2000される）,368,＊パワーアタッカー +2000（攻撃中、このクリーチャーのパワーは+2000される）,"Power attacker +2000 (While attacking, this creature gets +2000 power.)","■ Power attacker +2000 (While attacking, this creature gets +2000 power.)"
835,flavor,240:6_108:DM-06 108:滑降妖精ガラボン,彼らの頭に蒸気を見たら、酷い事になる前に逃げ出した方がいい。,369,彼らの頭に蒸気を見たら、酷い事になる前に逃げ出した方がいい。,"When angry, a cloud of steam surrounds their heads.",
836,race,240:6_108:DM-06 108:滑降妖精ガラボン,スノーフェアリー,370,スノーフェアリー,スノーフェアリー,Snow Faerie
837,name,241:6_109:DM-06 109:ディメンジョン・ゲート,ディメンジョン・ゲート,371,ディメンジョン・ゲート,Dimension Gate,Dimension Gate
838,rules,241:6_109:DM-06 109:ディメンジョン・ゲート,"■Ｓ・トリガー（この呪文をシールドゾーンから手札に加えるとき、コストを支払わずにすぐ唱えてよい）
■自分の山札を見る。その中からクリーチャーを１体選び、相手に見せてから自分の手札に加えてもよい。その後、山札をシャッフルする。",372,"{ST}S・トリガー（この呪文をシールドゾーンから手札に加えるとき、コストを支払わずにすぐ唱えてよい）
＊自分の山札を見る。その中からクリーチャーを1体選び、相手に見せてから自分の手札に加えてもよい。その後、山札をシャッフルする。","{ST} Shield trigger (If this spell is put from your shield zone into your hand, you may cast it immediately for no cost.)
Search your deck. You may take a creature from your deck, show that creature to your opponent, and put it into your hand. Then shuffle your deck.","■ Shield trigger (When this card is put into your hand from your shield zone, you may play it immediately for no cost.)
■ Search your deck. You may take a creature from your deck, show that creature to your opponent, and put it into your hand. Then shuffle your deck."
839,name,242:6_110:DM-06 110:フェアリー・ライフ,フェアリー・ライフ,373,フェアリー・ライフ,Faerie Life,Faerie Life
840,rules,242:6_110:DM-06 110:フェアリー・ライフ,"■Ｓ・トリガー（この呪文をシールドゾーンから手札に加えるとき、コストを支払わずにすぐ唱えてよい）
■自分の山札の上から１枚目を、自分のマナゾーンに置く。",374,"{ST}S・トリガー（この呪文をシールドゾーンから手札に加えるとき、コストを支払わずにすぐ唱えてよい）
＊自分の山札の上から1枚目を、自分のマナゾーンに置く。","{ST} Shield trigger (If this spell is put from your shield zone into your hand, you may cast it immediately for no cost.)
Put the top card of your deck into your mana zone.","■ Shield trigger (When this card is put into your hand from your shield zone, you may play it immediately for no cost.)
■ Put the top card of your deck into your mana zone."
841,flavor,242:6_110:DM-06 110:フェアリー・ライフ,お芽々がぽっこり～　雪からにょっきり～ - 春の歌,375,お芽々がぽっこり～　雪からにょっきり～ - 春の歌,...Buds sprout/From the snow… --Song of Spring,
842,name,243:6_S1:DM-06 S1:聖天使クラウゼ・バルキューラ,聖天使クラウゼ・バルキューラ,376,聖天使クラウゼ・バルキューラ,Holy Angel Crauze Valkyrie,"Craze Valkyrie, the Drastic"
843,rules,243:6_S1:DM-06 S1:聖天使クラウゼ・バルキューラ,"■進化－自分のイニシエート１体の上に置く。
■このクリーチャーがバトルゾーンに出たとき、バトルゾーンにある相手のクリーチャーを２体まで選び、タップしてもよい。
■Ｗ・ブレイカー（シールドを攻撃したとき、このクリーチャーはシールドを２枚ブレイクする）",377,"＊進化－自分のイニシエート1体の上に置く。
＊このクリーチャーがバトルゾーンに出たとき、バトルゾーンにある相手のクリーチャーを2体まで選び、タップしてもよい。
＊W・ブレイカー（シールドを攻撃したとき、このクリーチャーはシールドを2枚ブレイクする）","Evolution-Put on 1 of your Initiates.
When this creature is put into the battle zone, you may choose up to 2 of your opponent's untapped creatures in the battle zone and tap them.
Double breaker (This creature breaks 2 shields.)","■ Evolution-Put on one of your Initiates.
■ When you put this creature into the battle zone, choose up to 2 of your opponent's creatures in the battle zone and tap them.
■ Double breaker (This creature breaks 2 shields.)"
844,race,243:6_S1:DM-06 S1:聖天使クラウゼ・バルキューラ,イニシエート,378,イニシエート,イニシエート,Initiate
845,name,244:6_S2:DM-06 S2:閃光の求道者ラ・ベイル,閃光の求道者ラ・ベイル,379,閃光の求道者ラ・ベイル,"La Veil, Seeker of Luminescence","Laveil, Seeker of Catastrophe"
846,rules,244:6_S2:DM-06 S2:閃光の求道者ラ・ベイル,"■ブロッカー（相手クリーチャーが攻撃するとき、このクリーチャーをタップして、その攻撃を阻止してよい。そのあと、その相手クリーチャーとバトルする）
■Ｗ・ブレイカー
■ターンの終わりに、このクリーチャーをアンタップしてもよい。",380,"{B}ブロッカー（相手クリーチャーが攻撃するとき、このクリーチャーをタップして、その攻撃を阻止してよい。そのあと、その相手クリーチャーとバトルする）
＊W・ブレイカー
＊ターンの終わりに、このクリーチャーをアンタップしてもよい。","{B} Blocker (When one of your opponent's creatures attacks, you may tap this creature to stop the attack. Then the two creatures battle.)
Double breaker
When each turn ends, if this creature is in the battle zone, you may untap this creature.","■ Blocker (Whenever an opponent's creature attacks, you may tap this creature to stop the attack. Then the 2 creatures battle.)
■ At the end of each of your turns, you may untap this creature.
■ Double breaker (This creature breaks 2 shields.)"
847,race,244:6_S2:DM-06 S2:閃光の求道者ラ・ベイル,メカサンダー,381,メカサンダー,メカサンダー,Mecha Thunder
848,name,245:6_S3:DM-06 S3:ゼータ・トゥレイト,ゼータ・トゥレイト,382,ゼータ・トゥレイト,Zeta Toolate,Q-tronic Hypermind
849,rules,245:6_S3:DM-06 S3:ゼータ・トゥレイト,"■進化－自分のサバイバー１体の上に置く。
■このクリーチャーがバトルゾーンに出たとき、バトルゾーンにあるサバイバーの数と同じ枚数のカードを引いてもよい。
■Ｗ・ブレイカー（シールドを攻撃したとき、このクリーチャーはシールドを２枚ブレイクする）",383,"＊進化－自分のサバイバー1体の上に置く。
＊このクリーチャーがバトルゾーンに出たとき、バトルゾーンにあるサバイバーの数と同じ枚数のカードを引いてもよい。
＊W・ブレイカー（シールドを攻撃したとき、このクリーチャーはシールドを2枚ブレイクする）","Evolution-Put on one of your Survivors.
When this creature is put into the battle zone, count the number of Survivors in the battle zone. You may draw that many cards.
Double breaker (This creature breaks 2 shields.)","■ Evolution-Put on one of your Survivors.
■ When you put this creature into the battle zone, you may draw a card for each Survivor in the battle zone.
■ Double breaker (This creature breaks 2 shields.)"
850,race,245:6_S3:DM-06 S3:ゼータ・トゥレイト,サバイバー,384,サバイバー,サバイバー,Survivor
851,name,246:6_S4:DM-06 S4:クリスタル・ジャベリン,クリスタル・ジャベリン,385,クリスタル・ジャベリン,Crystal Javelin,Crystal Jouster
852,rules,246:6_S4:DM-06 S4:クリスタル・ジャベリン,"■進化－自分のリキッド・ピープル１体の上に置く。
■Ｗ・ブレイカー（シールドを攻撃したとき、このクリーチャーはシールドを２枚ブレイクする）
■このクリーチャーがバトルゾーンから自分の墓地に置かれた場合、このクリーチャーを自分の手札に戻す。",386,"＊進化－自分のリキッド・ピープル1体の上に置く。
＊W・ブレイカー（シールドを攻撃したとき、このクリーチャーはシールドを2枚ブレイクする）
＊このクリーチャーがバトルゾーンから自分の墓地に置かれた場合、このクリーチャーを自分の手札に戻す。","Evolution-Put on one of your Liquid People.
Double breaker (This creature breaks 2 shields.)
If this creature is put from the battle zone into your graveyard, then put this creature into your hand.","■ Evolution-Put on one of your Liquid People.
■ Double breaker (This creature breaks 2 shields.)
■ When this creature would be destroyed, return it to your hand instead."
853,flavor,246:6_S4:DM-06 S4:クリスタル・ジャベリン,一つにして無限の戦士。,387,一つにして無限の戦士。,An infinite number of warriors in one.,
854,race,246:6_S4:DM-06 S4:クリスタル・ジャベリン,リキッド・ピープル,388,リキッド・ピープル,リキッド・ピープル,Liquid People
855,name,247:6_S5:DM-06 S5:超幻獣グラザルド,超幻獣グラザルド,389,超幻獣グラザルド,Phantasmal Beast Grazald,Phantasmal Horror Gigazald
856,rules,247:6_S5:DM-06 S5:超幻獣グラザルド,"■進化－自分のキマイラ１体の上に置く。
■このクリーチャーがバトルゾーンにある間、バトルゾーンにある自分の闇のクリーチャーをタップし、攻撃する代わりに次の[Ｔ]能力を使ってもよい。
[Ｔ]－相手の手札からカードを１枚見ないで選び、持ち主の墓地に置く。",390,"＊進化－自分のキマイラ1体の上に置く。
＊このクリーチャーがバトルゾーンにある間、バトルゾーンにある自分の闇のクリーチャーをタップし、攻撃する代わりに次の t 能力を使ってもよい。
 t 相手の手札からカードを1枚見ないで選び、持ち主の墓地に置く。","Evolution-Put on one of your Chimeras.
While this creature is in the battle zone, each of your darkness creatures may tap instead of attacking to use this t ability:
t Your opponent discards a card at random from his or her hand.","■ Evolution-Put on one of your Chimeras.
■ Each of your darkness creatures may tap instead of attacking to use this creature's tap ability.
 Your opponent discards a card at random from his hand."
857,race,247:6_S5:DM-06 S5:超幻獣グラザルド,キマイラ,391,キマイラ,キマイラ,Chimera
858,name,248:6_S6:DM-06 S6:憤怒の猛将ダイダロス,憤怒の猛将ダイダロス,392,憤怒の猛将ダイダロス,"Daidalos, General of Fury","Daidalos, General of Fury"
859,rules,248:6_S6:DM-06 S6:憤怒の猛将ダイダロス,"■バトルゾーンにある、自分の他のクリーチャー１体を自分の墓地に置かなければ、このクリーチャーは攻撃することができない。
■Ｗ・ブレイカー（シールドを攻撃したとき、このクリーチャーはシールドを２枚ブレイクする）",393,"＊バトルゾーンにある、自分の他のクリーチャー1体を自分の墓地に置かなければ、このクリーチャーは攻撃することができない。
＊W・ブレイカー（シールドを攻撃したとき、このクリーチャーはシールドを2枚ブレイクする）","To have this creature attack, put 1 of your other creatures from the battle zone into your graveyard.
Double breaker (This creature breaks 2 shields.)","■ Whenever this creature attacks, destroy one of your creatures.
■ Double breaker (This creature breaks 2 shields.)"
860,flavor,248:6_S6:DM-06 S6:憤怒の猛将ダイダロス,怒りの瘴気は味方すら巻き込む。,394,怒りの瘴気は味方すら巻き込む。,Its cloud of rage distinguishes not between friend and foe.,
861,race,248:6_S6:DM-06 S6:憤怒の猛将ダイダロス,デーモン・コマンド,395,デーモン・コマンド,デーモン・コマンド,Demon Command
862,name,249:6_S7:DM-06 S7:甲冑神龍エグゼキューター,甲冑神龍エグゼキューター,396,甲冑神龍エグゼキューター,Armored Reptile Executor,Lava Walker Executo
863,rules,249:6_S7:DM-06 S7:甲冑神龍エグゼキューター,"■進化－自分のドラゴノイド１体の上に置く。
■このクリーチャーがバトルゾーンにある間、バトルゾーンにある自分の火のクリーチャーをタップし、攻撃する代わりに次の[Ｔ]能力を使ってもよい。
[Ｔ]－バトルゾーンにある自分の火のクリーチャーを１体選ぶ。このターンが終わるまで、そのクリーチャーのパワーは+3000される。",397,"＊進化－自分のドラゴノイド1体の上に置く。
＊このクリーチャーがバトルゾーンにある間、バトルゾーンにある自分の火のクリーチャーをタップし、攻撃する代わりに次の t 能力を使ってもよい。
 t バトルゾーンにある自分の火のクリーチャーを1体選ぶ。このターンが終わるまで、そのクリーチャーのパワーは+3000される。","Evolution-Put on one of your Dragonoids.
While this creature is in the battle zone, each of your fire creatures may tap instead of attacking to use this t ability:
t One of your fire creatures gets +3000 power until the end of the turn.","■ Evolution-Put on one of your Dragonoids.
■ Each of your fire creatures may tap instead of attacking to use this creature's tap ability.
 One of your fire creatures in the battle zone gets +3000 power until the end of the turn."
864,race,249:6_S7:DM-06 S7:甲冑神龍エグゼキューター,ドラゴノイド,398,ドラゴノイド,ドラゴノイド,Dragonoid
865,name,250:6_S8:DM-06 S8:ボルメテウス・ホワイト・ドラゴン,ボルメテウス・ホワイト・ドラゴン,399,ボルメテウス・ホワイト・ドラゴン,Bolmeteus White Dragon,Bolmeteus Steel Dragon
866,rules,250:6_S8:DM-06 S8:ボルメテウス・ホワイト・ドラゴン,"■Ｗ・ブレイカー（シールドを攻撃したとき、このクリーチャーはシールドを２枚ブレイクする）
■このクリーチャーがシールドをブレイクしたとき、相手はそのシールドを持ち主の墓地に置く。（その「Ｓ・トリガー」は使えない）",400,"＊W・ブレイカー（シールドを攻撃したとき、このクリーチャーはシールドを2枚ブレイクする）
＊このクリーチャーがシールドをブレイクしたとき、相手はそのシールドを持ち主の墓地に置く。（その「Ｓ・トリガー」は使えない）","Double breaker (This creature breaks 2 shields.)
Whenever this creature breaks a shield, your opponent puts that shield into his or her graveyard. (If that shield has a ""shield trigger,"" it doesn't work.)","■ Double breaker (This creature breaks 2 shields.)
■ Whenever this creature would break a shield, your opponent puts that shield into his graveyard instead."
867,flavor,250:6_S8:DM-06 S8:ボルメテウス・ホワイト・ドラゴン,気高き怒りに触れる者、百万回死んでもおかしくない。,401,気高き怒りに触れる者、百万回死んでもおかしくない。,"If you anger it, be glad you only have one life to lose.",
868,race,250:6_S8:DM-06 S8:ボルメテウス・ホワイト・ドラゴン,アーマード・ドラゴン,402,アーマード・ドラゴン,アーマード・ドラゴン,Armored Dragon
869,name,251:6_S9:DM-06 S9:大昆虫ガイアマンティス,大昆虫ガイアマンティス,403,大昆虫ガイアマンティス,Gigainsect Gaea Mantis,"Ultra Mantis, Scourge of Fate"
870,rules,251:6_S9:DM-06 S9:大昆虫ガイアマンティス,"■進化―自分のジャイアント・インセクト１体の上に置く。
■このクリーチャーは、パワー8000以下のクリーチャーにブロックされない。
■Ｗ・ブレイカー（シールドを攻撃したとき、このクリーチャーはシールドを２枚ブレイクする）",404,"＊進化－自分のジャイアント・インセクト１体の上に置く。
＊このクリーチャーは、パワー8000以下のクリーチャーにブロックされない。
＊W・ブレイカー（シールドを攻撃したとき、このクリーチャーはシールドを2枚ブレイクする）","Evolution-Put on one of your Giant Insects.
This creature can't be blocked by any creature that has power 8000 or less.
Double breaker (This creature breaks 2 shields.)","■ Evolution-Put on one of your Giant Insects.
■ This creature can't be blocked by any creature that has power 8000 or less.
■ Double breaker (This creature breaks 2 shields.)"
871,flavor,251:6_S9:DM-06 S9:大昆虫ガイアマンティス,その刃が閃くとき、邪悪を退け魔黒を滅す。,405,その刃が閃くとき、邪悪を退け魔黒を滅す。,One flash of its blades blinds evil and drives away the darkness.,
872,race,251:6_S9:DM-06 S9:大昆虫ガイアマンティス,ジャイアント・インセクト,406,ジャイアント・インセクト,ジャイアント・インセクト,Giant Insect
873,name,252:6_S10:DM-06 S10:神秘の超人,神秘の超人,407,神秘の超人,Mysterious Giant,Cliffcrush Giant
874,rules,252:6_S10:DM-06 S10:神秘の超人,"■バトルゾーンにタップされていない自分のクリーチャーが他に１体でもあれば、このクリーチャーは攻撃することができない。
■Ｗ・ブレイカー（シールドを攻撃したとき、このクリーチャーはシールドを２枚ブレイクする）",408,"＊バトルゾーンにタップされていない自分のクリーチャーが他に1体でもあれば、このクリーチャーは攻撃することができない。
＊W・ブレイカー（シールドを攻撃したとき、このクリーチャーはシールドを2枚ブレイクする）","If you have any other untapped creatures in the battle zone, this creature can't attack.
Double breaker (This creature breaks 2 shields.)","■ While you have any other untapped creatures in the battle zone, this creature can't attack.
■ Double breaker (This creature breaks 2 shields.)"
875,flavor,252:6_S10:DM-06 S10:神秘の超人,獣人の祈りが大地を呼び覚ます。,409,獣人の祈りが大地を呼び覚ます。,The earth nt only hears the beast folks' prayers--it answers them.,
876,race,252:6_S10:DM-06 S10:神秘の超人,ジャイアント,410,ジャイアント,ジャイアント,Giant
877,name,253:7_1:DM-07 1:爆雷の求道者ガラ・ガンダール,爆雷の求道者ガラ・ガンダール,411,爆雷の求道者ガラ・ガンダール,"Gala Gandaar, Seeker of Explosive Thunder","Gandar, Seeker of Explosions"
878,rules,253:7_1:DM-07 1:爆雷の求道者ガラ・ガンダール,"■Ｗ・ブレイカー（シールドを攻撃したとき、このクリーチャーはシールドを２枚ブレイクする）
■このクリーチャーで攻撃するかわりに、タップして次の[Ｔ]能力を使ってもよい。
[Ｔ]－このターンの終わりに、自分の光のクリーチャーをすべてアンタップする。",412,"＊W・ブレイカー（シールドを攻撃したとき、このクリーチャーはシールドを2枚ブレイクする）
＊このクリーチャーで攻撃するかわりに、タップして次の t 能力を使ってもよい。
 t このターンの終わりに、自分の光のクリーチャーをすべてアンタップする。","＊W・ブレイカー（シールドを攻撃したとき、このクリーチャーはシールドを2枚ブレイクする）
＊このクリーチャーで攻撃するかわりに、タップして次の t 能力を使ってもよい。
 t このターンの終わりに、自分の光のクリーチャーをすべてアンタップする。","■ Double breaker (This creature breaks 2 shields.)
■ Instead of having this creature attack, you may tap it to use its tap ability.
 At the end of the turn, untap all your light creatures."
879,race,253:7_1:DM-07 1:爆雷の求道者ガラ・ガンダール,メカサンダー,413,メカサンダー,メカサンダー,Mecha Thunder
880,name,254:7_2:DM-07 2:キング・アクエリアス,キング・アクエリアス,414,キング・アクエリアス,King Aquarius,King Benthos
881,rules,254:7_2:DM-07 2:キング・アクエリアス,"■Ｗ・ブレイカー
■このクリーチャーで攻撃するかわりに、タップして次の[Ｔ]能力を使ってもよい。
[Ｔ]－このターンが終わるまで、バトルゾーンにある自分の水のクリーチャーはすべて、次の能力を得る。「このクリーチャーはブロックされない」",415,"＊W・ブレイカー
＊このクリーチャーで攻撃するかわりに、タップして次の t 能力を使ってもよい。
 t このターンが終わるまで、バトルゾーンにある自分の水のクリーチャーはすべて、次の能力を得る。「このクリーチャーはブロックされない」","＊W・ブレイカー
＊このクリーチャーで攻撃するかわりに、タップして次の t 能力を使ってもよい。
 t このターンが終わるまで、バトルゾーンにある自分の水のクリーチャーはすべて、次の能力を得る。「このクリーチャーはブロックされない」","■ Double breaker (This creature breaks 2 shields.)
■ Instead of having this creature attack, you may tap it to use its tap ability.
 Each of your water creatures gets ""This creature can't be blocked"" until the end of the turn."
882,race,254:7_2:DM-07 2:キング・アクエリアス,リヴァイアサン,416,リヴァイアサン,リヴァイアサン,Leviathan
883,name,255:7_3:DM-07 3:戦艦男,戦艦男,417,戦艦男,Battleship Man,Battleship Mutant
884,rules,255:7_3:DM-07 3:戦艦男,"■このクリーチャーで攻撃するかわりに、タップして次の[Ｔ]能力を使ってもよい。
[Ｔ]－このターンが終わるまで、バトルゾーンにある自分の闇のクリーチャーすべてのパワーは+4000され、「Ｗ・ブレイカー」を得る。このターンにバトルした自分の闇のクリーチャーは、バトルの後、勝っても自分の墓地に置かれる。",418,"＊このクリーチャーで攻撃するかわりに、タップして次の t 能力を使ってもよい。
 t このターンが終わるまで、バトルゾーンにある自分の闇のクリーチャーすべてのパワーは+4000され、「W・ブレイカー」を得る。このターンにバトルした自分の闇のクリーチャーは、バトルの後、勝っても自分の墓地に置かれる。","＊このクリーチャーで攻撃するかわりに、タップして次の t 能力を使ってもよい。
 t このターンが終わるまで、バトルゾーンにある自分の闇のクリーチャーすべてのパワーは+4000され、「W・ブレイカー」を得る。このターンにバトルした自分の闇のクリーチャーは、バトルの後、勝っても自分の墓地に置かれる。","■ Instead of having this creature attack, you may tap it to use its tap ability.
 Until the end of the turn, each of your darkness creatures in the battle zone gets +4000 power and ""double breaker."" Whenever any of those creatures battles this turn, destroy it after the battle."
885,race,255:7_3:DM-07 3:戦艦男,へドリアン,419,へドリアン,へドリアン,Hedrian
886,name,256:7_4:DM-07 4:鎧神兵ガリアクルーズ,鎧神兵ガリアクルーズ,420,鎧神兵ガリアクルーズ,Armored Myrmidon Galiacruse,Armored Transport Galiacruse
887,rules,256:7_4:DM-07 4:鎧神兵ガリアクルーズ,"■このクリーチャーで攻撃するかわりに、タップして次の[Ｔ]能力を使ってもよい。
[Ｔ]－このターンが終わるまで、バトルゾーンにある自分の火のクリーチャーはすべて、次の能力を得る。「このクリーチャーはタップされていないクリーチャーを攻撃できる」",421,"＊このクリーチャーで攻撃するかわりに、タップして次の t 能力を使ってもよい。
 t このターンが終わるまで、バトルゾーンにある自分の火のクリーチャーはすべて、次の能力を得る。「このクリーチャーはタップされていないクリーチャーを攻撃できる」","＊このクリーチャーで攻撃するかわりに、タップして次の t 能力を使ってもよい。
 t このターンが終わるまで、バトルゾーンにある自分の火のクリーチャーはすべて、次の能力を得る。「このクリーチャーはタップされていないクリーチャーを攻撃できる」","■ Instead of having this creature attack, you may tap it to use its tap ability.
 Each of your fire creatures gets ""This creature can attack untapped creatures"" until the end of the turn."
888,race,256:7_4:DM-07 4:鎧神兵ガリアクルーズ,アーマロイド,422,アーマロイド,アーマロイド,Armorloid
889,name,257:7_5:DM-07 5:爆転の化身,爆転の化身,423,爆転の化身,Spinning Totem,Spinning Totem
890,rules,257:7_5:DM-07 5:爆転の化身,"■このクリーチャーで攻撃するかわりに、タップして次の[Ｔ]能力を使ってもよい。
[Ｔ]－このターン、バトルゾーンにある自分の自然のクリーチャーが相手を攻撃してブロックされたとき、相手のシールドが１枚でもあれば、そのうちの１枚をブレイクする。（Ｗ・ブレイカーまたはＴ・ブレイカー付きクリーチャーであっても、ブロックされた場合は１枚しかブレイクしない）",424,"＊このクリーチャーで攻撃するかわりに、タップして次の t 能力を使ってもよい。
 t このターン、バトルゾーンにある自分の自然のクリーチャーが相手を攻撃してブロックされたとき、相手のシールドが1枚でもあれば、そのうちの１枚をブレイクする。（W・ブレイカーまたはＴ・ブレイカー付きクリーチャーであっても、ブロックされた場合は１枚しかブレイクしない）","＊このクリーチャーで攻撃するかわりに、タップして次の t 能力を使ってもよい。
 t このターン、バトルゾーンにある自分の自然のクリーチャーが相手を攻撃してブロックされたとき、相手のシールドが1枚でもあれば、そのうちの１枚をブレイクする。（W・ブレイカーまたはＴ・ブレイカー付きクリーチャーであっても、ブロックされた場合は１枚しかブレイクしない）","■ Instead of having this creature attack, you may tap it to use its tap ability.
 This turn, whenever any of your nature creatures is attacking your opponent and becomes blocked, it breaks one of his shields. (If a creature has ""double breaker"" or ""triple breaker,"" it still breaks only one shield.)"
891,race,257:7_5:DM-07 5:爆転の化身,ミステリー・トーテム,425,ミステリー・トーテム,ミステリー・トーテム,Mystery Totem
892,name,258:7_6:DM-07 6:聖天使カイザル・バジキューラ,聖天使カイザル・バジキューラ,426,聖天使カイザル・バジキューラ,Holy Angel Kaisar Basikula,"Kizar Basiku, the Outrageous"
893,rules,258:7_6:DM-07 6:聖天使カイザル・バジキューラ,"■ブロッカー
■進化－自分のイニシエート１体の上に置く。
■火ステルス（相手のマナゾーンに火のカードが１枚でもあれば、このクリーチャーはブロックされない）
■Ｗ・ブレイカー（シールドを攻撃したとき、このクリーチャーはシールドを２枚ブレイクする）",427,"{B}ブロッカー　
＊進化-自分のイニシエート１体の上に置く。
＊火ステルス（相手のマナゾーンに火のカードが１枚でもあれば、このクリーチャーはブロックされない）
＊W・ブレイカー（シールドを攻撃したとき、このクリーチャーはシールドを2枚ブレイクする）","{B}ブロッカー　
＊進化-自分のイニシエート１体の上に置く。
＊火ステルス（相手のマナゾーンに火のカードが１枚でもあれば、このクリーチャーはブロックされない）
＊W・ブレイカー（シールドを攻撃したとき、このクリーチャーはシールドを2枚ブレイクする）","■ Blocker (Whenever an opponent's creature attacks, you may tap this creature to stop the attack. Then the 2 creatures battle.)
■ Evolution-Put on one of your Initiates.
■ Fire stealth (This creature can't be blocked while your opponent has any fire cards in his mana zone.)
■ Double breaker (This creature breaks 2 shields.)"
894,race,258:7_6:DM-07 6:聖天使カイザル・バジキューラ,イニシエート,428,イニシエート,イニシエート,Initiate
895,name,259:7_7:DM-07 7:光封樹,光封樹,429,光封樹,Trap Tree,Pulsar Tree
896,rules,259:7_7:DM-07 7:光封樹,■このクリーチャーがバトルゾーンにある間、自分のシールドが１枚ブレイクされるとき、かわりにこのクリーチャーを自分の墓地に置いてもよい。,430,＊このクリーチャーがバトルゾーンにある間、自分のシールドが１枚ブレイクされるとき、かわりにこのクリーチャーを自分の墓地に置いてもよい。,＊このクリーチャーがバトルゾーンにある間、自分のシールドが１枚ブレイクされるとき、かわりにこのクリーチャーを自分の墓地に置いてもよい。,"■ When one of your shields would be broken, you may destroy this creature instead."
897,flavor,259:7_7:DM-07 7:光封樹,塔の灯が、悪しき心を吸い寄せる。,431,塔の灯が、悪しき心を吸い寄せる。,塔の灯が、悪しき心を吸い寄せる。,
898,race,259:7_7:DM-07 7:光封樹,スターライト・ツリー,432,スターライト・ツリー,スターライト・ツリー,Starlight Tree
899,name,260:7_8:DM-07 8:ジャスティス・ジャミング,ジャスティス・ジャミング,433,ジャスティス・ジャミング,Justice Jamming,Justice Jamming
900,rules,260:7_8:DM-07 8:ジャスティス・ジャミング,■バトルゾーンにあるすべての闇のクリーチャーか、すべての火のクリーチャーどちらかをタップする。,434,＊バトルゾーンにあるすべての闇のクリーチャーか、すべての火のクリーチャーどちらかをタップする。,＊バトルゾーンにあるすべての闇のクリーチャーか、すべての火のクリーチャーどちらかをタップする。,"■ Tap all darkness creatures in the battle zone, or tap all fire creatures in the battle zone."
901,flavor,260:7_8:DM-07 8:ジャスティス・ジャミング,突如現れた石碑の群れが、敵の視界を幻惑する。,435,突如現れた石碑の群れが、敵の視界を幻惑する。,突如現れた石碑の群れが、敵の視界を幻惑する。,
902,name,261:7_9:DM-07 9:キャバリア・シャーク,キャバリア・シャーク,436,キャバリア・シャーク,Cavalier Shark,Trenchdive Shark
903,rules,261:7_9:DM-07 9:キャバリア・シャーク,■このクリーチャーがバトルゾーンに出たとき、自分の手札から２枚まで選び、裏向きにして自分のシールドに加えてもよい。そうした場合、同じ枚数の自分のシールドを裏向きのまま選び、自分の手札に加える。ただし、その「Ｓ・トリガー」は使えない。,437,＊このクリーチャーがバトルゾーンに出たとき、自分の手札から2枚まで選び、裏向きにして自分のシールドに加えてもよい。そうした場合、同じ枚数の自分のシールドを裏向きのまま選び、自分の手札に加える。ただし、その「Ｓ・トリガー」は使えない。,＊このクリーチャーがバトルゾーンに出たとき、自分の手札から2枚まで選び、裏向きにして自分のシールドに加えてもよい。そうした場合、同じ枚数の自分のシールドを裏向きのまま選び、自分の手札に加える。ただし、その「Ｓ・トリガー」は使えない。,"■ When you put this creature into the battle zone, you may add up to 2 cards from your hand to your shields face down. If you do, choose the same number of your shields and put them into your hand. You can't use the ""shield trigger"" ability of those shields."
904,race,261:7_9:DM-07 9:キャバリア・シャーク,ゲル・フィッシュ,438,ゲル・フィッシュ,ゲル・フィッシュ,Gel Fish
905,name,262:7_10:DM-07 10:アクア・フェンサー,アクア・フェンサー,439,アクア・フェンサー,Aqua Fencer,Aqua Fencer
906,rules,262:7_10:DM-07 10:アクア・フェンサー,"■このクリーチャーで攻撃するかわりに、タップして次の[Ｔ]能力を使ってもよい。
[Ｔ]－相手のマナゾーンからカードを１枚選ぶ。相手はそれを持ち主の手札に戻す。",440,"＊このクリーチャーで攻撃するかわりに、タップして次の t 能力を使ってもよい。
 t 相手のマナゾーンからカードを1枚選ぶ。相手はそれを持ち主の手札に戻す。","＊このクリーチャーで攻撃するかわりに、タップして次の t 能力を使ってもよい。
 t 相手のマナゾーンからカードを1枚選ぶ。相手はそれを持ち主の手札に戻す。","■ Instead of having this creature attack, you may tap it to use its tap ability.
 Choose a card in your opponent's mana zone and return it to his hand."
907,flavor,262:7_10:DM-07 10:アクア・フェンサー,無言で敵を切り刻む。,441,無言で敵を切り刻む。,無言で敵を切り刻む。,
908,race,262:7_10:DM-07 10:アクア・フェンサー,リキッド・ピープル,442,リキッド・ピープル,リキッド・ピープル,Liquid People
909,name,263:7_11:DM-07 11:ビアンカス,ビアンカス,443,ビアンカス,Biancus,Biancus
910,rules,263:7_11:DM-07 11:ビアンカス,"■ブロッカー
■このクリーチャーで攻撃するかわりに、タップして次の[Ｔ]能力を使ってもよい。
[Ｔ]－バトルゾーンにある自分のクリーチャーを１体選ぶ。このターン、そのクリーチャーはブロックされない。",444,"{B}ブロッカー
＊このクリーチャーで攻撃するかわりに、タップして次の t 能力を使ってもよい。
 t  バトルゾーンにある自分のクリーチャーを1体選ぶ。このターン、そのクリーチャーはブロックされない。","{B}ブロッカー
＊このクリーチャーで攻撃するかわりに、タップして次の t 能力を使ってもよい。
 t  バトルゾーンにある自分のクリーチャーを1体選ぶ。このターン、そのクリーチャーはブロックされない。","■ Blocker (Whenever an opponent's creature attacks, you may tap this creature to stop the attack. Then the 2 creatures battle.)
■ Instead of having this creature attack, you may tap it to use its tap ability.
 Choose one of your creatures in the battle zone. It can't be blocked this turn."
911,race,263:7_11:DM-07 11:ビアンカス,シー・ハッカー,445,シー・ハッカー,シー・ハッカー,Sea Hacker
912,name,264:7_12:DM-07 12:超幻獣ドグザバル,超幻獣ドグザバル,446,超幻獣ドグザバル,Phantom Beast Dogzabal,Phantasmal Horror Gigazabal
913,rules,264:7_12:DM-07 12:超幻獣ドグザバル,"■進化－自分のキマイラ１体の上に置く。
■光ステルス（相手のマナゾーンに光のカードが１枚でもあれば、このクリーチャーはブロックされない）
■Ｗ・ブレイカー（シールドを攻撃したとき、このクリーチャーはシールドを２枚ブレイクする）",447,"＊進化-自分のキマイラ１体の上に置く。
＊光ステルス（相手のマナゾーンに光のカードが１枚でもあれば、このクリーチャーはブロックされない）
＊W・ブレイカー（シールドを攻撃したとき、このクリーチャーはシールドを2枚ブレイクする）","＊進化-自分のキマイラ１体の上に置く。
＊光ステルス（相手のマナゾーンに光のカードが１枚でもあれば、このクリーチャーはブロックされない）
＊W・ブレイカー（シールドを攻撃したとき、このクリーチャーはシールドを2枚ブレイクする）","■ Evolution-Put on one of your Chimeras.
■ Light stealth (This creature can't be blocked while your opponent has any light cards in his mana zone.)
■ Double breaker (This creature breaks 2 shields.)"
914,flavor,264:7_12:DM-07 12:超幻獣ドグザバル,暴虐の炎に、白き都は灰燼と化した。,448,暴虐の炎に、白き都は灰燼と化した。,暴虐の炎に、白き都は灰燼と化した。,
915,race,264:7_12:DM-07 12:超幻獣ドグザバル,キマイラ,449,キマイラ,キマイラ,Chimera
916,name,265:7_13:DM-07 13:ギガバスター,ギガバスター,450,ギガバスター,Gigabuster,Gigabuster
917,rules,265:7_13:DM-07 13:ギガバスター,"■ブロッカー
■このクリーチャーがバトルゾーンに出たとき、自分のシールドが１枚でもあれば、その中から１枚を裏向きのまま選び、自分の手札に加える。ただし、その「Ｓ・トリガー」は使えない。
■このクリーチャーは攻撃することができない。",451,"{B} ブロッカー
＊このクリーチャーがバトルゾーンに出たとき、自分のシールドが1枚でもあれば、その中から１枚を裏向きのまま選び、自分の手札に加える。ただし、その「Ｓ・トリガー」は使えない。
＊このクリーチャーは攻撃することができない。","{B} ブロッカー
＊このクリーチャーがバトルゾーンに出たとき、自分のシールドが1枚でもあれば、その中から１枚を裏向きのまま選び、自分の手札に加える。ただし、その「Ｓ・トリガー」は使えない。
＊このクリーチャーは攻撃することができない。","■ Blocker (Whenever an opponent's creature attacks, you may tap this creature to stop the attack. Then the 2 creatures battle.)
■ When you put this creature into the battle zone, choose one of your shields and put it into your hand. You can't use the ""shield trigger"" ability of that shield.
■ This creature can't attack."
918,race,265:7_13:DM-07 13:ギガバスター,キマイラ,452,キマイラ,キマイラ,Chimera
919,name,266:7_14:DM-07 14:チェイン・スラッシュ,チェイン・スラッシュ,453,チェイン・スラッシュ,Chain Slash,Hopeless Vortex
920,rules,266:7_14:DM-07 14:チェイン・スラッシュ,■バトルゾーンにある相手のクリーチャーを１体選ぶ。相手はそれを持ち主の墓地に置く。,454,＊バトルゾーンにある相手のクリーチャーを1体選ぶ。相手はそれを持ち主の墓地に置く。,＊バトルゾーンにある相手のクリーチャーを1体選ぶ。相手はそれを持ち主の墓地に置く。,■ Destroy one of your opponent's creatures.
921,flavor,266:7_14:DM-07 14:チェイン・スラッシュ,憎しみや悲しみは連鎖する。,455,憎しみや悲しみは連鎖する。,憎しみや悲しみは連鎖する。,
922,name,267:7_15:DM-07 15:超巨岩獣ヴォルクラウザー,超巨岩獣ヴォルクラウザー,456,超巨岩獣ヴォルクラウザー,Ultra Rock Beast Valkrauser,"Valkrowzer, Ultra Rock Beast"
923,rules,267:7_15:DM-07 15:超巨岩獣ヴォルクラウザー,"■進化－自分のロック・ビースト１体の上に置く。
■水ステルス（相手のマナゾーンに水のカードが１枚でもあれば、このクリーチャーはブロックされない）
■Ｗ・ブレイカー（シールドを攻撃したとき、このクリーチャーはシールドを２枚ブレイクする）",457,"＊進化-自分のロック・ビースト１体の上に置く。
＊水ステルス（相手のマナゾーンに水のカードが１枚でもあれば、このクリーチャーはブロックされない）
＊W・ブレイカー（シールドを攻撃したとき、このクリーチャーはシールドを2枚ブレイクする）","＊進化-自分のロック・ビースト１体の上に置く。
＊水ステルス（相手のマナゾーンに水のカードが１枚でもあれば、このクリーチャーはブロックされない）
＊W・ブレイカー（シールドを攻撃したとき、このクリーチャーはシールドを2枚ブレイクする）","■ Evolution-Put on one of your Rock Beasts.
■ Water stealth (This creature can't be blocked while your opponent has any water cards in his mana zone.)
■ Double breaker (This creature breaks 2 shields.)"
924,flavor,267:7_15:DM-07 15:超巨岩獣ヴォルクラウザー,一瞬にして、海底都市は遺跡に成り下がった。,458,一瞬にして、海底都市は遺跡に成り下がった。,一瞬にして、海底都市は遺跡に成り下がった。,
925,race,267:7_15:DM-07 15:超巨岩獣ヴォルクラウザー,ロック・ビースト,459,ロック・ビースト,ロック・ビースト,Rock Beast
926,name,268:7_16:DM-07 16:ピーポのバール,ピーポのバール,460,ピーポのバール,Pipo's Ball,Kipo's Contraption
927,rules,268:7_16:DM-07 16:ピーポのバール,"■このクリーチャーで攻撃するかわりに、タップして次の[Ｔ]能力を使ってもよい。
[Ｔ]－バトルゾーンにあるパワー2000以下の相手のクリーチャーを１体選ぶ。相手はそれを持ち主の墓地に置く。",461,"＊このクリーチャーで攻撃するかわりに、タップして次の t 能力を使ってもよい。
 t バトルゾーンにあるパワー2000以下の相手のクリーチャーを１体選ぶ。相手はそれを持ち主の墓地に置く。","＊このクリーチャーで攻撃するかわりに、タップして次の t 能力を使ってもよい。
 t バトルゾーンにあるパワー2000以下の相手のクリーチャーを１体選ぶ。相手はそれを持ち主の墓地に置く。","■ Instead of having this creature attack, you may tap it to use its tap ability.
 Destroy one of your opponent's creatures that has power 2000 or less."
928,flavor,268:7_16:DM-07 16:ピーポのバール,早く破壊しちゃって！  - 技師ピーポ,462,早く破壊しちゃって！  - 技師ピーポ,早く破壊しちゃって！  - 技師ピーポ,
929,race,268:7_16:DM-07 16:ピーポのバール,ゼノパーツ,463,ゼノパーツ,ゼノパーツ,Xenoparts
930,name,269:7_17:DM-07 17:地獄万力,地獄万力,464,地獄万力,Hell's Vise,Apocalypse Vise
931,rules,269:7_17:DM-07 17:地獄万力,■バトルゾーンにある相手のクリーチャーを、パワーの合計が8000以下になるように好きな数選ぶ。相手はそれを持ち主の墓地に置く。,465,＊バトルゾーンにある相手のクリーチャーを、パワーの合計が8000以下になるように好きな数選ぶ。相手はそれを持ち主の墓地に置く。,＊バトルゾーンにある相手のクリーチャーを、パワーの合計が8000以下になるように好きな数選ぶ。相手はそれを持ち主の墓地に置く。,■ Destroy any number of your opponent's creatures that have total power 8000 or less.
932,flavor,269:7_17:DM-07 17:地獄万力,痛いの痛いの入り込め。,466,痛いの痛いの入り込め。,痛いの痛いの入り込め。,
933,name,270:7_18:DM-07 18:世界樹ユグドラジーガ,世界樹ユグドラジーガ,467,世界樹ユグドラジーガ,World Tree Yggdrasiga,"World Tree, Root of Life"
934,rules,270:7_18:DM-07 18:世界樹ユグドラジーガ,"■進化－自分のツリー・フォーク１体の上に置く。
■パワーアタッカー+2000（攻撃中、このクリーチャーのパワーは+2000される）
■闇ステルス（相手のマナゾーンに闇のカードが１枚でもあれば、このクリーチャーはブロックされない）
■Ｗ・ブレイカー",468,"＊進化-自分のツリー・フォーク１体の上に置く。
＊パワーアタッカー+2000（攻撃中、このクリーチャーのパワーは+2000される）
＊闇ステルス（相手のマナゾーンに闇のカードが１枚でもあれば、このクリーチャーはブロックされない）
＊W・ブレイカー","＊進化-自分のツリー・フォーク１体の上に置く。
＊パワーアタッカー+2000（攻撃中、このクリーチャーのパワーは+2000される）
＊闇ステルス（相手のマナゾーンに闇のカードが１枚でもあれば、このクリーチャーはブロックされない）
＊W・ブレイカー","■ Evolution-Put on one of your Tree Folk.
■ Power attacker +2000 (While attacking, this creature gets +2000 power.)
■ Darkness stealth (This creature can't be blocked while your opponent has any darkness cards in his mana zone.)
■ Double breaker (This creature breaks 2 shields.)"
935,race,270:7_18:DM-07 18:世界樹ユグドラジーガ,ツリーフォーク,469,ツリーフォーク,ツリーフォーク,Tree Folk
936,name,271:7_19:DM-07 19:呪紋の化身,呪紋の化身,470,呪紋の化身,Cursed Totem,Cryptic Totem
937,rules,271:7_19:DM-07 19:呪紋の化身,"■Ｗ・ブレイカー（シールドを攻撃したとき、このクリーチャーはシールドを２枚ブレイクする）
■このクリーチャーがバトルゾーンにある間、相手は「Ｓ・トリガー」を使えない。",471,"＊W・ブレイカー（シールドを攻撃したとき、このクリーチャーはシールドを2枚ブレイクする）
＊このクリーチャーがバトルゾーンにある間、相手は「Ｓ・トリガー」を使えない。","＊W・ブレイカー（シールドを攻撃したとき、このクリーチャーはシールドを2枚ブレイクする）
＊このクリーチャーがバトルゾーンにある間、相手は「Ｓ・トリガー」を使えない。","■ Double breaker (This creature breaks 2 shields.)
■ While this creature is tapped, your opponent can't use the ""shield trigger"" ability of his shields."
938,flavor,271:7_19:DM-07 19:呪紋の化身,タオパブの木で作られた杖は、魔術師の力を増幅するだろう。しかし、その力に頼りすぎた魔術師は己と杖の区別を失ってしまう。,472,タオパブの木で作られた杖は、魔術師の力を増幅するだろう。しかし、その力に頼りすぎた魔術師は己と杖の区別を失ってしまう。,タオパブの木で作られた杖は、魔術師の力を増幅するだろう。しかし、その力に頼りすぎた魔術師は己と杖の区別を失ってしまう。,
939,race,271:7_19:DM-07 19:呪紋の化身,ミステリー・トーテム,473,ミステリー・トーテム,ミステリー・トーテム,Mystery Totem
940,name,272:7_20:DM-07 20:草原の種,草原の種,474,草原の 種,Grass seed,"Tangle Fist, the Weaver"
941,rules,272:7_20:DM-07 20:草原の種,"■このクリーチャーで攻撃するかわりに、タップして次の[Ｔ]能力を使ってもよい。
[Ｔ]－自分の手札から３枚まで選び、自分のマナゾーンに置く。",475,"＊このクリーチャーで攻撃するかわりに、タップして次の t 能力を使ってもよい。
 t 自分の手札から3枚まで選び、自分のマナゾーンに置く。","＊このクリーチャーで攻撃するかわりに、タップして次の t 能力を使ってもよい。
 t 自分の手札から3枚まで選び、自分のマナゾーンに置く。","■ Instead of having this creature attack, you may tap it to use its tap ability.
 Put up to 3 cards from your hand into your mana zone."
942,flavor,272:7_20:DM-07 20:草原の種,旗揚げには、奴の力が必要なんだ！ --小さな勇者ゲット,476,旗揚げには、奴の力が必要なんだ！ --小さな勇者ゲット,旗揚げには、奴の力が必要なんだ！ --小さな勇者ゲット,
943,race,272:7_20:DM-07 20:草原の種,ビーストフォーク,477,ビーストフォーク,ビーストフォーク,Beast Folk
944,name,273:7_21:DM-07 21:宣凶師ロンドビル,宣凶師ロンドビル,478,宣凶師ロンドビル,Rondobil the Missionary,"Rondobil, the Explorer"
945,rules,273:7_21:DM-07 21:宣凶師ロンドビル,"■このクリーチャーで攻撃するかわりに、タップして次の[Ｔ]能力を使ってもよい。 
[Ｔ]－バトルゾーンにある自分のクリーチャーを１体選び、裏向きにして自分のシールドに加える。",479,"＊このクリーチャーで攻撃するかわりに、タップして次の t 能力を使ってもよい。 
t バトルゾーンにある自分のクリーチャーを1体選び、裏向きにして自分のシールドに加える。","＊このクリーチャーで攻撃するかわりに、タップして次の t 能力を使ってもよい。 
t バトルゾーンにある自分のクリーチャーを1体選び、裏向きにして自分のシールドに加える。","■ Instead of having this creature attack, you may tap it to use its tap ability.
 Add one of your creatures from the battle zone to your shields face down."
946,flavor,273:7_21:DM-07 21:宣凶師ロンドビル,ひでぇよ、空からまとめて吸うなんて！  - 解体屋ピーカプ,480,ひでぇよ、空からまとめて吸うなんて！  - 解体屋ピーカプ,ひでぇよ、空からまとめて吸うなんて！  - 解体屋ピーカプ,
947,race,273:7_21:DM-07 21:宣凶師ロンドビル,グラディエーター,481,グラディエーター,グラディエーター,Gladiator
948,name,274:7_22:DM-07 22:聖騎士プラネットシャイン,聖騎士プラネットシャイン,482,聖騎士プラネットシャイン,"Planet Shine, the Holy Warrior","Geoshine, Spectral Knight"
949,rules,274:7_22:DM-07 22:聖騎士プラネットシャイン,■このクリーチャーが攻撃するとき、バトルゾーンにある闇または火のクリーチャーを１体選び、タップしてもよい。（ただし、まず何を攻撃するか選んでから、タップしたいクリーチャーを選ぶ）,483,＊このクリーチャーが攻撃するとき、バトルゾーンにある闇または火のクリーチャーを1体選び、タップしてもよい。（ただし、まず何を攻撃するか選んでから、タップしたいクリーチャーを選ぶ）,＊このクリーチャーが攻撃するとき、バトルゾーンにある闇または火のクリーチャーを1体選び、タップしてもよい。（ただし、まず何を攻撃するか選んでから、タップしたいクリーチャーを選ぶ）,"■ Whenever this creature attacks, you may choose a darkness or fire creature in the battle zone and tap it. (First choose what this creature is attacking. Then choose a creature to tap.)"
950,flavor,274:7_22:DM-07 22:聖騎士プラネットシャイン,折れた剣は、より鋭い武器を生む。,484,折れた剣は、より鋭い武器を生む。,折れた剣は、より鋭い武器を生む。,
951,race,274:7_22:DM-07 22:聖騎士プラネットシャイン,レインボー・ファントム,485,レインボー・ファントム,レインボー・ファントム,Rainbow Phantom
952,name,275:7_23:DM-07 23:ライトニング・チャージャー,ライトニング・チャージャー,486,ライトニング・チャージャー,Lightning Charger,Lightning Charger
953,rules,275:7_23:DM-07 23:ライトニング・チャージャー,"■バトルゾーンにある相手のクリーチャーを１体選び、タップする。
■チャージャー（この呪文を唱えた後、墓地に置くかわりに自分のマナゾーンに置く）",487,"＊バトルゾーンにある相手のクリーチャーを１体選び、タップする。
＊チャージャー（この呪文を唱えた後、墓地に置くかわりに自分のマナゾーンに置く）","＊バトルゾーンにある相手のクリーチャーを１体選び、タップする。
＊チャージャー（この呪文を唱えた後、墓地に置くかわりに自分のマナゾーンに置く）","■ Choose one of your opponent's creatures in the battle zone and tap it.
■ Charger (After you cast this spell, put it into your mana zone instead of your graveyard.)"
954,flavor,275:7_23:DM-07 23:ライトニング・チャージャー,この時を逃すな！,488,この時を逃すな！,この時を逃すな！,
955,name,276:7_24:DM-07 24:スプラッシュ・ゼブラフィッシュ,スプラッシュ・ゼブラフィッシュ,489,スプラッシュ・ゼブラフィッシュ,Splash Zebrafish,Splash Zebrafish
956,rules,276:7_24:DM-07 24:スプラッシュ・ゼブラフィッシュ,"■このクリーチャーがバトルゾーンに出たとき、自分のマナゾーンからカードを１枚選び、自分の手札に戻す。
■このクリーチャーはブロックされない。",490,"＊このクリーチャーがバトルゾーンに出たとき、自分のマナゾーンからカードを1枚選び、自分の手札に戻す。
＊このクリーチャーはブロックされない。","＊このクリーチャーがバトルゾーンに出たとき、自分のマナゾーンからカードを1枚選び、自分の手札に戻す。
＊このクリーチャーはブロックされない。","■ When you put this creature into the battle zone, return a card from your mana zone to your hand.
■ This creature can't be blocked."
957,flavor,276:7_24:DM-07 24:スプラッシュ・ゼブラフィッシュ,予想外の事態に、非常用採掘プログラムが搭載された。,491,予想外の事態に、非常用採掘プログラムが搭載された。,予想外の事態に、非常用採掘プログラムが搭載された。,
958,race,276:7_24:DM-07 24:スプラッシュ・ゼブラフィッシュ,ゲル・フィッシュ,492,ゲル・フィッシュ,ゲル・フィッシュ,Gel Fish
959,name,277:7_25:DM-07 25:キュリアス・アイ,キュリアス・アイ,493,キュリアス・アイ,Curious Eye,Curious Eye
960,rules,277:7_25:DM-07 25:キュリアス・アイ,■このクリーチャーが攻撃するとき、相手のシールドを１枚見てもよい。その後、そのシールドを元の場所に戻す。,494,＊このクリーチャーが攻撃するとき、相手のシールドを１枚見てもよい。その後、そのシールドを元の場所に戻す。,＊このクリーチャーが攻撃するとき、相手のシールドを１枚見てもよい。その後、そのシールドを元の場所に戻す。,"■ Whenever this creature attacks, you may look at one of your opponent's shields. Then put it back where it was."
961,flavor,277:7_25:DM-07 25:キュリアス・アイ,小さな小さな探偵を闇の世界に送ったよ。  - エメラル,495,小さな小さな探偵を闇の世界に送ったよ。  - エメラル,小さな小さな探偵を闇の世界に送ったよ。  - エメラル,
962,race,277:7_25:DM-07 25:キュリアス・アイ,サイバー・ウイルス,496,サイバー・ウイルス,サイバー・ウイルス,Cyber Virus
963,name,278:7_26:DM-07 26:スパイラル・チャージャー,スパイラル・チャージャー,497,スパイラル・チャージャー,Spiral Charger,Riptide Charger
964,rules,278:7_26:DM-07 26:スパイラル・チャージャー,"■バトルゾーンにあるクリーチャーを１体選び、持ち主の手札に戻す。
■チャージャー（この呪文を唱えた後、墓地に置くかわりに自分のマナゾーンに置く）",498,"＊バトルゾーンにあるクリーチャーを1体選び、持ち主の手札に戻す。
＊チャージャー（この呪文を唱えた後、墓地に置くかわりに自分のマナゾーンに置く）","＊バトルゾーンにあるクリーチャーを1体選び、持ち主の手札に戻す。
＊チャージャー（この呪文を唱えた後、墓地に置くかわりに自分のマナゾーンに置く）","■ Choose a creature in the battle zone and return it to its owner's hand.
■ Charger (After you cast this spell, put it into your mana zone instead of your graveyard.)"
965,flavor,278:7_26:DM-07 26:スパイラル・チャージャー,出直しやがれ！,499,出直しやがれ！,出直しやがれ！,
966,name,279:7_27:DM-07 27:三面怪人アシュラファング,三面怪人アシュラファング,500,三面怪人アシュラファング,Three-faced Mutant Ashura Fang,Three-Faced Ashura Fang
967,rules,279:7_27:DM-07 27:三面怪人アシュラファング,■このクリーチャーがバトルゾーンに出たとき、自分のシールドが１枚でもあれば、その中から１枚を裏向きのまま選び、自分の手札に加える。ただし、その「Ｓ・トリガー」は使えない。,501,＊このクリーチャーがバトルゾーンに出たとき、自分のシールドが1枚でもあれば、その中から１枚を裏向きのまま選び、自分の手札に加える。ただし、その「Ｓ・トリガー」は使えない。,＊このクリーチャーがバトルゾーンに出たとき、自分のシールドが1枚でもあれば、その中から１枚を裏向きのまま選び、自分の手札に加える。ただし、その「Ｓ・トリガー」は使えない。,"■ When you put this creature into the battle zone, choose one of your shields and put it into your hand. You can't use the ""shield trigger"" ability of that shield."
968,flavor,279:7_27:DM-07 27:三面怪人アシュラファング,三面、全てが凶暴フェイス。,502,三面、全てが凶暴フェイス。,三面、全てが凶暴フェイス。,
969,race,279:7_27:DM-07 27:三面怪人アシュラファング,デビルマスク,503,デビルマスク,デビルマスク,Devil Mask
970,name,280:7_28:DM-07 28:ポイズン・ティアラ,ポイズン・ティアラ,504,ポイズン・ティアラ,Poison Tiara,Scalpel Spider
971,rules,280:7_28:DM-07 28:ポイズン・ティアラ,■攻撃を受けたとき、このクリーチャーはこのターンが終わるまで「スレイヤー」を得る。（このクリーチャーとバトルした相手クリーチャーは、勝っても持ち主の墓地に置かれる）,505,＊攻撃を受けたとき、このクリーチャーはこのターンが終わるまで「スレイヤー」を得る。（このクリーチャーとバトルした相手クリーチャーは、勝っても持ち主の墓地に置かれる）,＊攻撃を受けたとき、このクリーチャーはこのターンが終わるまで「スレイヤー」を得る。（このクリーチャーとバトルした相手クリーチャーは、勝っても持ち主の墓地に置かれる）,"■ Whenever this creature is attacked, it gets ""slayer"" until the end of the turn. (Whenever a creature that has ""slayer"" battles, destroy the other creature after the battle.)"
972,flavor,280:7_28:DM-07 28:ポイズン・ティアラ,ビースト軍団の侵攻を察知したポイズン・ティアラは死のトラップを張り巡らした。,506,ビースト軍団の侵攻を察知したポイズン・ティアラは死のトラップを張り巡らした。,ビースト軍団の侵攻を察知したポイズン・ティアラは死のトラップを張り巡らした。,
973,race,280:7_28:DM-07 28:ポイズン・ティアラ,ブレインジャッカー,507,ブレインジャッカー,ブレインジャッカー,Brain Jacker
974,name,281:7_29:DM-07 29:ブラッディ・チャージャー,ブラッディ・チャージャー,508,ブラッディ・チャージャー,Bloody Charger,Venom Charger
975,rules,281:7_29:DM-07 29:ブラッディ・チャージャー,"■バトルゾーンにある自分のクリーチャーを１体選ぶ。このターンが終わるまで、そのクリーチャーは「スレイヤー」を得る。（このクリーチャーとバトルした相手クリーチャーは、勝っても持ち主の墓地に置かれる）
■チャージャー（この呪文を唱えた後、墓地に置くかわりに自分のマナゾーンに置く）",509,"＊バトルゾーンにある自分のクリーチャーを１体選ぶ。このターンが終わるまで、そのクリーチャーは「スレイヤー」を得る。（このクリーチャーとバトルした相手クリーチャーは、勝っても持ち主の墓地に置かれる）　　
＊チャージャー（この呪文を唱えた後、墓地に置くかわりに自分のマナゾーンに置く）","＊バトルゾーンにある自分のクリーチャーを１体選ぶ。このターンが終わるまで、そのクリーチャーは「スレイヤー」を得る。（このクリーチャーとバトルした相手クリーチャーは、勝っても持ち主の墓地に置かれる）　　
＊チャージャー（この呪文を唱えた後、墓地に置くかわりに自分のマナゾーンに置く）","■ One of your creatures in the battle zone gets ""slayer"" until the end of the turn. (Whenever a creature that has ""slayer"" battles, destroy the other creature after the battle.)
■ Charger (After you cast this spell, put it into your mana zone instead of your graveyard.)"
976,name,282:7_30:DM-07 30:怪神兵ナグール,怪神兵ナグール,510,怪神兵ナグール,Otherworldly Warrior Nagul,Otherworldly Warrior Naglu
977,rules,282:7_30:DM-07 30:怪神兵ナグール,"■パワーアタッカー+3000（攻撃中、このクリーチャーのパワーは+3000される）
■Ｗ・ブレイカー（シールドを攻撃したとき、このクリーチャーはシールドを２枚ブレイクする）
■このクリーチャーは攻撃されない。",511,"＊パワーアタッカー+3000（攻撃中、このクリーチャーのパワーは+3000される）
＊W・ブレイカー（シールドを攻撃したとき、このクリーチャーはシールドを2枚ブレイクする）
＊このクリーチャーは攻撃されない。","＊パワーアタッカー+3000（攻撃中、このクリーチャーのパワーは+3000される）
＊W・ブレイカー（シールドを攻撃したとき、このクリーチャーはシールドを2枚ブレイクする）
＊このクリーチャーは攻撃されない。","■ This creature can't be attacked.
■ Power attacker +3000 (While attacking, this creature gets +3000 power.)
■ Double breaker (This creature breaks 2 shields.)"
978,flavor,282:7_30:DM-07 30:怪神兵ナグール,敵も見かけに騙される。,512,敵も見かけに騙される。,敵も見かけに騙される。,
979,race,282:7_30:DM-07 30:怪神兵ナグール,アーマロイド,513,アーマロイド,アーマロイド,Armorloid
980,name,283:7_31:DM-07 31:クレーターザウルス,クレーターザウルス,514,クレーターザウルス,Cratersaur,Cratersaur
981,rules,283:7_31:DM-07 31:クレーターザウルス,■自分のシールドが１枚もなければ、このクリーチャーは「パワーアタッカー+3000」を得、タップされていないクリーチャーを攻撃することができる。,515,＊自分のシールドが1枚もなければ、このクリーチャーは「パワーアタッカー+3000」を得、タップされていないクリーチャーを攻撃することができる。,＊自分のシールドが1枚もなければ、このクリーチャーは「パワーアタッカー+3000」を得、タップされていないクリーチャーを攻撃することができる。,"■ While you have no shields, this creature can attack untapped creatures and has ""Power attacker +3000 (While attacking, this creature gets +3000 power)."""
982,flavor,283:7_31:DM-07 31:クレーターザウルス,溶岩の血が大惨事を巻き起こす。,516,溶岩の血が大惨事を巻き起こす。,溶岩の血が大惨事を巻き起こす。,
983,race,283:7_31:DM-07 31:クレーターザウルス,ロック・ビースト,517,ロック・ビースト,ロック・ビースト,Rock Beast
984,name,284:7_32:DM-07 32:エナジー・チャージャー,エナジー・チャージャー,518,エナジー・チャージャー,Energy Charger,Energy Charger
985,rules,284:7_32:DM-07 32:エナジー・チャージャー,"■バトルゾーンにある自分のクリーチャーを１体選ぶ。このターンが終わるまで、そのクリーチャーのパワーは+2000される。
■チャージャー（この呪文を唱えた後、墓地に置くかわりに自分のマナゾーンに置く）",519,"＊バトルゾーンにある自分のクリーチャーを１体選ぶ。このターンが終わるまで、そのクリーチャーのパワーは+2000される。
＊チャージャー（この呪文を唱えた後、墓地に置くかわりに自分のマナゾーンに置く）","＊バトルゾーンにある自分のクリーチャーを１体選ぶ。このターンが終わるまで、そのクリーチャーのパワーは+2000される。
＊チャージャー（この呪文を唱えた後、墓地に置くかわりに自分のマナゾーンに置く）","■ One of your creatures gets +2000 power until the end of the turn.
■ Charger (After you cast this spell, put it into your mana zone instead of your graveyard.)"
986,flavor,284:7_32:DM-07 32:エナジー・チャージャー,勝負はこれからだ！,520,勝負はこれからだ！,勝負はこれからだ！,
987,name,285:7_33:DM-07 33:シェル・ブリーダー,シェル・ブリーダー,521,シェル・ブリーダー,Shell Breeder,Brood Shell
988,rules,285:7_33:DM-07 33:シェル・ブリーダー,"■このクリーチャーで攻撃するかわりに、タップして次の[Ｔ]能力を使ってもよい。 
[Ｔ]－自分のマナゾーンからクリーチャーを１体選び、自分の手札に戻す。",522,"＊このクリーチャーで攻撃するかわりに、タップして次の t 能力を使ってもよい。 
 t 自分のマナゾーンからクリーチャーを１体選び、自分の手札に戻す。","＊このクリーチャーで攻撃するかわりに、タップして次の t 能力を使ってもよい。 
 t 自分のマナゾーンからクリーチャーを１体選び、自分の手札に戻す。","■ Instead of having this creature attack, you may tap it to use its tap ability.
 Return a creature from your mana zone to your hand."
989,flavor,285:7_33:DM-07 33:シェル・ブリーダー,ぷくりとふくらむ腹の中、卵が一杯隠れてる。,523,ぷくりとふくらむ腹の中、卵が一杯隠れてる。,ぷくりとふくらむ腹の中、卵が一杯隠れてる。,
990,race,285:7_33:DM-07 33:シェル・ブリーダー,コロニー・ビートル,524,コロニー・ビートル,コロニー・ビートル,Colony Beetle
991,name,286:7_34:DM-07 34:不死身の果実,不死身の果実,525,不死身の果実,Undying Fruit,Fruit of Eternity
992,rules,286:7_34:DM-07 34:不死身の果実,"■Ｓ・トリガー（この呪文をシールドゾーンから手札に加えるとき、コストを支払わずにすぐ唱えてよい）
■このターン、自分のクリーチャー１体がバトルゾーンから自分の墓地に置かれるとき、墓地に置くかわりに自分のマナゾーンに置く。",526,"{ST} S・トリガー（この呪文をシールドゾーンから手札に加えるとき、コストを支払わずにすぐ唱えてよい）
＊このターン、自分のクリーチャー１体がバトルゾーンから自分の墓地に置かれるとき、墓地に置くかわりに自分のマナゾーンに置く。","{ST} S・トリガー（この呪文をシールドゾーンから手札に加えるとき、コストを支払わずにすぐ唱えてよい）
＊このターン、自分のクリーチャー１体がバトルゾーンから自分の墓地に置かれるとき、墓地に置くかわりに自分のマナゾーンに置く。","■ Shield trigger (When this card is put into your hand from your shield zone, you may play it immediately for no cost.)
■ Whenever any of your creatures would be destroyed this turn, put it into your mana zone instead."
993,name,287:7_35:DM-07 35:メビウス・チャージャー,メビウス・チャージャー,527,メビウス・チャージャー,Moebius Charger,Mulch Charger
994,rules,287:7_35:DM-07 35:メビウス・チャージャー,"■バトルゾーンにある自分のクリーチャーを１体選び、自分のマナゾーンに置く。
■チャージャー（この呪文を唱えた後、墓地に置くかわりに自分のマナゾーンに置く）",528,"＊バトルゾーンにある自分のクリーチャーを1体選び、自分のマナゾーンに置く。
＊チャージャー（この呪文を唱えた後、墓地に置くかわりに自分のマナゾーンに置く）","＊バトルゾーンにある自分のクリーチャーを1体選び、自分のマナゾーンに置く。
＊チャージャー（この呪文を唱えた後、墓地に置くかわりに自分のマナゾーンに置く）","■ Put one of your creatures from the battle zone into your mana zone.
■ Charger (After you cast this spell, put it into your mana zone instead of your graveyard.)"
995,flavor,287:7_35:DM-07 35:メビウス・チャージャー,肉体という器を捨て、生命の大河は流れ続ける。,529,肉体という器を捨て、生命の大河は流れ続ける。,肉体という器を捨て、生命の大河は流れ続ける。,
996,name,288:7_36:DM-07 36:白夜の守護者ロディ・ゲール,白夜の守護者ロディ・ゲール,530,白夜の守護者ロディ・ゲール,"Rodi Gale, Guardian of the White Night","Rodi Gale, Night Guardian"
997,rules,288:7_36:DM-07 36:白夜の守護者ロディ・ゲール,■闇ステルス（相手のマナゾーンに闇のカードが１枚でもあれば、このクリーチャーはブロックされない）,531,＊闇ステルス（相手のマナゾーンに闇のカードが１枚でもあれば、このクリーチャーはブロックされない）,＊闇ステルス（相手のマナゾーンに闇のカードが１枚でもあれば、このクリーチャーはブロックされない）,■ Darkness stealth (This creature can't be blocked while your opponent has any darkness cards in his mana zone.)
998,flavor,288:7_36:DM-07 36:白夜の守護者ロディ・ゲール,光の国に深く刻まれた戦いの傷跡。さらなる軍勢が来襲したその時、砕けた使徒の魂が、倒れた聖騎士の精神が、闇の力を封じる盾となる。,532,光の国に深く刻まれた戦いの傷跡。さらなる軍勢が来襲したその時、砕けた使徒の魂が、倒れた聖騎士の精神が、闇の力を封じる盾となる。,光の国に深く刻まれた戦いの傷跡。さらなる軍勢が来襲したその時、砕けた使徒の魂が、倒れた聖騎士の精神が、闇の力を封じる盾となる。,
999,race,288:7_36:DM-07 36:白夜の守護者ロディ・ゲール,ガーディアン,533,ガーディアン,ガーディアン,Guardian
1000,name,289:7_37:DM-07 37:捕縛の使徒ローム,捕縛の使徒ローム,534,捕縛の使徒ローム,"Rom, Apostle of Trapping","Rom, Vizier of Tendrils"
1001,rules,289:7_37:DM-07 37:捕縛の使徒ローム,■このクリーチャーがバトルゾーンに出たとき、バトルゾーンにある相手のクリーチャーを１体選び、タップしてもよい。,535,＊このクリーチャーがバトルゾーンに出たとき、バトルゾーンにある相手のクリーチャーを1体選び、タップしてもよい。,＊このクリーチャーがバトルゾーンに出たとき、バトルゾーンにある相手のクリーチャーを1体選び、タップしてもよい。,"■ When you put this creature into the battle zone, you may choose one of your opponent's creatures in the battle zone and tap it."
1002,flavor,289:7_37:DM-07 37:捕縛の使徒ローム,捕縛の使徒よ、覚醒せよ。汝の鞭は闇照らす希望なり。,536,捕縛の使徒よ、覚醒せよ。汝の鞭は闇照らす希望なり。,捕縛の使徒よ、覚醒せよ。汝の鞭は闇照らす希望なり。,
1003,race,289:7_37:DM-07 37:捕縛の使徒ローム,イニシエート,537,イニシエート,イニシエート,Initiate
1004,name,290:7_38:DM-07 38:予言者ベクス,予言者ベクス,538,予言者ベクス,"Becks, the Prophet","Bex, the Oracle"
1005,rules,290:7_38:DM-07 38:予言者ベクス,■自分のシールドが１枚もなければ、このクリーチャーは「ブロッカー」を得る。（相手クリーチャーが攻撃するとき、このクリーチャーをタップして、その攻撃を阻止してよい。その後、その相手クリーチャーとバトルする）,539,＊自分のシールドが1枚もなければ、このクリーチャーは「ブロッカー」を得る。（相手クリーチャーが攻撃するとき、このクリーチャーをタップして、その攻撃を阻止してよい。その後、その相手クリーチャーとバトルする）,＊自分のシールドが1枚もなければ、このクリーチャーは「ブロッカー」を得る。（相手クリーチャーが攻撃するとき、このクリーチャーをタップして、その攻撃を阻止してよい。その後、その相手クリーチャーとバトルする）,"■ While you have no shields, this creature has ""blocker"". (Whenever an opponent's creature attacks, you may tap this creature to stop the attack. Then the 2 creatures battle.)"
1006,flavor,290:7_38:DM-07 38:予言者ベクス,予言者の歌声は、夢見の神殿の門を開いた。,540,予言者の歌声は、夢見の神殿の門を開いた。,予言者の歌声は、夢見の神殿の門を開いた。,
1007,race,290:7_38:DM-07 38:予言者ベクス,ライトブリンガー,541,ライトブリンガー,ライトブリンガー,Light Bringer
1008,name,291:7_39:DM-07 39:ミラクル・ポータル,ミラクル・ポータル,542,ミラクル・ポータル,Miracle Portal,Miracle Portal
1009,rules,291:7_39:DM-07 39:ミラクル・ポータル,■バトルゾーンにある自分のクリーチャーを１体選ぶ。このターン、そのクリーチャーはブロックされない。また、「このクリーチャーは攻撃することができない」または「このクリーチャーは相手プレイヤーを攻撃できない」と書かれていても、このターンそのクリーチャーは相手プレイヤーを攻撃することができる。,543,＊バトルゾーンにある自分のクリーチャーを1体選ぶ。このターン、そのクリーチャーはブロックされない。また、「このクリーチャーは攻撃することができない」または「このクリーチャーは相手プレイヤーを攻撃できない」と書かれていても、このターンそのクリーチャーは相手プレイヤーを攻撃することができる。,＊バトルゾーンにある自分のクリーチャーを1体選ぶ。このターン、そのクリーチャーはブロックされない。また、「このクリーチャーは攻撃することができない」または「このクリーチャーは相手プレイヤーを攻撃できない」と書かれていても、このターンそのクリーチャーは相手プレイヤーを攻撃することができる。,"■ Choose one of your creatures in the battle zone. This turn, it can't be blocked and you ignore any effects that would prevent that creature from attacking your opponent. (For example, ignore summoning sickness and card effects that say ""This creature can't attack"" or ""This creature can't attack players."" Your creatures can't attack creatures this way.)"
1010,name,292:7_40:DM-07 40:アクア・エージェント,アクア・エージェント,544,アクア・エージェント,Aqua Agent,Aqua Agent
1011,rules,292:7_40:DM-07 40:アクア・エージェント,"■水ステルス（相手のマナゾーンに水のカードが１枚でもあれば、このクリーチャーはブロックされない）
■このクリーチャーがバトルゾーンから自分の墓地に置かれるとき、墓地に置くかわりに自分の手札に戻してもよい。",545,"＊水ステルス（相手のマナゾーンに水のカードが１枚でもあれば、このクリーチャーはブロックされない）
＊このクリーチャーがバトルゾーンから自分の墓地に置かれるとき、墓地に置くかわりに自分の手札に戻してもよい。","＊水ステルス（相手のマナゾーンに水のカードが１枚でもあれば、このクリーチャーはブロックされない）
＊このクリーチャーがバトルゾーンから自分の墓地に置かれるとき、墓地に置くかわりに自分の手札に戻してもよい。","■ Water stealth (This creature can't be blocked while your opponent has any water cards in his mana zone.)
■ When this creature would be destroyed, you may return it to your hand instead."
1012,flavor,292:7_40:DM-07 40:アクア・エージェント,サイバー都市の破壊。光り輝く塔の上で、買収されたエージェントは不義のミッションを心に刻み込んだ。,546,サイバー都市の破壊。光り輝く塔の上で、買収されたエージェントは不義のミッションを心に刻み込んだ。,サイバー都市の破壊。光り輝く塔の上で、買収されたエージェントは不義のミッションを心に刻み込んだ。,
1013,race,292:7_40:DM-07 40:アクア・エージェント,リキッド・ピープル,547,リキッド・ピープル,リキッド・ピープル,Liquid People
1014,name,293:7_41:DM-07 41:ウォール・クラスター,ウォール・クラスター,548,ウォール・クラスター,Wall Cluster,Titanium Cluster
1015,rules,293:7_41:DM-07 41:ウォール・クラスター,"■ブロッカー（相手クリーチャーが攻撃するとき、このクリーチャーをタップして、その攻撃を阻止してよい。その後、その相手クリーチャーとバトルする）　
■このクリーチャーは攻撃することができない。
■このクリーチャーは攻撃されない。",549,"{B}ブロッカー（相手クリーチャーが攻撃するとき、このクリーチャーをタップして、その攻撃を阻止してよい。その後、その相手クリーチャーとバトルする）　
＊このクリーチャーは攻撃することができない。
＊このクリーチャーは攻撃されない。","{B}ブロッカー（相手クリーチャーが攻撃するとき、このクリーチャーをタップして、その攻撃を阻止してよい。その後、その相手クリーチャーとバトルする）　
＊このクリーチャーは攻撃することができない。
＊このクリーチャーは攻撃されない。","■ Blocker (Whenever an opponent's creature attacks, you may tap this creature to stop the attack. Then the 2 creatures battle.)
■ This creature can't be attacked.
■ This creature can't attack."
1016,flavor,293:7_41:DM-07 41:ウォール・クラスター,誰も気付かぬ深海で、裏切りのプログラムが動き始めていた。,550,誰も気付かぬ深海で、裏切りのプログラムが動き始めていた。,誰も気付かぬ深海で、裏切りのプログラムが動き始めていた。,
1017,race,293:7_41:DM-07 41:ウォール・クラスター,サイバー・クラスター,551,サイバー・クラスター,サイバー・クラスター,Cyber Cluster
1018,name,294:7_42:DM-07 42:ガラティアヌス,ガラティアヌス,552,ガラティアヌス,Garatyanus,Garatyano
1019,rules,294:7_42:DM-07 42:ガラティアヌス,"■このクリーチャーで攻撃するかわりに、タップして次の[Ｔ]能力を使ってもよい。
[Ｔ]－自分の山札のカードを上から３枚見る。その後、これを好きな順番で元に戻す。",553,"＊このクリーチャーで攻撃するかわりに、タップして次の t 能力を使ってもよい。
 t 自分の山札のカードを上から3枚見る。その後、これを好きな順番で元に戻す。","＊このクリーチャーで攻撃するかわりに、タップして次の t 能力を使ってもよい。
 t 自分の山札のカードを上から3枚見る。その後、これを好きな順番で元に戻す。","■ Instead of having this creature attack, you may tap it to use its tap ability.
 Look at the top 3 cards of your deck. Then put them back in any order."
1020,flavor,294:7_42:DM-07 42:ガラティアヌス,予想外の事態に対応するため、サイバーロードは見向きもしなかった深海の厄介者をも改造し自軍に取り込み始めた。,554,予想外の事態に対応するため、サイバーロードは見向きもしなかった深海の厄介者をも改造し自軍に取り込み始めた。,予想外の事態に対応するため、サイバーロードは見向きもしなかった深海の厄介者をも改造し自軍に取り込み始めた。,
1021,race,294:7_42:DM-07 42:ガラティアヌス,シー・ハッカー,555,シー・ハッカー,シー・ハッカー,Sea Hacker
1022,name,295:7_43:DM-07 43:セティボルス,セティボルス,556,セティボルス,Cetibols,Cetibols
1023,rules,295:7_43:DM-07 43:セティボルス,■このクリーチャーがバトルゾーンから自分の墓地に置かれたとき、カードを１枚引いてもよい。,557,＊このクリーチャーがバトルゾーンから自分の墓地に置かれたとき、カードを１枚引いてもよい。,＊このクリーチャーがバトルゾーンから自分の墓地に置かれたとき、カードを１枚引いてもよい。,"■ When this creature is destroyed, you may draw a card."
1024,flavor,295:7_43:DM-07 43:セティボルス,ちぎれた足からまた生まれる。,558,ちぎれた足からまた生まれる。,ちぎれた足からまた生まれる。,
1025,race,295:7_43:DM-07 43:セティボルス,シー・ハッカー,559,シー・ハッカー,シー・ハッカー,Sea Hacker
1026,name,296:7_44:DM-07 44:夢幻の影ダーク・バンディット,夢幻の影ダーク・バンディット,560,夢幻の影ダーク・バンディット,"Dark Bandit, the Dream Shadow","Dream Pirate, Shadow of Theft"
1027,rules,296:7_44:DM-07 44:夢幻の影ダーク・バンディット,■このクリーチャーがバトルゾーンから自分の墓地に置かれるとき、墓地に置くかわりに自分の手札に戻してもよい。そうした場合、自分の手札から１枚選び、自分の墓地に置く。,561,＊このクリーチャーがバトルゾーンから自分の墓地に置かれるとき、墓地に置くかわりに自分の手札に戻してもよい。そうした場合、自分の手札から1枚選び、自分の墓地に置く。,＊このクリーチャーがバトルゾーンから自分の墓地に置かれるとき、墓地に置くかわりに自分の手札に戻してもよい。そうした場合、自分の手札から1枚選び、自分の墓地に置く。,"■ When this creature would be destroyed, you may return it to your hand instead. If you do, put a card from your hand into your graveyard."
1028,flavor,296:7_44:DM-07 44:夢幻の影ダーク・バンディット,他人とは、略奪するまで魂を育ててくれる牧場みたいなものだ。,562,他人とは、略奪するまで魂を育ててくれる牧場みたいなものだ。,他人とは、略奪するまで魂を育ててくれる牧場みたいなものだ。,
1029,race,296:7_44:DM-07 44:夢幻の影ダーク・バンディット,ゴースト,563,ゴースト,ゴースト,Ghost
1030,name,297:7_45:DM-07 45:隠密人形ゲザリー,隠密人形ゲザリー,564,隠密人形ゲザリー,Undercover Doll Gezary,"Gezary, Undercover Doll"
1031,rules,297:7_45:DM-07 45:隠密人形ゲザリー,■自然ステルス（相手のマナゾーンに自然のカードが１枚でもあれば、このクリーチャーはブロックされない）,565,＊自然ステルス（相手のマナゾーンに自然のカードが１枚でもあれば、このクリーチャーはブロックされない）,＊自然ステルス（相手のマナゾーンに自然のカードが１枚でもあれば、このクリーチャーはブロックされない）,■ Nature stealth (This creature can't be blocked while your opponent has any nature cards in his mana zone.)
1032,flavor,297:7_45:DM-07 45:隠密人形ゲザリー,地底から密かに伸びる操りの糸。その正体は誰も知らない。,566,地底から密かに伸びる操りの糸。その正体は誰も知らない。,地底から密かに伸びる操りの糸。その正体は誰も知らない。,
1033,race,297:7_45:DM-07 45:隠密人形ゲザリー,デスパペット,567,デスパペット,デスパペット,Death Puppet
1034,name,298:7_46:DM-07 46:飛行男,飛行男,568,飛行男,Flying Man,Propeller Mutant
1035,rules,298:7_46:DM-07 46:飛行男,■このクリーチャーがバトルゾーンから自分の墓地に置かれたとき、相手の手札から１枚見ないで選び、相手はそれを持ち主の墓地に置く。,569,＊このクリーチャーがバトルゾーンから自分の墓地に置かれたとき、相手の手札から1枚見ないで選び、相手はそれを持ち主の墓地に置く。,＊このクリーチャーがバトルゾーンから自分の墓地に置かれたとき、相手の手札から1枚見ないで選び、相手はそれを持ち主の墓地に置く。,"■ When this creature is destroyed, your opponent discards a card at random from his hand."
1036,flavor,298:7_46:DM-07 46:飛行男,フィオナの森へ特攻だ！　泥はおまけに取っときな！,570,フィオナの森へ特攻だ！　泥はおまけに取っときな！,フィオナの森へ特攻だ！　泥はおまけに取っときな！,
1037,race,298:7_46:DM-07 46:飛行男,へドリアン,571,へドリアン,へドリアン,Hedrian
1038,name,299:7_47:DM-07 47:バキューム・ジェル,バキューム・ジェル,572,バキューム・ジェル,Vacuum Gel,Vacuum Gel
1039,rules,299:7_47:DM-07 47:バキューム・ジェル,"■Ｓ・トリガー（この呪文をシールドゾーンから手札に加えるとき、コストを支払わずにすぐ唱えてよい）
■バトルゾーンにある、相手のタップされていない光または自然のクリーチャーを１体選ぶ。相手はそれを持ち主の墓地に置く。",573,"{ST} S・トリガー（この呪文をシールドゾーンから手札に加えるとき、コストを支払わずにすぐ唱えてよい）
＊バトルゾーンにある、相手のタップされていない光または自然のクリーチャーを１体選ぶ。相手はそれを持ち主の墓地に置く。","{ST} S・トリガー（この呪文をシールドゾーンから手札に加えるとき、コストを支払わずにすぐ唱えてよい）
＊バトルゾーンにある、相手のタップされていない光または自然のクリーチャーを１体選ぶ。相手はそれを持ち主の墓地に置く。","■ Shield trigger (When this card is put into your hand from your shield zone, you may play it immediately for no cost.)
■ Destroy one of your opponent's untapped light or untapped nature creatures."
1040,flavor,299:7_47:DM-07 47:バキューム・ジェル,骨の世界へようこそ！,574,骨の世界へようこそ！,骨の世界へようこそ！,
1041,name,300:7_48:DM-07 48:ガザリアス・ドラゴン,ガザリアス・ドラゴン,575,ガザリアス・ドラゴン,Gazarias Dragon,Gazarias Dragon
1042,rules,300:7_48:DM-07 48:ガザリアス・ドラゴン,■自分のシールドが１枚もなければ、このクリーチャーのパワーは+4000され、「Ｗ・ブレイカー」を得る。,576,＊自分のシールドが1枚もなければ、このクリーチャーのパワーは+4000され、「W・ブレイカー」を得る。,＊自分のシールドが1枚もなければ、このクリーチャーのパワーは+4000され、「W・ブレイカー」を得る。,"■ While you have no shields, this creature gets +4000 power and has ""double breaker (This creature breaks 2 shields)."""
1043,flavor,300:7_48:DM-07 48:ガザリアス・ドラゴン,奥深き地で轟いた同胞の断末魔、そこから全てが始まった。,577,奥深き地で轟いた同胞の断末魔、そこから全てが始まった。,奥深き地で轟いた同胞の断末魔、そこから全てが始まった。,
1044,race,300:7_48:DM-07 48:ガザリアス・ドラゴン,アーマード・ドラゴン,578,アーマード・ドラゴン,アーマード・ドラゴン,Armored Dragon
1045,name,301:7_49:DM-07 49:アストロノーツ・ワイバーン,アストロノーツ・ワイバーン,579,アストロノーツ・ワイバーン,Astronaut Wyvern,Astronaut Skyterror
1046,rules,301:7_49:DM-07 49:アストロノーツ・ワイバーン,■バトルゾーンに他に自分のクリーチャーがなければ、このクリーチャーは「パワーアタッカー+4000」と「Ｗ・ブレイカー」を得る。（攻撃中、そのクリーチャーのパワーは+4000され、シールドを攻撃したとき、シールドを２枚ブレイクする）,580,＊バトルゾーンに他に自分のクリーチャーがなければ、このクリーチャーは「パワーアタッカー+4000」と「W・ブレイカー」を得る。（攻撃中、そのクリーチャーのパワーは+4000され、シールドを攻撃したとき、シールドを2枚ブレイクする）,＊バトルゾーンに他に自分のクリーチャーがなければ、このクリーチャーは「パワーアタッカー+4000」と「W・ブレイカー」を得る。（攻撃中、そのクリーチャーのパワーは+4000され、シールドを攻撃したとき、シールドを2枚ブレイクする）,"■ While you have no other creatures in the battle zone, this creature has ""Power attacker +4000 (While attacking, this creature gets +4000 power)"" and ""Double breaker (This creature breaks 2 shields)."""
1047,flavor,301:7_49:DM-07 49:アストロノーツ・ワイバーン,古き伝説に、龍族は「星を渡る者」と記されていた。,581,古き伝説に、龍族は「星を渡る者」と記されていた。,古き伝説に、龍族は「星を渡る者」と記されていた。,
1048,race,301:7_49:DM-07 49:アストロノーツ・ワイバーン,アーマード・ワイバーン,582,アーマード・ワイバーン,アーマード・ワイバーン,Armored Wyvern
1049,name,302:7_50:DM-07 50:暴走番長ギャラン,暴走番長ギャラン,583,暴走番長ギャラン,Wild Racer Chief Garan,Wild Racer Chief Garan
1050,rules,302:7_50:DM-07 50:暴走番長ギャラン,"■パワーアタッカー+1000（攻撃中、このクリーチャーのパワーは+1000される）
■光ステルス（相手のマナゾーンに光のカードが１枚でもあれば、このクリーチャーはブロックされない）",584,"＊パワーアタッカー+1000（攻撃中、このクリーチャーのパワーは+1000される）
＊光ステルス（相手のマナゾーンに光のカードが１枚でもあれば、このクリーチャーはブロックされない）","＊パワーアタッカー+1000（攻撃中、このクリーチャーのパワーは+1000される）
＊光ステルス（相手のマナゾーンに光のカードが１枚でもあれば、このクリーチャーはブロックされない）","■ Power attacker +1000 (While attacking, this creature gets +1000 power.)
■ Light stealth (This creature can't be blocked while your opponent has any light cards in his mana zone.)"
1051,flavor,302:7_50:DM-07 50:暴走番長ギャラン,火と自然。異なる文明の壁を乗り越え、行動を共にするレジスタンス「バーニング・ビースト」が旗揚げされた。,585,火と自然。異なる文明の壁を乗り越え、行動を共にするレジスタンス「バーニング・ビースト」が旗揚げされた。,火と自然。異なる文明の壁を乗り越え、行動を共にするレジスタンス「バーニング・ビースト」が旗揚げされた。,
1052,race,302:7_50:DM-07 50:暴走番長ギャラン,ヒューマノイド,586,ヒューマノイド,ヒューマノイド,Human
1053,name,303:7_51:DM-07 51:クック・ポロン,クック・ポロン,587,クック・ポロン,Cook Pollon,Kooc Pollon
1054,rules,303:7_51:DM-07 51:クック・ポロン,■このクリーチャーは攻撃されない。,588,＊このクリーチャーは攻撃されない。,＊このクリーチャーは攻撃されない。,■ This creature can't be attacked.
1055,flavor,303:7_51:DM-07 51:クック・ポロン,戦場だって、遊び場だ。,589,戦場だって、遊び場だ。,戦場だって、遊び場だ。,
1056,race,303:7_51:DM-07 51:クック・ポロン,ファイアー・バード,590,ファイアー・バード,ファイアー・バード,Fire Bird
1057,name,304:7_52:DM-07 52:撃墜するスティンガー・ホーン,撃墜するスティンガー・ホーン,591,撃墜するスティンガー・ホーン,"Stinger Horn, the Tracer","Stinger Horn, the Delver"
1058,rules,304:7_52:DM-07 52:撃墜するスティンガー・ホーン,"■パワーアタッカー+1000（攻撃中、このクリーチャーのパワーは+1000される）
■水ステルス（相手のマナゾーンに水のカードが１枚でもあれば、このクリーチャーはブロックされない）",592,"＊パワーアタッカー+1000（攻撃中、このクリーチャーのパワーは+1000される）
＊水ステルス（相手のマナゾーンに水のカードが１枚でもあれば、このクリーチャーはブロックされない）","＊パワーアタッカー+1000（攻撃中、このクリーチャーのパワーは+1000される）
＊水ステルス（相手のマナゾーンに水のカードが１枚でもあれば、このクリーチャーはブロックされない）","■ Power attacker +1000 (While attacking, this creature gets +1000 power.)
■ Water stealth (This creature can't be blocked while your opponent has any water cards in his mana zone.)"
1059,flavor,304:7_52:DM-07 52:撃墜するスティンガー・ホーン,森の怒りが盾となる。,593,森の怒りが盾となる。,森の怒りが盾となる。,
1060,race,304:7_52:DM-07 52:撃墜するスティンガー・ホーン,ホーン・ビースト,594,ホーン・ビースト,ホーン・ビースト,Horned Beast
1061,name,305:7_53:DM-07 53:春風妖精ポップル,春風妖精ポップル,595,春風妖精ポップル,"Popple, Faerie of Spring","Popple, Flowerpetal Dancer"
1062,rules,305:7_53:DM-07 53:春風妖精ポップル,"■このクリーチャーで攻撃するかわりに、タップして次の[Ｔ]能力を使ってもよい。
[Ｔ]－自分の山札の上から１枚目を、自分のマナゾーンに置く。",596,"＊このクリーチャーで攻撃するかわりに、タップして次の t 能力を使ってもよい。
 t自分の山札の上から1枚目を、自分のマナゾーンに置く。","＊このクリーチャーで攻撃するかわりに、タップして次の t 能力を使ってもよい。
 t自分の山札の上から1枚目を、自分のマナゾーンに置く。","■ Instead of having this creature attack, you may tap it to use its tap ability.
 Put the top card of your deck into your mana zone."
1063,flavor,305:7_53:DM-07 53:春風妖精ポップル,舞い散る花びらと、春風の中でランデブー。,597,舞い散る花びらと、春風の中でランデブー。,舞い散る花びらと、春風の中でランデブー。,
1064,race,305:7_53:DM-07 53:春風妖精ポップル,スノーフェアリー,598,スノーフェアリー,スノーフェアリー,Snow Faerie
1065,name,306:7_54:DM-07 54:ランチャー・スパイダー,ランチャー・スパイダー,599,ランチャー・スパイダー,Launcher Spider,Launch Locust
1066,rules,306:7_54:DM-07 54:ランチャー・スパイダー,■攻撃中、このクリーチャーのパワーは、バトルゾーンにある自分の他のクリーチャー１体につき、+1000される。,600,＊攻撃中、このクリーチャーのパワーは、バトルゾーンにある自分の他のクリーチャー1体につき、+1000される。,＊攻撃中、このクリーチャーのパワーは、バトルゾーンにある自分の他のクリーチャー1体につき、+1000される。,"■ While attacking, this creature gets +1000 power for each other creature you have in the battle zone."
1067,flavor,306:7_54:DM-07 54:ランチャー・スパイダー,こいつが居れば、空の守りは万全だ！  - 銀の戦斧,601,こいつが居れば、空の守りは万全だ！  - 銀の戦斧,こいつが居れば、空の守りは万全だ！  - 銀の戦斧,
1068,race,306:7_54:DM-07 54:ランチャー・スパイダー,ジャイアント・インセクト,602,ジャイアント・インセクト,ジャイアント・インセクト,Giant Insect
1069,name,307:7_55:DM-07 55:氷結ハンマー,氷結ハンマー,603,氷結ハンマー,Freezing Hammer,Freezing Icehammer
1070,rules,307:7_55:DM-07 55:氷結ハンマー,■バトルゾーンにある相手の闇または水のクリーチャーを１体選ぶ。相手はそれを持ち主のマナゾーンに置く。,604,＊バトルゾーンにある相手の闇または水のクリーチャーを１体選ぶ。相手はそれを持ち主のマナゾーンに置く。,＊バトルゾーンにある相手の闇または水のクリーチャーを１体選ぶ。相手はそれを持ち主のマナゾーンに置く。,■ Choose one of your opponent's water or darkness creatures in the battle zone. Your opponent puts that creature into his mana zone.
1071,flavor,307:7_55:DM-07 55:氷結ハンマー,悪い奴等はガチンガチン！,605,悪い奴等はガチンガチン！,悪い奴等はガチンガチン！,
1072,name,308:7_S1:DM-07 S1:栄光の精霊アイリス,栄光の精霊アイリス,606,栄光の精霊アイリス,"Iris, Elemental of Glory","Siri, Glory Elemental"
1073,rules,308:7_S1:DM-07 S1:栄光の精霊アイリス,"■Ｗ・ブレイカー
■自分のシールドが１枚もなければ、このクリーチャーは「ブロッカー」を得る。
■自分のターンが終わるとき、自分のシールドが１枚もなければ、 バトルゾーンにあるこのクリーチャーをアンタップしてもよい。",607,"＊W・ブレイカー
＊自分のシールドが1枚もなければ、このクリーチャーは「ブロッカー」を得る。
＊自分のターンが終わるとき、自分のシールドが1枚もなければ、 バトルゾーンにあるこのクリーチャーをアンタップしてもよい。","＊W・ブレイカー
＊自分のシールドが1枚もなければ、このクリーチャーは「ブロッカー」を得る。
＊自分のターンが終わるとき、自分のシールドが1枚もなければ、 バトルゾーンにあるこのクリーチャーをアンタップしてもよい。","■ Double breaker (This creature breaks 2 shields.)
■ While you have no shields, this creature has ""blocker"" and ""At the end of each of your turns, you may untap this creature."""
1074,race,308:7_S1:DM-07 S1:栄光の精霊アイリス,エンジェル・コマンド,608,エンジェル・コマンド,エンジェル・コマンド,Angel Command
1075,name,309:7_S2:DM-07 S2:アストラル・メデューサ,アストラル・メデューサ,609,アストラル・メデューサ,Astral Medusa,Cosmic Nebula
1076,rules,309:7_S2:DM-07 S2:アストラル・メデューサ,"■進化－自分のサイバー・ウイルス１体の上に置く。
■このクリーチャーがバトルゾーンにある間、自分のターンのはじめにカードを１枚引くとき、もう１枚余分に引いてもよい。",610,"＊進化-自分のサイバー・ウイルス１体の上に置く。
＊このクリーチャーがバトルゾーンにある間、自分のターンのはじめにカードを１枚引くとき、もう１枚余分に引いてもよい。","＊進化-自分のサイバー・ウイルス１体の上に置く。
＊このクリーチャーがバトルゾーンにある間、自分のターンのはじめにカードを１枚引くとき、もう１枚余分に引いてもよい。","■ Evolution-Put on one of your Cyber Viruses.
■ Whenever you draw the card at the start of your turn, you may draw an extra card."
1077,flavor,309:7_S2:DM-07 S2:アストラル・メデューサ,海面に瞳まばたく時、宇宙は巨大な海原となり嵐が世界を支配する。,611,海面に瞳まばたく時、宇宙は巨大な海原となり嵐が世界を支配する。,海面に瞳まばたく時、宇宙は巨大な海原となり嵐が世界を支配する。,
1078,race,309:7_S2:DM-07 S2:アストラル・メデューサ,サイバー・ウイルス,612,サイバー・ウイルス,サイバー・ウイルス,Cyber Virus
1079,name,310:7_S3:DM-07 S3:残虐覇王デスカール,残虐覇王デスカール,613,残虐覇王デスカール,"Deathcarl, The Merciless King","Crath Lade, Merciless King"
1080,rules,310:7_S3:DM-07 S3:残虐覇王デスカール,"■このクリーチャーで攻撃するかわりに、タップして次の[Ｔ]能力を使ってもよい。
[Ｔ]－相手の手札から２枚見ないで選び、相手はそれを持ち主の墓地に置く。１枚しかない場合は、相手はその１枚を持ち主の墓地に置く。",614,"＊このクリーチャーで攻撃するかわりに、タップして次の t 能力を使ってもよい。
 t 相手の手札から2枚見ないで選び、相手はそれを持ち主の墓地に置く。1枚しかない場合は、相手はその1枚を持ち主の墓地に置く。","＊このクリーチャーで攻撃するかわりに、タップして次の t 能力を使ってもよい。
 t 相手の手札から2枚見ないで選び、相手はそれを持ち主の墓地に置く。1枚しかない場合は、相手はその1枚を持ち主の墓地に置く。","■ Instead of having this creature attack, you may tap it to use its tap ability.
 Your opponent discards 2 cards at random from his hand."
1081,flavor,310:7_S3:DM-07 S3:残虐覇王デスカール,ドラゴンとも拳で語り合える。,615,ドラゴンとも拳で語り合える。,ドラゴンとも拳で語り合える。,
1082,race,310:7_S3:DM-07 S3:残虐覇王デスカール,ダークロード,616,ダークロード,ダークロード,Dark Lord
1083,name,311:7_S4:DM-07 S4:激震闘士スカイ・クラッシャー,激震闘士スカイ・クラッシャー,617,激震闘士スカイ・クラッシャー,"Sky Crusher, the Agitator","Sky Crusher, the Agitator"
1084,rules,311:7_S4:DM-07 S4:激震闘士スカイ・クラッシャー,"■このクリーチャーで攻撃するかわりに、タップして次の[Ｔ]能力を使ってもよい。
[Ｔ]－各プレイヤーは、自分自身のマナゾーンからカードを１枚選び、それぞれの墓地に置く。",618,"＊このクリーチャーで攻撃するかわりに、タップして次の t 能力を使ってもよい。
 t 各プレイヤーは、自分自身のマナゾーンからカードを1枚選び、それぞれの墓地に置く。","＊このクリーチャーで攻撃するかわりに、タップして次の t 能力を使ってもよい。
 t 各プレイヤーは、自分自身のマナゾーンからカードを1枚選び、それぞれの墓地に置く。","■ Instead of having this creature attack, you may tap it to use its tap ability.
 Each player puts a card from his mana zone into his graveyard."
1085,flavor,311:7_S4:DM-07 S4:激震闘士スカイ・クラッシャー,吹きすさぶ風に乗り、光の国へ侵攻せよ！,619,吹きすさぶ風に乗り、光の国へ侵攻せよ！,吹きすさぶ風に乗り、光の国へ侵攻せよ！,
1086,race,311:7_S4:DM-07 S4:激震闘士スカイ・クラッシャー,ドラゴノイド,620,ドラゴノイド,ドラゴノイド,Dragonoid
1087,name,312:7_S5:DM-07 S5:金剛の超人,金剛の超人,621,金剛の超人,Brave Giant,Headlong Giant
1088,rules,312:7_S5:DM-07 S5:金剛の超人,"■Ｔ・ブレイカー（シールドを攻撃したとき、このクリーチャーはシールドを３枚ブレイクする）
■このクリーチャーは、パワー4000以下のクリーチャーにブロックされない。
■自分の手札を１枚自分の墓地に置かなければ、このクリーチャーは攻撃することができない。",622,"＊Ｔ・ブレイカー（シールドを攻撃したとき、このクリーチャーはシールドを3枚ブレイクする）
＊このクリーチャーは、パワー4000以下のクリーチャーにブロックされない。
＊自分の手札を１枚自分の墓地に置かなければ、このクリーチャーは攻撃することができない。","＊Ｔ・ブレイカー（シールドを攻撃したとき、このクリーチャーはシールドを3枚ブレイクする）
＊このクリーチャーは、パワー4000以下のクリーチャーにブロックされない。
＊自分の手札を１枚自分の墓地に置かなければ、このクリーチャーは攻撃することができない。","■ This creature can't attack if you have no cards in your hand.
■ Whenever this creature attacks, discard a card from your hand.
■ This creature can't be blocked by any creature that has power 4000 or less.
■ Triple breaker (This creature breaks 3 shields.)"
1089,race,312:7_S5:DM-07 S5:金剛の超人,ジャイアント,623,ジャイアント,ジャイアント,Giant
1090,name,313:8_1:DM-08 1:開眼者クーカイ,開眼者クーカイ,624,開眼者クーカイ,"Kuukai, the Enlightener","Kuukai, Finder of Karma"
1091,rules,313:8_1:DM-08 1:開眼者クーカイ,"■ブロッカー
■進化－自分のメカサンダー１体の上に置く。
■このクリーチャーは、相手プレイヤーを攻撃できない。
■このクリーチャーがブロックしたとき、バトルの後でアンタップする。",625,"{B}ブロッカー
＊進化-自分のメカサンダー１体の上に置く。
＊このクリーチャーは、相手プレイヤーを攻撃できない。
＊このクリーチャーがブロックしたとき、バトルの後でアンタップする。","{B}ブロッカー
＊進化-自分のメカサンダー１体の上に置く。
＊このクリーチャーは、相手プレイヤーを攻撃できない。
＊このクリーチャーがブロックしたとき、バトルの後でアンタップする。","■ Blocker (Whenever an opponent's creature attacks, you may tap this creature to stop the attack. Then the 2 creatures battle.)
■ Evolution-Put on one of your Mecha Thunders.
■ Whenever this creature blocks, untap it after it battles.
■ This creature can't attack players."
1092,flavor,313:8_1:DM-08 1:開眼者クーカイ,乱雲は凶兆だ。何故なら、それは戦の始まりだから。,626,乱雲は凶兆だ。何故なら、それは戦の始まりだから。,乱雲は凶兆だ。何故なら、それは戦の始まりだから。,"Turbulent clouds are an ill omen, for they mark the beginning of war."
1093,race,313:8_1:DM-08 1:開眼者クーカイ,メカサンダー,627,メカサンダー,メカサンダー,Mecha Thunder
1094,name,314:8_2:DM-08 2:アクア・レンジャー,アクア・レンジャー,628,アクア・レンジャー,Aqua Ranger,Aqua Ranger
1095,rules,314:8_2:DM-08 2:アクア・レンジャー,"■このクリーチャーはブロックされない。
■このクリーチャーがバトルゾーンから自分の墓地に置かれるとき、墓地に置くかわりに自分の手札に戻す。",629,"＊このクリーチャーはブロックされない。
＊このクリーチャーがバトルゾーンから自分の墓地に置かれるとき、墓地に置くかわりに自分の手札に戻す。","＊このクリーチャーはブロックされない。
＊このクリーチャーがバトルゾーンから自分の墓地に置かれるとき、墓地に置くかわりに自分の手札に戻す。","■ This creature can't be blocked.
■ When this creature would be destroyed, put it into your hand instead."
1096,flavor,314:8_2:DM-08 2:アクア・レンジャー,「コードＡＧはまだか！　早くしないと完成する！」- アクア・レンジャー,630,「コードＡＧはまだか！　早くしないと完成する！」- アクア・レンジャー,「コードＡＧはまだか！　早くしないと完成する！」- アクア・レンジャー,
1097,race,314:8_2:DM-08 2:アクア・レンジャー,リキッド・ピープル,631,リキッド・ピープル,リキッド・ピープル,Liquid People
1098,name,315:8_3:DM-08 3:暗黒皇女メガリア,暗黒皇女メガリア,632,暗黒皇女メガリア,"Megaria, Empress of Darkness","Megaria, Empress of Dread"
1099,rules,315:8_3:DM-08 3:暗黒皇女メガリア,■このクリーチャーがバトルゾーンにある間、バトルゾーンにあるクリーチャーはすべて「スレイヤー」を得る。（「スレイヤー」を持つクリーチャーとバトルした相手クリーチャーは、勝っても持ち主の墓地に置かれる）,633,＊このクリーチャーがバトルゾーンにある間、バトルゾーンにあるクリーチャーはすべて「スレイヤー」を得る。（「スレイヤー」を持つクリーチャーとバトルした相手クリーチャーは、勝っても持ち主の墓地に置かれる）,＊このクリーチャーがバトルゾーンにある間、バトルゾーンにあるクリーチャーはすべて「スレイヤー」を得る。（「スレイヤー」を持つクリーチャーとバトルした相手クリーチャーは、勝っても持ち主の墓地に置かれる）,"■ Each creature in the battle zone has ""slayer."" (Whenever a creature that has ""slayer"" battles, destroy the other creature after the battle.)"
1100,flavor,315:8_3:DM-08 3:暗黒皇女メガリア,不気味に沈黙する軍勢の前で、幾千もの魂を封じた邪杯を手に掲げる。,634,不気味に沈黙する軍勢の前で、幾千もの魂を封じた邪杯を手に掲げる。,不気味に沈黙する軍勢の前で、幾千もの魂を封じた邪杯を手に掲げる。,
1101,race,315:8_3:DM-08 3:暗黒皇女メガリア,ダークロード,635,ダークロード,ダークロード,Dark Lord
1102,name,316:8_4:DM-08 4:紅神龍ジャガルザー,紅神龍ジャガルザー,636,紅神龍ジャガルザー,Red Celestial Dragon Jagalzor,Magmadragon Jagalzor
1103,rules,316:8_4:DM-08 4:紅神龍ジャガルザー,"■Ｗ・ブレイカー
■ターボラッシュ（自分の他のクリーチャーがシールドをブレイクしたあと、そのターンが終わるまで、このクリーチャーは次の[TR]能力を得る）
[TR]－このクリーチャーがバトルゾーンにある間、バトルゾーンにある自分のクリーチャーはすべて「スピードアタッカー」を得る。(「スピードアタッカー」を持つクリーチャーは召喚酔いしない）",637,"＊W・ブレイカー
＊ターボラッシュ（自分の他のクリーチャーがシールドをブレイクしたあと、そのターンが終わるまで、このクリーチャーは次のr 能力を得る）
r このクリーチャーがバトルゾーンにある間、バトルゾーンにある自分のクリーチャーはすべて「スピードアタッカー」を得る。(「スピードアタッカー」を持つクリーチャーは召喚酔いしない）","＊W・ブレイカー
＊ターボラッシュ（自分の他のクリーチャーがシールドをブレイクしたあと、そのターンが終わるまで、このクリーチャーは次のr 能力を得る）
r このクリーチャーがバトルゾーンにある間、バトルゾーンにある自分のクリーチャーはすべて「スピードアタッカー」を得る。(「スピードアタッカー」を持つクリーチャーは召喚酔いしない）","■ Double breaker (This creature breaks 2 shields.)
■ Turbo rush (If any of your other creatures broke any shields this turn, this creature gets its turbo rush ability until the end of the turn.)
  Each of your creatures in the battle zone has ""speed attacker."" (A creature that has ""speed attacker"" doesn't get summoning sickness.)"
1104,race,316:8_4:DM-08 4:紅神龍ジャガルザー,ボルケーノ・ドラゴン,638,ボルケーノ・ドラゴン,ボルケーノ・ドラゴン,Volcano Dragon
1105,name,317:8_5:DM-08 5:幻想妖精カチュア,幻想妖精カチュア,639,幻想妖精カチュア,"Kachua, Dweomer Faerie","Kachua, Keeper of the Icegate"
1106,rules,317:8_5:DM-08 5:幻想妖精カチュア,"■このクリーチャーで攻撃するかわりに、タップして次の[Ｔ]能力を使ってもよい。
[Ｔ]－自分の山札を見る。その中からドラゴンを１体選び、バトルゾーンに出してもよい。その後、山札をシャッフルする。そのドラゴンは「スピードアタッカー」を得る。このターンが終わるとき、そのドラゴンを自分の墓地に置く。",640,"＊このクリーチャーで攻撃するかわりに、タップして次の t 能力を使ってもよい。
 t 自分の山札を見る。その中からドラゴンを1体選び、バトルゾーンに出してもよい。その後、山札をシャッフルする。そのドラゴンは「スピードアタッカー」を得る。このターンが終わるとき、そのドラゴンを自分の墓地に置く。","＊このクリーチャーで攻撃するかわりに、タップして次の t 能力を使ってもよい。
 t 自分の山札を見る。その中からドラゴンを1体選び、バトルゾーンに出してもよい。その後、山札をシャッフルする。そのドラゴンは「スピードアタッカー」を得る。このターンが終わるとき、そのドラゴンを自分の墓地に置く。","■ Instead of having this creature attack, you may tap it to use its tap ability.
 Search your deck. You may take a creature that has Dragon in its race from your deck and put it into the battle zone. Then shuffle your deck. That creature has ""speed attacker."" At the end of the turn, destroy it."
1107,race,317:8_5:DM-08 5:幻想妖精カチュア,スノーフェアリー,641,スノーフェアリー,スノーフェアリー,Snow Faerie
1108,name,318:8_6:DM-08 6:光器サーシャ,光器サーシャ,642,光器サーシャ,"Sasha, the Channeler of Light","Sasha, Channeler of Suns"
1109,rules,318:8_6:DM-08 6:光器サーシャ,"■ドラゴン・ブロッカー（相手のドラゴンが攻撃するとき、このクリーチャーをタップして、その攻撃を阻止してよい。その後、そのドラゴンとバトルする）
■ドラゴンとバトルするとき、このクリーチャーのパワーは+6000される。
■Ｗ・ブレイカー",643,"{B} ドラゴン・ブロッカー（相手のドラゴンが攻撃するとき、このクリーチャーをタップして、その攻撃を阻止してよい。その後、そのドラゴンとバトルする）
＊ドラゴンとバトルするとき、このクリーチャーのパワーは+6000される。
＊W・ブレイカー","{B} ドラゴン・ブロッカー（相手のドラゴンが攻撃するとき、このクリーチャーをタップして、その攻撃を阻止してよい。その後、そのドラゴンとバトルする）
＊ドラゴンとバトルするとき、このクリーチャーのパワーは+6000される。
＊W・ブレイカー","■ Dragon blocker (Whenever an opponent's creature that has Dragon in its race attacks, you may tap this creature to stop the attack. Then the 2 creatures battle.)
■ While battling a creature that has Dragon in its race, this creature gets +6000 power.
■ Double breaker (This creature breaks 2 shields.)"
1110,race,318:8_6:DM-08 6:光器サーシャ,メカ・デル・ソル,644,メカ・デル・ソル,メカ・デル・ソル,Mecha Del Sol
1111,name,319:8_7:DM-08 7:疾風の守護者スール・ミース,疾風の守護者スール・ミース,645,疾風の守護者スール・ミース,"Thru Miss, Guardian of the Zephyr","Thrumiss, Zephyr Guardian"
1112,rules,319:8_7:DM-08 7:疾風の守護者スール・ミース,■このクリーチャーがバトルゾーンにある間、自分のクリーチャーが攻撃するとき、バトルゾーンにある相手のクリーチャーを１体選び、タップしてもよい。（ただし、まず何を攻撃するか選んでから、タップしたいクリーチャーを選ぶ）,646,＊このクリーチャーがバトルゾーンにある間、自分のクリーチャーが攻撃するとき、バトルゾーンにある相手のクリーチャーを1体選び、タップしてもよい。（ただし、まず何を攻撃するか選んでから、タップしたいクリーチャーを選ぶ）,＊このクリーチャーがバトルゾーンにある間、自分のクリーチャーが攻撃するとき、バトルゾーンにある相手のクリーチャーを1体選び、タップしてもよい。（ただし、まず何を攻撃するか選んでから、タップしたいクリーチャーを選ぶ）,"■ Whenever any of your creatures attacks, you may choose one of your opponent's creatures in the battle zone and tap it. (First choose what your creature is attacking. Then choose a creature to tap.)"
1113,flavor,319:8_7:DM-08 7:疾風の守護者スール・ミース,光と風は混じり合い、その力を際限無く増していく。,647,光と風は混じり合い、その力を際限無く増していく。,光と風は混じり合い、その力を際限無く増していく。,
1114,race,319:8_7:DM-08 7:疾風の守護者スール・ミース,ガーディアン,648,ガーディアン,ガーディアン,Guardian
1115,name,320:8_8:DM-08 8:予言者マリエル,予言者マリエル,649,予言者マリエル,"Mariel, the Prophet","Nariel, the Oracle"
1116,rules,320:8_8:DM-08 8:予言者マリエル,■このクリーチャーがバトルゾーンにある間、パワー3000以上のクリーチャーは攻撃できない。（パワー3000未満のクリーチャーが、攻撃中にパワーが追加された場合、攻撃することができる）,650,＊このクリーチャーがバトルゾーンにある間、パワー3000以上のクリーチャーは攻撃できない。（パワー3000未満のクリーチャーが、攻撃中にパワーが追加された場合、攻撃することができる）,＊このクリーチャーがバトルゾーンにある間、パワー3000以上のクリーチャーは攻撃できない。（パワー3000未満のクリーチャーが、攻撃中にパワーが追加された場合、攻撃することができる）,■ Creatures that have power 3000 or more can't attack. (Creatures that have power less than 3000 and get extra power while attacking can still attack.)
1117,flavor,320:8_8:DM-08 8:予言者マリエル,予言通りの復活。事態はまだ彼らの手の内にあった。,651,予言通りの復活。事態はまだ彼らの手の内にあった。,予言通りの復活。事態はまだ彼らの手の内にあった。,
1118,race,320:8_8:DM-08 8:予言者マリエル,ライトブリンガー,652,ライトブリンガー,ライトブリンガー,Light Bringer
1119,name,321:8_9:DM-08 9:アクア・グラップラー,アクア・グラップラー,653,アクア・グラップラー,Aqua Grappler,Aqua Grappler
1120,rules,321:8_9:DM-08 9:アクア・グラップラー,■このクリーチャーが攻撃するとき、バトルゾーンにある自分の他のタップされたクリーチャー１体につき１枚、カードを引いてもよい。,654,＊このクリーチャーが攻撃するとき、バトルゾーンにある自分の他のタップされたクリーチャー1体につき1枚、カードを引いてもよい。,＊このクリーチャーが攻撃するとき、バトルゾーンにある自分の他のタップされたクリーチャー1体につき1枚、カードを引いてもよい。,"■ Whenever this creature attacks, you may draw a card for each other tapped creature you have in the battle zone."
1121,flavor,321:8_9:DM-08 9:アクア・グラップラー,「もう少しだ！　このＡＧが行くまで死んではダメだ！」- アクア・グラップラー,655,「もう少しだ！　このＡＧが行くまで死んではダメだ！」- アクア・グラップラー,「もう少しだ！　このＡＧが行くまで死んではダメだ！」- アクア・グラップラー,
1122,race,321:8_9:DM-08 9:アクア・グラップラー,リキッド・ピープル,656,リキッド・ピープル,リキッド・ピープル,Liquid People
1123,name,322:8_10:DM-08 10:ビコラキス,ビコラキス,657,ビコラキス,Vikorakys,Vikorakys
1124,rules,322:8_10:DM-08 10:ビコラキス,"■ターボラッシュ（自分の他のクリーチャーがシールドをブレイクしたあと、そのターンが終わるまで、このクリーチャーは次の[TR]能力を得る）
[TR]－このクリーチャーが攻撃するとき、自分の山札を見る。その中から１枚選び、自分の手札に加えてもよい。その後、山札をシャッフルする。",658,"＊ターボラッシュ（自分の他のクリーチャーがシールドをブレイクしたあと、そのターンが終わるまで、このクリーチャーは次のr 能力を得る）
r このクリーチャーが攻撃するとき、自分の山札を見る。その中から1枚選び、自分の手札に加えてもよい。その後、山札をシャッフルする。","＊ターボラッシュ（自分の他のクリーチャーがシールドをブレイクしたあと、そのターンが終わるまで、このクリーチャーは次のr 能力を得る）
r このクリーチャーが攻撃するとき、自分の山札を見る。その中から1枚選び、自分の手札に加えてもよい。その後、山札をシャッフルする。","■ Turbo rush (If any of your other creatures broke any shields this turn, this creature gets its turbo rush ability until the end of the turn.)
  When this creature attacks, search your deck. You may take a card from your deck and put it into your hand. Then shuffle your deck."
1125,race,322:8_10:DM-08 10:ビコラキス,シー・ハッカー,659,シー・ハッカー,シー・ハッカー,Sea Hacker
1126,name,323:8_11:DM-08 11:マリン・スクランブル,マリン・スクランブル,660,マリン・スクランブル,Marine Scramble,Marine Scramble
1127,rules,323:8_11:DM-08 11:マリン・スクランブル,■このターン、自分のクリーチャーはブロックされない。,661,＊このターン、自分のクリーチャーはブロックされない。,＊このターン、自分のクリーチャーはブロックされない。,■ Your creatures in the battle zone can't be blocked this turn.
1128,flavor,323:8_11:DM-08 11:マリン・スクランブル,解析完了。総攻撃を開始せよ！,662,解析完了。総攻撃を開始せよ！,解析完了。総攻撃を開始せよ！,
1129,name,324:8_12:DM-08 12:黒神龍ガルバジーク,黒神龍ガルバジーク,663,黒神龍ガルバジーク,Black Celestial Dragon Galbazeek,Necrodragon Galbazeek
1130,rules,324:8_12:DM-08 12:黒神龍ガルバジーク,"■このクリーチャーが攻撃するとき、自分のシールドが１枚でもあれば、裏向きのまま１枚選び、自分の墓地に置く。ただし、その「Ｓ・トリガー」は使えない。
■Ｗ・ブレイカー",664,"＊このクリーチャーが攻撃するとき、自分のシールドが1枚でもあれば、裏向きのまま1枚選び、自分の墓地に置く。ただし、その「Ｓ・トリガー」は使えない。　　　
＊W・ブレイカー","＊このクリーチャーが攻撃するとき、自分のシールドが1枚でもあれば、裏向きのまま1枚選び、自分の墓地に置く。ただし、その「Ｓ・トリガー」は使えない。　　　
＊W・ブレイカー","■ Whenever this creature attacks, choose one of your shields and put it into your graveyard.
■ Double breaker (This creature breaks 2 shields.)"
1131,flavor,324:8_12:DM-08 12:黒神龍ガルバジーク,世界の破滅と腐敗が約束された。,665,世界の破滅と腐敗が約束された。,世界の破滅と腐敗が約束された。,
1132,race,324:8_12:DM-08 12:黒神龍ガルバジーク,ドラゴン・ゾンビ,666,ドラゴン・ゾンビ,ドラゴン・ゾンビ,Zombie Dragon
1133,name,325:8_13:DM-08 13:恐怖の影スクリーム・アサシン,恐怖の影スクリーム・アサシン,667,恐怖の影スクリーム・アサシン,"Scream Assassin, Shadow of Fear","Scream Slicer, Shadow of Fear"
1134,rules,325:8_13:DM-08 13:恐怖の影スクリーム・アサシン,■このクリーチャーがバトルゾーンにある間、自分のドラゴンまたはドラゴノイドがバトルゾーンに出たとき、バトルゾーンにあるパワーの一番小さいクリーチャーを１体選び、持ち主の墓地に置く。,668,＊このクリーチャーがバトルゾーンにある間、自分のドラゴンまたはドラゴノイドがバトルゾーンに出たとき、バトルゾーンにあるパワーの一番小さいクリーチャーを1体選び、持ち主の墓地に置く。,＊このクリーチャーがバトルゾーンにある間、自分のドラゴンまたはドラゴノイドがバトルゾーンに出たとき、バトルゾーンにあるパワーの一番小さいクリーチャーを1体選び、持ち主の墓地に置く。,"■ Whenever you put a Dragonoid or a creature that has Dragon in its race into the battle zone, destroy the creature that has the least power in the battle zone. If there's a tie, you choose from among the tied creatures."
1135,flavor,325:8_13:DM-08 13:恐怖の影スクリーム・アサシン,満月の夜、恐怖の扉が開かれる。,669,満月の夜、恐怖の扉が開かれる。,満月の夜、恐怖の扉が開かれる。,
1136,race,325:8_13:DM-08 13:恐怖の影スクリーム・アサシン,ゴースト,670,ゴースト,ゴースト,Ghost
1137,name,326:8_14:DM-08 14:スケルトン・バイス,スケルトン・バイス,671,スケルトン・バイス,Skeleton Vise,Skeleton Vice
1138,rules,326:8_14:DM-08 14:スケルトン・バイス,■相手の手札から２枚見ないで選び、相手はそれを持ち主の墓地に置く。１枚しかない場合は、相手はその１枚を持ち主の墓地に置く。,672,＊相手の手札から2枚見ないで選び、相手はそれを持ち主の墓地に置く。1枚しかない場合は、相手はその1枚を持ち主の墓地に置く。,＊相手の手札から2枚見ないで選び、相手はそれを持ち主の墓地に置く。1枚しかない場合は、相手はその1枚を持ち主の墓地に置く。,■ Your opponent discards 2 cards at random from their hand.
1139,flavor,326:8_14:DM-08 14:スケルトン・バイス,血も肉も魂も、死者の飢餓を癒せやしない。,673,血も肉も魂も、死者の飢餓を癒せやしない。,血も肉も魂も、死者の飢餓を癒せやしない。,"Neither blood, nor flesh, nor soul can quell the hunger of the dead."
1140,name,327:8_15:DM-08 15:爆竜兵ドラグストライク,爆竜兵ドラグストライク,674,爆竜兵ドラグストライク,Volatile Dragon warrior Drag Strike,"Kyrstron, Lair Delver"
1141,rules,327:8_15:DM-08 15:爆竜兵ドラグストライク,■このクリーチャーがバトルゾーンから自分の墓地に置かれたとき、自分の手札からドラゴンを１体選び、バトルゾーンに置いてもよい。,675,＊このクリーチャーがバトルゾーンから自分の墓地に置かれたとき、自分の手札からドラゴンを1体選び、バトルゾーンに置いてもよい。,＊このクリーチャーがバトルゾーンから自分の墓地に置かれたとき、自分の手札からドラゴンを1体選び、バトルゾーンに置いてもよい。,"■ When this creature is destroyed, you may put a creature that has Dragon in its race from your hand into the battle zone."
1142,flavor,327:8_15:DM-08 15:爆竜兵ドラグストライク,我が友イノセントハンターよ、お前が万物の礎となるなら、我はドラゴンの捨て石となろう。 - 爆竜兵ドラグストライク,676,我が友イノセントハンターよ、お前が万物の礎となるなら、我はドラゴンの捨て石となろう。 - 爆竜兵ドラグストライク,我が友イノセントハンターよ、お前が万物の礎となるなら、我はドラゴンの捨て石となろう。 - 爆竜兵ドラグストライク,
1143,race,327:8_15:DM-08 15:爆竜兵ドラグストライク,ドラゴノイド,677,ドラゴノイド,ドラゴノイド,Dragonoid
1144,name,328:8_16:DM-08 16:重装兵ガルバック,重装兵ガルバック,678,重装兵ガルバック,Heavy Armored Soldier Galback,Slaphappy Soldier Galback
1145,rules,328:8_16:DM-08 16:重装兵ガルバック,"■ターボラッシュ（自分の他のクリーチャーがシールドをブレイクした後、そのターンが終わるまで、このクリーチャーは次の[TR]能力を得る）
[TR]－このクリーチャーが攻撃するとき、バトルゾーンにあるパワー4000以下の相手のクリーチャーを１体選び、持ち主の墓地に置いてもよい。",679,"＊ターボラッシュ（自分の他のクリーチャーがシールドをブレイクした後、そのターンが終わるまで、このクリーチャーは次のr 能力を得る）
r このクリーチャーが攻撃するとき、バトルゾーンにあるパワー4000以下の相手のクリーチャーを1体選び、持ち主の墓地に置いてもよい。","＊ターボラッシュ（自分の他のクリーチャーがシールドをブレイクした後、そのターンが終わるまで、このクリーチャーは次のr 能力を得る）
r このクリーチャーが攻撃するとき、バトルゾーンにあるパワー4000以下の相手のクリーチャーを1体選び、持ち主の墓地に置いてもよい。","■ Turbo rush (If any of your other creatures broke any shields this turn, this creature gets its turbo rush ability until the end of the turn.)
  Whenever this creature attacks, you may destroy one of your opponent's creatures that has power 4000 or less."
1146,race,328:8_16:DM-08 16:重装兵ガルバック,ドラゴノイド,680,ドラゴノイド,ドラゴノイド,Dragonoid
1147,name,329:8_17:DM-08 17:レジェンド・アタッカー,レジェンド・アタッカー,681,レジェンド・アタッカー,Legend Attacker,Furious Onslaught
1148,rules,329:8_17:DM-08 17:レジェンド・アタッカー,■このターンが終わるまで、バトルゾーンにある自分のドラゴノイドはすべてドラゴンになり、パワーが+4000され、「Ｗ・ブレイカー」を得る。,682,＊このターンが終わるまで、バトルゾーンにある自分のドラゴノイドはすべてドラゴンになり、パワーが+4000され、「W・ブレイカー」を得る。,＊このターンが終わるまで、バトルゾーンにある自分のドラゴノイドはすべてドラゴンになり、パワーが+4000され、「W・ブレイカー」を得る。,"■ Until the end of the turn, each of your Dragonoids in the battle zone is an Armored Dragon in addition to its other races, gets +4000 power, and has ""Double breaker (This creature breaks 2 shields)."""
1149,flavor,329:8_17:DM-08 17:レジェンド・アタッカー,ダダダ！　ダダダ！　ダダダダダ！,683,ダダダ！　ダダダ！　ダダダダダ！,ダダダ！　ダダダ！　ダダダダダ！,
1150,name,330:8_18:DM-08 18:緑神龍ガミラタール,緑神龍ガミラタール,684,緑神龍ガミラタール,Green Celestial Dragon Gamiratar,Terradragon Gamiratar
1151,rules,330:8_18:DM-08 18:緑神龍ガミラタール,"■このクリーチャーがバトルゾーンに出たとき、相手は自分自身の手札からクリーチャーを１体選び、バトルゾーンに置いてもよい。
■Ｗ・ブレイカー（シールドを攻撃したとき、このクリーチャーはシールドを２枚ブレイクする）",685,"＊このクリーチャーがバトルゾーンに出たとき、相手は自分自身の手札からクリーチャーを1体選び、バトルゾーンに置いてもよい。
＊W・ブレイカー（シールドを攻撃したとき、このクリーチャーはシールドを2枚ブレイクする）","＊このクリーチャーがバトルゾーンに出たとき、相手は自分自身の手札からクリーチャーを1体選び、バトルゾーンに置いてもよい。
＊W・ブレイカー（シールドを攻撃したとき、このクリーチャーはシールドを2枚ブレイクする）","■ When you put this creature into the battle zone, your opponent may choose a creature in his hand and put it into the battle zone.
■ Double breaker (This creature breaks 2 shields.)"
1152,flavor,330:8_18:DM-08 18:緑神龍ガミラタール,再誕に出会えた幸運の報酬は、踏み潰される初めてのドラゴンになることだった。,686,再誕に出会えた幸運の報酬は、踏み潰される初めてのドラゴンになることだった。,再誕に出会えた幸運の報酬は、踏み潰される初めてのドラゴンになることだった。,
1153,race,330:8_18:DM-08 18:緑神龍ガミラタール,アース・ドラゴン,687,アース・ドラゴン,アース・ドラゴン,Earth Dragon
1154,name,331:8_19:DM-08 19:カーボナイト・ビートル,カーボナイト・ビートル,688,カーボナイト・ビートル,Carbonite Beetle,Carbonite Scarab
1155,rules,331:8_19:DM-08 19:カーボナイト・ビートル,"■ターボラッシュ（自分の他のクリーチャーがシールドをブレイクしたあと、そのターンが終わるまで、このクリーチャーは次の[TR]能力を得る）
[TR]－このクリーチャーが相手プレイヤーを攻撃してブロックされたとき、相手のシールドが１枚でもあれば、そのうちの１枚をブレイクする。",689,"＊ターボラッシュ（自分の他のクリーチャーがシールドをブレイクしたあと、そのターンが終わるまで、このクリーチャーは次のr 能力を得る）
r このクリーチャーが相手プレイヤーを攻撃してブロックされたとき、相手のシールドが1枚でもあれば、そのうちの１枚をブレイクする。","＊ターボラッシュ（自分の他のクリーチャーがシールドをブレイクしたあと、そのターンが終わるまで、このクリーチャーは次のr 能力を得る）
r このクリーチャーが相手プレイヤーを攻撃してブロックされたとき、相手のシールドが1枚でもあれば、そのうちの１枚をブレイクする。","■ Turbo rush (If any of your other creatures broke any shields this turn, this creature gets its turbo rush ability until the end of the turn.)
  Whenever this creature is attacking your opponent and becomes blocked, it breaks one of your opponent's shields."
1156,race,331:8_19:DM-08 19:カーボナイト・ビートル,ジャイアント・インセクト,690,ジャイアント・インセクト,ジャイアント・インセクト,Giant Insect
1157,name,332:8_20:DM-08 20:ライフ・チャージャー,ライフ・チャージャー,691,ライフ・チャージャー,Life Charger,Root Charger
1158,rules,332:8_20:DM-08 20:ライフ・チャージャー,"■このターン、自分のクリーチャーがバトルゾーンから自分の墓地に置かれるとき、墓地に置くかわりに自分のマナゾーンに置く。
■チャージャー（この呪文を唱えた後、墓地に置くかわりに自分のマナゾーンに置く）",692,"＊このターン、自分のクリーチャーがバトルゾーンから自分の墓地に置かれるとき、墓地に置くかわりに自分のマナゾーンに置く。
＊チャージャー（この呪文を唱えた後、墓地に置くかわりに自分のマナゾーンに置く）","＊このターン、自分のクリーチャーがバトルゾーンから自分の墓地に置かれるとき、墓地に置くかわりに自分のマナゾーンに置く。
＊チャージャー（この呪文を唱えた後、墓地に置くかわりに自分のマナゾーンに置く）","■ Whenever any of your creatures would be destroyed this turn, put it into your mana zone instead.
■ Charger (After you cast this spell, put it into your mana zone instead of your graveyard.)"
1159,flavor,332:8_20:DM-08 20:ライフ・チャージャー,超人に吸われた魂は、汚れを祓われ大地へと還る。,693,超人に吸われた魂は、汚れを祓われ大地へと還る。,超人に吸われた魂は、汚れを祓われ大地へと還る。,
1160,name,333:8_21:DM-08 21:日向草,日向草,694,日向草,Solar Grass,Solar Grass
1161,rules,333:8_21:DM-08 21:日向草,"■ターボラッシュ（自分の他のクリーチャーがシールドをブレイクした後、そのターンが終わるまで、このクリーチャーは次の[TR]能力を得る）
[TR]－このクリーチャーが相手プレイヤーを攻撃してブロックされなかったとき、バトルゾーンにある、日向草以外の自分のクリーチャーをすべてアンタップする。",695,"＊ターボラッシュ（自分の他のクリーチャーがシールドをブレイクした後、そのターンが終わるまで、このクリーチャーは次のr 能力を得る）
r このクリーチャーが相手プレイヤーを攻撃してブロックされなかったとき、バトルゾーンにある、日向草以外の自分のクリーチャーをすべてアンタップする。","＊ターボラッシュ（自分の他のクリーチャーがシールドをブレイクした後、そのターンが終わるまで、このクリーチャーは次のr 能力を得る）
r このクリーチャーが相手プレイヤーを攻撃してブロックされなかったとき、バトルゾーンにある、日向草以外の自分のクリーチャーをすべてアンタップする。","■ Turbo rush (If any of your other creatures broke any shields this turn, this creature gets its turbo rush ability until the end of the turn.)
  Whenever this creature is attacking your opponent and isn't blocked, untap all your creatures in the battle zone except Solar Grasses."
1162,race,333:8_21:DM-08 21:日向草,スターライト・ツリー,696,スターライト・ツリー,スターライト・ツリー,Starlight Tree
1163,name,334:8_22:DM-08 22:レーザー・ウィップ,レーザー・ウィップ,697,レーザー・ウィップ,Laser Whip,Laser Whip
1164,rules,334:8_22:DM-08 22:レーザー・ウィップ,■バトルゾーンにある相手のクリーチャーを１体選び、タップする。その後、バトルゾーンにある自分のクリーチャーを１体選んでもよい。このターンそのクリーチャーはブロックされない。,698,＊バトルゾーンにある相手のクリーチャーを1体選び、タップする。その後、バトルゾーンにある自分のクリーチャーを1体選んでもよい。このターンそのクリーチャーはブロックされない。,＊バトルゾーンにある相手のクリーチャーを1体選び、タップする。その後、バトルゾーンにある自分のクリーチャーを1体選んでもよい。このターンそのクリーチャーはブロックされない。,"■ Choose one of your opponent's creatures in the battle zone and tap it. Then you may choose one of your creatures in the battle zone. If you do, it can't be blocked this turn."
1165,flavor,334:8_22:DM-08 22:レーザー・ウィップ,光は全てを律する。,699,光は全てを律する。,光は全てを律する。,
1166,name,335:8_23:DM-08 23:ドラコ・バリアー,ドラコ・バリアー,700,ドラコ・バリアー,Dracobarrier,Dracobarrier
1167,rules,335:8_23:DM-08 23:ドラコ・バリアー,"■Ｓ・トリガー（この呪文をシールドゾーンから手札に加えるとき、コストを支払わずにすぐ唱えてよい）
■バトルゾーンにある相手のクリーチャーを１体選び、タップする。それがドラゴンであれば、自分の山札の上から１枚目を裏向きのまま自分のシールドに加える。",701,"{ST} S・トリガー（この呪文をシールドゾーンから手札に加えるとき、コストを支払わずにすぐ唱えてよい）
＊バトルゾーンにある相手のクリーチャーを1体選び、タップする。それがドラゴンであれば、自分の山札の上から1枚目を裏向きのまま自分のシールドに加える。","{ST} S・トリガー（この呪文をシールドゾーンから手札に加えるとき、コストを支払わずにすぐ唱えてよい）
＊バトルゾーンにある相手のクリーチャーを1体選び、タップする。それがドラゴンであれば、自分の山札の上から1枚目を裏向きのまま自分のシールドに加える。","■ Shield trigger (When this card is put into your hand from your shield zone, you may play it immediately for no cost.)
■ Choose one of your opponent's creatures in the battle zone and tap it. If it has Dragon in its race, add the top card of your deck to your shields face down."
1168,flavor,335:8_23:DM-08 23:ドラコ・バリアー,光壁に施された結界が炸裂する。,702,光壁に施された結界が炸裂する。,光壁に施された結界が炸裂する。,The barrier woven into the wall of light erupts.
1169,name,336:8_24:DM-08 24:ラリシウス,ラリシウス,703,ラリシウス,Lalicious,Lalicious
1170,rules,336:8_24:DM-08 24:ラリシウス,■このクリーチャーが攻撃するとき、相手の山札の上から１枚目と手札を見てもよい。,704,＊このクリーチャーが攻撃するとき、相手の山札の上から1枚目と手札を見てもよい。,＊このクリーチャーが攻撃するとき、相手の山札の上から1枚目と手札を見てもよい。,"■ Whenever this creature attacks, you may look at your opponent's hand and at the top card of his deck."
1171,flavor,336:8_24:DM-08 24:ラリシウス,電影の瞳は、全ての虚飾を剥ぎ取り真実を見抜く。,705,電影の瞳は、全ての虚飾を剥ぎ取り真実を見抜く。,電影の瞳は、全ての虚飾を剥ぎ取り真実を見抜く。,
1172,race,336:8_24:DM-08 24:ラリシウス,シー・ハッカー,706,シー・ハッカー,シー・ハッカー,Sea Hacker
1173,name,337:8_25:DM-08 25:テンペスト・キラーホエール,テンペスト・キラーホエール,707,テンペスト・キラーホエール,Tempest Killer Whale,Prowling Elephish
1174,rules,337:8_25:DM-08 25:テンペスト・キラーホエール,■ブロッカー（相手クリーチャーが攻撃するとき、このクリーチャーをタップして、その攻撃を阻止してよい。その後、その相手クリーチャーとバトルする）,708,{B}ブロッカー（相手クリーチャーが攻撃するとき、このクリーチャーをタップして、その攻撃を阻止してよい。その後、その相手クリーチャーとバトルする）,{B}ブロッカー（相手クリーチャーが攻撃するとき、このクリーチャーをタップして、その攻撃を阻止してよい。その後、その相手クリーチャーとバトルする）,"■ Blocker (Whenever an opponent's creature attacks, you may tap this creature to stop the attack. Then the 2 creatures battle.)"
1175,flavor,337:8_25:DM-08 25:テンペスト・キラーホエール,「危険になったら、戻ってね」- シュトラ,709,「危険になったら、戻ってね」- シュトラ,「危険になったら、戻ってね」- シュトラ,
1176,race,337:8_25:DM-08 25:テンペスト・キラーホエール,ゲル・フィッシュ,710,ゲル・フィッシュ,ゲル・フィッシュ,Gel Fish
1177,name,338:8_26:DM-08 26:ウェーブ・ランス,ウェーブ・ランス,711,ウェーブ・ランス,Wave Lance,Wave Lance
1178,rules,338:8_26:DM-08 26:ウェーブ・ランス,■バトルゾーンにあるクリーチャーを１体選び、持ち主の手札に戻す。それがドラゴンであれば、カードを１枚引いてもよい。,712,＊バトルゾーンにあるクリーチャーを1体選び、持ち主の手札に戻す。それがドラゴンであれば、カードを1枚引いてもよい。,＊バトルゾーンにあるクリーチャーを1体選び、持ち主の手札に戻す。それがドラゴンであれば、カードを1枚引いてもよい。,"■ Choose a creature in the battle zone and return it to its owner's hand. If it has Dragon in its race, you may draw a card."
1179,flavor,338:8_26:DM-08 26:ウェーブ・ランス,空の王者も海には勝てぬ。,713,空の王者も海には勝てぬ。,空の王者も海には勝てぬ。,
1180,name,339:8_27:DM-08 27:単車男,単車男,714,単車男,Motorcycle Man,Motorcycle Mutant
1181,rules,339:8_27:DM-08 27:単車男,"■ブロッカー
■このクリーチャーは攻撃することができない。
■自分の他のクリーチャーがバトルゾーンに出たとき、このクリーチャーを自分の墓地に置く。",715,"{B}ブロッカー
＊このクリーチャーは攻撃することができない。
＊自分の他のクリーチャーがバトルゾーンに出たとき、このクリーチャーを自分の墓地に置く。","{B}ブロッカー
＊このクリーチャーは攻撃することができない。
＊自分の他のクリーチャーがバトルゾーンに出たとき、このクリーチャーを自分の墓地に置く。","■ Blocker (Whenever an opponent's creature attacks, you may tap this creature to stop the attack. Then the 2 creatures battle.)
■ This creature can't attack.
■ When you put another creature into the battle zone, destroy this creature."
1182,flavor,339:8_27:DM-08 27:単車男,満月の夜、破壊の暴走が始まる。,716,満月の夜、破壊の暴走が始まる。,満月の夜、破壊の暴走が始まる。,"On the night of the full moon, a destructive rampage begins."
1183,race,339:8_27:DM-08 27:単車男,へドリアン,717,へドリアン,へドリアン,Hedrian
1184,name,340:8_28:DM-08 28:機怪人形ガチャック,機怪人形ガチャック,718,機怪人形ガチャック,"Gachack, Mechanical Doll","Gachack, Mechanical Doll"
1185,rules,340:8_28:DM-08 28:機怪人形ガチャック,"■ターボラッシュ（自分の他のクリーチャーがシールドをブレイクした後、そのターンが終わるまで、このクリーチャーは次の[TR]能力を得る）
[TR]－このクリーチャーが相手プレイヤーを攻撃してブロックされなかったとき、バトルゾーンにあるクリーチャーを１体選び、持ち主の墓地に置いてもよい。",719,"＊ターボラッシュ（自分の他のクリーチャーがシールドをブレイクした後、そのターンが終わるまで、このクリーチャーは次のr 能力を得る）
r このクリーチャーが相手プレイヤーを攻撃してブロックされなかったとき、バトルゾーンにあるクリーチャーを1体選び、持ち主の墓地に置いてもよい。","＊ターボラッシュ（自分の他のクリーチャーがシールドをブレイクした後、そのターンが終わるまで、このクリーチャーは次のr 能力を得る）
r このクリーチャーが相手プレイヤーを攻撃してブロックされなかったとき、バトルゾーンにあるクリーチャーを1体選び、持ち主の墓地に置いてもよい。","■ Turbo rush (If any of your other creatures broke any shields this turn, this creature gets its turbo rush ability until the end of the turn.)
  Whenever this creature is attacking your opponent and isn't blocked, you may destroy a creature."
1186,race,340:8_28:DM-08 28:機怪人形ガチャック,デスパペット,720,デスパペット,デスパペット,Death Puppet
1187,name,341:8_29:DM-08 29:ディメンジョン・チョーカー,ディメンジョン・チョーカー,721,ディメンジョン・チョーカー,Dimension Choker,Dimension Splitter
1188,rules,341:8_29:DM-08 29:ディメンジョン・チョーカー,■このクリーチャーがバトルゾーンに出たとき、自分の墓地にあるドラゴンをすべて、自分の手札に加えてもよい。,722,＊このクリーチャーがバトルゾーンに出たとき、自分の墓地にあるドラゴンをすべて、自分の手札に加えてもよい。,＊このクリーチャーがバトルゾーンに出たとき、自分の墓地にあるドラゴンをすべて、自分の手札に加えてもよい。,"■ When you put this creature into the battle zone, you may return all creatures that have Dragon in their race from your graveyard to your hand."
1189,flavor,341:8_29:DM-08 29:ディメンジョン・チョーカー,ディメンジョン・チョーカーが光輝く時、死のカウントダウンの始まりだ。,723,ディメンジョン・チョーカーが光輝く時、死のカウントダウンの始まりだ。,ディメンジョン・チョーカーが光輝く時、死のカウントダウンの始まりだ。,
1190,race,341:8_29:DM-08 29:ディメンジョン・チョーカー,ブレインジャッカー,724,ブレインジャッカー,ブレインジャッカー,Brain Jacker
1191,name,342:8_30:DM-08 30:ブルーザー・ドラゴン,ブルーザー・ドラゴン,725,ブルーザー・ドラゴン,Bruiser Dragon,Bruiser Dragon
1192,rules,342:8_30:DM-08 30:ブルーザー・ドラゴン,■このクリーチャーがバトルゾーンから自分の墓地に置かれたとき、自分のシールドが１枚でもあれば、裏向きのまま１枚選び、自分の墓地に置く。ただし、その「Ｓ・トリガー」は使えない。,726,＊このクリーチャーがバトルゾーンから自分の墓地に置かれたとき、自分のシールドが1枚でもあれば、裏向きのまま1枚選び、自分の墓地に置く。ただし、その「Ｓ・トリガー」は使えない。　　　,＊このクリーチャーがバトルゾーンから自分の墓地に置かれたとき、自分のシールドが1枚でもあれば、裏向きのまま1枚選び、自分の墓地に置く。ただし、その「Ｓ・トリガー」は使えない。　　　,"■ When this creature is destroyed, choose one of your shields and put it into your graveyard."
1193,flavor,342:8_30:DM-08 30:ブルーザー・ドラゴン,伝説の復活にワイバーンは歓喜した。,727,伝説の復活にワイバーンは歓喜した。,伝説の復活にワイバーンは歓喜した。,
1194,race,342:8_30:DM-08 30:ブルーザー・ドラゴン,アーマード・ドラゴン,728,アーマード・ドラゴン,アーマード・ドラゴン,Armored Dragon
1195,name,343:8_31:DM-08 31:ロケットダイブ・ワイバーン,ロケットダイブ・ワイバーン,729,ロケットダイブ・ワイバーン,Rocket Dive Wyvern,Rocketdive Skyterror
1196,rules,343:8_31:DM-08 31:ロケットダイブ・ワイバーン,"■このクリーチャーは攻撃されない。
■このクリーチャーは、相手プレイヤーを攻撃できない。
■パワーアタッカー+1000（攻撃中、このクリーチャーのパワーは+1000される）",730,"＊このクリーチャーは攻撃されない。
＊このクリーチャーは、相手プレイヤーを攻撃できない。
＊パワーアタッカー+1000（攻撃中、このクリーチャーのパワーは+1000される）","＊このクリーチャーは攻撃されない。
＊このクリーチャーは、相手プレイヤーを攻撃できない。
＊パワーアタッカー+1000（攻撃中、このクリーチャーのパワーは+1000される）","■ This creature can't be attacked.
■ This creature can't attack players.
■ Power attacker +1000 (While attacking, this creature gets +1000 power.)"
1197,flavor,343:8_31:DM-08 31:ロケットダイブ・ワイバーン,全身、闘争心の塊。,731,全身、闘争心の塊。,全身、闘争心の塊。,
1198,race,343:8_31:DM-08 31:ロケットダイブ・ワイバーン,アーマード・ワイバーン,732,アーマード・ワイバーン,アーマード・ワイバーン,Armored Wyvern
1199,name,344:8_32:DM-08 32:クリムゾン・チャージャー,クリムゾン・チャージャー,733,クリムゾン・チャージャー,Crimson Charger,Volcano Charger
1200,rules,344:8_32:DM-08 32:クリムゾン・チャージャー,"■バトルゾーンにあるパワー2000以下の相手のクリーチャーを１体選び、持ち主の墓地に置く。
■チャージャー（この呪文を唱えた後、墓地に置くかわりに自分のマナゾーンに置く）",734,"＊バトルゾーンにあるパワー2000以下の相手のクリーチャーを1体選び、持ち主の墓地に置く。
＊チャージャー（この呪文を唱えた後、墓地に置くかわりに自分のマナゾーンに置く）","＊バトルゾーンにあるパワー2000以下の相手のクリーチャーを1体選び、持ち主の墓地に置く。
＊チャージャー（この呪文を唱えた後、墓地に置くかわりに自分のマナゾーンに置く）","■ Destroy one of your opponent's creatures that has power 2000 or less.
■ Charger (After you cast this spell, put it into your mana zone instead of your graveyard.)"
1201,flavor,344:8_32:DM-08 32:クリムゾン・チャージャー,深紅の炎は大地を焦がし、次なる噴火の種をまき散らす。,735,深紅の炎は大地を焦がし、次なる噴火の種をまき散らす。,深紅の炎は大地を焦がし、次なる噴火の種をまき散らす。,
1202,name,345:8_33:DM-08 33:シェル・コロシアム,シェル・コロシアム,736,シェル・コロシアム,Shell Coliseum,Coliseum Shell
1203,rules,345:8_33:DM-08 33:シェル・コロシアム,■このクリーチャーがブロックされたとき、自分の山札の上から１枚目を自分のマナゾーンに加えてもよい。,737,＊このクリーチャーがブロックされたとき、自分の山札の上から1枚目を自分のマナゾーンに加えてもよい。,＊このクリーチャーがブロックされたとき、自分の山札の上から1枚目を自分のマナゾーンに加えてもよい。,"■ Whenever this creature becomes blocked, you may put the top card of your deck into your mana zone."
1204,flavor,345:8_33:DM-08 33:シェル・コロシアム,休眠したコロニー・ビートルが、いつどこで目覚めるかは誰にも解らない。,738,休眠したコロニー・ビートルが、いつどこで目覚めるかは誰にも解らない。,休眠したコロニー・ビートルが、いつどこで目覚めるかは誰にも解らない。,
1205,race,345:8_33:DM-08 33:シェル・コロシアム,コロニー・ビートル,739,コロニー・ビートル,コロニー・ビートル,Colony Beetle
1206,name,346:8_34:DM-08 34:竜舞の化身,竜舞の化身,740,竜舞の化身,Dracodance Totem,Dracodance Totem
1207,rules,346:8_34:DM-08 34:竜舞の化身,■このクリーチャーがバトルゾーンから自分の墓地に置かれるとき、自分のマナゾーンにドラゴンが１体でもあれば、このクリーチャーを墓地に置くかわりに自分のマナゾーンに置く。その後、自分のマナゾーンからドラゴンを１体、自分の手札に戻す。,741,＊このクリーチャーがバトルゾーンから自分の墓地に置かれるとき、自分のマナゾーンにドラゴンが1体でもあれば、このクリーチャーを墓地に置くかわりに自分のマナゾーンに置く。その後、自分のマナゾーンからドラゴンを1体、自分の手札に戻す。,＊このクリーチャーがバトルゾーンから自分の墓地に置かれるとき、自分のマナゾーンにドラゴンが1体でもあれば、このクリーチャーを墓地に置くかわりに自分のマナゾーンに置く。その後、自分のマナゾーンからドラゴンを1体、自分の手札に戻す。,"■ When this creature would be destroyed, if you have a creature that has Dragon in its race in your mana zone, put this creature into your mana zone instead of destroying it. Then return a creature that has Dragon in its race from your mana zone to your hand."
1208,flavor,346:8_34:DM-08 34:竜舞の化身,最悪の事態になるとは知らず、彼らは約束を守るため、化身に封舞を踊らせた。,742,最悪の事態になるとは知らず、彼らは約束を守るため、化身に封舞を踊らせた。,最悪の事態になるとは知らず、彼らは約束を守るため、化身に封舞を踊らせた。,"Unaware it would bring about the worst possible outcome, they had the Totem perform the sealing dance to keep their promise."
1209,race,346:8_34:DM-08 34:竜舞の化身,ミステリー・トーテム,743,ミステリー・トーテム,ミステリー・トーテム,Mystery Totem
1210,name,347:8_35:DM-08 35:パワー・チャージャー,パワー・チャージャー,744,パワー・チャージャー,Power Charger,Muscle Charger
1211,rules,347:8_35:DM-08 35:パワー・チャージャー,"■このターンが終わるまで、バトルゾーンにある自分のクリーチャーすべてのパワーは+3000される。
■チャージャー（この呪文を唱えた後、墓地に置くかわりに自分のマナゾーンに置く）",745,"＊このターンが終わるまで、バトルゾーンにある自分のクリーチャーすべてのパワーは+3000される。
＊チャージャー（この呪文を唱えた後、墓地に置くかわりに自分のマナゾーンに置く）","＊このターンが終わるまで、バトルゾーンにある自分のクリーチャーすべてのパワーは+3000される。
＊チャージャー（この呪文を唱えた後、墓地に置くかわりに自分のマナゾーンに置く）","■ Each of your creatures in the battle zone gets +3000 power until the end of the turn.
■ Charger (After you cast this spell, put it into your mana zone instead of your graveyard.)"
1212,flavor,347:8_35:DM-08 35:パワー・チャージャー,戦士たるもの努力を怠るな！,746,戦士たるもの努力を怠るな！,戦士たるもの努力を怠るな！,
1213,name,348:8_36:DM-08 36:光器マーシャ,光器マーシャ,747,光器マーシャ,"Masha, the Channeler of Light","Misha, Channeler of Suns"
1214,rules,348:8_36:DM-08 36:光器マーシャ,■ドラゴンは、このクリーチャーを攻撃できない。,748,＊ドラゴンは、このクリーチャーを攻撃できない。,＊ドラゴンは、このクリーチャーを攻撃できない。,■ This creature can't be attacked by any creature that has Dragon in its race.
1215,flavor,348:8_36:DM-08 36:光器マーシャ,龍が覚醒した時、封印されていた四つの神殿が活動を始めた。,749,龍が覚醒した時、封印されていた四つの神殿が活動を始めた。,龍が覚醒した時、封印されていた四つの神殿が活動を始めた。,
1216,race,348:8_36:DM-08 36:光器マーシャ,メカ・デル・ソル,750,メカ・デル・ソル,メカ・デル・ソル,Mecha Del Sol
1217,name,349:8_37:DM-08 37:乱撃の使徒ミガロ,乱撃の使徒ミガロ,751,乱撃の使徒ミガロ,"Migalo, Apostle of Scattershot","Migalo, Vizier of Spycraft"
1218,rules,349:8_37:DM-08 37:乱撃の使徒ミガロ,"■ターボラッシュ（自分の他のクリーチャーがシールドをブレイクしたあと、そのターンが終わるまで、このクリーチャーは次の[TR]能力を得る）
[TR]－このクリーチャーが攻撃するとき、相手のシールドを２枚見てもよい。その後そのシールドを元の場所に戻す。",752,"＊ターボラッシュ（自分の他のクリーチャーがシールドをブレイクしたあと、そのターンが終わるまで、このクリーチャーは次のr 能力を得る）
r このクリーチャーが攻撃するとき、相手のシールドを2枚見てもよい。その後そのシールドを元の場所に戻す。","＊ターボラッシュ（自分の他のクリーチャーがシールドをブレイクしたあと、そのターンが終わるまで、このクリーチャーは次のr 能力を得る）
r このクリーチャーが攻撃するとき、相手のシールドを2枚見てもよい。その後そのシールドを元の場所に戻す。","■ Turbo rush (If any of your other creatures broke any shields this turn, this creature gets its turbo rush ability until the end of the turn.)
  Whenever this creature attacks, you may look at 2 of your opponent's shields. Then put them back where they were."
1219,flavor,349:8_37:DM-08 37:乱撃の使徒ミガロ,乱撃の使徒よ、覚醒せよ。汝の誓いは未来への架け橋なり。,753,乱撃の使徒よ、覚醒せよ。汝の誓いは未来への架け橋なり。,乱撃の使徒よ、覚醒せよ。汝の誓いは未来への架け橋なり。,"""Migalo, Vizier of Spycraft, awaken. Your oath is a bridge to the future."""
1220,race,349:8_37:DM-08 37:乱撃の使徒ミガロ,イニシエート,754,イニシエート,イニシエート,Initiate
1221,name,350:8_38:DM-08 38:日輪の守護者ソル・ガーラ,日輪の守護者ソル・ガーラ,755,日輪の守護者ソル・ガーラ,"Sol Galla, Guardian of Haloes","Sol Galla, Halo Guardian"
1222,rules,350:8_38:DM-08 38:日輪の守護者ソル・ガーラ,"■ブロッカー
■誰かが呪文を唱えた場合、そのターンが終わるまで、このクリーチャーのパワーは+3000される。（呪文の効果を行ってからクリーチャーのパワーを増やす）",756,"{B}ブロッカー
＊誰かが呪文を唱えた場合、そのターンが終わるまで、このクリーチャーのパワーは+3000される。（呪文の効果を行ってからクリーチャーのパワーを増やす）","{B}ブロッカー
＊誰かが呪文を唱えた場合、そのターンが終わるまで、このクリーチャーのパワーは+3000される。（呪文の効果を行ってからクリーチャーのパワーを増やす）","■ Blocker (Whenever an opponent's creature attacks, you may tap this creature to stop the attack. Then the 2 creatures battle.)
■ Whenever a player casts a spell, this creature gets +3000 power until the end of the turn. (Do what the spell says before this creature gets the extra power.)"
1223,race,350:8_38:DM-08 38:日輪の守護者ソル・ガーラ,ガーディアン,757,ガーディアン,ガーディアン,Guardian
1224,name,351:8_39:DM-08 39:ソーラー・チャージャー,ソーラー・チャージャー,758,ソーラー・チャージャー,Solar Charger,Lunar Charger
1225,rules,351:8_39:DM-08 39:ソーラー・チャージャー,"■バトルゾーンにある自分のクリーチャーを2体まで選ぶ。このターンの終わりに、そのクリーチャーをアンタップしてもよい。
■チャージャー（この呪文を唱えた後、墓地に置くかわりに自分のマナゾーンに置く）",759,"＊バトルゾーンにある自分のクリーチャーを2体まで選ぶ。このターンの終わりに、そのクリーチャーをアンタップしてもよい。
＊チャージャー（この呪文を唱えた後、墓地に置くかわりに自分のマナゾーンに置く）","＊バトルゾーンにある自分のクリーチャーを2体まで選ぶ。このターンの終わりに、そのクリーチャーをアンタップしてもよい。
＊チャージャー（この呪文を唱えた後、墓地に置くかわりに自分のマナゾーンに置く）","■ Choose up to 2 of your creatures in the battle zone. At the end of the turn, you may untap them.
■ Charger (After you cast this spell, put it into your mana zone instead of your graveyard.)"
1226,name,352:8_40:DM-08 40:イリュージョン・フィッシュ,イリュージョン・フィッシュ,760,イリュージョン・フィッシュ,Illusion Fish,Illusion Fish
1227,rules,352:8_40:DM-08 40:イリュージョン・フィッシュ,"■ターボラッシュ（自分の他のクリーチャーがシールドをブレイクしたあと、そのターンが終わるまで、このクリーチャーは次の[TR]能力を得る）
[TR]－このクリーチャーはブロックされない。",761,"＊ターボラッシュ（自分の他のクリーチャーがシールドをブレイクしたあと、そのターンが終わるまで、このクリーチャーは次のr 能力を得る）
r このクリーチャーはブロックされない。","＊ターボラッシュ（自分の他のクリーチャーがシールドをブレイクしたあと、そのターンが終わるまで、このクリーチャーは次のr 能力を得る）
r このクリーチャーはブロックされない。","■ Turbo rush (If any of your other creatures broke any shields this turn, this creature gets its turbo rush ability until the end of the turn.)
  This creature can't be blocked."
1228,flavor,352:8_40:DM-08 40:イリュージョン・フィッシュ,「時代の滅びを静かに見張るんだよ。」- 　エメラル,762,「時代の滅びを静かに見張るんだよ。」- 　エメラル,「時代の滅びを静かに見張るんだよ。」- 　エメラル,
1229,race,352:8_40:DM-08 40:イリュージョン・フィッシュ,ゲル・フィッシュ,763,ゲル・フィッシュ,ゲル・フィッシュ,Gel Fish
1230,name,353:8_41:DM-08 41:キャンディ・クラスター,キャンディ・クラスター,764,キャンディ・クラスター,Candy Cluster,Candy Cluster
1231,rules,353:8_41:DM-08 41:キャンディ・クラスター,■このクリーチャーはブロックされない。,765,＊このクリーチャーはブロックされない。,＊このクリーチャーはブロックされない。,■ This creature can't be blocked.
1232,flavor,353:8_41:DM-08 41:キャンディ・クラスター,大きさや強さは一つの指針に過ぎない。,766,大きさや強さは一つの指針に過ぎない。,大きさや強さは一つの指針に過ぎない。,
1233,race,353:8_41:DM-08 41:キャンディ・クラスター,サイバー・クラスター,767,サイバー・クラスター,サイバー・クラスター,Cyber Cluster
1234,name,354:8_42:DM-08 42:グレープ・ジェリー,グレープ・ジェリー,768,グレープ・ジェリー,Grape Jelly,Grape Globbo
1235,rules,354:8_42:DM-08 42:グレープ・ジェリー,■このクリーチャーがバトルゾーンに出たとき、相手の手札を見る。,769,＊このクリーチャーがバトルゾーンに出たとき、相手の手札を見る。,＊このクリーチャーがバトルゾーンに出たとき、相手の手札を見る。,"■ When you put this creature into the battle zone, look at your opponent's hand."
1236,flavor,354:8_42:DM-08 42:グレープ・ジェリー,「探査物が見つけたあいつを誘導してみよう。」- 　トロピコ,770,「探査物が見つけたあいつを誘導してみよう。」- 　トロピコ,「探査物が見つけたあいつを誘導してみよう。」- 　トロピコ,
1237,race,354:8_42:DM-08 42:グレープ・ジェリー,サイバー・ウイルス,771,サイバー・ウイルス,サイバー・ウイルス,Cyber Virus
1238,name,355:8_43:DM-08 43:ブレイン・チャージャー,ブレイン・チャージャー,772,ブレイン・チャージャー,Brain Charger,Eureka Charger
1239,rules,355:8_43:DM-08 43:ブレイン・チャージャー,"■カードを１枚引く。
■チャージャー（この呪文を唱えた後、墓地に置くかわりに自分のマナゾーンに置く）",773,"＊カードを1枚引く。
＊チャージャー（この呪文を唱えた後、墓地に置くかわりに自分のマナゾーンに置く）","＊カードを1枚引く。
＊チャージャー（この呪文を唱えた後、墓地に置くかわりに自分のマナゾーンに置く）","■ Draw a card.
■ Charger (After you cast this spell, put it into your mana zone instead of your graveyard.)"
1240,flavor,355:8_43:DM-08 43:ブレイン・チャージャー,災いをもたらす嵐の中にこそ、豊富なマナが眠っている。,774,災いをもたらす嵐の中にこそ、豊富なマナが眠っている。,災いをもたらす嵐の中にこそ、豊富なマナが眠っている。,
1241,name,356:8_44:DM-08 44:ギガクローズ,ギガクローズ,775,ギガクローズ,Gigaclaws,Gigaclaws
1242,rules,356:8_44:DM-08 44:ギガクローズ,"■ターボラッシュ（自分の他のクリーチャーがシールドをブレイクした後、そのターンが終わるまで、このクリーチャーは次の[TR]能力を得る）
[TR]－このクリーチャーが攻撃するとき、相手は自分自身の手札をすべて、持ち主の墓地に置く。",776,"＊ターボラッシュ（自分の他のクリーチャーがシールドをブレイクした後、そのターンが終わるまで、このクリーチャーは次のr 能力を得る）
r このクリーチャーが攻撃するとき、相手は自分自身の手札をすべて、持ち主の墓地に置く。","＊ターボラッシュ（自分の他のクリーチャーがシールドをブレイクした後、そのターンが終わるまで、このクリーチャーは次のr 能力を得る）
r このクリーチャーが攻撃するとき、相手は自分自身の手札をすべて、持ち主の墓地に置く。","■ Turbo rush (If any of your other creatures broke any shields this turn, this creature gets its turbo rush ability until the end of the turn.)
  Whenever this creature attacks, your opponent discards his hand."
1243,race,356:8_44:DM-08 44:ギガクローズ,キマイラ,777,キマイラ,キマイラ,Chimera
1244,name,357:8_45:DM-08 45:黒神龍ギランド,黒神龍ギランド,778,黒神龍ギランド,Black Celestial Dragon Giland,Necrodragon Giland
1245,rules,357:8_45:DM-08 45:黒神龍ギランド,"■Ｗ・ブレイカー（シールドを攻撃したとき、このクリーチャーはシールドを２枚ブレイクする）
■このクリーチャーはバトルに勝っても、バトルの後持ち主の墓地に置かれる。",779,"＊W・ブレイカー（シールドを攻撃したとき、このクリーチャーはシールドを2枚ブレイクする）
＊このクリーチャーはバトルに勝っても、バトルの後持ち主の墓地に置かれる。","＊W・ブレイカー（シールドを攻撃したとき、このクリーチャーはシールドを2枚ブレイクする）
＊このクリーチャーはバトルに勝っても、バトルの後持ち主の墓地に置かれる。","■ Double breaker (This creature breaks 2 shields.)
■ When this creature battles, destroy it after the battle."
1246,flavor,357:8_45:DM-08 45:黒神龍ギランド,行き場を無くした幾千幾万の恨みと憎しみと怨念。負の思念は連なり寄り添い、竜の姿を形取る。,780,行き場を無くした幾千幾万の恨みと憎しみと怨念。負の思念は連なり寄り添い、竜の姿を形取る。,行き場を無くした幾千幾万の恨みと憎しみと怨念。負の思念は連なり寄り添い、竜の姿を形取る。,
1247,race,357:8_45:DM-08 45:黒神龍ギランド,ドラゴン・ゾンビ,781,ドラゴン・ゾンビ,ドラゴン・ゾンビ,Zombie Dragon
1248,name,358:8_46:DM-08 46:暴虐虫タイラント・ワーム,暴虐虫タイラント・ワーム,782,暴虐虫タイラント・ワーム,Tyrant Wurm,Tyrant Worm
1249,rules,358:8_46:DM-08 46:暴虐虫タイラント・ワーム,■自分の他のクリーチャーがバトルゾーンに出たとき、このクリーチャーを自分の墓地に置く。,783,＊自分の他のクリーチャーがバトルゾーンに出たとき、このクリーチャーを自分の墓地に置く。,＊自分の他のクリーチャーがバトルゾーンに出たとき、このクリーチャーを自分の墓地に置く。,"■ When you put another creature into the battle zone, destroy this creature."
1250,flavor,358:8_46:DM-08 46:暴虐虫タイラント・ワーム,飽くなき破壊衝動が、最後には自身をも葬り去る。,784,飽くなき破壊衝動が、最後には自身をも葬り去る。,飽くなき破壊衝動が、最後には自身をも葬り去る。,
1251,race,358:8_46:DM-08 46:暴虐虫タイラント・ワーム,パラサイトワーム,785,パラサイトワーム,パラサイトワーム,Parasite Worm
1252,name,359:8_47:DM-08 47:リバース・チャージャー,リバース・チャージャー,786,リバース・チャージャー,Reverse Charger,Corpse Charger
1253,rules,359:8_47:DM-08 47:リバース・チャージャー,"■自分の墓地からクリーチャーを１体選び、自分の手札に加える。
■チャージャー（この呪文を唱えた後、墓地に置くかわりに自分のマナゾーンに置く）",787,"＊自分の墓地からクリーチャーを1体選び、自分の手札に加える。
＊チャージャー（この呪文を唱えた後、墓地に置くかわりに自分のマナゾーンに置く）","＊自分の墓地からクリーチャーを1体選び、自分の手札に加える。
＊チャージャー（この呪文を唱えた後、墓地に置くかわりに自分のマナゾーンに置く）","■ Put a creature from your graveyard into your hand.
■ Charger (After you cast this spell, put it into your mana zone instead of your graveyard.)"
1254,flavor,359:8_47:DM-08 47:リバース・チャージャー,動き出した死体は、墓穴の新たな住人を捜しに出かけた。,788,動き出した死体は、墓穴の新たな住人を捜しに出かけた。,動き出した死体は、墓穴の新たな住人を捜しに出かけた。,
1255,name,360:8_48:DM-08 48:バトルシップ・ワイバーン,バトルシップ・ワイバーン,789,バトルシップ・ワイバーン,Battleship Wyvern,Torpedo Skyterror
1256,rules,360:8_48:DM-08 48:バトルシップ・ワイバーン,■攻撃中、このクリーチャーのパワーは、バトルゾーンにある自分の他のタップされているクリーチャー１体につき+2000される。,790,＊攻撃中、このクリーチャーのパワーは、バトルゾーンにある自分の他のタップされているクリーチャー1体につき+2000される。,＊攻撃中、このクリーチャーのパワーは、バトルゾーンにある自分の他のタップされているクリーチャー1体につき+2000される。,"■ While attacking, this creature gets +2000 power for each other tapped creature you have in the battle zone."
1257,flavor,360:8_48:DM-08 48:バトルシップ・ワイバーン,神龍達に動揺した隙に一部の火の軍勢が大空を目指し、出航した！,791,神龍達に動揺した隙に一部の火の軍勢が大空を目指し、出航した！,神龍達に動揺した隙に一部の火の軍勢が大空を目指し、出航した！,
1258,race,360:8_48:DM-08 48:バトルシップ・ワイバーン,アーマード・ワイバーン,792,アーマード・ワイバーン,アーマード・ワイバーン,Armored Wyvern
1259,name,361:8_49:DM-08 49:紅神龍メルガルス,紅神龍メルガルス,793,紅神龍メルガルス,Red Celestial Dragon Melgars ,Magmadragon Melgars
1260,flavor,361:8_49:DM-08 49:紅神龍メルガルス,森の大振動に触発され、大気さえ燃やす灼熱の溶岩から、龍たちが再誕した。,794,森の大振動に触発され、大気さえ燃やす灼熱の溶岩から、龍たちが再誕した。,森の大振動に触発され、大気さえ燃やす灼熱の溶岩から、龍たちが再誕した。,
1261,race,361:8_49:DM-08 49:紅神龍メルガルス,ボルケーノ・ドラゴン,795,ボルケーノ・ドラゴン,ボルケーノ・ドラゴン,Volcano Dragon
1262,name,362:8_50:DM-08 50:肉弾兵ウルティモ,肉弾兵ウルティモ,796,肉弾兵ウルティモ,Missile Soldier Ultimo,Missile Soldier Ultimo
1263,rules,362:8_50:DM-08 50:肉弾兵ウルティモ,"■ターボラッシュ（自分の他のクリーチャーがシールドをブレイクしたあと、そのターンが終わるまで、このクリーチャーは次の[TR]能力を得る）
[TR]－このクリーチャーはタップされていないクリーチャーを攻撃でき、「パワーアタッカー+4000」を得る。",797,"＊ターボラッシュ（自分の他のクリーチャーがシールドをブレイクしたあと、そのターンが終わるまで、このクリーチャーは次のr 能力を得る）
r このクリーチャーはタップされていないクリーチャーを攻撃でき、「パワーアタッカー+4000」を得る。","＊ターボラッシュ（自分の他のクリーチャーがシールドをブレイクしたあと、そのターンが終わるまで、このクリーチャーは次のr 能力を得る）
r このクリーチャーはタップされていないクリーチャーを攻撃でき、「パワーアタッカー+4000」を得る。","■ Turbo rush (If any of your other creatures broke any shields this turn, this creature gets its turbo rush ability until the end of the turn.)
  This creature can attack untapped creatures and has ""Power attacker +4000 (While attacking, this creature gets +4000 power)."""
1264,flavor,362:8_50:DM-08 50:肉弾兵ウルティモ,,798,?,?,
1265,race,362:8_50:DM-08 50:肉弾兵ウルティモ,ドラゴノイド,799,ドラゴノイド,ドラゴノイド,Dragonoid
1266,name,363:8_51:DM-08 51:トット・ピピッチ,トット・ピピッチ,800,トット・ピピッチ,Totto Pipicchi,Totto Pipicchi
1267,rules,363:8_51:DM-08 51:トット・ピピッチ,■このクリーチャーがバトルゾーンにある間、バトルゾーンにあるドラゴンはすべて「スピードアタッカー」を得る。(「スピードアタッカー」を持つクリーチャーは召喚酔いしない）,801,＊このクリーチャーがバトルゾーンにある間、バトルゾーンにあるドラゴンはすべて「スピードアタッカー」を得る。(「スピードアタッカー」を持つクリーチャーは召喚酔いしない）,＊このクリーチャーがバトルゾーンにある間、バトルゾーンにあるドラゴンはすべて「スピードアタッカー」を得る。(「スピードアタッカー」を持つクリーチャーは召喚酔いしない）,"■ Each creature in the battle zone that has Dragon in its race has ""speed attacker."" (A creature that has ""speed attacker"" doesn't get summoning sickness.)"
1268,flavor,363:8_51:DM-08 51:トット・ピピッチ,勇気の翼で風に乗り、歓喜の声を上げて、大集合。待ちに待った時が来た。,802,勇気の翼で風に乗り、歓喜の声を上げて、大集合。待ちに待った時が来た。,勇気の翼で風に乗り、歓喜の声を上げて、大集合。待ちに待った時が来た。,
1269,race,363:8_51:DM-08 51:トット・ピピッチ,ファイアー・バード,803,ファイアー・バード,ファイアー・バード,Fire Bird
1270,name,364:8_52:DM-08 52:緑神龍グレガリゴン,緑神龍グレガリゴン,804,緑神龍グレガリゴン,Green Celestial Dragon Gregarion,Terradragon Regarion
1271,rules,364:8_52:DM-08 52:緑神龍グレガリゴン,"■パワーアタッカー+3000（攻撃中、このクリーチャーのパワーは+3000される）
■Ｗ・ブレイカー（シールドを攻撃したとき、このクリーチャーはシールドを２枚ブレイクする）",805,"＊パワーアタッカー+3000（攻撃中、このクリーチャーのパワーは+3000される）
＊W・ブレイカー（シールドを攻撃したとき、このクリーチャーはシールドを2枚ブレイクする）","＊パワーアタッカー+3000（攻撃中、このクリーチャーのパワーは+3000される）
＊W・ブレイカー（シールドを攻撃したとき、このクリーチャーはシールドを2枚ブレイクする）","■ Power attacker +3000 (While attacking, this creature gets +3000 power.)
■ Double breaker (This creature breaks 2 shields.)"
1272,flavor,364:8_52:DM-08 52:緑神龍グレガリゴン,意図せず破られた封印の扉。もはや龍を止める術は無い。,806,意図せず破られた封印の扉。もはや龍を止める術は無い。,意図せず破られた封印の扉。もはや龍を止める術は無い。,
1273,race,364:8_52:DM-08 52:緑神龍グレガリゴン,アース・ドラゴン,807,アース・ドラゴン,アース・ドラゴン,Earth Dragon
1274,name,365:8_53:DM-08 53:食獣セニア,食獣セニア,808,食獣セニア,"Senia, the Devourer","Senia, Orchard Avenger"
1275,rules,365:8_53:DM-08 53:食獣セニア,"■ターボラッシュ（自分の他のクリーチャーがシールドをブレイクしたあと、そのターンが終わるまで、このクリーチャーは次の[TR]能力を得る）
[TR]－このクリーチャーのパワーは+5000され、「Ｗ・ブレイカー」を得る。",809,"＊ターボラッシュ（自分の他のクリーチャーがシールドをブレイクしたあと、そのターンが終わるまで、このクリーチャーは次のr 能力を得る）
r このクリーチャーのパワーは+5000され、「Ｗ・ブレイカー」を得る。","＊ターボラッシュ（自分の他のクリーチャーがシールドをブレイクしたあと、そのターンが終わるまで、このクリーチャーは次のr 能力を得る）
r このクリーチャーのパワーは+5000され、「Ｗ・ブレイカー」を得る。","■ Turbo rush (If any of your other creatures broke any shields this turn, this creature gets its turbo rush ability until the end of the turn.)
  This creature gets +5000 power and has ""double breaker (This creature breaks 2 shields)."""
1276,flavor,365:8_53:DM-08 53:食獣セニア,森を焼く者は森に食われる。,810,森を焼く者は森に食われる。,森を焼く者は森に食われる。,
1277,race,365:8_53:DM-08 53:食獣セニア,ツリーフォーク,811,ツリーフォーク,ツリーフォーク,Tree Folk
1278,name,366:8_54:DM-08 54:沈黙するバックラー・ホーン,沈黙するバックラー・ホーン,812,沈黙するバックラー・ホーン,"Bakkra Horn, the Silent","Bakkra Horn, the Silent"
1279,rules,366:8_54:DM-08 54:沈黙するバックラー・ホーン,■このクリーチャーがバトルゾーンにある間、自分のドラゴンまたはドラゴノイドがバトルゾーンに出たとき、自分の山札の上から１枚目を自分のマナゾーンに置く。,813,＊このクリーチャーがバトルゾーンにある間、自分のドラゴンまたはドラゴノイドがバトルゾーンに出たとき、自分の山札の上から1枚目を自分のマナゾーンに置く。,＊このクリーチャーがバトルゾーンにある間、自分のドラゴンまたはドラゴノイドがバトルゾーンに出たとき、自分の山札の上から1枚目を自分のマナゾーンに置く。,"■ Whenever you put a Dragonoid or a creature that has Dragon in its race into the battle zone, put the top card of your deck into your mana zone."
1280,flavor,366:8_54:DM-08 54:沈黙するバックラー・ホーン,掟を破り、神龍の眠る滝へと導いた。,814,掟を破り、神龍の眠る滝へと導いた。,掟を破り、神龍の眠る滝へと導いた。,
1281,race,366:8_54:DM-08 54:沈黙するバックラー・ホーン,ホーン・ビースト,815,ホーン・ビースト,ホーン・ビースト,Horned Beast
1282,name,367:8_55:DM-08 55:怒髪の豪腕,怒髪の豪腕,816,怒髪の豪腕,Rage Arm,Quixotic Hero Swine Snout
1283,rules,367:8_55:DM-08 55:怒髪の豪腕,■他のクリーチャーがバトルゾーンに置かれた場合、そのターンが終わるまで、このクリーチャーのパワーは+3000される。,817,＊他のクリーチャーがバトルゾーンに置かれた場合、そのターンが終わるまで、このクリーチャーのパワーは+3000される。,＊他のクリーチャーがバトルゾーンに置かれた場合、そのターンが終わるまで、このクリーチャーのパワーは+3000される。,"■ Whenever another creature is put into the battle zone, this creature gets +3000 power until the end of the turn."
1284,flavor,367:8_55:DM-08 55:怒髪の豪腕,封印の剣をそれと知らずに引き抜いてしまう。これがバーニング・ビーストの行った最初のヒットだ。,818,封印の剣をそれと知らずに引き抜いてしまう。これがバーニング・ビーストの行った最初のヒットだ。,封印の剣をそれと知らずに引き抜いてしまう。これがバーニング・ビーストの行った最初のヒットだ。,
1285,race,367:8_55:DM-08 55:怒髪の豪腕,ビーストフォーク,819,ビーストフォーク,ビーストフォーク,Beast Folk
1286,name,368:8_S1:DM-08 S1:光器ナスターシャ,光器ナスターシャ,820,光器ナスターシャ,"Nastasha, Channeler of Light","Nastasha, Channeler of Suns"
1287,rules,368:8_S1:DM-08 S1:光器ナスターシャ,"■Ｗ・ブレイカー
■このクリーチャーがバトルゾーンにある間、自分のシールドが１枚ブレイクされるとき、かわりにこのクリーチャーを自分の墓地に置いてもよい。",821,"＊W・ブレイカー
＊このクリーチャーがバトルゾーンにある間、自分のシールドが１枚ブレイクされるとき、かわりにこのクリーチャーを自分の墓地に置いてもよい。","＊W・ブレイカー
＊このクリーチャーがバトルゾーンにある間、自分のシールドが１枚ブレイクされるとき、かわりにこのクリーチャーを自分の墓地に置いてもよい。","■ Double breaker (This creature breaks 2 shields.)
■ When one of your shields would be broken, you may destroy this creature instead."
1288,flavor,368:8_S1:DM-08 S1:光器ナスターシャ,その美しさに宇宙すら震える。,822,その美しさに宇宙すら震える。,その美しさに宇宙すら震える。,
1289,race,368:8_S1:DM-08 S1:光器ナスターシャ,メカ・デル・ソル,823,メカ・デル・ソル,メカ・デル・ソル,Mecha Del Sol
1290,name,369:8_S2:DM-08 S2:エンペラー・アクア,エンペラー・アクア,824,エンペラー・アクア,Emperor Aqua,Emperor Quazla
1291,rules,369:8_S2:DM-08 S2:エンペラー・アクア,"■ブロッカー
■進化－自分のサイバーロード１体の上に置く。
■このクリーチャーがバトルゾーンにある間、相手が「Ｓ・トリガー」を使ったとき、カードを２枚まで引く。",825,"{B}ブロッカー
＊進化-自分のサイバーロード1体の上に置く。
＊このクリーチャーがバトルゾーンにある間、相手が「Ｓ・トリガー」を使ったとき、カードを2枚まで引く。","{B}ブロッカー
＊進化-自分のサイバーロード1体の上に置く。
＊このクリーチャーがバトルゾーンにある間、相手が「Ｓ・トリガー」を使ったとき、カードを2枚まで引く。","■ Blocker (Whenever an opponent's creature attacks, you may tap this creature to stop the attack. Then the 2 creatures battle.)
■ Evolution-Put on one of your Cyber Lords.
■ Whenever your opponent uses the ""shield trigger"" ability of one of his shields, draw up to 2 cards."
1292,flavor,369:8_S2:DM-08 S2:エンペラー・アクア,超進化した頭脳が、最終兵器の設計図を完成させた！,826,超進化した頭脳が、最終兵器の設計図を完成させた！,超進化した頭脳が、最終兵器の設計図を完成させた！,"""My super-evolved brain has completed the plans for the ultimate weapon!"""
1293,race,369:8_S2:DM-08 S2:エンペラー・アクア,サイバーロード,827,サイバーロード,サイバーロード,Cyber Lord
1294,name,370:8_S3:DM-08 S3:超神龍アブゾ・ドルバ,超神龍アブゾ・ドルバ,828,超神龍アブゾ・ドルバ,"Super Celestial Dragon, Abzo Dolba",Super Necrodragon Abzo Dolba
1295,rules,370:8_S3:DM-08 S3:超神龍アブゾ・ドルバ,"■進化－自分のドラゴン１体の上に置く。
■このクリーチャーがバトルゾーンにある間、このクリーチャーのパワーは自分の墓地にあるクリーチャー１体につき+2000される。
■Ｔ・ブレイカー（シールドを攻撃したとき、このクリーチャーはシールドを３枚ブレイクする）",829,"＊進化-自分のドラゴン１体の上に置く。
＊このクリーチャーがバトルゾーンにある間、このクリーチャーのパワーは自分の墓地にあるクリーチャー1体につき+2000される。
＊T・ブレイカー（シールドを攻撃したとき、このクリーチャーはシールドを3枚ブレイクする）","＊進化-自分のドラゴン１体の上に置く。
＊このクリーチャーがバトルゾーンにある間、このクリーチャーのパワーは自分の墓地にあるクリーチャー1体につき+2000される。
＊T・ブレイカー（シールドを攻撃したとき、このクリーチャーはシールドを3枚ブレイクする）","■ Evolution-Put on one of your creatures that has Dragon in its race.
■ This creature gets +2000 power for each creature in your graveyard.
■ Triple breaker (This creature breaks 3 shields.)"
1296,race,370:8_S3:DM-08 S3:超神龍アブゾ・ドルバ,ドラゴン・ゾンビ,830,ドラゴン・ゾンビ,ドラゴン・ゾンビ,Zombie Dragon
1297,name,371:8_S4:DM-08 S4:超竜バジュラ,超竜バジュラ,831,超竜バジュラ,erdragon Bajula,Überdragon Bajula
1298,rules,371:8_S4:DM-08 S4:超竜バジュラ,"■進化－自分のドラゴン１体の上に置く。
■このクリーチャーが攻撃するとき、相手のマナゾーンからカードを２枚まで選ぶ。相手はそれを持ち主の墓地に置く。
■Ｔ・ブレイカー（シールドを攻撃したとき、このクリーチャーはシールドを３枚ブレイクする）",832,"＊進化-自分のドラゴン１体の上に置く。
＊このクリーチャーが攻撃するとき、相手のマナゾーンからカードを2枚まで選ぶ。相手はそれを持ち主の墓地に置く。
＊T・ブレイカー（シールドを攻撃したとき、このクリーチャーはシールドを3枚ブレイクする）","＊進化-自分のドラゴン１体の上に置く。
＊このクリーチャーが攻撃するとき、相手のマナゾーンからカードを2枚まで選ぶ。相手はそれを持ち主の墓地に置く。
＊T・ブレイカー（シールドを攻撃したとき、このクリーチャーはシールドを3枚ブレイクする）","■ Evolution-Put on one of your creatures that has Dragon in its race.
■ Whenever this creature attacks, choose up to 2 cards in your opponent's mana zone. Your opponent puts those cards into his graveyard.
■ Triple breaker (This creature breaks 3 shields.)"
1299,race,371:8_S4:DM-08 S4:超竜バジュラ,アーマード・ドラゴン,833,アーマード・ドラゴン,アーマード・ドラゴン,Armored Dragon
1300,name,372:8_S5:DM-08 S5:超神龍バイラス・ゲイル,超神龍バイラス・ゲイル,834,超神龍バイラス・ゲイル,Super Celestial Dragon Bailas Gale,Super Terradragon Bailas Gale
1301,rules,372:8_S5:DM-08 S5:超神龍バイラス・ゲイル,"■進化－自分のドラゴン１体の上に置く。
■このクリーチャーがバトルゾーンにある間、Ｓ・トリガーを使って自分の呪文を唱えたとき、その呪文を墓地に置くかわりに自分の手札に戻す。
■Ｗ・ブレイカー（シールドを攻撃したとき、このクリーチャーはシールドを２枚ブレイクする）",835,"＊進化-自分のドラゴン１体の上に置く。
＊このクリーチャーがバトルゾーンにある間、Ｓ・トリガーを使って自分の呪文を唱えたとき、その呪文を墓地に置くかわりに自分の手札に戻す。
＊W・ブレイカー（シールドを攻撃したとき、このクリーチャーはシールドを2枚ブレイクする）","＊進化-自分のドラゴン１体の上に置く。
＊このクリーチャーがバトルゾーンにある間、Ｓ・トリガーを使って自分の呪文を唱えたとき、その呪文を墓地に置くかわりに自分の手札に戻す。
＊W・ブレイカー（シールドを攻撃したとき、このクリーチャーはシールドを2枚ブレイクする）","■ Evolution-Put on one of your creatures that has Dragon in its race.
■ After you cast a spell by using its ""shield trigger"" ability, put it into your hand instead of your graveyard.
■ Double breaker (This creature breaks 2 shields.)"
1302,race,372:8_S5:DM-08 S5:超神龍バイラス・ゲイル,アース・ドラゴン,836,アース・ドラゴン,アース・ドラゴン,Earth Dragon
1303,name,373:9_1:DM-09 1:守護聖天グレナ・ビューレ,守護聖天グレナ・ビューレ,837,守護聖天グレナ・ビューレ,"Glena Vuele, Sacred Guardian","Glena Vuele, the Hypnotic"
1304,rules,373:9_1:DM-09 1:守護聖天グレナ・ビューレ,"■進化－自分のガーディアン１体の上に置く。
■Ｗ・ブレイカー
■このクリーチャーがバトルゾーンにある間、相手が「Ｓ・トリガー」を使ったとき、自分の山札の上から１枚目を裏向きのまま自分のシールドに加えてもよい。",838,"＊進化－自分のガーディアン１体の上に置く。
＊Ｗ・ブレイカー
＊このクリーチャーがバトルゾーンにある間、相手が「S・トリガー」を使ったとき、自分の山札の上から１枚目を裏向きのまま自分のシールドに加えてもよい。","＊進化－自分のガーディアン１体の上に置く。
＊Ｗ・ブレイカー
＊このクリーチャーがバトルゾーンにある間、相手が「S・トリガー」を使ったとき、自分の山札の上から１枚目を裏向きのまま自分のシールドに加えてもよい。","■ Evolution-Put on one of your Guardians.
■ Double breaker (This creature breaks 2 shields.)
■ Whenever your opponent uses the ""shield trigger"" ability of one of his shields, you may add the top card of your deck to your shields face down."
1305,flavor,373:9_1:DM-09 1:守護聖天グレナ・ビューレ,まさに奇跡の船出だった。,839,まさに奇跡の船出だった。,まさに奇跡の船出だった。,
1306,race,373:9_1:DM-09 1:守護聖天グレナ・ビューレ,ガーディアン,840,ガーディアン,ガーディアン,Guardian
1307,name,374:9_2:DM-09 2:マーチング・スプライト,マーチング・スプライト,841,マーチング・スプライト,Marching Sprite,Marching Motherboard
1308,rules,374:9_2:DM-09 2:マーチング・スプライト,■このクリーチャーがバトルゾーンにある間、自分の他の「サイバー」と付く種族がバトルゾーンに出たとき、カードを１枚引いてもよい。,842,＊このクリーチャーがバトルゾーンにある間、自分の他の「サイバー」と付く種族がバトルゾーンに出たとき、カードを１枚引いてもよい。,＊このクリーチャーがバトルゾーンにある間、自分の他の「サイバー」と付く種族がバトルゾーンに出たとき、カードを１枚引いてもよい。,"■ Whenever you put another creature that has Cyber in its race into the battle zone, you may draw a card."
1309,flavor,374:9_2:DM-09 2:マーチング・スプライト,行進の果てにあるものは、奈落か栄光か。,843,行進の果てにあるものは、奈落か栄光か。,行進の果てにあるものは、奈落か栄光か。,
1310,race,374:9_2:DM-09 2:マーチング・スプライト,サイバー・ウイルス,844,サイバー・ウイルス,サイバー・ウイルス,Cyber Virus
1311,name,375:9_3:DM-09 3:死皇帝アザガースト,死皇帝アザガースト,845,死皇帝アザガースト,"Azaghast, Emperor of Death","Azaghast, Tyrant of Shadows"
1312,rules,375:9_3:DM-09 3:死皇帝アザガースト,"■進化－自分のダークロード１体の上に置く。
■このクリーチャーがバトルゾーンにある間、自分のゴーストがバトルゾーンに出たとき、バトルゾーンにある相手のタップされていないクリーチャーを１体選び、持ち主の墓地に置いてもよい。
■Ｗ・ブレイカー",846,"＊進化-自分のダークロード１体の上に置く。
＊このクリーチャーがバトルゾーンにある間、自分のゴーストがバトルゾーンに出たとき、バトルゾーンにある相手のタップされていないクリーチャーを１体選び、持ち主の墓地に置いてもよい。
＊Ｗ・ブレイカー","＊進化-自分のダークロード１体の上に置く。
＊このクリーチャーがバトルゾーンにある間、自分のゴーストがバトルゾーンに出たとき、バトルゾーンにある相手のタップされていないクリーチャーを１体選び、持ち主の墓地に置いてもよい。
＊Ｗ・ブレイカー","■ Evolution-Put on one of your Dark Lords.
■ Whenever you put a Ghost into the battle zone, you may destroy one of your opponent's untapped creatures.
■ Double breaker (This creature breaks 2 shields.)"
1313,race,375:9_3:DM-09 3:死皇帝アザガースト,ダークロード,847,ダークロード,ダークロード,Dark Lord
1314,name,376:9_4:DM-09 4:聖剣炎獣バーレスク,聖剣炎獣バーレスク,848,聖剣炎獣バーレスク,"Balesk, Fiery beast of the divine fang","Balesk Baj, the Timeburner"
1315,rules,376:9_4:DM-09 4:聖剣炎獣バーレスク,"■進化－自分のアーマード・ワイバーン１体の上に置く。
■このクリーチャーが相手プレイヤーを攻撃してブロックされなかったとき、このターンの後にもう一度自分のターンを行う。
■Ｗ・ブレイカー
■自分のターンの終わりに、このクリーチャーを自分の手札に戻す。",849,"＊進化－自分のアーマード・ワイバーン１体の上に置く。
＊このクリーチャーが相手プレイヤーを攻撃してブロックされなかったとき、このターンの後にもう一度自分のターンを行う。
＊Ｗ・ブレイカー
＊自分のターンの終わりに、このクリーチャーを自分の手札に戻す。","＊進化－自分のアーマード・ワイバーン１体の上に置く。
＊このクリーチャーが相手プレイヤーを攻撃してブロックされなかったとき、このターンの後にもう一度自分のターンを行う。
＊Ｗ・ブレイカー
＊自分のターンの終わりに、このクリーチャーを自分の手札に戻す。","■ Evolution-Put on one of your Armored Wyverns.
■ Whenever this creature is attacking your opponent and isn't blocked, take an extra turn after this one.
■ Double breaker (This creature breaks 2 shields.)
■ At the end of your turn, return this creature to your hand."
1316,race,376:9_4:DM-09 4:聖剣炎獣バーレスク,アーマード・ワイバーン,850,アーマード・ワイバーン,アーマード・ワイバーン,Armored Wyvern
1317,name,377:9_5:DM-09 5:鼓舞の化身,鼓舞の化身,851,鼓舞の化身,Dancing Totem,"Vreemah, Freaky Mojo Totem"
1318,rules,377:9_5:DM-09 5:鼓舞の化身,■このクリーチャーがバトルゾーンにある間、自分の他のクリーチャーがバトルゾーンに出るたび、このターンの終わりまで、バトルゾーンにあるビーストフォークのパワーは+2000され、「Ｗ・ブレイカー」を得る。,852,＊このクリーチャーがバトルゾーンにある間、自分の他のクリーチャーがバトルゾーンに出るたび、このターンの終わりまで、バトルゾーンにあるビーストフォークのパワーは+2000され、「Ｗ・ブレイカー」を得る。,＊このクリーチャーがバトルゾーンにある間、自分の他のクリーチャーがバトルゾーンに出るたび、このターンの終わりまで、バトルゾーンにあるビーストフォークのパワーは+2000され、「Ｗ・ブレイカー」を得る。,"■ Whenever you put another creature into the battle zone, each Beast Folk in the battle zone gets +2000 power and ""double breaker"" until the end of the turn. (A creature that has ""double breaker"" breaks 2 shields.)"
1319,flavor,377:9_5:DM-09 5:鼓舞の化身,「うらうらうらうら殴るずら！」---鼓舞の化身,853,「うらうらうらうら殴るずら！」---鼓舞の化身,「うらうらうらうら殴るずら！」---鼓舞の化身,
1320,race,377:9_5:DM-09 5:鼓舞の化身,ミステリー・トーテム,854,ミステリー・トーテム,ミステリー・トーテム,Mystery Totem
1321,name,378:9_6:DM-09 6:天光の精霊ミハイル,天光の精霊ミハイル,855,天光の精霊ミハイル,"Mihail, Celestial Elemental","Mihail, Celestial Elemental"
1322,rules,378:9_6:DM-09 6:天光の精霊ミハイル,■このクリーチャーがバトルゾーンにある間、他のクリーチャーがバトルゾーンから墓地に置かれるとき、そのクリーチャーは墓地に置かれるかわりにバトルゾーンにとどまる。,856,＊このクリーチャーがバトルゾーンにある間、他のクリーチャーがバトルゾーンから墓地に置かれるとき、そのクリーチャーは墓地に置かれるかわりにバトルゾーンにとどまる。,＊このクリーチャーがバトルゾーンにある間、他のクリーチャーがバトルゾーンから墓地に置かれるとき、そのクリーチャーは墓地に置かれるかわりにバトルゾーンにとどまる。,"■ Whenever another creature would be destroyed, it stays in the battle zone instead."
1323,flavor,378:9_6:DM-09 6:天光の精霊ミハイル,シルヴァー・グローリーの門から、死者の魂が肉体へと帰還する！,857,シルヴァー・グローリーの門から、死者の魂が肉体へと帰還する！,シルヴァー・グローリーの門から、死者の魂が肉体へと帰還する！,
1324,race,378:9_6:DM-09 6:天光の精霊ミハイル,エンジェル・コマンド,858,エンジェル・コマンド,エンジェル・コマンド,Angel Command
1325,name,379:9_7:DM-09 7:予言者ミキュート,予言者ミキュート,859,予言者ミキュート,"Micute, the Prophet","Micute, the Oracle"
1326,rules,379:9_7:DM-09 7:予言者ミキュート,■このクリーチャーがバトルゾーンにある間、自分のガーディアンがバトルゾーンに出たとき、バトルゾーンにある相手のクリーチャーを１体選び、タップしてもよい。,860,＊このクリーチャーがバトルゾーンにある間、自分のガーディアンがバトルゾーンに出たとき、バトルゾーンにある相手のクリーチャーを１体選び、タップしてもよい。,＊このクリーチャーがバトルゾーンにある間、自分のガーディアンがバトルゾーンに出たとき、バトルゾーンにある相手のクリーチャーを１体選び、タップしてもよい。,"■ Whenever you put a Guardian into the battle zone, you may choose one of your opponent's creatures in the battle zone and tap it."
1327,flavor,379:9_7:DM-09 7:予言者ミキュート,シルヴァー・グローリーの記憶が刻まれている。,861,シルヴァー・グローリーの記憶が刻まれている。,シルヴァー・グローリーの記憶が刻まれている。,
1328,race,379:9_7:DM-09 7:予言者ミキュート,ライトブリンガー,862,ライトブリンガー,ライトブリンガー,Light Bringer
1329,name,380:9_8:DM-09 8:セレブ・チャージャー,セレブ・チャージャー,863,セレブ・チャージャー,Celeb Charger,Nexus Charger
1330,rules,380:9_8:DM-09 8:セレブ・チャージャー,"■自分の手札から１枚選び、裏向きにして自分のシールドに加える。
■チャージャー（この呪文を唱えた後、墓地に置くかわりに自分のマナゾーンに置く）",864,"＊自分の手札から１枚選び、裏向きにして自分のシールドに加える。
＊チャージャー（この呪文を唱えた後、墓地に置くかわりに自分のマナゾーンに置く）","＊自分の手札から１枚選び、裏向きにして自分のシールドに加える。
＊チャージャー（この呪文を唱えた後、墓地に置くかわりに自分のマナゾーンに置く）","■ Add a card from your hand to your shields face down.
■ Charger (After you cast this spell, put it into your mana zone instead of your graveyard.)"
1331,flavor,380:9_8:DM-09 8:セレブ・チャージャー,神々しい風が吹くと、廃虚だったはずの街は再び活動を始めた。,865,神々しい風が吹くと、廃虚だったはずの街は再び活動を始めた。,神々しい風が吹くと、廃虚だったはずの街は再び活動を始めた。,
1332,name,381:9_9:DM-09 9:エンペラー・マロル,エンペラー・マロル,866,エンペラー・マロル,Emperor Maroll,Emperor Maroll
1333,rules,381:9_9:DM-09 9:エンペラー・マロル,"■進化－自分のサイバーロード１体の上に置く。
■このクリーチャーがバトルゾーンにある間、自分の他のクリーチャーがバトルゾーンに出たとき、このクリーチャーを自分の手札に戻す。
■このクリーチャーがブロックされたとき、バトルは行われない。ブロックしたクリーチャーを持ち主の手札に戻す。",867,"＊進化－自分のサイバーロード１体の上に置く。
＊このクリーチャーがバトルゾーンにある間、自分の他のクリーチャーがバトルゾーンに出たとき、このクリーチャーを自分の手札に戻す。
＊このクリーチャーがブロックされたとき、バトルは行われない。ブロックしたクリーチャーを持ち主の手札に戻す。","＊進化－自分のサイバーロード１体の上に置く。
＊このクリーチャーがバトルゾーンにある間、自分の他のクリーチャーがバトルゾーンに出たとき、このクリーチャーを自分の手札に戻す。
＊このクリーチャーがブロックされたとき、バトルは行われない。ブロックしたクリーチャーを持ち主の手札に戻す。","■ Evolution-Put on one of your Cyber Lords.
■ Whenever you put another creature into the battle zone, return this creature to your hand.
■ Whenever this creature becomes blocked, return the blocking creature to its owner's hand. (This creature stays tapped.)"
1334,race,381:9_9:DM-09 9:エンペラー・マロル,サイバーロード,868,サイバーロード,サイバーロード,Cyber Lord
1335,name,382:9_10:DM-09 10:ストーク・クロウラー,ストーク・クロウラー,869,ストーク・クロウラー,Stalking Crawler,Zeppelin Crawler
1336,rules,382:9_10:DM-09 10:ストーク・クロウラー,"■ブロッカー
■このクリーチャーは攻撃することができない。
■このクリーチャーがブロックしたとき、自分の山札の上から４枚を見る。その中から１枚選んで自分の手札に加え、他の３枚を好きな順で自分の山札の一番下に戻す。",870,"{B}ブロッカー
＊このクリーチャーは攻撃することができない。
＊このクリーチャーがブロックしたとき、自分の山札の上から４枚を見る。その中から１枚選んで自分の手札に加え、他の３枚を好きな順で自分の山札の一番下に戻す。","{B}ブロッカー
＊このクリーチャーは攻撃することができない。
＊このクリーチャーがブロックしたとき、自分の山札の上から４枚を見る。その中から１枚選んで自分の手札に加え、他の３枚を好きな順で自分の山札の一番下に戻す。","■ Blocker (Whenever an opponent's creature attacks, you may tap this creature to stop the attack. Then the 2 creatures battle.)
■ This creature can't attack.
■ Whenever this creature blocks, look at the top 4 cards of your deck. Put one of them into your hand, and put the rest on the bottom of your deck in any order."
1337,race,382:9_10:DM-09 10:ストーク・クロウラー,アースイーター,871,アースイーター,アースイーター,Earth Eater
1338,name,383:9_11:DM-09 11:アナライズ・チャージャー,アナライズ・チャージャー,872,アナライズ・チャージャー,Analyze Charger,Abduction Charger
1339,rules,383:9_11:DM-09 11:アナライズ・チャージャー,"■バトルゾーンにあるクリーチャーを２体まで選び、持ち主の手札に戻す。
■チャージャー（この呪文を唱えた後、墓地に置くかわりに自分のマナゾーンに置く）",873,"＊バトルゾーンにあるクリーチャーを２体まで選び、持ち主の手札に戻す。
＊チャージャー（この呪文を唱えた後、墓地に置くかわりに自分のマナゾーンに置く）","＊バトルゾーンにあるクリーチャーを２体まで選び、持ち主の手札に戻す。
＊チャージャー（この呪文を唱えた後、墓地に置くかわりに自分のマナゾーンに置く）","■ Choose up to 2 creatures in the battle zone and return them to their owners' hands.
■ Charger (After you cast this spell, put it into your mana zone instead of your graveyard.)"
1340,flavor,383:9_11:DM-09 11:アナライズ・チャージャー,押さば引け。引かば押せ。,874,押さば引け。引かば押せ。,押さば引け。引かば押せ。,
1341,name,384:9_12:DM-09 12:闘将バグザグール,闘将バグザグール,875,闘将バグザグール,"Bagzaghul, General of War","Gabzagul, Warlord of Pain"
1342,rules,384:9_12:DM-09 12:闘将バグザグール,■このクリーチャーがバトルゾーンにある間、すべてのクリーチャーは、可能なら毎ターン攻撃する。,876,＊このクリーチャーがバトルゾーンにある間、すべてのクリーチャーは、可能なら毎ターン攻撃する。,＊このクリーチャーがバトルゾーンにある間、すべてのクリーチャーは、可能なら毎ターン攻撃する。,■ Each creature attacks each turn if able.
1343,flavor,384:9_12:DM-09 12:闘将バグザグール,「貴様らの命、死皇帝アザガーストに捧げよ！」---　闘将バグザグール,877,「貴様らの命、死皇帝アザガーストに捧げよ！」---　闘将バグザグール,「貴様らの命、死皇帝アザガーストに捧げよ！」---　闘将バグザグール,
1344,race,384:9_12:DM-09 12:闘将バグザグール,ダークロード,878,ダークロード,ダークロード,Dark Lord
1345,name,385:9_13:DM-09 13:崩壊の影デス・タギア,崩壊の影デス・タギア,879,崩壊の影デス・タギア,"Death Tagir, Shadow of Destruction","Ice Vapor, Shadow of Anguish"
1346,rules,385:9_13:DM-09 13:崩壊の影デス・タギア,■このクリーチャーがバトルゾーンにある間、相手は呪文を唱えたとき、自分自身の手札を１枚選び、持ち主の墓地に置く。その後、相手は自分自身のマナゾーンからカードを１枚選び、持ち主の墓地に置く。,880,＊このクリーチャーがバトルゾーンにある間、相手は呪文を唱えたとき、自分自身の手札を1枚選び、持ち主の墓地に置く。その後、相手は自分自身のマナゾーンからカードを1枚選び、持ち主の墓地に置く。,＊このクリーチャーがバトルゾーンにある間、相手は呪文を唱えたとき、自分自身の手札を1枚選び、持ち主の墓地に置く。その後、相手は自分自身のマナゾーンからカードを1枚選び、持ち主の墓地に置く。,"■ Whenever your opponent casts a spell, he chooses and discards a card from his hand, then chooses a card in his mana zone and puts it into his graveyard."
1347,flavor,385:9_13:DM-09 13:崩壊の影デス・タギア,「死の支配者たる我々に勝てると思うな！」---　崩壊の影デス・タギア,881,「死の支配者たる我々に勝てると思うな！」---　崩壊の影デス・タギア,「死の支配者たる我々に勝てると思うな！」---　崩壊の影デス・タギア,
1348,race,385:9_13:DM-09 13:崩壊の影デス・タギア,ゴースト,882,ゴースト,ゴースト,Ghost
1349,name,386:9_14:DM-09 14:ロスト・チャージャー,ロスト・チャージャー,883,ロスト・チャージャー,Lost Charger,Slash Charger
1350,rules,386:9_14:DM-09 14:ロスト・チャージャー,"■自分または相手の山札を見る。その中からカードを１枚選び、持ち主の墓地に置いてもよい。その後、そのカードの持ち主は山札をシャッフルする。
■チャージャー（この呪文を唱えた後、墓地に置くかわりに自分のマナゾーンに置く）",884,"＊自分または相手の山札を見る。その中からカードを１枚選び、持ち主の墓地に置いてもよい。その後、そのカードの持ち主は山札をシャッフルする。
＊チャージャー（この呪文を唱えた後、墓地に置くかわりに自分のマナゾーンに置く）","＊自分または相手の山札を見る。その中からカードを１枚選び、持ち主の墓地に置いてもよい。その後、そのカードの持ち主は山札をシャッフルする。
＊チャージャー（この呪文を唱えた後、墓地に置くかわりに自分のマナゾーンに置く）","■ Search a player's deck. You may take a card from that deck and put it into that player's graveyard. Then the player shuffles his deck.
■ Charger (After you cast this spell, put it into your mana zone instead of your graveyard.)"
1351,flavor,386:9_14:DM-09 14:ロスト・チャージャー,闇の甘言は耳に優しい。,885,闇の甘言は耳に優しい。,闇の甘言は耳に優しい。,
1352,name,387:9_15:DM-09 15:特攻隊長マイキー,特攻隊長マイキー,886,特攻隊長マイキー,Shock Trooper Mykee,Shock Trooper Mykee
1353,rules,387:9_15:DM-09 15:特攻隊長マイキー,"■スピードアタッカー(このクリーチャーは召喚酔いしない）
■このクリーチャーが相手プレイヤーを攻撃してブロックされなかったとき、バトルゾーンにあるパワー3000以下の相手のクリーチャーを１体選び、持ち主の墓地に置いてもよい。",887,"＊スピードアタッカー(このクリーチャーは召喚酔いしない）
＊このクリーチャーが相手プレイヤーを攻撃してブロックされなかったとき、バトルゾーンにあるパワー3000以下の相手のクリーチャーを１体選び、持ち主の墓地に置いてもよい。","＊スピードアタッカー(このクリーチャーは召喚酔いしない）
＊このクリーチャーが相手プレイヤーを攻撃してブロックされなかったとき、バトルゾーンにあるパワー3000以下の相手のクリーチャーを１体選び、持ち主の墓地に置いてもよい。","■ Speed attacker (This creature doesn't get summoning sickness.)
■ Whenever this creature is attacking your opponent and isn't blocked, you may destroy one of your opponent's creatures that has power 3000 or less."
1354,flavor,387:9_15:DM-09 15:特攻隊長マイキー,三体の友を従え、必殺の刀を振りかざす！,888,三体の友を従え、必殺の刀を振りかざす！,三体の友を従え、必殺の刀を振りかざす！,"With three comrades at his side, he raises his deadly blade!"
1355,race,387:9_15:DM-09 15:特攻隊長マイキー,ヒューマノイド,889,ヒューマノイド,ヒューマノイド,Human
1356,name,388:9_16:DM-09 16:猿神兵アッシュ,猿神兵アッシュ,890,猿神兵アッシュ,Simian Trooper Ash,Simian Warrior Grash
1357,rules,388:9_16:DM-09 16:猿神兵アッシュ,■このクリーチャーがバトルゾーンにある間、自分のアーマロイドがバトルゾーンから自分の墓地に置かれたとき、相手は自分自身のマナゾーンからカードを１枚選び、持ち主の墓地に置く。,891,＊このクリーチャーがバトルゾーンにある間、自分のアーマロイドがバトルゾーンから自分の墓地に置かれたとき、相手は自分自身のマナゾーンからカードを１枚選び、持ち主の墓地に置く。,＊このクリーチャーがバトルゾーンにある間、自分のアーマロイドがバトルゾーンから自分の墓地に置かれたとき、相手は自分自身のマナゾーンからカードを１枚選び、持ち主の墓地に置く。,"■ Whenever one of your Armorloids is destroyed, your opponent chooses a card in his mana zone and puts it into his graveyard."
1358,flavor,388:9_16:DM-09 16:猿神兵アッシュ,うなる拳。飛び交う弾頭。隠しきれない炎の闘志！,892,うなる拳。飛び交う弾頭。隠しきれない炎の闘志！,うなる拳。飛び交う弾頭。隠しきれない炎の闘志！,
1359,race,388:9_16:DM-09 16:猿神兵アッシュ,アーマロイド,893,アーマロイド,アーマロイド,Armorloid
1360,name,389:9_17:DM-09 17:サウザンド・スピア,サウザンド・スピア,894,サウザンド・スピア,Thousand Spears,Blizzard of Spears
1361,rules,389:9_17:DM-09 17:サウザンド・スピア,■バトルゾーンにあるパワー4000以下のクリーチャーをすべて持ち主の墓地に置く。,895,＊バトルゾーンにあるパワー4000以下のクリーチャーをすべて持ち主の墓地に置く。,＊バトルゾーンにあるパワー4000以下のクリーチャーをすべて持ち主の墓地に置く。,■ Destroy all creatures that have power 4000 or less.
1362,flavor,389:9_17:DM-09 17:サウザンド・スピア,空が真っ赤に燃え尽きる！,896,空が真っ赤に燃え尽きる！,空が真っ赤に燃え尽きる！,
1363,name,390:9_18:DM-09 18:大勇者「猛虎の怒り」,大勇者「猛虎の怒り」,897,大勇者「猛虎の怒り」,Storm Crow,"Storm Wrangler, the Furious"
1364,rules,390:9_18:DM-09 18:大勇者「猛虎の怒り」,"■進化－自分のビーストフォーク１体の上に置く。
■このクリーチャーが攻撃するとき、相手の「ブロッカー」を持つクリーチャーを１体選んでもよい。このターン、そのクリーチャーは、可能であればこのクリーチャーの攻撃をブロックし、このクリーチャーは他のクリーチャーにブロックされない。
■このクリーチャーがブロックされたとき、このターンの終わりまで、このクリーチャーのパワーは+3000される。",898,"＊進化－自分のビーストフォーク１体の上に置く。
＊このクリーチャーが攻撃するとき、相手の「ブロッカー」を持つクリーチャーを１体選んでもよい。このターン、そのクリーチャーは、可能であればこのクリーチャーの攻撃をブロックし、このクリーチャーは他のクリーチャーにブロックされない。
＊このクリーチャーがブロックされたとき、このターンの終わりまで、このクリーチャーのパワーは+3000される。","＊進化－自分のビーストフォーク１体の上に置く。
＊このクリーチャーが攻撃するとき、相手の「ブロッカー」を持つクリーチャーを１体選んでもよい。このターン、そのクリーチャーは、可能であればこのクリーチャーの攻撃をブロックし、このクリーチャーは他のクリーチャーにブロックされない。
＊このクリーチャーがブロックされたとき、このターンの終わりまで、このクリーチャーのパワーは+3000される。","■ Evolution-Put on one of your Beast Folk.
■ Whenever this creature attacks, you may choose one of your opponent's untapped creatures that has ""blocker."" This turn, that creature blocks this creature if able and this creature can't be blocked by other creatures.
■ Whenever this creature becomes blocked, it gets +3000 power until the end of the turn."
1365,race,390:9_18:DM-09 18:大勇者「猛虎の怒り」,ビーストフォーク,899,ビーストフォーク,ビーストフォーク,Beast Folk
1366,name,391:9_19:DM-09 19:緑神龍アンリストヴァル,緑神龍アンリストヴァル,900,緑神龍アンリストヴァル,Green Celestial Dragn Anrist Vhal,Terradragon Anrist Vhal
1367,rules,391:9_19:DM-09 19:緑神龍アンリストヴァル,"■このクリーチャーのパワーは、バトルゾーンにある自分の他の自然のクリーチャー１体につき+2000される。
■このクリーチャーは、パワーが6000以上のとき、「Ｗ・ブレイカー」を得る。",901,"＊このクリーチャーのパワーは、バトルゾーンにある自分の他の自然のクリーチャー１体につき+2000される。
＊このクリーチャーは、パワーが6000以上のとき、「Ｗ・ブレイカー」を得る。","＊このクリーチャーのパワーは、バトルゾーンにある自分の他の自然のクリーチャー１体につき+2000される。
＊このクリーチャーは、パワーが6000以上のとき、「Ｗ・ブレイカー」を得る。","■ This creature gets +2000 power for each of your other nature creatures in the battle zone. (A creature that has power 0 or less is destroyed.)
■ While this creature has power 6000 or more, it has ""double breaker (This creature breaks 2 shields)."""
1368,flavor,391:9_19:DM-09 19:緑神龍アンリストヴァル,世界に満ちた怒号の渦が、龍の怒りを増加する！,902,世界に満ちた怒号の渦が、龍の怒りを増加する！,世界に満ちた怒号の渦が、龍の怒りを増加する！,
1369,race,391:9_19:DM-09 19:緑神龍アンリストヴァル,アース・ドラゴン,903,アース・ドラゴン,アース・ドラゴン,Earth Dragon
1370,name,392:9_20:DM-09 20:クリスタル・フュージョン,クリスタル・フュージョン,904,クリスタル・フュージョン,Crystal Fusion,Mana Bonanza
1371,rules,392:9_20:DM-09 20:クリスタル・フュージョン,■自分のマナゾーンにあるカードと同じ枚数のカードを、自分の山札の上から取り、自分のマナゾーンにタップして置く。,905,＊自分のマナゾーンにあるカードと同じ枚数のカードを、自分の山札の上から取り、自分のマナゾーンにタップして置く。,＊自分のマナゾーンにあるカードと同じ枚数のカードを、自分の山札の上から取り、自分のマナゾーンにタップして置く。,"■ For each card in your mana zone, put a card from the top of your deck into your mana zone tapped."
1372,flavor,392:9_20:DM-09 20:クリスタル・フュージョン,水晶が輝くと、きらり光るマナの群れは動きを早め、ぶつかり合っては分裂していく。,906,水晶が輝くと、きらり光るマナの群れは動きを早め、ぶつかり合っては分裂していく。,水晶が輝くと、きらり光るマナの群れは動きを早め、ぶつかり合っては分裂していく。,
1373,name,393:9_21:DM-09 21:月虹の守護者アール・ノアール,月虹の守護者アール・ノアール,907,月虹の守護者アール・ノアール,"Art Noir, Guardian of the Lunar Rainbow","Tra Rion, Penumbra Guardian"
1374,rules,393:9_21:DM-09 21:月虹の守護者アール・ノアール,"■このクリーチャーで攻撃するかわりに、タップして次の[Ｔ]能力を使ってもよい。  
[Ｔ]－種族を1つ選ぶ。このターンの終わりに、バトルゾーンにあるその種族のクリーチャーをすべてアンタップする。",908,"＊このクリーチャーで攻撃するかわりに、タップして次の t 能力を使ってもよい。  
t 種族を1つ選ぶ。このターンの終わりに、バトルゾーンにあるその種族のクリーチャーをすべてアンタップする。","＊このクリーチャーで攻撃するかわりに、タップして次の t 能力を使ってもよい。  
t 種族を1つ選ぶ。このターンの終わりに、バトルゾーンにあるその種族のクリーチャーをすべてアンタップする。","■ Instead of having this creature attack, you may tap it to use its tap ability.
 Choose a race. At the end of this turn, untap all creatures of that race in the battle zone."
1375,flavor,393:9_21:DM-09 21:月虹の守護者アール・ノアール,「なんだなんだ、あいつら勝手に治ってんよ！」---　小さな勇者ゲット,909,「なんだなんだ、あいつら勝手に治ってんよ！」---　小さな勇者ゲット,「なんだなんだ、あいつら勝手に治ってんよ！」---　小さな勇者ゲット,
1376,race,393:9_21:DM-09 21:月虹の守護者アール・ノアール,ガーディアン,910,ガーディアン,ガーディアン,Guardian
1377,name,394:9_22:DM-09 22:宣凶師ベトラーレ,宣凶師ベトラーレ,911,宣凶師ベトラーレ,"Betrale, the Missionary","Betrale, the Explorer"
1378,rules,394:9_22:DM-09 22:宣凶師ベトラーレ,"■ブロッカー
■このクリーチャーは相手プレイヤーを攻撃できない。
■このクリーチャーがバトルゾーンにある間、自分のターンの終わりに、このクリーチャーをアンタップしてもよい。",912,"{B}ブロッカー
＊このクリーチャーは相手プレイヤーを攻撃できない。
＊このクリーチャーがバトルゾーンにある間、自分のターンの終わりに、このクリーチャーをアンタップしてもよい。","{B}ブロッカー
＊このクリーチャーは相手プレイヤーを攻撃できない。
＊このクリーチャーがバトルゾーンにある間、自分のターンの終わりに、このクリーチャーをアンタップしてもよい。","■ Blocker (Whenever an opponent's creature attacks, you may tap this creature to stop the attack. Then the 2 creatures battle.)
■ This creature can't attack players.
■ At the end of each of your turns, you may untap this creature."
1379,flavor,394:9_22:DM-09 22:宣凶師ベトラーレ,宣凶師は倒した敵の資材を利用し、次の戦いの準備を行う。,913,宣凶師は倒した敵の資材を利用し、次の戦いの準備を行う。,宣凶師は倒した敵の資材を利用し、次の戦いの準備を行う。,
1380,race,394:9_22:DM-09 22:宣凶師ベトラーレ,グラディエーター,914,グラディエーター,グラディエーター,Gladiator
1381,name,395:9_23:DM-09 23:センチネル・ガード,センチネル・ガード,915,センチネル・ガード,Sentinel Guard,Unified Resistance
1382,rules,395:9_23:DM-09 23:センチネル・ガード,"■Ｓ・トリガー
■種族を1つ選ぶ。次の自分のターンが始まるまで、バトルゾーンにあるその種族のクリーチャーはすべて「ブロッカー」を得る。",916,"{ST} S・トリガー
＊種族を1つ選ぶ。次の自分のターンが始まるまで、バトルゾーンにあるその種族のクリーチャーはすべて「ブロッカー」を得る。","{ST} S・トリガー
＊種族を1つ選ぶ。次の自分のターンが始まるまで、バトルゾーンにあるその種族のクリーチャーはすべて「ブロッカー」を得る。","■ Shield trigger (When this card is put into your hand from your shield zone, you may play it immediately for no cost.)
■ Choose a race. Until the start of your next turn, each of your creatures in the battle zone of that race gets ""blocker""."
1383,flavor,395:9_23:DM-09 23:センチネル・ガード,鋼の意志が全てを防ぐ。,917,鋼の意志が全てを防ぐ。,鋼の意志が全てを防ぐ。,A will of steel defends against everything.
1384,name,396:9_24:DM-09 24:ティコラクス,ティコラクス,918,ティコラクス,Tekorax,Tekorax
1385,rules,396:9_24:DM-09 24:ティコラクス,■このクリーチャーがバトルゾーンに出たとき、相手のシールドをすべて見る。その後、そのシールドを元の場所に戻す。,919,＊このクリーチャーがバトルゾーンに出たとき、相手のシールドをすべて見る。その後、そのシールドを元の場所に戻す。,＊このクリーチャーがバトルゾーンに出たとき、相手のシールドをすべて見る。その後、そのシールドを元の場所に戻す。,"■ When you put this creature into the battle zone, look at your opponent's shields. Then put them back where they were."
1386,flavor,396:9_24:DM-09 24:ティコラクス,ティコラクスを通し、サファイア・ミスティは全てを把握していた。,920,ティコラクスを通し、サファイア・ミスティは全てを把握していた。,ティコラクスを通し、サファイア・ミスティは全てを把握していた。,
1387,race,396:9_24:DM-09 24:ティコラクス,シー・ハッカー,921,シー・ハッカー,シー・ハッカー,Sea Hacker
1388,name,397:9_25:DM-09 25:ポキラ,ポキラ,922,ポキラ,Pokira,Hokira
1389,rules,397:9_25:DM-09 25:ポキラ,"■このクリーチャーで攻撃するかわりに、タップして次の[Ｔ]能力を使ってもよい。  
[Ｔ]－種族を1つ選ぶ。このターン、その種族のクリーチャーがバトルゾーンから自分の墓地に置かれるとき、墓地に置くかわりに自分の手札に戻す。",923,"＊このクリーチャーで攻撃するかわりに、タップして次の t 能力を使ってもよい。  
t 種族を1つ選ぶ。このターン、その種族のクリーチャーがバトルゾーンから自分の墓地に置かれるとき、墓地に置くかわりに自分の手札に戻す。","＊このクリーチャーで攻撃するかわりに、タップして次の t 能力を使ってもよい。  
t 種族を1つ選ぶ。このターン、その種族のクリーチャーがバトルゾーンから自分の墓地に置かれるとき、墓地に置くかわりに自分の手札に戻す。","■ Instead of having this creature attack, you may tap it to use its tap ability.
 Choose a race. Whenever one of your creatures of that race would be destroyed this turn, return it to your hand instead."
1390,race,397:9_25:DM-09 25:ポキラ,サイバーロード,924,サイバーロード,サイバーロード,Cyber Lord
1391,name,398:9_26:DM-09 26:サブマリン・プロジェクト,サブマリン・プロジェクト,925,サブマリン・プロジェクト,Submarine  Project,Submarine Project
1392,rules,398:9_26:DM-09 26:サブマリン・プロジェクト,"■Ｓ・トリガー
■自分の山札の上から４枚を見る。その中から１枚選んで自分の手札に加え、他の３枚を好きな順で自分の山札の一番下に戻す。",926,"{ST} S・トリガー
＊自分の山札の上から４枚を見る。その中から１枚選んで自分の手札に加え、他の３枚を好きな順で自分の山札の一番下に戻す。","{ST} S・トリガー
＊自分の山札の上から４枚を見る。その中から１枚選んで自分の手札に加え、他の３枚を好きな順で自分の山札の一番下に戻す。","■ Shield trigger (When this card is put into your hand from your shield zone, you may play it immediately for no cost.)
■ Look at the top 4 cards of your deck. Put one of them into your hand, and put the rest on the bottom of your deck in any order."
1393,flavor,398:9_26:DM-09 26:サブマリン・プロジェクト,計画無き戦争に、勝利なし。,927,計画無き戦争に、勝利なし。,計画無き戦争に、勝利なし。,
1394,name,399:9_27:DM-09 27:黒神龍イゾリストヴァル,黒神龍イゾリストヴァル,928,黒神龍イゾリストヴァル,Black Celestial Dragon Izorist Vhal ,Necrodragon Izorist Vhal
1395,rules,399:9_27:DM-09 27:黒神龍イゾリストヴァル,"■このクリーチャーがバトルゾーンにある間、このクリーチャーのパワーは、自分の墓地にある闇のクリーチャー１体につき+2000される。
■このクリーチャーは、パワーが6000以上のとき、「Ｗ・ブレイカー」を得る。",929,"＊このクリーチャーがバトルゾーンにある間、このクリーチャーのパワーは、自分の墓地にある闇のクリーチャー1体につき+2000される。
＊このクリーチャーは、パワーが6000以上のとき、「Ｗ・ブレイカー」を得る。","＊このクリーチャーがバトルゾーンにある間、このクリーチャーのパワーは、自分の墓地にある闇のクリーチャー1体につき+2000される。
＊このクリーチャーは、パワーが6000以上のとき、「Ｗ・ブレイカー」を得る。","■ This creature gets +2000 power for each darkness creature in your graveyard. (A creature that has power 0 or less is destroyed.)
■ While this creature has power 6000 or more, it has ""Double breaker (This creature breaks 2 shields)."""
1396,flavor,399:9_27:DM-09 27:黒神龍イゾリストヴァル,世界に満ちた怨念が、龍の顎を研ぎ澄ます！,930,世界に満ちた怨念が、龍の顎を研ぎ澄ます！,世界に満ちた怨念が、龍の顎を研ぎ澄ます！,
1397,race,399:9_27:DM-09 27:黒神龍イゾリストヴァル,ドラゴン・ゾンビ,931,ドラゴン・ゾンビ,ドラゴン・ゾンビ,Zombie Dragon
1398,name,400:9_28:DM-09 28:毒牙虫ベノム・ワーム,毒牙虫ベノム・ワーム,932,毒牙虫ベノム・ワーム,Venom Worm,Venom Worm
1399,rules,400:9_28:DM-09 28:毒牙虫ベノム・ワーム,"■このクリーチャーで攻撃するかわりに、タップして次の[Ｔ]能力を使ってもよい。
[Ｔ]－種族を1つ選ぶ。このターンが終わるまで、その種族のクリーチャーは「スレイヤー」を得る。（「スレイヤー」を持つクリーチャーとバトルした相手クリーチャーは、勝っても持ち主の墓地に置かれる）",933,"＊このクリーチャーで攻撃するかわりに、タップして次の t 能力を使ってもよい。
 t 種族を1つ選ぶ。このターンが終わるまで、その種族のクリーチャーは「スレイヤー」を得る。（「スレイヤー」を持つクリーチャーとバトルした相手クリーチャーは、勝っても持ち主の墓地に置かれる）","＊このクリーチャーで攻撃するかわりに、タップして次の t 能力を使ってもよい。
 t 種族を1つ選ぶ。このターンが終わるまで、その種族のクリーチャーは「スレイヤー」を得る。（「スレイヤー」を持つクリーチャーとバトルした相手クリーチャーは、勝っても持ち主の墓地に置かれる）","■ Instead of having this creature attack, you may tap it to use its tap ability.
 Choose a race. Each creature of that race gets ""slayer"" until the end of the turn. (Whenever a creature that has ""slayer"" battles, destroy the other creature after the battle.)"
1400,race,400:9_28:DM-09 28:毒牙虫ベノム・ワーム,パラサイトワーム,934,パラサイトワーム,パラサイトワーム,Parasite Worm
1401,name,401:9_29:DM-09 29:生命剥奪,生命剥奪,935,生命剥奪,Steal Soul,Grinning Hunger
1402,rules,401:9_29:DM-09 29:生命剥奪,■相手は、バトルゾーンにある自分自身のクリーチャー１体か、自分自身のシールドを１枚選び、それを持ち主の墓地に置く。ただし、その「Ｓ・トリガー」は使えない。,936,＊相手は、バトルゾーンにある自分自身のクリーチャー1体か、自分自身のシールドを1枚選び、それを持ち主の墓地に置く。ただし、その「Ｓ・トリガー」は使えない。,＊相手は、バトルゾーンにある自分自身のクリーチャー1体か、自分自身のシールドを1枚選び、それを持ち主の墓地に置く。ただし、その「Ｓ・トリガー」は使えない。,■ Your opponent chooses one of his creatures in the battle zone or one of his shields and puts it into his graveyard.
1403,flavor,401:9_29:DM-09 29:生命剥奪,選んだ犠牲に対して、何と言葉をかければ良いのだろうか。,937,選んだ犠牲に対して、何と言葉をかければ良いのだろうか。,選んだ犠牲に対して、何と言葉をかければ良いのだろうか。,
1404,name,402:9_30:DM-09 30:ジョー・リザード,ジョー・リザード,938,ジョー・リザード,Joe Lizard,Snaptongue Lizard
1405,rules,402:9_30:DM-09 30:ジョー・リザード,"■このクリーチャーは、クリーチャーを攻撃するときブロックされない。
■パワーアタッカー+3000（攻撃中、このクリーチャーのパワーは+3000される）",939,"＊このクリーチャーは、クリーチャーを攻撃するときブロックされない。
＊パワーアタッカー+3000（攻撃中、このクリーチャーのパワーは+3000される）","＊このクリーチャーは、クリーチャーを攻撃するときブロックされない。
＊パワーアタッカー+3000（攻撃中、このクリーチャーのパワーは+3000される）","■ While attacking a creature, this creature can't be blocked.
■ Power attacker +3000 (While attacking, this creature gets +3000 power.)"
1406,flavor,402:9_30:DM-09 30:ジョー・リザード,「障害は全て解除済み。さあ、地中を発進だ！」---　爆炎野郎ジョー,940,「障害は全て解除済み。さあ、地中を発進だ！」---　爆炎野郎ジョー,「障害は全て解除済み。さあ、地中を発進だ！」---　爆炎野郎ジョー,
1407,race,402:9_30:DM-09 30:ジョー・リザード,デューンゲッコー,941,デューンゲッコー,デューンゲッコー,Dune Gecko
1408,name,403:9_31:DM-09 31:ジージョのトンカチ,ジージョのトンカチ,942,ジージョのトンカチ,Gigioﾕs Hammer,Gigio's Hammer
1409,rules,403:9_31:DM-09 31:ジージョのトンカチ,"■このクリーチャーで攻撃するかわりに、タップして次の[Ｔ]能力を使ってもよい。
[Ｔ]－種族を1つ選ぶ。このターン、その種族のクリーチャーは、可能であれば攻撃し、「パワーアタッカー+4000」を得る。",943,"＊このクリーチャーで攻撃するかわりに、タップして次の t 能力を使ってもよい。  
t 種族を1つ選ぶ。このターン、その種族のクリーチャーは、可能であれば攻撃し、「パワーアタッカー+4000」を得る。","＊このクリーチャーで攻撃するかわりに、タップして次の t 能力を使ってもよい。  
t 種族を1つ選ぶ。このターン、その種族のクリーチャーは、可能であれば攻撃し、「パワーアタッカー+4000」を得る。","■ Instead of having this creature attack, you may tap it to use its tap ability.
 Choose a race. Each creature of that race attacks this turn if able and gets ""power attacker +4000"" until the end of the turn. (While attacking, a creature that has ""power attacker +4000"" gets +4000 power.)"
1410,flavor,403:9_31:DM-09 31:ジージョのトンカチ,地中での深き眠りが、ゼノパーツに単なる道具以上の効果を授けた。,944,地中での深き眠りが、ゼノパーツに単なる道具以上の効果を授けた。,地中での深き眠りが、ゼノパーツに単なる道具以上の効果を授けた。,A deep slumber underground gave the Xenoparts powers beyond those of a mere tool.
1411,race,403:9_31:DM-09 31:ジージョのトンカチ,ゼノパーツ,945,ゼノパーツ,ゼノパーツ,Xenoparts
1412,name,404:9_32:DM-09 32:無限掌,無限掌,946,無限掌,Eternal Fist,Fists of Forever
1413,rules,404:9_32:DM-09 32:無限掌,■バトルゾーンにある自分のクリーチャーを１体選ぶ。このターン、そのクリーチャーがバトルに勝ったとき、バトルの後でアンタップする。,947,＊バトルゾーンにある自分のクリーチャーを１体選ぶ。このターン、そのクリーチャーがバトルに勝ったとき、バトルの後でアンタップする。,＊バトルゾーンにある自分のクリーチャーを１体選ぶ。このターン、そのクリーチャーがバトルに勝ったとき、バトルの後でアンタップする。,"■ Choose one of your creatures in the battle zone. Whenever that creature wins a battle this turn, untap it."
1414,flavor,404:9_32:DM-09 32:無限掌,この拳、エンドレス！,948,この拳、エンドレス！,この拳、エンドレス！,
1415,name,405:9_33:DM-09 33:夢蒼の剛剣,夢蒼の剛剣,949,夢蒼の剛剣,Brave Trooper,Silvermoon Trailblazer
1416,rules,405:9_33:DM-09 33:夢蒼の剛剣,"■このクリーチャーで攻撃するかわりに、タップして次の[Ｔ]能力を使ってもよい。
[Ｔ]－種族を1つ選ぶ。このターン、その種族のクリーチャーは、パワー3000以下のクリーチャーにブロックされない。",950,"＊このクリーチャーで攻撃するかわりに、タップして次の t 能力を使ってもよい。  
t 種族を1つ選ぶ。このターン、その種族のクリーチャーは、パワー3000以下のクリーチャーにブロックされない。","＊このクリーチャーで攻撃するかわりに、タップして次の t 能力を使ってもよい。  
t 種族を1つ選ぶ。このターン、その種族のクリーチャーは、パワー3000以下のクリーチャーにブロックされない。","■ Instead of having this creature attack, you may tap it to use its tap ability.
 Choose a race. Creatures of that race can't be blocked by creatures that have power 3000 or less this turn."
1417,flavor,405:9_33:DM-09 33:夢蒼の剛剣,「何故、バーニング・ビーストなんぞの尻ぬぐいをせにゃあかんのだ！」---夢蒼の剛剣,951,「何故、バーニング・ビーストなんぞの尻ぬぐいをせにゃあかんのだ！」---夢蒼の剛剣,「何故、バーニング・ビーストなんぞの尻ぬぐいをせにゃあかんのだ！」---夢蒼の剛剣,
1418,race,405:9_33:DM-09 33:夢蒼の剛剣,ビーストフォーク,952,ビーストフォーク,ビーストフォーク,Beast Folk
1419,name,406:9_34:DM-09 34:怪力の化身,怪力の化身,953,怪力の化身,Mighty Totem,Whispering Totem
1420,rules,406:9_34:DM-09 34:怪力の化身,■このクリーチャーがバトルゾーンに出たとき、自分の山札を見る。その中から怪力の化身を１体選び、相手に見せてから自分の手札に加えてもよい。その後、山札をシャッフルする。,954,＊このクリーチャーがバトルゾーンに出たとき、自分の山札を見る。その中から怪力の化身を１体選び、相手に見せてから自分の手札に加えてもよい。その後、山札をシャッフルする。,＊このクリーチャーがバトルゾーンに出たとき、自分の山札を見る。その中から怪力の化身を１体選び、相手に見せてから自分の手札に加えてもよい。その後、山札をシャッフルする。,"■ When you put this creature into the battle zone, search your deck. You may take a Whispering Totem from your deck, show that creature to your opponent, and put it into your hand. Then shuffle your deck."
1421,flavor,406:9_34:DM-09 34:怪力の化身,「三龍の矢は、ワシが全部砕くずら！」---怪力の化身,955,「三龍の矢は、ワシが全部砕くずら！」---怪力の化身,「三龍の矢は、ワシが全部砕くずら！」---怪力の化身,
1422,race,406:9_34:DM-09 34:怪力の化身,ミステリー・トーテム,956,ミステリー・トーテム,ミステリー・トーテム,Mystery Totem
1423,name,407:9_35:DM-09 35:ソイル・チャージャー,ソイル・チャージャー,957,ソイル・チャージャー,Soil Charger,Vine Charger
1424,rules,407:9_35:DM-09 35:ソイル・チャージャー,"■相手はバトルゾーンにある自分自身のクリーチャーを１体選び、持ち主のマナゾーンに置く。
■チャージャー（この呪文を唱えた後、墓地に置くかわりに自分のマナゾーンに置く）",958,"＊相手はバトルゾーンにある自分自身のクリーチャーを１体選び、持ち主のマナゾーンに置く。
＊チャージャー（この呪文を唱えた後、墓地に置くかわりに自分のマナゾーンに置く）","＊相手はバトルゾーンにある自分自身のクリーチャーを１体選び、持ち主のマナゾーンに置く。
＊チャージャー（この呪文を唱えた後、墓地に置くかわりに自分のマナゾーンに置く）","■ Your opponent chooses one of his creatures in the battle zone and puts it into his mana zone.
■ Charger (After you cast this spell, put it into your mana zone instead of your graveyard.)"
1425,flavor,407:9_35:DM-09 35:ソイル・チャージャー,土へ還れ！,959,土へ還れ！,土へ還れ！,
1426,name,408:9_36:DM-09 36:聖騎士メビウスリンク,聖騎士メビウスリンク,960,聖騎士メビウスリンク,Holy Warrior M喘ius Link,"Cyclolink, Spectral Knight"
1427,rules,408:9_36:DM-09 36:聖騎士メビウスリンク,■このクリーチャーが相手プレイヤーを攻撃してブロックされなかったとき、自分の山札を見る。その中から呪文を１枚選び、相手に見せてから自分の手札に加えてもよい。その後、山札をシャッフルする。,961,＊このクリーチャーが相手プレイヤーを攻撃してブロックされなかったとき、自分の山札を見る。その中から呪文を１枚選び、相手に見せてから自分の手札に加えてもよい。その後、山札をシャッフルする。,＊このクリーチャーが相手プレイヤーを攻撃してブロックされなかったとき、自分の山札を見る。その中から呪文を１枚選び、相手に見せてから自分の手札に加えてもよい。その後、山札をシャッフルする。,"■ Whenever this creature is attacking your opponent and isn't blocked, search your deck. You may take a spell from your deck, show that spell to your opponent, and put it into your hand. Then shuffle your deck."
1428,flavor,408:9_36:DM-09 36:聖騎士メビウスリンク,虚空に描いた虹色の渦から、未知なる力が溢れ出す。,962,虚空に描いた虹色の渦から、未知なる力が溢れ出す。,虚空に描いた虹色の渦から、未知なる力が溢れ出す。,
1429,race,408:9_36:DM-09 36:聖騎士メビウスリンク,レインボー・ファントム,963,レインボー・ファントム,レインボー・ファントム,Rainbow Phantom
1430,name,409:9_37:DM-09 37:時空の守護者ジル・ワーカ,時空の守護者ジル・ワーカ,964,時空の守護者ジル・ワーカ,"Jill Warka, Guardian of Time","Jil Warka, Time Guardian"
1431,rules,409:9_37:DM-09 37:時空の守護者ジル・ワーカ,"■ブロッカー
■このクリーチャーは相手プレイヤーを攻撃できない。
■このクリーチャーがバトルゾーンから自分の墓地に置かれたとき、バトルゾーンにある相手のクリーチャーを２体まで選び、タップする。",965,"{B}ブロッカー
＊このクリーチャーは相手プレイヤーを攻撃できない。
＊このクリーチャーがバトルゾーンから自分の墓地に置かれたとき、バトルゾーンにある相手のクリーチャーを２体まで選び、タップする。","{B}ブロッカー
＊このクリーチャーは相手プレイヤーを攻撃できない。
＊このクリーチャーがバトルゾーンから自分の墓地に置かれたとき、バトルゾーンにある相手のクリーチャーを２体まで選び、タップする。","■ Blocker (Whenever an opponent's creature attacks, you may tap this creature to stop the attack. Then the 2 creatures battle.)
■ This creature can't attack players.
■ When this creature is destroyed, choose up to 2 of your opponent's creatures in the battle zone and tap them."
1432,flavor,409:9_37:DM-09 37:時空の守護者ジル・ワーカ,守護者の思念は、死後も光の国を守り続ける。,966,守護者の思念は、死後も光の国を守り続ける。,守護者の思念は、死後も光の国を守り続ける。,The guardian's will continues to protect the land of Light even after death.
1433,race,409:9_37:DM-09 37:時空の守護者ジル・ワーカ,ガーディアン,967,ガーディアン,ガーディアン,Guardian
1434,name,410:9_38:DM-09 38:双光の使徒カリュート,双光の使徒カリュート,968,双光の使徒カリュート,"Kalute, Apostle of the Twin Luminescence","Kalute, Vizier of Eternity"
1435,rules,410:9_38:DM-09 38:双光の使徒カリュート,■このクリーチャーがバトルゾーンから自分の墓地に置かれるとき、バトルゾーンに双光の使徒カリュートが他に１体でもあれば、このクリーチャーを墓地に置くかわりに自分の手札に戻す。,969,＊このクリーチャーがバトルゾーンから自分の墓地に置かれるとき、バトルゾーンに双光の使徒カリュートが他に１体でもあれば、このクリーチャーを墓地に置くかわりに自分の手札に戻す。,＊このクリーチャーがバトルゾーンから自分の墓地に置かれるとき、バトルゾーンに双光の使徒カリュートが他に１体でもあれば、このクリーチャーを墓地に置くかわりに自分の手札に戻す。,"■ When this creature would be destroyed, if another Kalute, Vizier of Eternity is in the battle zone, return this creature to your hand instead."
1436,flavor,410:9_38:DM-09 38:双光の使徒カリュート,双光の使徒よ、覚醒せよ。汝の波動は永遠の詩なり。,970,双光の使徒よ、覚醒せよ。汝の波動は永遠の詩なり。,双光の使徒よ、覚醒せよ。汝の波動は永遠の詩なり。,
1437,race,410:9_38:DM-09 38:双光の使徒カリュート,イニシエート,971,イニシエート,イニシエート,Initiate
1438,name,411:9_39:DM-09 39:コズミック・ウイング,コズミック・ウイング,972,コズミック・ウイング,Cosmic Wing,Cosmic Wing
1439,rules,411:9_39:DM-09 39:コズミック・ウイング,■バトルゾーンにある自分のクリーチャーを１体選ぶ。このターン、そのクリーチャーはブロックされない。,973,＊バトルゾーンにある自分のクリーチャーを１体選ぶ。このターン、そのクリーチャーはブロックされない。,＊バトルゾーンにある自分のクリーチャーを１体選ぶ。このターン、そのクリーチャーはブロックされない。,■ Choose one of your creatures in the battle zone. It can't be blocked this turn.
1440,flavor,411:9_39:DM-09 39:コズミック・ウイング,今だ！,974,今だ！,今だ！,
1441,name,412:9_40:DM-09 40:テンタクル・クラスター,テンタクル・クラスター,975,テンタクル・クラスター,Tentacle Cluster,Tentacle Cluster
1442,rules,412:9_40:DM-09 40:テンタクル・クラスター,■このクリーチャーが相手プレイヤーを攻撃してブロックされなかったとき、バトルゾーンにあるクリーチャーを１体選び、持ち主の手札に戻してもよい。,976,＊このクリーチャーが相手プレイヤーを攻撃してブロックされなかったとき、バトルゾーンにあるクリーチャーを１体選び、持ち主の手札に戻してもよい。,＊このクリーチャーが相手プレイヤーを攻撃してブロックされなかったとき、バトルゾーンにあるクリーチャーを１体選び、持ち主の手札に戻してもよい。,"■ Whenever this creature is attacking your opponent and isn't blocked, you may choose a creature in the battle zone and return it to its owner's hand."
1443,flavor,412:9_40:DM-09 40:テンタクル・クラスター,「正々堂々なんて、おつむの弱い作戦さ。」---ソピアン,977,「正々堂々なんて、おつむの弱い作戦さ。」---ソピアン,「正々堂々なんて、おつむの弱い作戦さ。」---ソピアン,
1444,race,412:9_40:DM-09 40:テンタクル・クラスター,サイバー・クラスター,978,サイバー・クラスター,サイバー・クラスター,Cyber Cluster
1445,name,413:9_41:DM-09 41:スカウト・クラスター,スカウト・クラスター,979,スカウト・クラスター,Scout Cluster,Scout Cluster
1446,rules,413:9_41:DM-09 41:スカウト・クラスター,"■ブロッカー
■このクリーチャーがバトルゾーンにある間、自分の他のクリーチャーがバトルゾーンに出たとき、このクリーチャーをバトルゾーンから自分の手札に戻す。",980,"{B}ブロッカー
＊このクリーチャーがバトルゾーンにある間、自分の他のクリーチャーがバトルゾーンに出たとき、このクリーチャーをバトルゾーンから自分の手札に戻す。","{B}ブロッカー
＊このクリーチャーがバトルゾーンにある間、自分の他のクリーチャーがバトルゾーンに出たとき、このクリーチャーをバトルゾーンから自分の手札に戻す。","■ Blocker (Whenever an opponent's creature attacks, you may tap this creature to stop the attack. Then the 2 creatures battle.)
■ Whenever you put another creature into the battle zone, return this creature from the battle zone to your hand."
1447,flavor,413:9_41:DM-09 41:スカウト・クラスター,深海漂う恥ずかしがり屋。今日も一人で探偵稼業。,981,深海漂う恥ずかしがり屋。今日も一人で探偵稼業。,深海漂う恥ずかしがり屋。今日も一人で探偵稼業。,
1448,race,413:9_41:DM-09 41:スカウト・クラスター,サイバー・クラスター,982,サイバー・クラスター,サイバー・クラスター,Cyber Cluster
1449,name,414:9_42:DM-09 42:フェアリー・キャンドル,フェアリー・キャンドル,983,フェアリー・キャンドル,Faerie Candle,Kelp Candle
1450,rules,414:9_42:DM-09 42:フェアリー・キャンドル,"■ブロッカー
■このクリーチャーは攻撃することができない。
■このクリーチャーがブロックしたとき、自分の山札の上から４枚を見る。その中から１枚選んで自分の手札に加え、他の３枚を好きな順で自分の山札の一番下に戻す。",984,"{B}ブロッカー
＊このクリーチャーは攻撃することができない。
＊このクリーチャーがブロックしたとき、自分の山札の上から４枚を見る。その中から１枚選んで自分の手札に加え、他の３枚を好きな順で自分の山札の一番下に戻す。","{B}ブロッカー
＊このクリーチャーは攻撃することができない。
＊このクリーチャーがブロックしたとき、自分の山札の上から４枚を見る。その中から１枚選んで自分の手札に加え、他の３枚を好きな順で自分の山札の一番下に戻す。","■ Blocker (Whenever an opponent's creature attacks, you may tap this creature to stop the attack. Then the 2 creatures battle.)
■ This creature can't attack.
■ Whenever this creature blocks, look at the top 4 cards of your deck. Put one of them into your hand, and put the rest on the bottom of your deck in any order."
1451,flavor,414:9_42:DM-09 42:フェアリー・キャンドル,姿形は小さいけれど、儲けはがっぽり狙うもの。,985,姿形は小さいけれど、儲けはがっぽり狙うもの。,姿形は小さいけれど、儲けはがっぽり狙うもの。,"Small in stature, but always aiming for a hefty profit."
1452,race,414:9_42:DM-09 42:フェアリー・キャンドル,サイバー・ウイルス,986,サイバー・ウイルス,サイバー・ウイルス,Cyber Virus
1453,name,415:9_43:DM-09 43:サイバー・トンネル,サイバー・トンネル,987,サイバー・トンネル,Cyber Tunnel,Impossible Tunnel
1454,rules,415:9_43:DM-09 43:サイバー・トンネル,■種族を1つ選ぶ。このターン、その種族のクリーチャーはブロックされない。,988,＊種族を1つ選ぶ。このターン、その種族のクリーチャーはブロックされない。,＊種族を1つ選ぶ。このターン、その種族のクリーチャーはブロックされない。,■ Choose a race. Creatures of that race can't be blocked this turn.
1455,flavor,415:9_43:DM-09 43:サイバー・トンネル,歪んだ空間を抜け、静かに刺客は訪れる。,989,歪んだ空間を抜け、静かに刺客は訪れる。,歪んだ空間を抜け、静かに刺客は訪れる。,
1456,name,416:9_44:DM-09 44:墓堀怪人アシッドフィスト,墓堀怪人アシッドフィスト,990,墓堀怪人アシッドフィスト,"Acid Fist, Gravedigger","Acid Reflux, the Fleshboiler"
1457,rules,416:9_44:DM-09 44:墓堀怪人アシッドフィスト,"■ブロッカー
■このクリーチャーは攻撃することができない。
■スレイヤー（このクリーチャーとバトルした相手クリーチャーは、勝っても持ち主の墓地に置かれる）",991,"{B}ブロッカー
＊このクリーチャーは攻撃することができない。
＊スレイヤー（このクリーチャーとバトルした相手クリーチャーは、勝っても持ち主の墓地に置かれる）","{B}ブロッカー
＊このクリーチャーは攻撃することができない。
＊スレイヤー（このクリーチャーとバトルした相手クリーチャーは、勝っても持ち主の墓地に置かれる）","■ Blocker (Whenever an opponent's creature attacks, you may tap this creature to stop the attack. Then the 2 creatures battle.)
■ This creature can't attack.
■ Slayer (Whenever this creature battles, destroy the other creature after the battle.)"
1458,flavor,416:9_44:DM-09 44:墓堀怪人アシッドフィスト,爪に備わる猛毒は、小さな傷でも命を奪う。,992,爪に備わる猛毒は、小さな傷でも命を奪う。,爪に備わる猛毒は、小さな傷でも命を奪う。,The deadly poison in its claws can take a life with even the smallest wound.
1459,race,416:9_44:DM-09 44:墓堀怪人アシッドフィスト,デビルマスク,993,デビルマスク,デビルマスク,Devil Mask
1460,name,417:9_45:DM-09 45:悪戯人形ハロ,悪戯人形ハロ,994,悪戯人形ハロ,Devil Doll Halo,"Trixo, Wicked Doll"
1461,rules,417:9_45:DM-09 45:悪戯人形ハロ,■このクリーチャーが相手プレイヤーを攻撃してブロックされなかったとき、相手はバトルゾーンにある自分自身のクリーチャーを１体選び、持ち主の墓地に置く。,995,*このクリーチャーが相手プレイヤーを攻撃してブロックされなかったとき、相手はバトルゾーンにある自分自身のクリーチャーを1体選び、持ち主の墓地に置く。,*このクリーチャーが相手プレイヤーを攻撃してブロックされなかったとき、相手はバトルゾーンにある自分自身のクリーチャーを1体選び、持ち主の墓地に置く。,"■ Whenever this creature is attacking your opponent and isn't blocked, your opponent chooses one of his creatures and destroys it."
1462,flavor,417:9_45:DM-09 45:悪戯人形ハロ,一緒に遊ぶと死ぬから危険。,996,一緒に遊ぶと死ぬから危険。,一緒に遊ぶと死ぬから危険。,
1463,race,417:9_45:DM-09 45:悪戯人形ハロ,デスパペット,997,デスパペット,デスパペット,Death Puppet
1464,name,418:9_46:DM-09 46:暗闇に潜む者バット・ドクター,暗闇に潜む者バット・ドクター,998,暗闇に潜む者バット・ドクター,"Bat Doctor, Skulker in Darkness","Bat Doctor, Shadow of Undeath"
1465,rules,418:9_46:DM-09 46:暗闇に潜む者バット・ドクター,■このクリーチャーがバトルゾーンから自分の墓地に置かれたとき、自分の墓地から他のクリーチャーを１体選び、自分の手札に加えてもよい。,999,＊このクリーチャーがバトルゾーンから自分の墓地に置かれたとき、自分の墓地から他のクリーチャーを1体選び、自分の手札に加えてもよい。,＊このクリーチャーがバトルゾーンから自分の墓地に置かれたとき、自分の墓地から他のクリーチャーを1体選び、自分の手札に加えてもよい。,"■ When this creature is destroyed, you may return another creature from your graveyard to your hand."
1466,flavor,418:9_46:DM-09 46:暗闇に潜む者バット・ドクター,我らにとっての墓地は、彼らにとっての手術室だ。,1000,我らにとっての墓地は、彼らにとっての手術室だ。,我らにとっての墓地は、彼らにとっての手術室だ。,
1467,race,418:9_46:DM-09 46:暗闇に潜む者バット・ドクター,ゴースト,1001,ゴースト,ゴースト,Ghost
1468,name,419:9_47:DM-09 47:ゾンビ・カーニバル,ゾンビ・カーニバル,1002,ゾンビ・カーニバル,Zombie Carnival,Zombie Carnival
1469,rules,419:9_47:DM-09 47:ゾンビ・カーニバル,"■Ｓ・トリガー（この呪文をシールドゾーンから手札に加えるとき、コストを支払わずにすぐ唱えてよい）
■種族を1つ選ぶ。自分の墓地から、その種族のクリーチャーを3体まで選び、自分の手札に加える。",1003,"{ST} S・トリガー（この呪文をシールドゾーンから手札に加えるとき、コストを支払わずにすぐ唱えてよい）
＊種族を1つ選ぶ。自分の墓地から、その種族のクリーチャーを3体まで選び、自分の手札に加える。","{ST} S・トリガー（この呪文をシールドゾーンから手札に加えるとき、コストを支払わずにすぐ唱えてよい）
＊種族を1つ選ぶ。自分の墓地から、その種族のクリーチャーを3体まで選び、自分の手札に加える。","■ Shield trigger (When this card is put into your hand from your shield zone, you may play it immediately for no cost.)
■ Choose a race. Return up to 3 creatures of that race from your graveyard to your hand."
1470,flavor,419:9_47:DM-09 47:ゾンビ・カーニバル,死んでる暇があったら踊れ！,1004,死んでる暇があったら踊れ！,死んでる暇があったら踊れ！,
1471,name,420:9_48:DM-09 48:マウントザウルス,マウントザウルス,1005,マウントザウルス,Terrasaur,Quakesaur
1472,rules,420:9_48:DM-09 48:マウントザウルス,■このクリーチャーが相手プレイヤーを攻撃してブロックされなかったとき、相手は自分自身のマナゾーンからカードを１枚選び、持ち主の墓地に置く。,1006,＊このクリーチャーが相手プレイヤーを攻撃してブロックされなかったとき、相手は自分自身のマナゾーンからカードを１枚選び、持ち主の墓地に置く。,＊このクリーチャーが相手プレイヤーを攻撃してブロックされなかったとき、相手は自分自身のマナゾーンからカードを１枚選び、持ち主の墓地に置く。,"■ Whenever this creature is attacking your opponent and isn't blocked, your opponent chooses a card in his mana zone and puts it into his graveyard."
1473,flavor,420:9_48:DM-09 48:マウントザウルス,背から吹き出す溶岩が、踏みつけた大地を溶かしていく。,1007,背から吹き出す溶岩が、踏みつけた大地を溶かしていく。,背から吹き出す溶岩が、踏みつけた大地を溶かしていく。,
1474,race,420:9_48:DM-09 48:マウントザウルス,ロック・ビースト,1008,ロック・ビースト,ロック・ビースト,Rock Beast
1475,name,421:9_49:DM-09 49:蒸神兵カイン,蒸神兵カイン,1009,蒸神兵カイン,Steam Trooper Kain,Steam Rumbler Kain
1476,rules,421:9_49:DM-09 49:蒸神兵カイン,■このクリーチャーが攻撃するとき、自分のシールドが１枚でもあれば、その中から裏向きのまま１枚選び、自分の墓地に置く。ただし、その「Ｓ・トリガー」は使えない。,1010,＊このクリーチャーが攻撃するとき、自分のシールドが１枚でもあれば、その中から裏向きのまま１枚選び、自分の墓地に置く。ただし、その「Ｓ・トリガー」は使えない。,＊このクリーチャーが攻撃するとき、自分のシールドが１枚でもあれば、その中から裏向きのまま１枚選び、自分の墓地に置く。ただし、その「Ｓ・トリガー」は使えない。,"■ Whenever this creature attacks, choose one of your shields and put it into your graveyard."
1477,flavor,421:9_49:DM-09 49:蒸神兵カイン,カイン自慢の諜報部隊は、必死にバーニング・ビーストの消息を追った。,1011,カイン自慢の諜報部隊は、必死にバーニング・ビーストの消息を追った。,カイン自慢の諜報部隊は、必死にバーニング・ビーストの消息を追った。,
1478,race,421:9_49:DM-09 49:蒸神兵カイン,アーマロイド,1012,アーマロイド,アーマロイド,Armorloid
1479,name,422:9_50:DM-09 50:鳥神兵クウザ,鳥神兵クウザ,1013,鳥神兵クウザ,Aerotrooper Kooza,Aerodactyl Kooza
1480,rules,422:9_50:DM-09 50:鳥神兵クウザ,"■このクリーチャーは、クリーチャーを攻撃するときブロックされない。
■パワーアタッカー+3000（攻撃中、このクリーチャーのパワーは+3000される）",1014,"＊このクリーチャーは、クリーチャーを攻撃するときブロックされない。
＊パワーアタッカー+3000（攻撃中、このクリーチャーのパワーは+3000される）","＊このクリーチャーは、クリーチャーを攻撃するときブロックされない。
＊パワーアタッカー+3000（攻撃中、このクリーチャーのパワーは+3000される）","■ While attacking a creature, this creature can't be blocked.
■ Power attacker +3000 (While attacking, this creature gets +3000 power.)"
1481,flavor,422:9_50:DM-09 50:鳥神兵クウザ,バトル上等！,1015,バトル上等！,バトル上等！,
1482,race,422:9_50:DM-09 50:鳥神兵クウザ,アーマロイド,1016,アーマロイド,アーマロイド,Armorloid
1483,name,423:9_51:DM-09 51:フル・コマンド,フル・コマンド,1017,フル・コマンド,Blitzkreig,Relentless Blitz
1484,rules,423:9_51:DM-09 51:フル・コマンド,■種族を1つ選ぶ。このターン、その種族のクリーチャーは、アンタップされているクリーチャーを攻撃することができ、クリーチャーを攻撃するときブロックされない。,1018,＊種族を1つ選ぶ。このターン、その種族のクリーチャーは、アンタップされているクリーチャーを攻撃することができ、クリーチャーを攻撃するときブロックされない。,＊種族を1つ選ぶ。このターン、その種族のクリーチャーは、アンタップされているクリーチャーを攻撃することができ、クリーチャーを攻撃するときブロックされない。,"■ Choose a race. This turn, each creature of that race can attack untapped creatures and can't be blocked while attacking a creature."
1485,flavor,423:9_51:DM-09 51:フル・コマンド,左手のボタンが、殲滅の合図！,1019,左手のボタンが、殲滅の合図！,左手のボタンが、殲滅の合図！,
1486,name,424:9_52:DM-09 52:警護するソリッド・ホーン,警護するソリッド・ホーン,1020,警護するソリッド・ホーン,Solid Horn,Solid Horn
1487,rules,424:9_52:DM-09 52:警護するソリッド・ホーン,■このクリーチャーがバトルゾーンから自分の墓地に置かれるとき、墓地に置くかわりに自分のマナゾーンに置く。,1021,＊このクリーチャーがバトルゾーンから自分の墓地に置かれるとき、墓地に置くかわりに自分のマナゾーンに置く。,＊このクリーチャーがバトルゾーンから自分の墓地に置かれるとき、墓地に置くかわりに自分のマナゾーンに置く。,"■ When this creature would be destroyed, put it into your mana zone instead."
1488,flavor,424:9_52:DM-09 52:警護するソリッド・ホーン,敵あらば戦い、無ければ探す。警護するソリッド・ホーンの行動原理は単純だが、心強い。,1022,敵あらば戦い、無ければ探す。警護するソリッド・ホーンの行動原理は単純だが、心強い。,敵あらば戦い、無ければ探す。警護するソリッド・ホーンの行動原理は単純だが、心強い。,
1489,race,424:9_52:DM-09 52:警護するソリッド・ホーン,ホーン・ビースト,1023,ホーン・ビースト,ホーン・ビースト,Horned Beast
1490,name,425:9_53:DM-09 53:ウィップ・スコーピオン,ウィップ・スコーピオン,1024,ウィップ・スコーピオン,Whip Scorpion,Whip Scorpion
1491,rules,425:9_53:DM-09 53:ウィップ・スコーピオン,"■ Ｓ・トリガー（このクリーチャーをシールドゾーンから手札に加えるとき、コストを支払わずにすぐ召喚してよい）
■パワーアタッカー+3000（攻撃中、このクリーチャーのパワーは+3000される）",1025,"{ST} S・トリガー（このクリーチャーをシールドゾーンから手札に加えるとき、コストを支払わずにすぐ召喚してよい）
＊パワーアタッカー+3000（攻撃中、このクリーチャーのパワーは+3000される）","{ST} S・トリガー（このクリーチャーをシールドゾーンから手札に加えるとき、コストを支払わずにすぐ召喚してよい）
＊パワーアタッカー+3000（攻撃中、このクリーチャーのパワーは+3000される）","■ Shield trigger (When this card is put into your hand from your shield zone, you may play it immediately for no cost.)
■ Power attacker +3000 (While attacking, this creature gets +3000 power.)"
1492,flavor,425:9_53:DM-09 53:ウィップ・スコーピオン,静寂に満ちた森林は、こいつが飛び出す絶好の場所。,1026,静寂に満ちた森林は、こいつが飛び出す絶好の場所。,静寂に満ちた森林は、こいつが飛び出す絶好の場所。,
1493,race,425:9_53:DM-09 53:ウィップ・スコーピオン,ジャイアント・インセクト,1027,ジャイアント・インセクト,ジャイアント・インセクト,Giant Insect
1494,name,426:9_54:DM-09 54:誕生の祈,誕生の祈,1028,誕生の祈,Birth Eye,Cavern Raider
1495,rules,426:9_54:DM-09 54:誕生の祈,■このクリーチャーが相手プレイヤーを攻撃してブロックされなかったとき、自分の山札を見る。その中からクリーチャーを１体選び、相手に見せてから自分の手札に加えてもよい。その後、山札をシャッフルする。,1029,＊このクリーチャーが相手プレイヤーを攻撃してブロックされなかったとき、自分の山札を見る。その中からクリーチャーを１体選び、相手に見せてから自分の手札に加えてもよい。その後、山札をシャッフルする。,＊このクリーチャーが相手プレイヤーを攻撃してブロックされなかったとき、自分の山札を見る。その中からクリーチャーを１体選び、相手に見せてから自分の手札に加えてもよい。その後、山札をシャッフルする。,"■ Whenever this creature is attacking your opponent and isn't blocked, search your deck. You may take a creature from your deck, show that creature to your opponent, and put it into your hand. Then shuffle your deck."
1496,flavor,426:9_54:DM-09 54:誕生の祈,「死ごときで、我らの鼓動を止められるものか！」---　誕生の祈,1030,「死ごときで、我らの鼓動を止められるものか！」---　誕生の祈,「死ごときで、我らの鼓動を止められるものか！」---　誕生の祈,
1497,race,426:9_54:DM-09 54:誕生の祈,ビーストフォーク,1031,ビーストフォーク,ビーストフォーク,Beast Folk
1498,name,427:9_55:DM-09 55:強欲の開拓,強欲の開拓,1032,強欲の開拓,Accelerated Development,Dance of the Sproutlings
1499,rules,427:9_55:DM-09 55:強欲の開拓,■種族を1つ選ぶ。その種族のクリーチャーを自分の手札から好きな枚数選び、自分のマナゾーンに置いてもよい。,1033,＊種族を1つ選ぶ。その種族のクリーチャーを自分の手札から好きな枚数選び、自分のマナゾーンに置いてもよい。,＊種族を1つ選ぶ。その種族のクリーチャーを自分の手札から好きな枚数選び、自分のマナゾーンに置いてもよい。,■ Choose a race. You may put any number of creatures of that race from your hand into your mana zone.
1500,flavor,427:9_55:DM-09 55:強欲の開拓,戦う前に、耕しやがれ。,1034,戦う前に、耕しやがれ。,戦う前に、耕しやがれ。,
1501,name,428:9_S1:DM-09 S1:光器ペトローバ,光器ペトローバ,1035,光器ペトローバ,"Petrova, the Channeler of Light","Petrova, Channeler of Suns"
1502,rules,428:9_S1:DM-09 S1:光器ペトローバ,"■このクリーチャーがバトルゾーンに出たとき、メカ・デル・ソル以外の種族を1つ選ぶ。バトルゾーンにある、その種族のクリーチャーのパワーは+4000される。
■このクリーチャーがバトルゾーンにある間、相手がクリーチャーを選ぶとき、光器ペトローバを選ぶことはできない",1036,"＊このクリーチャーがバトルゾーンに出たとき、メカ・デル・ソル以外の種族を1つ選ぶ。バトルゾーンにある、その種族のクリーチャーのパワーは+4000される。
＊このクリーチャーがバトルゾーンにある間、相手がクリーチャーを選ぶとき、光器ペトローバを選ぶことはできない","＊このクリーチャーがバトルゾーンに出たとき、メカ・デル・ソル以外の種族を1つ選ぶ。バトルゾーンにある、その種族のクリーチャーのパワーは+4000される。
＊このクリーチャーがバトルゾーンにある間、相手がクリーチャーを選ぶとき、光器ペトローバを選ぶことはできない","■ When you put this creature into the battle zone, choose a race other than Mecha Del Sol. Each creature of that race gets +4000 power.
■ Whenever your opponent would choose a creature in the battle zone, he can't choose this one. (It can still be attacked and blocked.)"
1503,flavor,428:9_S1:DM-09 S1:光器ペトローバ,高まる龍の鼓動に呼応し、天敵たる光器の力も強さを増した。,1037,高まる龍の鼓動に呼応し、天敵たる光器の力も強さを増した。,高まる龍の鼓動に呼応し、天敵たる光器の力も強さを増した。,
1504,race,428:9_S1:DM-09 S1:光器ペトローバ,メカ・デル・ソル,1038,メカ・デル・ソル,メカ・デル・ソル,Mecha Del Sol
1505,name,429:9_S2:DM-09 S2:アクア・マスター,アクア・マスター,1039,アクア・マスター,Aqua Master,Aqua Master
1506,rules,429:9_S2:DM-09 S2:アクア・マスター,■このクリーチャーが相手プレイヤーを攻撃してブロックされなかったとき、相手のシールドを１枚選び、表向きにしてプレイする。,1040,＊このクリーチャーが相手プレイヤーを攻撃してブロックされなかったとき、相手のシールドを１枚選び、表向きにしてプレイする。,＊このクリーチャーが相手プレイヤーを攻撃してブロックされなかったとき、相手のシールドを１枚選び、表向きにしてプレイする。,"■ Whenever this creature is attacking your opponent and isn't blocked, choose one of your opponent's shields and turn it face up. (It stays face up while it's in the shield zone.)"
1507,flavor,429:9_S2:DM-09 S2:アクア・マスター,「己の弱さが敗北させるのだよ！」---アクア・マスター,1041,「己の弱さが敗北させるのだよ！」---アクア・マスター,「己の弱さが敗北させるのだよ！」---アクア・マスター,
1508,race,429:9_S2:DM-09 S2:アクア・マスター,リキッド・ピープル,1042,リキッド・ピープル,リキッド・ピープル,Liquid People
1509,name,430:9_S3:DM-09 S3:呪縛の剣豪バロスト,呪縛の剣豪バロスト,1043,呪縛の剣豪バロスト,"Ballost, Arcane Swordmaster","Stallob, the Lifequasher"
1510,rules,430:9_S3:DM-09 S3:呪縛の剣豪バロスト,"■Ｗ・ブレイカー（シールドを攻撃したとき、このクリーチャーはシールドを２枚ブレイクする）
■このクリーチャーがバトルゾーンから自分の墓地に置かれたとき、バトルゾーンにあるクリーチャーをすべて持ち主の墓地に置く。",1044,"＊Ｗ・ブレイカー（シールドを攻撃したとき、このクリーチャーはシールドを2枚ブレイクする）
＊このクリーチャーがバトルゾーンから自分の墓地に置かれたとき、バトルゾーンにあるクリーチャーをすべて持ち主の墓地に置く。","＊Ｗ・ブレイカー（シールドを攻撃したとき、このクリーチャーはシールドを2枚ブレイクする）
＊このクリーチャーがバトルゾーンから自分の墓地に置かれたとき、バトルゾーンにあるクリーチャーをすべて持ち主の墓地に置く。","■ Double breaker (This creature breaks 2 shields.)
■ When this creature is destroyed, destroy all creatures."
1511,flavor,430:9_S3:DM-09 S3:呪縛の剣豪バロスト,死の千年後、バロムが蘇る。,1045,死の千年後、バロムが蘇る。,死の千年後、バロムが蘇る。,
1512,race,430:9_S3:DM-09 S3:呪縛の剣豪バロスト,デーモン・コマンド,1046,デーモン・コマンド,デーモン・コマンド,Demon Command
1513,name,431:9_S4:DM-09 S4:紅神龍オグリストヴァル,紅神龍オグリストヴァル,1047,紅神龍オグリストヴァル,Red Celestial Dragon Ogrist Vhal,Magmadragon Ogrist Vhal
1514,rules,431:9_S4:DM-09 S4:紅神龍オグリストヴァル,"■このクリーチャーがバトルゾーンにある間、このクリーチャーのパワーは、自分の手札１枚につき+3000される。
■このクリーチャーは、パワーが6000以上のとき、「Ｗ・ブレイカー」を得る。
■このクリーチャーは、パワーが15000以上のとき、「Ｔ・ブレイカー」を得る。",1048,"＊このクリーチャーがバトルゾーンにある間、このクリーチャーのパワーは、自分の手札１枚につき+3000される。
＊このクリーチャーは、パワーが6000以上のとき、「Ｗ・ブレイカー」を得る。
＊このクリーチャーは、パワーが15000以上のとき、「T・ブレイカー」を得る。","＊このクリーチャーがバトルゾーンにある間、このクリーチャーのパワーは、自分の手札１枚につき+3000される。
＊このクリーチャーは、パワーが6000以上のとき、「Ｗ・ブレイカー」を得る。
＊このクリーチャーは、パワーが15000以上のとき、「T・ブレイカー」を得る。","■ This creature gets +3000 power for each card in your hand. (A creature that has power 0 or less is destroyed.)
■ While this creature has power 6000 or more, it has ""Double breaker (This creature breaks 2 shields).""
■ While this creature has power 15000 or more, it has ""Triple breaker (This creature breaks 3 shields)"" instead of ""double breaker."""
1515,race,431:9_S4:DM-09 S4:紅神龍オグリストヴァル,ボルケーノ・ドラゴン,1049,ボルケーノ・ドラゴン,ボルケーノ・ドラゴン,Volcano Dragon
1516,name,432:9_S5:DM-09 S5:驚天の超人,驚天の超人,1050,驚天の超人,Amazing Giant,Stratosphere Giant
1517,rules,432:9_S5:DM-09 S5:驚天の超人,"■このクリーチャーがバトルゾーンに出たとき、相手は自分自身の手札からクリーチャーを２体まで選び、バトルゾーンに出してもよい。
■Ｔ・ブレイカー（シールドを攻撃したとき、このクリーチャーはシールドを３枚ブレイクする）",1051,"＊このクリーチャーがバトルゾーンに出たとき、相手は自分自身の手札からクリーチャーを２体まで選び、バトルゾーンに出してもよい。
＊T・ブレイカー（シールドを攻撃したとき、このクリーチャーはシールドを3枚ブレイクする）","＊このクリーチャーがバトルゾーンに出たとき、相手は自分自身の手札からクリーチャーを２体まで選び、バトルゾーンに出してもよい。
＊T・ブレイカー（シールドを攻撃したとき、このクリーチャーはシールドを3枚ブレイクする）","■ When you put this creature into the battle zone, your opponent chooses up to 2 creatures in his hand and puts them into the battle zone.
■ Triple breaker (This creature breaks 3 shields.)"
1518,flavor,432:9_S5:DM-09 S5:驚天の超人,伸ばした腕は国をも超え、遥か彼方の龍を撃つ！,1052,伸ばした腕は国をも超え、遥か彼方の龍を撃つ！,伸ばした腕は国をも超え、遥か彼方の龍を撃つ！,
1519,race,432:9_S5:DM-09 S5:驚天の超人,ジャイアント,1053,ジャイアント,ジャイアント,Giant
1520,name,433:10_1:DM-10 1:雷珠の求道者ラ・バルザ,雷珠の求道者ラ・バルザ,1054,雷珠の求道者ラ・バルザ,"La Balza, Seeker of the Thunder Pearl","Balza, Seeker of Hyperpearls"
1521,rules,433:10_1:DM-10 1:雷珠の求道者ラ・バルザ,"■ブロッカー
■Ｓ・トリガー
■このクリーチャーは、相手プレイヤーを攻撃できない。",1055,"{B}ブロッカー
{ST}S・トリガー
＊このクリーチャーは、相手プレイヤーを攻撃できない。","{B} Blocker
{ST} Shield trigger
*This creature can't attack players.","■ Shield trigger (When this card is put into your hand from your shield zone, you may play it immediately for no cost.)
■ Blocker (Whenever an opponent's creature attacks, you may tap this creature to stop the attack. Then the 2 creatures battle.)
■ This creature can't attack players."
1522,flavor,433:10_1:DM-10 1:雷珠の求道者ラ・バルザ,突如世界に出現したスピリット・クォーツの群れ。友とも敵とも知れぬ強大な戦力は、各地に混乱をもたらした。,1056,突如世界に出現したスピリット・クォーツの群れ。友とも敵とも知れぬ強大な戦力は、各地に混乱をもたらした。,"Appearing suddenly, the Spirit Quartz created chaos in all realms, for who could tell whether they were friend or foe?","Appearing suddenly, the Spirit Quartz threw every land into chaos. No one could tell whether this mighty force was friend or foe."
1523,race,433:10_1:DM-10 1:雷珠の求道者ラ・バルザ,メカサンダー,1057,メカサンダー,メカサンダー,Mecha Thunder
1524,name,434:10_2:DM-10 2:光器リュドミーラ,光器リュドミーラ,1058,光器リュドミーラ,"Ryudmila, the channer of the light","Ryudmila, Channeler of Suns"
1525,rules,434:10_2:DM-10 2:光器リュドミーラ,"■このクリーチャーのパワーは、バトルゾーンにある自分の他のタップされていないクリーチャー１体につき+2000される。
■このクリーチャーが破壊される時、墓地に置くかわりに自分の山札に戻す。その後、山札をシャッフルする。",1059,"＊このクリーチャーのパワーは、バトルゾーンにある自分の他のタップされていないクリーチャー１体につき+2000される。
＊このクリーチャーが破壊される時、墓地に置くかわりに自分の山札に戻す。その後、山札をシャッフルする。","*This creature gets +2000 power for each of your other untapped creatures in the battle zone.
*When this creature would be destroyed, shuffle it into your deck instead.","■ This creature gets +2000 power for each of your other untapped creatures in the battle zone.
■ When this creature would be destroyed, shuffle it into your deck instead."
1526,race,434:10_2:DM-10 2:光器リュドミーラ,メカ・デル・ソル,1060,メカ・デル・ソル,メカ・デル・ソル,Mecha Del Sol
1527,name,435:10_3:DM-10 3:キング・オクアノス,キング・オクアノス,1061,キング・オクアノス,King Oquanos,King Oquanos
1528,rules,435:10_3:DM-10 3:キング・オクアノス,"■このクリーチャーのパワーは、相手のマナゾーンでタップされているカード１枚につき+2000される。
■このクリーチャーは、パワーが6000以上の時、「Ｗ・ブレイカー」を得る。",1062,"＊このクリーチャーのパワーは、相手のマナゾーンでタップされているカード１枚につき+2000される。
＊このクリーチャーは、パワーが6000以上の時、「Ｗ・ブレイカー」を得る。","*This creature gets +2000 power for each tapped card in your opponent's mana zone.
*While this creature has power 6000 or more, it has ""Double breaker (This creature breaks 2 shields).""","■ This creature gets +2000 power for each tapped card in your opponent's mana zone.
■ While this creature has power 6000 or more, it has ""Double breaker (This creature breaks 2 shields)."""
1529,flavor,435:10_3:DM-10 3:キング・オクアノス,マーフォークは、リヴァイアサンを恐れ、憎み、そして敬う。,1063,マーフォークは、リヴァイアサンを恐れ、憎み、そして敬う。,"The merfolk fear, despise, and respect the leviathans.",
1530,race,435:10_3:DM-10 3:キング・オクアノス,リヴァイアサン,1064,リヴァイアサン,リヴァイアサン,Leviathan
1531,name,436:10_4:DM-10 4:災厄秘宝ゲジラ,災厄秘宝ゲジラ,1065,災厄秘宝ゲジラ,"Gejila, the Hidden Horror","Kejila, the Hidden Horror"
1532,rules,436:10_4:DM-10 4:災厄秘宝ゲジラ,"■Ｗ・ブレイカー
■サイレントスキル（自分のターンのはじめに、このクリーチャーがタップされていたら、アンタップするかわりに次の[SS]能力を使ってもよい）
[SS]－このクリーチャーは、相手のシールドを２枚ブレイクする。",1066,"＊W・ブレイカー
＊サイレントスキル（自分のターンのはじめに、このクリーチャーがタップされていたら、アンタップするかわりに次のi 能力を使ってもよい）
i このクリーチャーは、相手のシールドを2枚ブレイクする。","*Double breaker
*Silent Skill (At the start of your turn, if this creature is tapped, you may keep it tapped and use its i ability.)
i This creature breaks 2 of your opponent's shields.","■ Double breaker (This creature breaks 2 shields.)
■ Silent skill (At the start of each of your turns, if this creature is tapped, you may keep it tapped and use its silent skill ability.)
  This creature breaks 2 of your opponent's shields."
1533,race,436:10_4:DM-10 4:災厄秘宝ゲジラ,パンドラボックス,1067,パンドラボックス,パンドラボックス,Pandora's Box
1534,name,437:10_5:DM-10 5:冥府の覇者ガジラビュート,冥府の覇者ガジラビュート,1068,冥府の覇者ガジラビュート,"Gajirabute, Dark Emperor ","Gajirabute, Vile Centurion"
1535,rules,437:10_5:DM-10 5:冥府の覇者ガジラビュート,■このクリーチャーをバトルゾーンに出した時、相手のシールドを１枚選び、持ち主の墓地に置く。（その「Ｓ・トリガー」は使えない）,1069,＊このクリーチャーをバトルゾーンに出した時、相手のシールドを1枚選び、持ち主の墓地に置く。（その「Ｓ・トリガー」は使えない）,"*When you put this creature into the battle zone, choose one of your opponent's shields and put it into his graveyard. (If that shield has a ""shield trigger,"" it doesn't work.)","■ When you put this creature into the battle zone, choose one of your opponent's shields and put it into his graveyard."
1536,flavor,437:10_5:DM-10 5:冥府の覇者ガジラビュート,漆黒の巨体から吹き出る瘴気が、精霊すら怯ませる。,1070,漆黒の巨体から吹き出る瘴気が、精霊すら怯ませる。,The vile miasma emanating from its ebon body is enough to make even the elementals quail.,
1537,race,437:10_5:DM-10 5:冥府の覇者ガジラビュート,デーモン・コマンド,1071,デーモン・コマンド,デーモン・コマンド,Demon Command
1538,name,438:10_6:DM-10 6:ガウレザル・ドラゴン,ガウレザル・ドラゴン,1072,ガウレザル・ドラゴン,Gaulezal Dragon,Gaulezal Dragon
1539,rules,438:10_6:DM-10 6:ガウレザル・ドラゴン,■Ｗ・ブレイカー（このクリーチャーはシールドを２枚ブレイクする）,1073,＊W・ブレイカー（このクリーチャーはシールドを2枚ブレイクする）,*Double breaker (This creature breaks 2 shields.),■ Double breaker (This creature breaks 2 shields.)
1540,flavor,438:10_6:DM-10 6:ガウレザル・ドラゴン,余りに長く繰り返した砲撃も、龍から命を失わせる事はできなかった。,1074,余りに長く繰り返した砲撃も、龍から命を失わせる事はできなかった。,"When the smoke cleared, the attackers despaired when they saw their barrage had destroyed everything--except the dragon.",
1541,race,438:10_6:DM-10 6:ガウレザル・ドラゴン,アーマード・ドラゴン,1075,アーマード・ドラゴン,アーマード・ドラゴン,Armored Dragon
1542,name,439:10_7:DM-10 7:天動の化身,天動の化身,1076,天動の化身,Carnival Totem,Carnival Totem
1543,rules,439:10_7:DM-10 7:天動の化身,"■Ｗ・ブレイカー（このクリーチャーはシールドを２枚ブレイクする）
■このクリーチャーをバトルゾーンに出した時、自分のマナゾーンにあるカードをすべて自分の手札に戻し、同時に、自分の手札をすべて自分のマナゾーンにタップして置く。",1077,"＊W・ブレイカー（このクリーチャーはシールドを2枚ブレイクする）
＊このクリーチャーをバトルゾーンに出した時、自分のマナゾーンにあるカードをすべて自分の手札に戻し、同時に、自分の手札をすべて自分のマナゾーンにタップして置く。","*Double breaker (This creature breaks 2 shields.)
*When you put this creature into the battle zone, put all cards from your mana zone into your hand and, at the same time, put all cards from your hand into your mana zone tapped.","■ Double breaker (This creature breaks 2 shields.)
■ When you put this creature into the battle zone, put all the cards from your mana zone into your hand and, at the same time, put all the cards from your hand into your mana zone tapped."
1544,race,439:10_7:DM-10 7:天動の化身,ミステリー・トーテム,1078,ミステリー・トーテム,ミステリー・トーテム,Mystery Totem
1545,name,440:10_8:DM-10 8:覚醒のタンザナイト,覚醒のタンザナイト,1079,覚醒のタンザナイト,"Tanzanite, the Awakener","Tanzanyte, the Awakener"
1546,rules,440:10_8:DM-10 8:覚醒のタンザナイト,"■マナゾーンに置く時、このカードはタップして置く。
■Ｗ・ブレイカー
■このクリーチャーで攻撃するかわりに、タップして次の[Ｔ]能力を使ってもよい。
[Ｔ]－自分の墓地からクリーチャーを１体選ぶ。そのクリーチャーと同じ名前のクリーチャーをすべて、自分の墓地から自分の手札に戻す。",1080,"＊マナゾーンに置く時、このカードはタップして置く。
＊W・ブレイカー
＊このクリーチャーで攻撃するかわりに、タップして次のt能力を使ってもよい。
t自分の墓地からクリーチャーを1体選ぶ。そのクリーチャーと同じ名前のクリーチャーをすべて、自分の墓地から自分の手札に戻す。","*(This creature is put into your mana zone tapped.)
*Double breaker
*Instead of having this creature attack, you may tap it to use its t ability.
t Choose a creature in your graveyard. Then return all creatures that have that name from your graveyard to your hand.","■ (This creature is put into your mana zone tapped.)
■ Double breaker (This creature breaks 2 shields.)
■ Instead of having this creature attack, you may tap it to use its tap ability.
 Choose a creature in your graveyard. Return all creatures that have that name from your graveyard to your hand."
1547,race,440:10_8:DM-10 8:覚醒のタンザナイト,スピリット・クォーツ,1081,スピリット・クォーツ,スピリット・クォーツ,Spirit Quartz
1548,name,441:10_9:DM-10 9:無双竜機ボルバルザーク,無双竜機ボルバルザーク,1082,無双竜機ボルバルザーク,Super dragon machine Bolbalzark,"Bombazar, Dragon of Destiny"
1549,rules,441:10_9:DM-10 9:無双竜機ボルバルザーク,"■マナゾーンに置く時、このカードはタップして置く。
■このクリーチャーをバトルゾーンに出した時、他のパワー6000のクリーチャーをすべて破壊する。その後、このターンの後にもう一度自分のターンを行う。そのターンの終わりに、自分はゲームに負ける。
■スピードアタッカー(このクリーチャーは召喚酔いしない）
■Ｗ・ブレイカー",1083,"＊マナゾーンに置く時、このカードはタップして置く。
＊このクリーチャーをバトルゾーンに出した時、他のパワー6000のクリーチャーをすべて破壊する。その後、このターンの後にもう一度自分のターンを行う。そのターンの終わりに、自分はゲームに負ける。
＊スピードアタッカー(このクリーチャーは召喚酔いしない）
＊W・ブレイカー","*(This creature is put into your mana zone tapped.)
*When you put this creature into the battle zone, destroy all other creatures that have power 6000. Then take an extra turn after this one. You lose the game at the end of that turn.
*Speed attacker
*Double breaker","■ (This creature is put into your mana zone tapped.)
■ When you put this creature into the battle zone, destroy all other creatures that have 6000 power. Take an extra turn after this one. You lose the game at the end of that turn.
■ Speed attacker (This creature doesn't get summoning sickness.)
■ Double breaker (This creature breaks 2 shields.)"
1550,race,441:10_9:DM-10 9:無双竜機ボルバルザーク,アーマード・ドラゴン/アース・ドラゴン,1084,アーマード・ドラゴン/アース・ドラゴン,アーマード・ドラゴン/アース・ドラゴン,Armored Dragon
1551,name,442:10_10:DM-10 10:霊光の化身,霊光の化身,1085,霊光の化身,Spiritual Totem,Techno Totem
1552,rules,442:10_10:DM-10 10:霊光の化身,"■マナゾーンに置く時、このカードはタップして置く。
■このクリーチャーがタップされている間、自分の他のクリーチャーは「パワーアタッカー+1500」を得る。
■このクリーチャーで攻撃するかわりに、タップして次の[Ｔ]能力を使ってもよい。
[Ｔ]－バトルゾーンにある相手のクリーチャーを１体タップする。",1086,"＊マナゾーンに置く時、このカードはタップして置く。
＊このクリーチャーがタップされている間、自分の他のクリーチャーは「パワーアタッカー+1500」を得る。
＊このクリーチャーで攻撃するかわりに、タップして次の t 能力を使ってもよい。
tバトルゾーンにある相手のクリーチャーを1体タップする。","*(This creature is put into your mana zone tapped.)
*While this creature is tapped, each of your other creatures gets ""power attacker +1500.""
*Instead of having this creature attack, you may tap it to use its t ability.
t Tap one of your opponent's creatures in the battle zone.","■ (This creature is put into your mana zone tapped.)
■ While this creature is tapped, each of your other creatures has ""power attacker +1500."" (While attacking, a creature that has ""power attacker +1500"" gets +1500 power.)
■ Instead of having this creature attack, you may tap it to use its tap ability.
 Choose one of your opponent's creatures in the battle zone and tap it."
1553,race,442:10_10:DM-10 10:霊光の化身,ミステリー・トーテム,1087,ミステリー・トーテム,ミステリー・トーテム,Mystery Totem
1554,name,443:10_11:DM-10 11:聖天使グライス・メジキューラ,聖天使グライス・メジキューラ,1088,聖天使グライス・メジキューラ,"Glais Mejicula, Radiant Angel","Glais Mejicula, the Extreme"
1555,rules,443:10_11:DM-10 11:聖天使グライス・メジキューラ,"■進化－自分のイニシエート１体の上に置く。
■自分のシールドがブレイクされる時、自分の手札を２枚捨ててもよい。そうした場合、そのシールドはブレイクされない。",1089,"＊進化-自分のイニシエート1体の上に置く。
＊自分のシールドがブレイクされる時、自分の手札を２枚捨ててもよい。そうした場合、そのシールドはブレイクされない。","*Evolution-Put on one of your Initiates.
*Whenever one of your shields would be broken, you may discard 2 cards from your hand. If you do, the shield isn't broken.","■ Evolution-Put on one of your Initiates.
■ Whenever one of your shields would be broken, you may discard 2 cards from your hand instead."
1556,flavor,443:10_11:DM-10 11:聖天使グライス・メジキューラ,全てが消滅したはずの空間で、聖天使を中心としたフィールドは無傷のままだった。,1090,全てが消滅したはずの空間で、聖天使を中心としたフィールドは無傷のままだった。,"Amidst the devastation, the angels' energy field remained, as perfect as it ever had been.",
1557,race,443:10_11:DM-10 11:聖天使グライス・メジキューラ,イニシエート,1091,イニシエート,イニシエート,Initiate
1558,name,444:10_12:DM-10 12:粛清者ポルタレスタ,粛清者ポルタレスタ,1092,粛清者ポルタレスタ,"Poltalester, the Purifier","Poltalester, the Spydroid"
1559,rules,444:10_12:DM-10 12:粛清者ポルタレスタ,"■ブロッカー
■Ｓ・トリガー
■このクリーチャーは、相手プレイヤーを攻撃できない。",1093,"{B}ブロッカー
{ST}S・トリガー
＊このクリーチャーは、相手プレイヤーを攻撃できない。","{B} Blocker
{ST} Shield trigger
*This creature can't attack players.","■ Shield trigger (When this card is put into your hand from your shield zone, you may play it immediately for no cost.)
■ Blocker (Whenever an opponent's creature attacks, you may tap this creature to stop the attack. Then the 2 creatures battle.)
■ This creature can't attack players."
1560,flavor,444:10_12:DM-10 12:粛清者ポルタレスタ,雲間に張り巡らされた蜘蛛の網。獲物は、ただ静かに忍び寄る粛清者の足音を聞いていた。,1094,雲間に張り巡らされた蜘蛛の網。獲物は、ただ静かに忍び寄る粛清者の足音を聞いていた。,"Like spiders, the purifiers spin webs of light through the sky. Those caught in them can do nothing but await the purifiers' arrival.",A spider's web stretched across the clouds. Its prey could only listen to the quiet footsteps of the approaching Purifier.
1561,race,444:10_12:DM-10 12:粛清者ポルタレスタ,ソルトルーパー,1095,ソルトルーパー,ソルトルーパー,Soltrooper
1562,name,445:10_13:DM-10 13:粛清者アイザク,粛清者アイザク,1096,粛清者アイザク,"Izak, the Purifier","Ikaz, the Spydroid"
1563,rules,445:10_13:DM-10 13:粛清者アイザク,"■ブロッカー
■このクリーチャーは、相手プレイヤーを攻撃できない。
■このクリーチャーがブロックする時、バトルゾーンにある自分のクリーチャーを１体選んでもよい。このクリーチャーのバトルの後、選んだクリーチャーをアンタップする。",1097,"{B}ブロッカー
＊このクリーチャーは、相手プレイヤーを攻撃できない。　
＊このクリーチャーがブロックする時、バトルゾーンにある自分のクリーチャーを１体選んでもよい。このクリーチャーのバトルの後、選んだクリーチャーをアンタップする。","{B} Blocker
*This creature can't attack players.
*Whenever this creature blocks, choose one of your creatures in the battle zone. Untap it after this creature battles.","■ Blocker (Whenever an opponent's creature attacks, you may tap this creature to stop the attack. Then the 2 creatures battle.)
■ Whenever this creature blocks, choose one of your creatures in the battle zone. Untap it after the battle.
■ This creature can't attack players."
1564,flavor,445:10_13:DM-10 13:粛清者アイザク,シルヴァー・グローリーの声が聖堂に響き渡ると、差し込んだ光は集結し粛清の剣と変わった。,1098,シルヴァー・グローリーの声が聖堂に響き渡ると、差し込んだ光は集結し粛清の剣と変わった。,"Silver Glory's voice echoes in the chatedral, and the light coming in through the windows became the swords of purifier.","When Silver Glory's voice echoed through the cathedral, the streaming light gathered and became the sword of purification."
1565,race,445:10_13:DM-10 13:粛清者アイザク,ソルトルーパー,1099,ソルトルーパー,ソルトルーパー,Soltrooper
1566,name,446:10_14:DM-10 14:曙の守護者パラ・オーレシス,曙の守護者パラ・オーレシス,1100,曙の守護者パラ・オーレシス,"Palla Ohlesis, Guardian of the Morning","Pala Olesis, Morning Guardian"
1567,rules,446:10_14:DM-10 14:曙の守護者パラ・オーレシス,"■ブロッカー
■このクリーチャーは、相手プレイヤーを攻撃できない。
■相手のターン中、自分の他のクリーチャーのパワーは+2000される。",1101,"{B}ブロッカー
＊このクリーチャーは、相手プレイヤーを攻撃できない。
＊相手のターン中、自分の他のクリーチャーのパワーは+2000される。","{B} Blocker
*This creature can't attack players.
*During your opponent's turn, each of your other creatures gets +2000 power.","■ Blocker (Whenever an opponent's creature attacks, you may tap this creature to stop the attack. Then the 2 creatures battle.)
■ During your opponent's turn, each of your other creatures gets +2000 power.
■ This creature can't attack players."
1568,flavor,446:10_14:DM-10 14:曙の守護者パラ・オーレシス,「ジェスにボコられたの初めてだよ！」- 小さな勇者ゲット,1102,「ジェスにボコられたの初めてだよ！」- 小さな勇者ゲット,I don't think I've ever been beat up by Jess that bad before!　--Small Giant Get,
1569,race,446:10_14:DM-10 14:曙の守護者パラ・オーレシス,ガーディアン,1103,ガーディアン,ガーディアン,Guardian
1570,name,447:10_15:DM-10 15:緊急再誕,緊急再誕,1104,緊急再誕,Rapid Reincarnation,Rapid Reincarnation
1571,rules,447:10_15:DM-10 15:緊急再誕,"■Ｓ・トリガー　
■自分のクリーチャーを１体破壊してもよい。そうした場合、自分のマナゾーンにあるカードの枚数とコストが同じかそれ以下のクリーチャーを１体、自分の手札から選び、バトルゾーンに出す。",1105,"{ST}S・トリガー　
＊自分のクリーチャーを１体破壊してもよい。そうした場合、自分のマナゾーンにあるカードの枚数とコストが同じかそれ以下のクリーチャーを１体、自分の手札から選び、バトルゾーンに出す。","{ST} Shield trigger (When this spell is put into your hand from your shield zone, you may cast it immediately for no cost.)
*You may destroy one of your creatures. If you do, choose a creature in your hand that costs the same as or less than the number of cards in your mana zone and put it into the battle zone.","■ Shield trigger (When this card is put into your hand from your shield zone, you may play it immediately for no cost.)
■ You may destroy one of your creatures. If you do, choose a creature in your hand that costs the same as or less than the number of cards in your mana zone and put it into the battle zone."
1572,name,448:10_16:DM-10 16:バトル・コロシアム,バトル・コロシアム,1106,バトル・コロシアム,Battle Coliseum,Static Warp
1573,rules,448:10_16:DM-10 16:バトル・コロシアム,■各プレイヤーは、バトルゾーンにある自分自身のクリーチャーを１体ずつ選ぶ。その後、バトルゾーンにあるその他のクリーチャーをすべてタップする。,1107,＊各プレイヤーは、バトルゾーンにある自分自身のクリーチャーを１体ずつ選ぶ。その後、バトルゾーンにあるその他のクリーチャーをすべてタップする。,*Each player chooses one of his creatures in the battle zone. Tap the rest of the creatures in the battle zone.,■ Each player chooses one of his creatures in the battle zone. Tap the rest of the creatures in the battle zone.
1574,flavor,448:10_16:DM-10 16:バトル・コロシアム,デュエルだ！,1108,デュエルだ！,Let's duel!,
1575,name,449:10_17:DM-10 17:クリスタル・ブレイダー,クリスタル・ブレイダー,1109,クリスタル・ブレイダー,Crystal Blader,Crystal Spinslicer
1576,rules,449:10_17:DM-10 17:クリスタル・ブレイダー,"■ブロッカー（相手クリーチャーが攻撃する時、このクリーチャーをタップして、その攻撃を阻止してもよい。その後、その相手クリーチャーとバトルする）
■進化－自分のリキッド・ピープル１体の上に置く。",1110,"{B}ブロッカー（相手クリーチャーが攻撃する時、このクリーチャーをタップして、その攻撃を阻止してもよい。その後、その相手クリーチャーとバトルする）　　
＊進化－自分のリキッド・ピープル１体の上に置く。","{B} Blocker (Whenever an opponent's creature attacks, you may tap this creature to stop the attack. Then the 2 creatures battle.)
*Evolution-Put on one of your Liquid People.","■ Blocker (Whenever an opponent's creature attacks, you may tap this creature to stop the attack. Then the 2 creatures battle.)
■ Evolution-Put on one of your Liquid People."
1577,flavor,449:10_17:DM-10 17:クリスタル・ブレイダー,クリスタルの盾よ、古の契約より汝を解放する！,1111,クリスタルの盾よ、古の契約より汝を解放する！,"Crystal shield, I release thee from thine ancient compact!",
1578,race,449:10_17:DM-10 17:クリスタル・ブレイダー,リキッド・ピープル,1112,リキッド・ピープル,リキッド・ピープル,Liquid People
1579,name,450:10_18:DM-10 18:サイレント・マジシャン,サイレント・マジシャン,1113,サイレント・マジシャン,Silent Magician,Mystic Magician
1580,rules,450:10_18:DM-10 18:サイレント・マジシャン,"■自分の「サイレントスキル」を持つクリーチャーは、タップしてバトルゾーンに置かれる。
■自分の「サイレントスキル」を持つクリーチャーが破壊される時、墓地に置くかわりに自分の手札に戻す。",1114,"＊自分の「サイレントスキル」を持つクリーチャーは、タップしてバトルゾーンに置かれる。　
＊自分の「サイレントスキル」を持つクリーチャーが破壊される時、墓地に置くかわりに自分の手札に戻す。","*Your creatures that have ""silent skill"" are put into the battle zone tapped.
*Whenever one of your creatures that has ""silent skill"" would be destroyed, put it into your hand instead.","■ Your creatures that have ""silent skill"" are put into the battle zone tapped.
■ Whenever one of your creatures that has ""silent skill"" would be destroyed, put it into your hand instead."
1581,flavor,450:10_18:DM-10 18:サイレント・マジシャン,「お主等の秘められた力、見せてみよ！」―サイレント・マジシャン,1115,「お主等の秘められた力、見せてみよ！」－サイレント・マジシャン,Now has the time come for you all to show me your inner strength!　--Silent Magician,
1582,race,450:10_18:DM-10 18:サイレント・マジシャン,マーフォーク,1116,マーフォーク,マーフォーク,Merfolk
1583,name,451:10_19:DM-10 19:パルタン,パルタン,1117,パルタン,Paltan,Zaltan
1584,rules,451:10_19:DM-10 19:パルタン,■自分のサイバー・ウイルスをバトルゾーンに出した時、自分の手札を２枚まで捨ててもよい。捨てたカード１枚につきクリーチャーを１体バトルゾーンから選び、持ち主の手札に戻す。,1118,＊自分のサイバー・ウイルスをバトルゾーンに出した時、自分の手札を２枚まで捨ててもよい。捨てたカード１枚につきクリーチャーを１体バトルゾーンから選び、持ち主の手札に戻す。,"*Whenever you put a Cyber Virus into the battle zone, you may discard up to 2 cards from your hand. For each card you discarded, choose a creature in the battle zone and return it to its owner's hand.","■ Whenever you put a Cyber Virus into the battle zone, you may discard up to 2 cards from your hand. For each card you discard, choose a creature in the battle zone and return it to its owner's hand."
1585,flavor,451:10_19:DM-10 19:パルタン,月面から届いた報告書を読むと、サイバーロードは一人思索の遊泳に出た。,1119,月面から届いた報告書を読むと、サイバーロードは一人思索の遊泳に出た。,"Upon receiving the report from the moon's surface, the cyberlords immediately swam out on journeys of quiet introspection.",
1586,race,451:10_19:DM-10 19:パルタン,サイバーロード,1120,サイバーロード,サイバーロード,Cyber Lord
1587,name,452:10_20:DM-10 20:トリック・クラッカー,トリック・クラッカー,1121,トリック・クラッカー,Trick Cracker,Charge Whipper
1588,rules,452:10_20:DM-10 20:トリック・クラッカー,"■サイレントスキル（自分のターンのはじめに、このクリーチャーがタップされていたら、アンタップするかわりに次の[SS]能力を使ってもよい）
[SS]－自分の手札を１枚選び、裏向きにして自分のシールドに加えてもよい。そうした場合、自分のシールドを１枚選び、自分の手札に加える。（その「Ｓ・トリガー」能力は使えない）",1122,"＊サイレントスキル（自分のターンのはじめに、このクリーチャーがタップされていたら、アンタップするかわりに次のi 能力を使ってもよい）
i 自分の手札を１枚選び、裏向きにして自分のシールドに加えてもよい。そうした場合、自分のシールドを１枚選び、自分の手札に加える。（その「Ｓ・トリガー」能力は使えない）","*Silent Skill (At the start of your turn, if this creature is tapped, you may keep it tapped and use its i ability.)
i You may add a card from your hand to your shields face down. If you do, choose one of your shields and put it into your hand. You can't use the ""shield trigger"" ability of that shield.","■ Silent skill (At the start of each of your turns, if this creature is tapped, you may keep it tapped and use its silent skill ability.)
  You may add a card from your hand to your shields face down. If you do, choose one of your shields and put it into your hand. You can't use the ""shield trigger"" ability of that shield."
1589,race,452:10_20:DM-10 20:トリック・クラッカー,サイバー・ウイルス,1123,サイバー・ウイルス,サイバー・ウイルス,Cyber Virus
1590,name,453:10_21:DM-10 21:転生プログラム,転生プログラム,1124,転生プログラム,Metamorph Program,Transmogrify
1591,rules,453:10_21:DM-10 21:転生プログラム,"■Ｓ・トリガー
■クリーチャーを１体選び、破壊する。そうした場合、そのクリーチャーの持ち主は、自分自身の山札の上から進化クリーチャーでないクリーチャーが出るまでカードを表向きにする。そのプレイヤーは、出たクリーチャーをバトルゾーンに出し、表向きにしたそれ以外のカードを持ち主の墓地に置く。",1125,"{ST}S・トリガー
＊クリーチャーを１体選び、破壊する。そうした場合、そのクリーチャーの持ち主は、自分自身の山札の上から進化クリーチャーでないクリーチャーが出るまでカードを表向きにする。そのプレイヤーは、出たクリーチャーをバトルゾーンに出し、表向きにしたそれ以外のカードを持ち主の墓地に置く。","{ST} Shield trigger
*Choose a creature and destroy it. If you do, its owner reveals cards from the top of his deck until he reveals a non-Evolution creature. He puts that creature into the battle zone and puts the rest of the cards into his graveyard.","■ Shield trigger (When this card is put into your hand from your shield zone, you may play it immediately for no cost.)
■ You may destroy a creature. If you do, its owner reveals cards from the top of his deck until he reveals a non-evolution creature. He puts that creature into the battle zone and puts the rest of those cards into his graveyard."
1592,name,454:10_22:DM-10 22:邪悪の魔黒デビル・マーシャル,邪悪の魔黒デビル・マーシャル,1126,邪悪の魔黒デビル・マーシャル,"Devil Marshal, the Infernal","Zero Nemesis, Shadow of Panic"
1593,rules,454:10_22:DM-10 22:邪悪の魔黒デビル・マーシャル,"■進化－自分のゴースト１体の上に置く。
■Ｗ・ブレイカー
■自分のクリーチャーが攻撃する時、相手の手札を１枚見ないで選び、捨てさせる。",1127,"＊進化-自分のゴースト1体の上に置く。
＊W・ブレイカー
＊自分のクリーチャーが攻撃する時、相手の手札を1枚見ないで選び、捨てさせる。","*Evolution-Put on one of your Ghosts.
*Double breaker (This creature breaks 2 shields.)
*Whenever any of your creatures attacks, your opponent discards a card at random from his hand.","■ Evolution-Put on one of your Ghosts.
■ Whenever one of your creatures attacks, your opponent discards a card at random from their hand.
■ Double breaker (This creature breaks 2 shields.)"
1594,flavor,454:10_22:DM-10 22:邪悪の魔黒デビル・マーシャル,半端な攻撃は、倍する抵抗を産むだけじゃ。- デビル・マーシャルの戦術書から抜粋,1128,半端な攻撃は、倍する抵抗を産むだけじゃ。- デビル・マーシャルの戦術書から抜粋,Anything less than an overwhelming attack only breeds further resistance. -From Devil Marshal's 'Tactics',
1595,race,454:10_22:DM-10 22:邪悪の魔黒デビル・マーシャル,ゴースト,1129,ゴースト,ゴースト,Ghost
1596,name,455:10_23:DM-10 23:妖舞皇女ユリア,妖舞皇女ユリア,1130,妖舞皇女ユリア,"Yulia, the Entrancer","Uliya, the Entrancer"
1597,rules,455:10_23:DM-10 23:妖舞皇女ユリア,■このクリーチャーをバトルゾーンに出した時、自分のシールドを１枚選び、自分の手札に加える。（その「Ｓ・トリガー」を使ってもよい）,1131,＊このクリーチャーをバトルゾーンに出した時、自分のシールドを1枚選び、自分の手札に加える。（その「Ｓ・トリガー」を使ってもよい）,"*When you put this creature into the battle zone, choose one of your shields and put it into your hand. (You can use the ""shield trigger"" ability of that shield.)","■ When you put this creature into the battle zone, choose one of your shields and put it into your hand. (You can use the ""shield trigger"" ability of that shield.)"
1598,flavor,455:10_23:DM-10 23:妖舞皇女ユリア,「君のために歌おう」と言ったばかりに、生きているのが不思議なぐらいジョーはひどい目にあった。,1132,「君のために歌おう」と言ったばかりに、生きているのが不思議なぐらいジョーはひどい目にあった。,"Just because he said ""Let me sing for you"", Joe received a horrible torture.",
1599,race,455:10_23:DM-10 23:妖舞皇女ユリア,ダークロード,1133,ダークロード,ダークロード,Dark Lord
1600,name,456:10_24:DM-10 24:ギガンデュラ,ギガンデュラ,1134,ギガンデュラ,Gigandura,Gigandura
1601,rules,456:10_24:DM-10 24:ギガンデュラ,■このクリーチャーをバトルゾーンに出した時、相手の手札を見る。その中から１枚選び、持ち主のマナゾーンに置いてもよい。そうした場合、相手のマナゾーンからカードを１枚選び、持ち主の手札に戻す。,1135,＊このクリーチャーをバトルゾーンに出した時、相手の手札を見る。その中から1枚選び、持ち主のマナゾーンに置いてもよい。そうした場合、相手のマナゾーンからカードを1枚選び、持ち主の手札に戻す。,"*When you put this creature into the battle zone, look at your opponent's hand. You may choose a card in it and put it into his mana zone. If you do, choose a card in his mana zone and put it into his hand.","■ When you put this creature into the battle zone, look at your opponent's hand. You may choose a card in it and put it into his mana zone. If you do, choose a card in his mana zone and put it into his hand."
1602,flavor,456:10_24:DM-10 24:ギガンデュラ,不健全な肉体の攻撃が、異質な効果を引き起こす。,1136,不健全な肉体の攻撃が、異質な効果を引き起こす。,"It is able to pass the imperfections in its own body onto others--unfortunately, most beings cannot survive the process.",
1603,race,456:10_24:DM-10 24:ギガンデュラ,キマイラ,1137,キマイラ,キマイラ,Chimera
1604,name,457:10_25:DM-10 25:困惑の影トラブル・アルケミスト,困惑の影トラブル・アルケミスト,1138,困惑の影トラブル・アルケミスト,"Trouble Alchemist, Shadow of Confusion","Spark Chemist, Shadow of Whim"
1605,rules,457:10_25:DM-10 25:困惑の影トラブル・アルケミスト,■このクリーチャーをバトルゾーンに出した時、自分のマナゾーンにあるカードをすべて自分の手札に戻す。,1139,＊このクリーチャーをバトルゾーンに出した時、自分のマナゾーンにあるカードをすべて自分の手札に戻す。,"*When you put this creature into the battle zone, return all cards from your mana zone to your hand.","■ When you put this creature into the battle zone, return all the cards from your mana zone to your hand."
1606,flavor,457:10_25:DM-10 25:困惑の影トラブル・アルケミスト,「また、やってもうた。」- 困惑の影トラブル・アルケミスト,1140,「また、やってもうた。」- 困惑の影トラブル・アルケミスト,Whoops--I did it again.--Trouble Alchemist,
1607,race,457:10_25:DM-10 25:困惑の影トラブル・アルケミスト,ゴースト,1141,ゴースト,ゴースト,Ghost
1608,name,458:10_26:DM-10 26:魔天降臨,魔天降臨,1142,魔天降臨,Upheaval,Upheaval
1609,rules,458:10_26:DM-10 26:魔天降臨,"■Ｓ・トリガー（この呪文をシールドゾーンから手札に加える時、コストを支払わずにすぐ唱えてもよい）
■各プレイヤーは自分自身のマナゾーンにあるカードをすべてそれぞれの手札に戻し、同時に、自分自身の手札をすべてタップしてそれぞれのマナゾーンに置く。",1143,"{ST}S・トリガー（この呪文をシールドゾーンから手札に加える時、コストを支払わずにすぐ唱えてもよい）　　　
＊各プレイヤーは自分自身のマナゾーンにあるカードをすべてそれぞれの手札に戻し、同時に、自分自身の手札をすべてタップしてそれぞれのマナゾーンに置く。","{ST} Shield trigger (When this spell is put into your hand from your shield zone, you may cast it immediately for no cost.)
*Each player puts all cards from his mana zone into his hand and, at the same time, puts all cards from his hand into his mana zone tapped.","■ Shield trigger (When this card is put into your hand from your shield zone, you may play it immediately for no cost.)
■ Each player puts all the cards from his mana zone into his hand and, at the same time, puts all the cards from his hand into his mana zone tapped."
1610,name,459:10_27:DM-10 27:機神装甲ガンダヴァル,機神装甲ガンダヴァル,1144,機神装甲ガンダヴァル,Armored Cannon Gandaval,Armored Raider Gandaval
1611,rules,459:10_27:DM-10 27:機神装甲ガンダヴァル,"■進化－自分のヒューマノイド１体の上に置く。
■攻撃中、このクリーチャーのパワーは、バトルゾーンにある自分の他のタップされているクリーチャー１体につき+2000される。
■Ｗ・ブレイカー",1145,"＊進化-自分のヒューマノイド１体の上に置く。　　
＊攻撃中、このクリーチャーのパワーは、バトルゾーンにある自分の他のタップされているクリーチャー１体につき+2000される。
＊W・ブレイカー","*Evolution-Put on one of your Humans.
*While attacking, this creature gets +2000 power for each of your other tapped creatures in the battle zone.
*Double breaker","■ Evolution-Put on one of your Humans.
■ While attacking, this creature gets +2000 power for each of your other tapped creatures in the battle zone.
■ Double breaker (This creature breaks 2 shields.)"
1612,flavor,459:10_27:DM-10 27:機神装甲ガンダヴァル,「とりゃー！　七万発くらいやがれ！」- 機神装甲ガンダヴァル,1146,「とりゃー！　七万発くらいやがれ！」- 機神装甲ガンダヴァル,"Ha ha! Think you can stand up to my rocket punch, eh? Take that !--Gandaval",
1613,race,459:10_27:DM-10 27:機神装甲ガンダヴァル,ヒューマノイド,1147,ヒューマノイド,ヒューマノイド,Human
1614,name,460:10_28:DM-10 28:テンペストザウルス,テンペストザウルス,1148,テンペストザウルス,Tempestsaurus,Hurlosaur
1615,rules,460:10_28:DM-10 28:テンペストザウルス,"■Ｓ・トリガー（このクリーチャーをシールドゾーンから手札に加える時、コストを支払わずにすぐ召喚してもよい）
■このクリーチャーをバトルゾーンに出した時、パワー1000以下の相手のクリーチャーを１体破壊する。",1149,"＊S・トリガー（このクリーチャーをシールドゾーンから手札に加える時、コストを支払わずにすぐ召喚してもよい）　　　　
＊このクリーチャーをバトルゾーンに出した時、パワー1000以下の相手のクリーチャーを１体破壊する。","{ST} Shield trigger (When this creature is put into your hand from your shield zone, you may summon it immediately for no cost.)
*When you put this creature into the battle zone, destroy one of your opponent's creatures that has power 1000 or less.","■ Shield trigger (When this card is put into your hand from your shield zone, you may play it immediately for no cost.)
■ When you put this creature into the battle zone, destroy one of your opponent's creatures that has power 1000 or less."
1616,flavor,460:10_28:DM-10 28:テンペストザウルス,予想外の出現に、水の民はただ逃げまどうばかりだった。,1150,予想外の出現に、水の民はただ逃げまどうばかりだった。,"Unprepared for the beast's savage assault, all the water residents could do was flee before it.",
1617,race,460:10_28:DM-10 28:テンペストザウルス,ロック・ビースト,1151,ロック・ビースト,ロック・ビースト,Rock Beast
1618,name,461:10_29:DM-10 29:バーンメルト・リザード,バーンメルト・リザード,1152,バーンメルト・リザード,Burnmelt Lizard,Burnwisp Lizard
1619,rules,461:10_29:DM-10 29:バーンメルト・リザード,■バトルゾーンにある自分の「サイレントスキル」を持つクリーチャーは、「スピードアタッカー」を得る。（「スピードアタッカー」を持つクリーチャーは召喚酔いしない）,1153,＊バトルゾーンにある自分の「サイレントスキル」を持つクリーチャーは、「スピードアタッカー」を得る。（「スピードアタッカー」を持つクリーチャーは召喚酔いしない）,"*Each of your creatures in the battle zone that has ""silent skill"" has ""speed attacker."" (A creature that has ""speed attacker"" doesn't get summoning sickness.)","■ Each of your creatures in the battle zone that has ""silent skill"" has ""speed attacker."" (A creature that has ""speed attacker"" doesn't get summoning sickness.)"
1620,flavor,461:10_29:DM-10 29:バーンメルト・リザード,「灼熱の中で鍛えてきた、秘伝の技を見せてやるヒィー！」- バーンメルト・リザード,1154,「灼熱の中で鍛えてきた、秘伝の技を見せてやるヒィー！」- バーンメルト・リザード,Only those who survive the Test of Fire can learn how to do this! --Burnmelt Lizard,
1621,race,461:10_29:DM-10 29:バーンメルト・リザード,メルト・ウォリアー,1155,メルト・ウォリアー,メルト・ウォリアー,Melt Warrior
1622,name,462:10_30:DM-10 30:マインロード・ワイバーン,マインロード・ワイバーン,1156,マインロード・ワイバーン,Minelord Wyvern,Minelord Skyterror
1623,rules,462:10_30:DM-10 30:マインロード・ワイバーン,"■サイレントスキル（自分のターンのはじめに、このクリーチャーがタップされていたら、アンタップするかわりに次の[SS]能力を使ってもよい）
[SS]－パワー3000以下のクリーチャーをすべて破壊する。",1157,"＊サイレントスキル（自分のターンのはじめに、このクリーチャーがタップされていたら、アンタップするかわりに次のi能力を使ってもよい）
i パワー3000以下のクリーチャーをすべて破壊する。","*Silent Skill (At the start of your turn, if this creature is tapped, you may keep it tapped and use its i ability.)
i Destroy all creatures that have power 3000 or less.","■ Silent skill (At the start of each of your turns, if this creature is tapped, you may keep it tapped and use its silent skill ability.)
  Destroy all creatures that have power 3000 or less."
1624,flavor,462:10_30:DM-10 30:マインロード・ワイバーン,狙われたら、素早く祈れ。残された時はわずか。,1158,狙われたら、素早く祈れ。残された時はわずか。,"If it should turn its gaze toward you, pray. That won't save you, but it may give you some peace of mind.",
1625,race,462:10_30:DM-10 30:マインロード・ワイバーン,アーマード・ワイバーン,1159,アーマード・ワイバーン,アーマード・ワイバーン,Armored Wyvern
1626,name,463:10_31:DM-10 31:砕神兵ガッツンダー,砕神兵ガッツンダー,1160,砕神兵ガッツンダー,Smash Trooper Gatsundar,Smash Warrior Stagrandu
1627,rules,463:10_31:DM-10 31:砕神兵ガッツンダー,"■このクリーチャーは、タップされていないクリーチャーを攻撃できる。
■このクリーチャーがパワー6000以上のクリーチャーを攻撃する時、そのターンの終わりまで、このクリーチャーのパワーは+9000される。",1161,"＊このクリーチャーは、タップされていないクリーチャーを攻撃できる。　　
＊このクリーチャーがパワー6000以上のクリーチャーを攻撃する時、そのターンの終わりまで、このクリーチャーのパワーは+9000される。","*This creature can attack untapped creatures.
*Whenever this creature attacks a creature that has power 6000 or more, this creature gets +9000 power until the end of the turn.","■ This creature can attack untapped creatures.
■ Whenever this creature attacks a creature that has power 6000 or more, this creature gets +9000 power until the end of the turn."
1628,flavor,463:10_31:DM-10 31:砕神兵ガッツンダー,「オマエダカラコソ、ホンキデイクゼ」- 砕神兵ガッツンダー,1162,「オマエダカラコソ、ホンキデイクゼ」- 砕神兵ガッツンダー,"You're a big one, aren't you? Guess I won't have to hold back.　--Smash trooper Gatsundar",
1629,race,463:10_31:DM-10 31:砕神兵ガッツンダー,アーマロイド,1163,アーマロイド,アーマロイド,Armorloid
1630,name,464:10_32:DM-10 32:大勇者「鎖風車」,大勇者「鎖風車」,1164,大勇者「鎖風車」,Chain Storm,"Earth Ripper, Talon of Rage"
1631,rules,464:10_32:DM-10 32:大勇者「鎖風車」,"■進化－自分のビーストフォーク１体の上に置く。
■Ｗ・ブレイカー
■このクリーチャーをバトルゾーンに出した時、自分のマナゾーンでタップされているカードをすべて自分の手札に戻す。",1165,"＊進化-自分のビーストフォーク1体の上に置く。
＊W・ブレイカー
＊このクリーチャーをバトルゾーンに出した時、自分のマナゾーンでタップされているカードをすべて自分の手札に戻す。","*Evolution-Put on one of your Beast Folk.
*Double breaker
*When you put this creature into the battle zone, return all tapped cards from your mana zone to your hand.","■ Evolution-Put on one of your Beast Folk.
■ When you put this creature into the battle zone, return all tapped cards from your mana zone to your hand.
■ Double breaker (This creature breaks 2 shields.)"
1632,flavor,464:10_32:DM-10 32:大勇者「鎖風車」,大地と共に激怒する！,1166,大地と共に激怒する！,Its rage resonates with that of the earth's.,
1633,race,464:10_32:DM-10 32:大勇者「鎖風車」,ビーストフォーク,1167,ビーストフォーク,ビーストフォーク,Beast Folk
1634,name,465:10_33:DM-10 33:緑神龍クスダルフ,緑神龍クスダルフ,1168,緑神龍クスダルフ,Green Celestial Dragon Cusdalf,Terradragon Cusdalf
1635,rules,465:10_33:DM-10 33:緑神龍クスダルフ,"■Ｗ・ブレイカー
■パワーアタッカー+4000（攻撃中、このクリーチャーのパワーは+4000される）
■自分のターンのはじめに、自分のマナゾーンにあるカードをアンタップできない。",1169,"＊W・ブレイカー
＊パワーアタッカー+4000（攻撃中、このクリーチャーのパワーは+4000される）
＊自分のターンのはじめに、自分のマナゾーンにあるカードをアンタップできない。","*Double breaker
*Power attacker +4000 (While attacking, this creature gets +4000 power.)
*At the start of each of your turns, you can't untap the cards in your mana zone.","■ Power attacker +4000 (While attacking, this creature gets +4000 power.)
■ Double breaker (This creature breaks 2 shields.)
■ You can't untap the cards in your mana zone at the start of each of your turns."
1636,flavor,465:10_33:DM-10 33:緑神龍クスダルフ,圧倒的過ぎる龍の力が、自然の法則すらも封じ込めた。,1170,圧倒的過ぎる龍の力が、自然の法則すらも封じ込めた。,Its barely contained power breaks every constraint of nature.,
1637,race,465:10_33:DM-10 33:緑神龍クスダルフ,アース・ドラゴン,1171,アース・ドラゴン,アース・ドラゴン,Earth Dragon
1638,name,466:10_34:DM-10 34:エコロバルーン・ビートル,エコロバルーン・ビートル,1172,エコロバルーン・ビートル,Ecoballoon Beetle,Bubble Scarab
1639,rules,466:10_34:DM-10 34:エコロバルーン・ビートル,■自分のクリーチャーが攻撃された時、自分の手札を１枚捨ててもよい。そうした場合、そのターンの終わりまで、そのクリーチャーのパワーは+3000される。,1173,＊自分のクリーチャーが攻撃された時、自分の手札を１枚捨ててもよい。そうした場合、そのターンの終わりまで、そのクリーチャーのパワーは+3000される。,"*Whenever one of your creatures is attacked, you may discard a card from your hand. If you do, that creature gets +3000 power until the end of the turn.","■ Whenever one of your creatures is attacked, you may discard a card from your hand. If you do, that creature gets +3000 power until the end of the turn."
1640,flavor,466:10_34:DM-10 34:エコロバルーン・ビートル,気分がいいと、味方の危険を感じ取る。,1174,気分がいいと、味方の危険を感じ取る。,"hen happy, it can sense its companions' need for aid.",
1641,race,466:10_34:DM-10 34:エコロバルーン・ビートル,ジャイアント・インセクト,1175,ジャイアント・インセクト,ジャイアント・インセクト,Giant Insect
1642,name,467:10_35:DM-10 35:シャーマン・ブロッコリー,シャーマン・ブロッコリー,1176,シャーマン・ブロッコリー,Shaman Broccoli,Shaman Broccoli
1643,rules,467:10_35:DM-10 35:シャーマン・ブロッコリー,■このクリーチャーが破壊される時、墓地に置くかわりに自分のマナゾーンに置く。,1177,＊このクリーチャーが破壊される時、墓地に置くかわりに自分のマナゾーンに置く。,"*When this creature would be destroyed, put it into your mana zone instead.","■ When this creature would be destroyed, put it into your mana zone instead."
1644,flavor,467:10_35:DM-10 35:シャーマン・ブロッコリー,ほらほら動け。やれ動け。死ぬなら死んだで大地の肥やし。,1178,ほらほら動け。やれ動け。死ぬなら死んだで大地の肥やし。,"Keep working. Don't worry about dying, either--you'll just help make the next generation grow.",
1645,race,467:10_35:DM-10 35:シャーマン・ブロッコリー,ワイルド・ベジーズ,1179,ワイルド・ベジーズ,ワイルド・ベジーズ,Wild Veggies
1646,name,468:10_36:DM-10 36:母なる大地,母なる大地,1180,母なる大地,Mother Earth,Soulswap
1647,rules,468:10_36:DM-10 36:母なる大地,"■Ｓ・トリガー
■バトルゾーンにあるクリーチャーを１体選び、持ち主のマナゾーンに置いてもよい。そうした場合、そのマナゾーンにあるカードの枚数とコストが同じかそれ以下のクリーチャーを１体、そのマナゾーンから選ぶ。そのプレイヤーはそのクリーチャーをバトルゾーンに出す。ただし、進化クリーチャーを選ぶことはできない。  ",1181,"{ST}S・トリガー
＊バトルゾーンにあるクリーチャーを１体選び、持ち主のマナゾーンに置いてもよい。そうした場合、そのマナゾーンにあるカードの枚数とコストが同じかそれ以下のクリーチャーを１体、そのマナゾーンから選ぶ。そのプレイヤーはそのクリーチャーをバトルゾーンに出す。ただし、進化クリーチャーを選ぶことはできない。  ","{ST} Shield trigger (When this spell is put into your hand from your shield zone, you may cast it immediately for no cost.)
*You may choose a creature in the battle zone and put it into its owner's mana zone. If you do, choose a non-Evolution creature in that player's mana zone that costs the same as or less than the number of cards in that mana zone. That player puts that creature into the battle zone.","■ Shield trigger (When this card is put into your hand from your shield zone, you may play it immediately for no cost.)
■ You may choose a creature in the battle zone and put it into its owner's mana zone. If you do, choose a non-evolution creature in that player's mana zone that costs the same as or less than the number of cards in that mana zone. That player puts that creature into the battle zone."
1648,name,469:10_37:DM-10 37:アクア・リバイバー,アクア・リバイバー,1182,アクア・リバイバー,Aqua Revivor,Aqua Skydiver
1649,rules,469:10_37:DM-10 37:アクア・リバイバー,"■ブロッカー
■Ｓ・トリガー
■マナゾーンに置く時、このカードはタップして置く。
■このクリーチャーが破壊される時、墓地に置くかわりに自分の手札に戻す。",1183,"{B}ブロッカー
{ST}S・トリガー
＊マナゾーンに置く時、このカードはタップして置く。
＊このクリーチャーが破壊される時、墓地に置くかわりに自分の手札に戻す。","{B} Blocker
{ST} Shield trigger (When this creature is put into your hand from your shield zone, you may summon it immediately for no cost.)
*(This creature is put into your mana zone tapped.)
*When this creature would be destroyed, return it to your hand instead.","■ Shield trigger (When this card is put into your hand from your shield zone, you may play it immediately for no cost.)
■ Blocker (Whenever an opponent's creature attacks, you may tap this creature to stop the attack. Then the 2 creatures battle.)
■ (This creature is put into your mana zone tapped.)
■ When this creature would be destroyed, return it to your hand instead."
1650,flavor,469:10_37:DM-10 37:アクア・リバイバー,真の勇者は負けても死なず。,1184,真の勇者は負けても死なず。,"The truly brave warriors fear not death, knowing it is but another battle to be won.","A true hero does not die, even in defeat."
1651,race,469:10_37:DM-10 37:アクア・リバイバー,リキッド・ピープル,1185,リキッド・ピープル,リキッド・ピープル,Liquid People
1652,name,470:10_38:DM-10 38:冷徹のソーダライト,冷徹のソーダライト,1186,冷徹のソーダライト,"Soderlight, the Cold Blade","Soderlight, the Cold Blade"
1653,rules,470:10_38:DM-10 38:冷徹のソーダライト,"■マナゾーンに置く時、このカードはタップして置く。
■このクリーチャーはブロックされない。
■サイレントスキル（自分のターンのはじめに、このクリーチャーがタップされていたら、アンタップするかわりに次の[SS]能力を使ってもよい）
[SS]－相手は自分自身のクリーチャーを１体選び、破壊する。",1187,"＊マナゾーンに置く時、このカードはタップして置く。
＊このクリーチャーはブロックされない。
＊サイレントスキル（自分のターンのはじめに、このクリーチャーがタップされていたら、アンタップするかわりに次のi 能力を使ってもよい）
i 相手は自分自身のクリーチャーを１体選び、破壊する。","*(This creature is put into your mana zone tapped.)
*This creature can't be blocked.
*Silent Skill (At the start of your turn, if this creature is tapped, you may keep it tapped and use its i ability.)
i Your opponent chooses and destroys one of his creatures.","■ (This creature is put into your mana zone tapped.)
■ This creature can't be blocked.
■ Silent skill (At the start of each of your turns, if this creature is tapped, you may keep it tapped and use its silent skill ability.)
  Your opponent chooses one of his creatures and destroys it."
1654,race,470:10_38:DM-10 38:冷徹のソーダライト,スピリット・クォーツ,1188,スピリット・クォーツ,スピリット・クォーツ,Spirit Quartz
1655,name,471:10_39:DM-10 39:腐敗勇騎ドルマークス,腐敗勇騎ドルマークス,1189,腐敗勇騎ドルマークス,"Dolmarks, the defiled brave knight","Dolmarks, the Shadow Warrior"
1656,rules,471:10_39:DM-10 39:腐敗勇騎ドルマークス,"■マナゾーンに置く時、このカードはタップして置く。
■このクリーチャーをバトルゾーンに出した時、バトルゾーンにある自分のクリーチャー１体と、自分のマナゾーンからカードを１枚選び、自分の墓地に置く。その後、相手はバトルゾーンにある自分自身のクリーチャー１体と、自分自身のマナゾーンからカードを１枚選び、持ち主の墓地に置く。",1190,"＊マナゾーンに置く時、このカードはタップして置く。
＊このクリーチャーをバトルゾーンに出した時、バトルゾーンにある自分のクリーチャー１体と、自分のマナゾーンからカードを１枚選び、自分の墓地に置く。その後、相手はバトルゾーンにある自分自身のクリーチャー１体と、自分自身のマナゾーンからカードを１枚選び、持ち主の墓地に置く。","*(This creature is put into your mana zone tapped.)
*When you put this creature into the battle zone, put one of your creatures from the battle zone and a card from your mana zone into your graveyard. Then your opponent chooses one of his creatures in the battle zone and a card in his mana zone and puts them into his graveyard.","■ (This creature is put into your mana zone tapped.)
■ When you put this creature into the battle zone, destroy one of your creatures and put a card from your mana zone into your graveyard. Then your opponent chooses and destroys one of his creatures and chooses a card in his mana zone and puts it into his graveyard."
1657,race,471:10_39:DM-10 39:腐敗勇騎ドルマークス,ゴースト/ヒューマノイド,1191,ゴースト/ヒューマノイド,ゴースト/ヒューマノイド,Ghost/Human
1658,name,472:10_40:DM-10 40:反発のタグタップ,反発のタグタップ,1192,反発のタグタップ,"Tagtapp, the Retaliator","Tagtapp, the Retaliator"
1659,rules,472:10_40:DM-10 40:反発のタグタップ,"■マナゾーンに置く時、このカードはタップして置く。
■このクリーチャーのパワーは、相手のマナゾーンにある水のカード１枚につき+1000される。
■このクリーチャーは、パワーが6000以上の時、「Ｗ・ブレイカー」を得る。",1193,"＊マナゾーンに置く時、このカードはタップして置く。
＊このクリーチャーのパワーは、相手のマナゾーンにある水のカード1枚につき+1000される。
＊このクリーチャーは、パワーが6000以上の時、「Ｗ・ブレイカー」を得る。","*(This creature is put into your mana zone tapped.)
*This creature gets +1000 power for each water card in your opponent's mana zone.
*While this creature has power 6000 or more, it has ""Double breaker (This creature breaks 2 shields).""","■ (This creature is put into your mana zone tapped.)
■ This creature gets +1000 power for each water card in your opponent's mana zone.
■ While this creature has power 6000 or more, it has ""Double breaker (This creature breaks 2 shields)."""
1660,flavor,472:10_40:DM-10 40:反発のタグタップ,水を得るのは魚の専売特許じゃない。,1194,水を得るのは魚の専売特許じゃない。,Fish are not the only things that can be at home in the water.,
1661,race,472:10_40:DM-10 40:反発のタグタップ,スピリット・クォーツ,1195,スピリット・クォーツ,スピリット・クォーツ,Spirit Quartz
1662,name,473:10_41:DM-10 41:霊峰の守護者ルキア・レックス,霊峰の守護者ルキア・レックス,1196,霊峰の守護者ルキア・レックス,"Lukia Lex, Guardian of the Sacred Peak","Lukia Lex, Pinnacle Guardian"
1663,rules,473:10_41:DM-10 41:霊峰の守護者ルキア・レックス,"■マナゾーンに置く時、このカードはタップして置く。
■パワーアタッカー+3000（攻撃中、このクリーチャーのパワーは+3000される）
■自分のターンの終わりに、このクリーチャーをアンタップしてもよい。",1197,"＊マナゾーンに置く時、このカードはタップして置く。
＊パワーアタッカー+3000（攻撃中、このクリーチャーのパワーは+3000される）
＊自分のターンの終わりに、このクリーチャーをアンタップしてもよい。","*(This creature is put into your mana zone tapped.)
*Power attacker +3000 (While attacking, this creature gets +3000 power.)
*At the end of each of your turns, you may untap this creature.","■ (This creature is put into your mana zone tapped.)
■ Power attacker +3000 (While attacking, this creature gets +3000 power.)
■ At the end of each of your turns, you may untap this creature."
1664,flavor,473:10_41:DM-10 41:霊峰の守護者ルキア・レックス,夢見の門から流れる風が、戦闘の傷跡を癒やした。,1198,夢見の門から流れる風が、戦闘の傷跡を癒やした。,The wind breathing from the Gate of Dreams washes away all remnants of battle.,
1665,race,473:10_41:DM-10 41:霊峰の守護者ルキア・レックス,ガーディアン,1199,ガーディアン,ガーディアン,Guardian
1666,name,474:10_42:DM-10 42:光器ベロチカ,光器ベロチカ,1200,光器ベロチカ,"Berochika, Chaneller of Light","Berochika, Channeler of Suns"
1667,rules,474:10_42:DM-10 42:光器ベロチカ,■このクリーチャーをバトルゾーンに出した時、自分のシールドが５枚以上あれば、自分の山札の上から１枚目を裏向きのまま自分のシールドに加える。,1201,＊このクリーチャーをバトルゾーンに出した時、自分のシールドが５枚以上あれば、自分の山札の上から１枚目を裏向きのまま自分のシールドに加える。,"*When you put this creature into the battle zone, if you have 5 or more shields, add the top card of your deck to your shields face down.","■ When you put this creature into the battle zone, if you have 5 or more shields, add the top card of your deck to your shields face down."
1668,flavor,474:10_42:DM-10 42:光器ベロチカ,大空の主であるはずの龍が、身動き一つ出来なかった。,1202,大空の主であるはずの龍が、身動き一つ出来なかった。,The dragons quickly learned that there were new masters of the sky.,
1669,race,474:10_42:DM-10 42:光器ベロチカ,メカ・デル・ソル,1203,メカ・デル・ソル,メカ・デル・ソル,Mecha Del Sol
1670,name,475:10_43:DM-10 43:粛清者ブルグラフ,粛清者ブルグラフ,1204,粛清者ブルグラフ,"Bulgluf, the Purifier","Bulgluf, the Spydroid"
1671,rules,475:10_43:DM-10 43:粛清者ブルグラフ,"■サイレントスキル（自分のターンのはじめに、このクリーチャーがタップされていたら、アンタップするかわりに次の[SS]能力を使ってもよい）
[SS]－自分の山札の上から１枚目を、裏向きのまま自分のシールドに加える。",1205,"＊サイレントスキル（自分のターンのはじめに、このクリーチャーがタップされていたら、アンタップするかわりに次のi 能力を使ってもよい）
i 自分の山札の上から1枚目を、裏向きのまま自分のシールドに加える。","*Silent Skill (At the start of your turn, if this creature is tapped, you may keep it tapped and use its i ability.)
i Add the top card of your deck to your shields face down.","■ Silent skill (At the start of each of your turns, if this creature is tapped, you may keep it tapped and use its silent skill ability.)
  Add the top card of your deck to your shields face down."
1672,flavor,475:10_43:DM-10 43:粛清者ブルグラフ,気づかれないことが完全防御への第一歩だ。,1206,気づかれないことが完全防御への第一歩だ。,The best defense is not being seen at all.,
1673,race,475:10_43:DM-10 43:粛清者ブルグラフ,ソルトルーパー,1207,ソルトルーパー,ソルトルーパー,Soltrooper
1674,name,476:10_44:DM-10 44:祝福の伝道師クレアル,祝福の伝道師クレアル,1208,祝福の伝道師クレアル,"Clearl, Evangelist of Grace","Clearlo, Grace Enforcer"
1675,rules,476:10_44:DM-10 44:祝福の伝道師クレアル,■このクリーチャーのパワーは、バトルゾーンにある自分の他のタップされていないクリーチャー１体につき+1000される。,1209,＊このクリーチャーのパワーは、バトルゾーンにある自分の他のタップされていないクリーチャー１体につき+1000される。,*This creature gets +1000 power for each of your other untapped creatures in the battle zone.,■ This creature gets +1000 power for each of your other untapped creatures in the battle zone.
1676,flavor,476:10_44:DM-10 44:祝福の伝道師クレアル,どんな素晴らしい祝福の歌も、小さな声では人の心に届かない。,1210,どんな素晴らしい祝福の歌も、小さな声では人の心に届かない。,"No matter how beautiful the song, it cannot reach people's hearts if sung softly.",
1677,race,476:10_44:DM-10 44:祝福の伝道師クレアル,バーサーカー,1211,バーサーカー,バーサーカー,Berserker
1678,name,477:10_45:DM-10 45:ルナ・ウイング,ルナ・ウイング,1212,ルナ・ウイング,Luna Wing,Pinpoint Lunatron
1679,rules,477:10_45:DM-10 45:ルナ・ウイング,"■サイレントスキル（自分のターンのはじめに、このクリーチャーがタップされていたら、アンタップするかわりに次の[SS]能力を使ってもよい）
[SS]－バトルゾーンか、どちらかのプレイヤーのマナゾーンからカードを１枚選び、持ち主の手札に戻す。",1213,"＊サイレントスキル（自分のターンのはじめに、このクリーチャーがタップされていたら、アンタップするかわりに次のi能力を使ってもよい）
i バトルゾーンか、どちらかのプレイヤーのマナゾーンからカードを１枚選び、持ち主の手札に戻す。","*Silent Skill (At the start of your turn, if this creature is tapped, you may keep it tapped and use its i ability.)
i Choose a card in the battle zone or either player's mana zone and return it to its owner's hand.","■ Silent skill (At the start of each of your turns, if this creature is tapped, you may keep it tapped and use its silent skill ability.)
  Choose a creature in the battle zone or a card in either player's mana zone and return it to its owner's hand."
1680,flavor,477:10_45:DM-10 45:ルナ・ウイング,遙かな時を沈黙していた月が、サイバーロードの手によって動き始めた。,1214,遙かな時を沈黙していた月が、サイバーロードの手によって動き始めた。,"Quiescent for eons, the moon has been awoken by the cyberlords.",
1681,race,477:10_45:DM-10 45:ルナ・ウイング,サイバー・ムーン,1215,サイバー・ムーン,サイバー・ムーン,Cyber Moon
1682,name,478:10_46:DM-10 46:ハーミット・フィッシュ,ハーミット・フィッシュ,1216,ハーミット・フィッシュ,Hermit Fish,Buoyant Blowfish
1683,rules,478:10_46:DM-10 46:ハーミット・フィッシュ,■このクリーチャーのパワーは、相手のマナゾーンでタップされているカード１枚につき+1000される。,1217,＊このクリーチャーのパワーは、相手のマナゾーンでタップされているカード１枚につき+1000される。,*This creature gets +1000 power for each tapped card in your opponent's mana zone.,■ This creature gets +1000 power for each tapped card in your opponent's mana zone.
1684,flavor,478:10_46:DM-10 46:ハーミット・フィッシュ,幾つも伸びた突起物は、マナを感じ取るセンサーだ。大きな動きを感じると威嚇のために体を膨張させる。,1218,幾つも伸びた突起物は、マナを感じ取るセンサーだ。大きな動きを感じると威嚇のために体を膨張させる。,"Its numerous spines are mana sensors. When it senses movement, it puffs up to frighten away enemies.",
1685,race,478:10_46:DM-10 46:ハーミット・フィッシュ,ゲル・フィッシュ,1219,ゲル・フィッシュ,ゲル・フィッシュ,Gel Fish
1686,name,479:10_47:DM-10 47:ルナ・イーグル,ルナ・イーグル,1220,ルナ・イーグル,Luna Eagle,Ardent Lunatron
1687,rules,479:10_47:DM-10 47:ルナ・イーグル,"■ブロッカー
■このクリーチャーは攻撃することができない。　
■相手のクリーチャーが攻撃する時、このクリーチャーは可能であればブロックする。",1221,"{B}ブロッカー　　
＊このクリーチャーは攻撃することができない。　
＊相手のクリーチャーが攻撃する時、このクリーチャーは可能であればブロックする。","{B} Blocker
*This creature can't attack.
*Whenever an opponent's creature attacks, this creature blocks if able.","■ Blocker (Whenever an opponent's creature attacks, you may tap this creature to stop the attack. Then the 2 creatures battle.)
■ Whenever an opponent's creature attacks, this creature blocks if able.
■ This creature can't attack."
1688,race,479:10_47:DM-10 47:ルナ・イーグル,サイバー・ムーン,1222,サイバー・ムーン,サイバー・ムーン,Cyber Moon
1689,name,480:10_48:DM-10 48:セイレーン・コンチェルト,セイレーン・コンチェルト,1223,セイレーン・コンチェルト,Siren Concerto,Siren Concerto
1690,rules,480:10_48:DM-10 48:セイレーン・コンチェルト,"■Ｓ・トリガー（この呪文をシールドゾーンから手札に加える時、コストを支払わずにすぐ唱えてもよい）
■自分のマナゾーンからカードを１枚、自分の手札に戻す。その後、自分の手札を１枚、自分のマナゾーンに置く。",1224,"{ST}S・トリガー（この呪文をシールドゾーンから手札に加える時、コストを支払わずにすぐ唱えてもよい）　
＊自分のマナゾーンからカードを１枚、自分の手札に戻す。その後、自分の手札を１枚、自分のマナゾーンに置く。","{ST} Shield trigger (When this spell is put into your hand from your shield zone, you may cast it immediately for no cost.)
*Put a card from your mana zone into your hand. Then put a card from your hand into your mana zone.","■ Shield trigger (When this card is put into your hand from your shield zone, you may play it immediately for no cost.)
■ Put a card from your mana zone into your hand. Then put a card from your hand into your mana zone."
1691,flavor,480:10_48:DM-10 48:セイレーン・コンチェルト,甘く透き通る歌声は、海を越え大地を震わせた。,1225,甘く透き通る歌声は、海を越え大地を震わせた。,Their sweet voices float gently above the water to shake the foundations of the earth.,
1692,name,481:10_49:DM-10 49:衰弱秘宝デッドリーン,衰弱秘宝デッドリーン,1226,衰弱秘宝デッドリーン,"Dedreen, the Hidden Corrupter","Dedreen, the Hidden Corrupter"
1693,rules,481:10_49:DM-10 49:衰弱秘宝デッドリーン,■このクリーチャーをバトルゾーンに出した時、相手のシールドが３枚以下であれば、相手の手札を１枚見ないで選び、捨てさせる。,1227,＊このクリーチャーをバトルゾーンに出した時、相手のシールドが3枚以下であれば、相手の手札を1枚見ないで選び、捨てさせる。,"*When you put this creature into the battle zone, if your opponent has 3 or fewer shields, he discards a card at random from his hand.","■ When you put this creature into the battle zone, if your opponent has 3 or fewer shields, he discards a card at random from his hand."
1694,flavor,481:10_49:DM-10 49:衰弱秘宝デッドリーン,思慮無き冒険者は、探し求めていた箱の中味に早変わり。,1228,思慮無き冒険者は、探し求めていた箱の中味に早変わり。,Those who would mindlessly plunder the contents of the boxes quickly join them.,
1695,race,481:10_49:DM-10 49:衰弱秘宝デッドリーン,パンドラボックス,1229,パンドラボックス,パンドラボックス,Pandora's Box
1696,name,482:10_50:DM-10 50:ポゼスト・マフラー,ポゼスト・マフラー,1230,ポゼスト・マフラー,Possessed Muffler,Spinal Parasite
1697,rules,482:10_50:DM-10 50:ポゼスト・マフラー,■相手のターンのはじめに、相手はバトルゾーンにある自分自身の攻撃できるクリーチャーを１体選ぶ。そのクリーチャーは、可能であればそのターン攻撃する。,1231,＊相手のターンのはじめに、相手はバトルゾーンにある自分自身の攻撃できるクリーチャーを1体選ぶ。そのクリーチャーは、可能であればそのターン攻撃する。,"*At the start of each of your opponent's turns, he chooses one of his creatures in the battle zone that can attack. That creature attacks that turn if able.","■ At the start of each of your opponent's turns, he chooses one of his creatures in the battle zone that can attack. That creature attacks that turn if able."
1698,flavor,482:10_50:DM-10 50:ポゼスト・マフラー,闇はいつでも貴方の側に－,1232,闇はいつでも貴方の側に…,Pray that the darkness always remains your ally... ,
1699,race,482:10_50:DM-10 50:ポゼスト・マフラー,ブレインジャッカー,1233,ブレインジャッカー,ブレインジャッカー,Brain Jacker
1700,name,483:10_51:DM-10 51:ギガメンテ,ギガメンテ,1234,ギガメンテ,Gigamente,Gigamente
1701,rules,483:10_51:DM-10 51:ギガメンテ,"■サイレントスキル（自分のターンのはじめに、このクリーチャーがタップされていたら、アンタップするかわりに次の[SS]能力を使ってもよい）
[SS]－自分の墓地からクリーチャーを１体、自分の手札に戻す。",1235,"＊サイレントスキル（自分のターンのはじめに、このクリーチャーがタップされていたら、アンタップするかわりに次のi 能力を使ってもよい）
i 自分の墓地からクリーチャーを１体、自分の手札に戻す。","*Silent Skill (At the start of your turn, if this creature is tapped, you may keep it tapped and use its i ability.)
i Return a creature from your graveyard to your hand.","■ Silent skill (At the start of each of your turns, if this creature is tapped, you may keep it tapped and use its silent skill ability.)
  Return a creature from your graveyard to your hand."
1702,flavor,483:10_51:DM-10 51:ギガメンテ,つぎはぎの患者は、良い医者になる素質を持っている。,1236,つぎはぎの患者は、良い医者になる素質を持っている。,Patients who have been sown together make the best doctors.,
1703,race,483:10_51:DM-10 51:ギガメンテ,キマイラ,1237,キマイラ,キマイラ,Chimera
1704,name,484:10_52:DM-10 52:死劇人形ピエール,死劇人形ピエール,1238,死劇人形ピエール,"Pierr, Death Head Doll","Pierr, Psycho Doll"
1705,rules,484:10_52:DM-10 52:死劇人形ピエール,"■ブロッカー　
■このクリーチャーは攻撃することができない。
■相手のクリーチャーが攻撃する時、このクリーチャーは可能であればブロックする。
■スレイヤー（このクリーチャーがバトルする時、バトルの後、相手クリーチャーを破壊する）",1239,"{B}ブロッカー　
＊このクリーチャーは攻撃することができない。
＊相手のクリーチャーが攻撃する時、このクリーチャーは可能であればブロックする。
＊スレイヤー（このクリーチャーがバトルする時、バトルの後、相手クリーチャーを破壊する）","{B} Blocker
*This creature can't attack.
*Whenever an opponent's creature attacks, this creature blocks if able.
*Slayer (Whenever this creature battles, destroy the other creature after the battle.)","■ Blocker (Whenever an opponent's creature attacks, you may tap this creature to stop the attack. Then the 2 creatures battle.)
■ Whenever an opponent's creature attacks, this creature blocks if able.
■ This creature can't attack.
■ Slayer (Whenever this creature battles, destroy the other creature after the battle.)"
1706,race,484:10_52:DM-10 52:死劇人形ピエール,デスパペット,1240,デスパペット,デスパペット,Death Puppet
1707,name,485:10_53:DM-10 53:バトルトラップ・ワイバーン,バトルトラップ・ワイバーン,1241,バトルトラップ・ワイバーン,Battle trap Wyvern,Taunting Skyterror
1708,rules,485:10_53:DM-10 53:バトルトラップ・ワイバーン,■相手のターン中、このクリーチャーがタップされていたら、相手のクリーチャーはすべて、可能なら攻撃する。,1242,＊相手のターン中、このクリーチャーがタップされていたら、相手のクリーチャーはすべて、可能なら攻撃する。,"*While this creature is tapped during your opponent's turn, all your opponent's creatures attack if able.","■ While this creature is tapped during your opponent's turn, each of his creatures attacks if able."
1709,flavor,485:10_53:DM-10 53:バトルトラップ・ワイバーン,左の頬を殴られたら、右の拳でお返しだ。,1243,左の頬を殴られたら、右の拳でお返しだ。,"Receiving a punch on my left cheek, returning a punch with my left fist.",
1710,race,485:10_53:DM-10 53:バトルトラップ・ワイバーン,アーマード・ワイバーン,1244,アーマード・ワイバーン,アーマード・ワイバーン,Armored Wyvern
1711,name,486:10_54:DM-10 54:爆神兵ザルメス,爆神兵ザルメス,1245,爆神兵ザルメス,Explosive Trooper Zalmez,Explosive Trooper Zalmez
1712,rules,486:10_54:DM-10 54:爆神兵ザルメス,■このクリーチャーをバトルゾーンに出した時、相手のシールドが２枚以下であれば、パワー3000以下の相手のクリーチャーを１体破壊してもよい。,1246,＊このクリーチャーをバトルゾーンに出した時、相手のシールドが２枚以下であれば、パワー3000以下の相手のクリーチャーを１体破壊してもよい。,"*When you put this creature into the battle zone, if your opponent has 2 or fewer shields, you may destroy one of your opponent's creatures that has power 3000 or less.","■ When you put this creature into the battle zone, if your opponent has 2 or fewer shields, you may destroy one of your opponent's creatures that has power 3000 or less."
1713,flavor,486:10_54:DM-10 54:爆神兵ザルメス,「泣きっ面にザルメス。」- 暴走番長ギャラン,1247,「泣きっ面にザルメス。」- 暴走番長ギャラン,"There's things in the world worse than Zalmez. Can't think of many, though. --Wild Racer Chief Garan",
1714,race,486:10_54:DM-10 54:爆神兵ザルメス,アーマロイド,1248,アーマロイド,アーマロイド,Armorloid
1715,name,487:10_55:DM-10 55:ボーグのリボルバー,ボーグのリボルバー,1249,ボーグのリボルバー,Borg's Revolver,Vorg's Engine
1716,rules,487:10_55:DM-10 55:ボーグのリボルバー,"■サイレントスキル（自分のターンのはじめに、このクリーチャーがタップされていたら、アンタップするかわりに次の[SS]能力を使ってもよい）
[SS]－パワー2000以下のクリーチャーをすべて破壊する。",1250,"＊サイレントスキル（自分のターンのはじめに、このクリーチャーがタップされていたら、アンタップするかわりに次のi 能力を使ってもよい）
i パワー2000以下のクリーチャーをすべて破壊する。","*Silent Skill (At the start of your turn, if this creature is tapped, you may keep it tapped and use its i ability.)
i Destroy all creatures that have power 2000 or less.","■ Silent skill (At the start of each of your turns, if this creature is tapped, you may keep it tapped and use its silent skill ability.)
  Destroy all creatures that have power 2000 or less."
1717,flavor,487:10_55:DM-10 55:ボーグのリボルバー,命を燃やした必殺ショット！,1251,命を燃やした必殺ショット！,"All the soul's energy, concentrated into one fatal shot!",
1718,race,487:10_55:DM-10 55:ボーグのリボルバー,ゼノパーツ,1252,ゼノパーツ,ゼノパーツ,Xenoparts
1719,name,488:10_56:DM-10 56:スクランブル・ブースター,スクランブル・ブースター,1253,スクランブル・ブースター,Scramble Booster,Supersonic Jet Pack
1720,rules,488:10_56:DM-10 56:スクランブル・ブースター,■バトルゾーンにある自分のクリーチャー１体は、このターンの終わりまで「スピードアタッカー」を得る。（「スピードアタッカー」を持つクリーチャーは召喚酔いしない）,1254,＊バトルゾーンにある自分のクリーチャー1体は、このターンの終わりまで「スピードアタッカー」を得る。（「スピードアタッカー」を持つクリーチャーは召喚酔いしない）,"*One of your creatures in the battle zone gets ""speed attacker"" until the end of the turn. (A creature that has ""speed attacker"" doesn't get summoning sickness.)","■ One of your creatures in the battle zone gets ""speed attacker"" until the end of the turn. (It doesn't get summoning sickness.)"
1721,flavor,488:10_56:DM-10 56:スクランブル・ブースター,ぶっ飛べ！,1255,ぶっ飛べ！,Take off!,
1722,name,489:10_57:DM-10 57:襲撃するサベージ・ホーン,襲撃するサベージ・ホーン,1256,襲撃するサベージ・ホーン,"Savage Horn, the Aggressor","Twitch Horn, the Aggressor"
1723,rules,489:10_57:DM-10 57:襲撃するサベージ・ホーン,■攻撃中、このクリーチャーのパワーは、自分のマナゾーンでタップされているカード１枚につき+2000される。,1257,＊攻撃中、このクリーチャーのパワーは、自分のマナゾーンでタップされているカード１枚につき+2000される。,"*While attacking, this creature gets +2000 power for each tapped card in your mana zone.","■ While attacking, this creature gets +2000 power for each tapped card in your mana zone."
1724,flavor,489:10_57:DM-10 57:襲撃するサベージ・ホーン,大地を愛する者は、その恵みを受けるだろう。どんな恵みになるかは、愛し方次第だ。,1258,大地を愛する者は、その恵みを受けるだろう。どんな恵みになるかは、愛し方次第だ。,Those who love the earth shall be blessed by her. What form that blessing takes depends on the individual.,
1725,race,489:10_57:DM-10 57:襲撃するサベージ・ホーン,ホーン・ビースト,1259,ホーン・ビースト,ホーン・ビースト,Horned Beast
1726,name,490:10_58:DM-10 58:賢察するエンシェント・ホーン,賢察するエンシェント・ホーン,1260,賢察するエンシェント・ホーン,"Ancient Horn, the Watcher","Ancient Horn, the Watcher"
1727,rules,490:10_58:DM-10 58:賢察するエンシェント・ホーン,■このクリーチャーをバトルゾーンに出した時、自分のシールドが５枚以上あれば、自分のマナゾーンのカードをすべてアンタップする。,1261,＊このクリーチャーをバトルゾーンに出した時、自分のシールドが５枚以上あれば、自分のマナゾーンのカードをすべてアンタップする。,"*When you put this creature into the battle zone, if you have 5 or more shields, untap all cards in your mana zone.","■ When you put this creature into the battle zone, if you have 5 or more shields, untap all the cards in your mana zone."
1728,flavor,490:10_58:DM-10 58:賢察するエンシェント・ホーン,月の異常にエンシェント・ホーンは身震いし、仲間を呼び集めた。,1262,月の異常にエンシェント・ホーンは身震いし、仲間を呼び集めた。,"Shaken by the activities on the moon, Ancient Horm called his people to him.",
1729,race,490:10_58:DM-10 58:賢察するエンシェント・ホーン,ホーン・ビースト,1263,ホーン・ビースト,ホーン・ビースト,Horned Beast
1730,name,491:10_59:DM-10 59:ハナサキエリンギ,ハナサキエリンギ,1264,ハナサキエリンギ,Flowering Eringi,Sporeblast Erengi
1731,rules,491:10_59:DM-10 59:ハナサキエリンギ,"■サイレントスキル（自分のターンのはじめに、このクリーチャーがタップされていたら、アンタップするかわりに次の[SS]能力を使ってもよい）
[SS]－自分の山札を見る。その中からクリーチャーを１体選び、相手に見せてから自分の手札に加えてもよい。その後、山札をシャッフルする。",1265,"＊サイレントスキル（自分のターンのはじめに、このクリーチャーがタップされていたら、アンタップするかわりに次のi 能力を使ってもよい）
i 自分の山札を見る。その中からクリーチャーを１体選び、相手に見せてから自分の手札に加えてもよい。その後、山札をシャッフルする。","*Silent Skill (At the start of your turn, if this creature is tapped, you may keep it tapped and use its i ability.)
i Search your deck. You may take a creature from your deck, show that creature to your opponent, and put it into your hand. Then shuffle your deck.","■ Silent skill (At the start of each of your turns, if this creature is tapped, you may keep it tapped and use its silent skill ability.)
  Search your deck. You may take a creature from your deck, show that creature to your opponent, and put it into your hand. Then shuffle your deck."
1732,race,491:10_59:DM-10 59:ハナサキエリンギ,バルーン・マッシュルーム,1266,バルーン・マッシュルーム,バルーン・マッシュルーム,Balloon Mushroom
1733,name,492:10_60:DM-10 60:マッスル・ポテト,マッスル・ポテト,1267,マッスル・ポテト,Muscle Potato,Karate Potato
1734,rules,492:10_60:DM-10 60:マッスル・ポテト,"■Ｓ・トリガー（このクリーチャーをシールドゾーンから手札に加える時、コストを支払わずにすぐ召喚してよい）
■このクリーチャーをバトルゾーンに出した時、自分の手札を２枚まで、自分のマナゾーンに加えてもよい。",1268,"＊S・トリガー（このクリーチャーをシールドゾーンから手札に加える時、コストを支払わずにすぐ召喚してよい）　　　
＊このクリーチャーをバトルゾーンに出した時、自分の手札を２枚まで、自分のマナゾーンに加えてもよい。","{ST} Shield trigger (When this creature is put into your hand from your shield zone, you may summon it immediately for no cost.)
*When you put this creature into the battle zone, you may put up to 2 cards from your hand into your mana zone.","■ Shield trigger (When this card is put into your hand from your shield zone, you may play it immediately for no cost.)
■ When you put this creature into the battle zone, you may put up to 2 cards from your hand into your mana zone."
1735,flavor,492:10_60:DM-10 60:マッスル・ポテト,「くらえ、ポテト流！　ジャーマンポテトホールド!!」- マッスル・ポテト,1269,「くらえ、ポテト流！　ジャーマンポテトホールド!!」- マッスル・ポテト,How can you sneak up on something covered with eyes?,
1736,race,492:10_60:DM-10 60:マッスル・ポテト,ワイルド・ベジーズ,1270,ワイルド・ベジーズ,ワイルド・ベジーズ,Wild Veggies
1737,name,493:10_61:DM-10 61:電脳聖者エストール,電脳聖者エストール,1271,電脳聖者エストール,"Estol, the Electro-saint","Estol, Vizier of Aqua"
1738,rules,493:10_61:DM-10 61:電脳聖者エストール,"■マナゾーンに置く時、このカードはタップして置く。
■このクリーチャーをバトルゾーンに出した時、自分の山札の上から１枚目を裏向きのまま自分のシールドに加え、相手のシールドを１枚見てから元の場所に戻す。",1272,"＊マナゾーンに置く時、このカードはタップして置く。
＊このクリーチャーをバトルゾーンに出した時、自分の山札の上から１枚目を裏向きのまま自分のシールドに加え、相手のシールドを１枚見てから元の場所に戻す。","*(This creature is put into your mana zone tapped.)
*When you put this creature into the battle zone, add the top card of your deck to your shields face down and look at one of your opponent's shields, then put it back where it was.","■ (This creature is put into your mana zone tapped.)
■ When you put this creature into the battle zone, add the top card of your deck to your shields face down. Then look at one of your opponent's shields."
1739,flavor,493:10_61:DM-10 61:電脳聖者エストール,「なるほどね。」 -電脳聖者エストール,1273,「なるほどね。」 -電脳聖者エストール,"It is all clear to me now.　--Estol, the electro-saint",
1740,race,493:10_61:DM-10 61:電脳聖者エストール,イニシエート/リキッド・ピープル,1274,イニシエート/リキッド・ピープル,イニシエート/リキッド・ピープル,Initiate/Liquid People
1741,name,494:10_62:DM-10 62:電脳聖者タージマル,電脳聖者タージマル,1275,電脳聖者タージマル,"Tajimal, the Electro-saint","Tajimal, Vizier of Aqua"
1742,rules,494:10_62:DM-10 62:電脳聖者タージマル,"■ブロッカー
■マナゾーンに置く時、このカードはタップして置く。
■このクリーチャーは、相手プレイヤーを攻撃できない。
■火のクリーチャーとバトルする時、このクリーチャーのパワーは+4000される。",1276,"{B}ブロッカー
＊マナゾーンに置く時、このカードはタップして置く。
＊このクリーチャーは、相手プレイヤーを攻撃できない。
＊火のクリーチャーとバトルする時、このクリーチャーのパワーは+4000される。","{B} Blocker
*(This creature is put into your mana zone tapped.)
*This creature can't attack players.
*While battling a fire creature, this creature gets +4000 power.","■ Blocker (Whenever an opponent's creature attacks, you may tap this creature to stop the attack. Then the 2 creatures battle.)
■ (This creature is put into your mana zone tapped.)
■ This creature can't attack players.
■ While battling a fire creature, this creature gets +4000 power."
1743,flavor,494:10_62:DM-10 62:電脳聖者タージマル,同じ敵と戦う。ただその一点でのみ彼等は仲間となった。,1277,同じ敵と戦う。ただその一点でのみ彼等は仲間となった。,They were accepted only because they fought the same enemy.,"They fought the same enemy. On that point alone, they became allies."
1744,race,494:10_62:DM-10 62:電脳聖者タージマル,イニシエート/リキッド・ピープル,1278,イニシエート/リキッド・ピープル,イニシエート/リキッド・ピープル,Initiate/Liquid People
1745,name,495:10_63:DM-10 63:腐敗電脳アクアポインター,腐敗電脳アクアポインター,1279,腐敗電脳アクアポインター,"Aqua Pointer, the defiled electrobrain","Pointa, the Aqua Shadow"
1746,rules,495:10_63:DM-10 63:腐敗電脳アクアポインター,"■マナゾーンに置く時、このカードはタップして置く。
■このクリーチャーをバトルゾーンに出した時、相手のシールドを１枚見てそれを元の場所に戻し、相手の手札を１枚見ないで選び、捨てさせる。",1280,"＊マナゾーンに置く時、このカードはタップして置く。
＊このクリーチャーをバトルゾーンに出した時、相手のシールドを１枚見てそれを元の場所に戻し、相手の手札を１枚見ないで選び、捨てさせる。","*(This creature is put into your mana zone tapped.)
*When you put this creature into the battle zone, you look at one of your opponent's shields, then put it back where it was, and your opponent discards a card at random from his hand.","■ (This creature is put into your mana zone tapped.)
■ When you put this creature into the battle zone, look at one of your opponent's shields. Then your opponent discards a card at random from his hand."
1747,flavor,495:10_63:DM-10 63:腐敗電脳アクアポインター,心の隙間をにやりと笑ってこじ開ける。,1281,心の隙間をにやりと笑ってこじ開ける。,The pain of its ripping open the secrets of your mind pales in comparison to its unceasing hideous laughter.,
1748,race,495:10_63:DM-10 63:腐敗電脳アクアポインター,リキッド・ピープル/ゴースト,1282,リキッド・ピープル/ゴースト,リキッド・ピープル/ゴースト,Liquid People/Ghost
1749,name,496:10_64:DM-10 64:腐敗電脳メルニア,腐敗電脳メルニア,1283,腐敗電脳メルニア,"Melnia, the Defiled Electrobrain","Melnia, the Aqua Shadow"
1750,rules,496:10_64:DM-10 64:腐敗電脳メルニア,"■マナゾーンに置く時、このカードはタップして置く。
■このクリーチャーはブロックされない。
■スレイヤー（このクリーチャーがバトルする時、バトルの後、相手クリーチャーを破壊する）",1284,"＊マナゾーンに置く時、このカードはタップして置く。
＊このクリーチャーはブロックされない。
＊スレイヤー（このクリーチャーがバトルする時、バトルの後、相手クリーチャーを破壊する）","*(This creature is put into your mana zone tapped.)
*This creature can't be blocked.
*Slayer (Whenever this creature battles, destroy the other creature after the battle.)","■ (This creature is put into your mana zone tapped.)
■ This creature can't be blocked.
■ Slayer (Whenever this creature battles, destroy the other creature after the battle.)"
1751,flavor,496:10_64:DM-10 64:腐敗電脳メルニア,月から訪れた魂を媒介に、奇蹟の結合が実現した。,1285,月から訪れた魂を媒介に、奇蹟の結合が実現した。,"The visitation of the spirits from the moon caused unimaginable confluxes of energy, resulting in unimaginable creations.",
1752,race,496:10_64:DM-10 64:腐敗電脳メルニア,リキッド・ピープル/ゴースト,1286,リキッド・ピープル/ゴースト,リキッド・ピープル/ゴースト,Liquid People/Ghost
1753,name,497:10_65:DM-10 65:腐敗勇騎ガレック,腐敗勇騎ガレック,1287,腐敗勇騎ガレック,"Galek, the Defiled Brave Knight","Galek, the Shadow Warrior"
1754,rules,497:10_65:DM-10 65:腐敗勇騎ガレック,"■マナゾーンに置く時、このカードはタップして置く。
■このクリーチャーをバトルゾーンに出した時、「ブロッカー」を持つ相手のクリーチャーを１体選んで破壊し、相手の手札を１枚見ないで選び、捨てさせる。",1288,"＊マナゾーンに置く時、このカードはタップして置く。
＊このクリーチャーをバトルゾーンに出した時、「ブロッカー」を持つ相手のクリーチャーを1体選んで破壊し、相手の手札を1枚見ないで選び、捨てさせる。","*(This creature is put into your mana zone tapped.)
*When you put this creature into the battle zone, destroy one of your opponent's creatures that has ""blocker"" and your opponent discards a card at random from his hand.","■ (This creature is put into your mana zone tapped.)
■ When you put this creature into the battle zone, destroy one of your opponent's creatures that has ""blocker."" Then your opponent discards a card at random from his hand."
1755,race,497:10_65:DM-10 65:腐敗勇騎ガレック,ゴースト/ヒューマノイド,1289,ゴースト/ヒューマノイド,ゴースト/ヒューマノイド,Ghost/Human
1756,name,498:10_66:DM-10 66:不屈のウレックス,不屈のウレックス,1290,不屈のウレックス,"Ulex, the Indefatigable","Ulex, the Dauntless"
1757,rules,498:10_66:DM-10 66:不屈のウレックス,"■マナゾーンに置く時、このカードはタップして置く。
■相手はこのクリーチャーをタップできない。",1291,"＊マナゾーンに置く時、このカードはタップして置く。
＊相手はこのクリーチャーをタップできない。","*(This creature is put into your mana zone tapped.)
*Your opponent can't tap this creature.","■ (This creature is put into your mana zone tapped.)
■ Your opponent can't tap this creature."
1758,flavor,498:10_66:DM-10 66:不屈のウレックス,月と太陽とドラゴン、3つの相反する力が不思議な生命を生むきっかけとなった。,1292,月と太陽とドラゴン、3つの相反する力が不思議な生命を生むきっかけとなった。,The diametrically opposed energies of the sun and moon combined somehow with those of the dragons' to create a unique new being.,
1759,race,498:10_66:DM-10 66:不屈のウレックス,スピリット・クォーツ,1293,スピリット・クォーツ,スピリット・クォーツ,Spirit Quartz
1760,name,499:10_67:DM-10 67:無頼勇騎ウインドアックス,無頼勇騎ウインドアックス,1294,無頼勇騎ウインドアックス,"Wind Axe, the Blazing Brave Knight","Wind Axe, the Warrior Savage"
1761,rules,499:10_67:DM-10 67:無頼勇騎ウインドアックス,"■マナゾーンに置く時、このカードはタップして置く。
■このクリーチャーをバトルゾーンに出した時、「ブロッカー」を持つ相手のクリーチャーを１体破壊し、自分の山札の上から１枚目を自分のマナゾーンに置く。",1295,"＊マナゾーンに置く時、このカードはタップして置く。
＊このクリーチャーをバトルゾーンに出した時、「ブロッカー」を持つ相手のクリーチャーを1体破壊し、自分の山札の上から１枚目を自分のマナゾーンに置く。","*(This creature is put into your mana zone tapped.)
*When you put this creature into the battle zone, destroy one of your opponent's creatures that has ""blocker"" and put the top card of your deck into your mana zone.","■ (This creature is put into your mana zone tapped.)
■ When you put this creature into the battle zone, destroy one of your opponent's creatures that has ""blocker."" Then put the top card of your deck into your mana zone."
1762,race,499:10_67:DM-10 67:無頼勇騎ウインドアックス,ヒューマノイド/ビーストフォーク,1296,ヒューマノイド/ビーストフォーク,ヒューマノイド/ビーストフォーク,Human/Beast Folk
1763,name,500:10_68:DM-10 68:無頼勇騎ゴンタ,無頼勇騎ゴンタ,1297,無頼勇騎ゴンタ,"Gonta, the blazing brave knight","Gonta, the Warrior Savage"
1764,rules,500:10_68:DM-10 68:無頼勇騎ゴンタ,■マナゾーンに置く時、このカードはタップして置く。,1298,＊マナゾーンに置く時、このカードはタップして置く。,*(This creature is put into your mana zone tapped.),■ (This creature is put into your mana zone tapped.)
1765,flavor,500:10_68:DM-10 68:無頼勇騎ゴンタ,森を破壊する者と育む者。利用する者、される者。二つの相反する力の結合は、一人の賢者が考え出した。,1299,森を破壊する者と育む者。利用する者、される者。二つの相反する力の結合は、一人の賢者が考え出した。,It was created by a wise shaman to combine the power of those who would destroy the forest and those who would save it.,
1766,race,500:10_68:DM-10 68:無頼勇騎ゴンタ,ヒューマノイド/ビーストフォーク,1300,ヒューマノイド/ビーストフォーク,ヒューマノイド/ビーストフォーク,Human/Beast Folk
1767,name,501:10_69:DM-10 69:無頼聖者スカイソード,無頼聖者スカイソード,1301,無頼聖者スカイソード,"Skysword, the blazing saint","Skysword, the Savage Vizier"
1768,rules,501:10_69:DM-10 69:無頼聖者スカイソード,"■マナゾーンに置く時、このカードはタップして置く。
■このクリーチャーをバトルゾーンに出した時、自分の山札の上から１枚目を自分のマナゾーンに加え、その後さらにもう１枚を裏向きのまま自分のシールドに加える。",1302,"＊マナゾーンに置く時、このカードはタップして置く。
＊このクリーチャーをバトルゾーンに出した時、自分の山札の上から１枚目を自分のマナゾーンに加え、その後さらにもう１枚を裏向きのまま自分のシールドに加える。","*(This creature is put into your mana zone tapped.)
*When you put this creature into the battle zone, put the top card of your deck into your mana zone and then put the top card of your deck into your shield zone face down.","■ (This creature is put into your mana zone tapped.)
■ When you put this creature into the battle zone, put the top card of your deck into your mana zone. Then add the top card of your deck to your shields face down."
1769,flavor,501:10_69:DM-10 69:無頼聖者スカイソード,野生の力に聖なる鎧。繰り出す技は最高級！,1303,野生の力に聖なる鎧。繰り出す技は最高級！,The wild power of nature enmeshed in holy armor sweeps away all that would oppose it.,
1770,race,501:10_69:DM-10 69:無頼聖者スカイソード,ビーストフォーク/イニシエート,1304,ビーストフォーク/イニシエート,ビーストフォーク/イニシエート,Beast Folk/Initiate
1771,name,502:10_70:DM-10 70:無頼聖者サンフィスト,無頼聖者サンフィスト,1305,無頼聖者サンフィスト,"Sanfist, the blazing saint","Sanfist, the Savage Vizier"
1772,rules,502:10_70:DM-10 70:無頼聖者サンフィスト,"■ブロッカー　
■マナゾーンに置く時、このカードはタップして置く。
■相手のターン中、このクリーチャーが自分の手札から捨てられる時、墓地に置くかわりにバトルゾーンに出してもよい。",1306,"{B}ブロッカー　
＊マナゾーンに置く時、このカードはタップして置く。
＊相手のターン中、このクリーチャーが自分の手札から捨てられる時、墓地に置くかわりにバトルゾーンに出してもよい。","{B} Blocker (Whenever an opponent's creature attacks, you may tap this creature to stop the attack. Then the 2 creatures battle.)
*(This creature is put into your mana zone tapped.)
*During your opponent's turn, if this creature would be discarded from your hand, you may put it into the battle zone instead.","■ Blocker (Whenever an opponent's creature attacks, you may tap this creature to stop the attack. Then the 2 creatures battle.)
■ (This creature is put into your mana zone tapped.)
■ When this creature would be discarded from your hand during your opponent's turn, you may put it into the battle zone instead."
1773,flavor,502:10_70:DM-10 70:無頼聖者サンフィスト,奪ったはずの魂が、現実の肉体と共に闇の僕へ立ち塞がる。,1307,奪ったはずの魂が、現実の肉体と共に闇の僕へ立ち塞がる。,"The servants of the dark lords thought they had stolen its soul, only to find it blocking their way again and again.","The soul they thought they had stolen, reunited with its flesh, stands once more in the path of the servants of darkness."
1774,race,502:10_70:DM-10 70:無頼聖者サンフィスト,ビーストフォーク/イニシエート,1308,ビーストフォーク/イニシエート,ビーストフォーク/イニシエート,Beast Folk/Initiate
1775,name,503:10_71:DM-10 71:滅罪の使徒レミーラ,滅罪の使徒レミーラ,1309,滅罪の使徒レミーラ,"Lemila, Apostle of Penitence","Lemik, Vizier of Thought"
1776,rules,503:10_71:DM-10 71:滅罪の使徒レミーラ,■バトルゾーンにある自分の水と自然のクリーチャーは「ブロッカー」を得る。（相手クリーチャーが攻撃する時、「ブロッカー」を持つクリーチャーをタップして、その攻撃を阻止してもよい。その後、その相手クリーチャーとバトルする）　,1310,＊バトルゾーンにある自分の水と自然のクリーチャーは「ブロッカー」を得る。（相手クリーチャーが攻撃する時、「ブロッカー」を持つクリーチャーをタップして、その攻撃を阻止してもよい。その後、その相手クリーチャーとバトルする）　,"*Each of your water and nature creatures in the battle zone has ""blocker."" (Whenever one of your opponent's creatures attacks, you may tap a creature that has ""blocker"" to stop the attack. Then the 2 creatures battle.)","■ Each of your water creatures and nature creatures in the battle zone has ""blocker."" (Whenever one of your opponent's creatures attacks, you may tap a creature that has ""blocker"" to stop the attack. Then the 2 creatures battle.)"
1777,flavor,503:10_71:DM-10 71:滅罪の使徒レミーラ,使徒の灯りは、凄惨な大地を優しく浮き彫りにした。,1311,使徒の灯りは、凄惨な大地を優しく浮き彫りにした。,"A new continent arose, called into being by the apostles' gentle light.",
1778,race,503:10_71:DM-10 71:滅罪の使徒レミーラ,イニシエート,1312,イニシエート,イニシエート,Initiate
1779,name,504:10_72:DM-10 72:粛清者リンダホフ,粛清者リンダホフ,1313,粛清者リンダホフ,"Lindahof, the Purifier","Flohdani, the Spydroid"
1780,rules,504:10_72:DM-10 72:粛清者リンダホフ,"■サイレントスキル（自分のターンのはじめに、このクリーチャーがタップされていたら、アンタップするかわりに次の[SS]能力を使ってもよい）
[SS]－バトルゾーンにある相手のクリーチャーを2体まで選び、タップする。",1314,"＊サイレントスキル（自分のターンのはじめに、このクリーチャーがタップされていたら、アンタップするかわりに次のi能力を使ってもよい）
i バトルゾーンにある相手のクリーチャーを2体まで選び、タップする。","*Silent Skill (At the start of your turn, if this creature is tapped, you may keep it tapped and use its i ability.)
i Choose up to 2 of your opponent's creatures in the battle zone and tap them.","■ Silent skill (At the start of each of your turns, if this creature is tapped, you may keep it tapped and use its silent skill ability.)
  Choose up to 2 of your opponent's creatures in the battle zone and tap them."
1781,flavor,504:10_72:DM-10 72:粛清者リンダホフ,粛清者は、雲糸で夜空に星座を描き出す。だが、その美しさが心疚しき者に伝わる事は無い。,1315,粛清者は、雲糸で夜空に星座を描き出す。だが、その美しさが心疚しき者に伝わる事は無い。,The purifiers spin threads of light that connect the stars into constellations--but only the pure of heart can see them.,
1782,race,504:10_72:DM-10 72:粛清者リンダホフ,ソルトルーパー,1316,ソルトルーパー,ソルトルーパー,Soltrooper
1783,name,505:10_73:DM-10 73:予言者カエミラ,予言者カエミラ,1317,予言者カエミラ,"Kaemira, the Prophet","Kaemira, the Oracle"
1784,rules,505:10_73:DM-10 73:予言者カエミラ,"■サイレントスキル（自分のターンのはじめに、このクリーチャーがタップされていたら、アンタップするかわりに次の[SS]能力を使ってもよい）
[SS]－自分の山札の上から１枚目を、裏向きのまま自分のシールドに加える。",1318,"＊サイレントスキル（自分のターンのはじめに、このクリーチャーがタップされていたら、アンタップするかわりに次のi能力を使ってもよい）
i 自分の山札の上から1枚目を、裏向きのまま自分のシールドに加える。","*Silent Skill (At the start of your turn, if this creature is tapped, you may keep it tapped and use its i ability.)
i Add the top card of your deck to your shields face down.","■ Silent skill (At the start of each of your turns, if this creature is tapped, you may keep it tapped and use its silent skill ability.)
  Add the top card of your deck to your shields face down."
1785,flavor,505:10_73:DM-10 73:予言者カエミラ,予言者の眼は、現実と異なる世界を映し出す。,1319,予言者の眼は、現実と異なる世界を映し出す。,The eyes of the prophets reflect a world that is yet to be.,
1786,race,505:10_73:DM-10 73:予言者カエミラ,ライトブリンガー,1320,ライトブリンガー,ライトブリンガー,Light Bringer
1787,name,506:10_74:DM-10 74:雲海の守護者メッサ・バーナ,雲海の守護者メッサ・バーナ,1321,雲海の守護者メッサ・バーナ,"Messa Bahna, Guardian of the Cloudy Expanse","Messa Bahna, Expanse Guardian"
1788,rules,506:10_74:DM-10 74:雲海の守護者メッサ・バーナ,"■ブロッカー
■このクリーチャーは、相手プレイヤーを攻撃できない。
■相手のクリーチャーが攻撃する時、このクリーチャーは可能ならブロックする。",1322,"{B}ブロッカー
＊このクリーチャーは、相手プレイヤーを攻撃できない。
＊相手のクリーチャーが攻撃する時、このクリーチャーは可能ならブロックする。","{B} Blocker (Whenever an opponent's creature attacks, you may tap this creature to stop the attack. Then the 2 creatures battle.)
*This creature can't attack players.
*Whenever an opponent's creature attacks, this creature blocks if able.","■ Blocker (Whenever an opponent's creature attacks, you may tap this creature to stop the attack. Then the 2 creatures battle.)
■ Whenever an opponent's creature attacks, this creature blocks if able.
■ This creature can't attack players."
1789,flavor,506:10_74:DM-10 74:雲海の守護者メッサ・バーナ,天空の鐘の音は、いつになく危機感に溢れていた。,1323,天空の鐘の音は、いつになく危機感に溢れていた。,The Bell of Heaven pealed with a more urgent sound than ever before.,
1790,race,506:10_74:DM-10 74:雲海の守護者メッサ・バーナ,ガーディアン,1324,ガーディアン,ガーディアン,Guardian
1791,name,507:10_75:DM-10 75:聖騎士メタルサターン,聖騎士メタルサターン,1325,聖騎士メタルサターン,"Metal Saturn, the holy knight","Ferrosaturn, Spectral Knight"
1792,rules,507:10_75:DM-10 75:聖騎士メタルサターン,"■ブロッカー（相手クリーチャーが攻撃する時、このクリーチャーをタップして、その攻撃を阻止してもよい。その後、その相手クリーチャーとバトルする）
■このクリーチャーは、相手プレイヤーを攻撃できない。",1326,"{B}ブロッカー（相手クリーチャーが攻撃する時、このクリーチャーをタップして、その攻撃を阻止してもよい。その後、その相手クリーチャーとバトルする）　　　　　
＊このクリーチャーは、相手プレイヤーを攻撃できない。","{B} Blocker (Whenever an opponent's creature attacks, you may tap this creature to stop the attack. Then the 2 creatures battle.)
*This creature can't attack players.","■ Blocker (Whenever an opponent's creature attacks, you may tap this creature to stop the attack. Then the 2 creatures battle.)
■ This creature can't attack players."
1793,flavor,507:10_75:DM-10 75:聖騎士メタルサターン,世界の勢力図は混迷を極めた。さながら、聖騎士メタルサターンが翻すマントの色の如く。,1327,世界の勢力図は混迷を極めた。さながら、聖騎士メタルサターンが翻すマントの色の如く。,"With the appearance of the new beings, the various battlefronts were thrown into chaos, a panoply of color mirroring Metal Saturn's cloak.",
1794,race,507:10_75:DM-10 75:聖騎士メタルサターン,レインボー・ファントム,1328,レインボー・ファントム,レインボー・ファントム,Rainbow Phantom
1795,name,508:10_76:DM-10 76:予言者クルト,予言者クルト,1329,予言者クルト,"Kult, the Prophet","Tulk, the Oracle"
1796,flavor,508:10_76:DM-10 76:予言者クルト,もっとも弱い者のみが、その奇跡を予言していた。世界は混迷し、憎しみを生み続ける。予言を知っていてさえも、この事態は複雑すぎた。,1330,もっとも弱い者のみが、その奇跡を予言していた。世界は混迷し、憎しみを生み続ける。予言を知っていてさえも、この事態は複雑すぎた。,"It was the weakest among them that predicted the miracle. Still, even those who knew the prophecy were unprepared for the chaos that followed.",
1797,race,508:10_76:DM-10 76:予言者クルト,ライトブリンガー,1331,ライトブリンガー,ライトブリンガー,Light Bringer
1798,name,509:10_77:DM-10 77:ロジック・キューブ,ロジック・キューブ,1332,ロジック・キューブ,Logic Cube,Logic Cube
1799,rules,509:10_77:DM-10 77:ロジック・キューブ,"■Ｓ・トリガー（この呪文をシールドゾーンから手札に加える時、コストを支払わずにすぐ唱えてもよい）
■自分の山札を見る。その中から呪文を１枚選んで相手に見せ、自分の手札に加えてもよい。その後、山札をシャッフルする。",1333,"{ST}S・トリガー（この呪文をシールドゾーンから手札に加える時、コストを支払わずにすぐ唱えてもよい）　
＊自分の山札を見る。その中から呪文を1枚選んで相手に見せ、自分の手札に加えてもよい。その後、山札をシャッフルする。","{ST} Shield trigger (When this spell is put into your hand from your shield zone, you may cast it immediately for no cost.)
*Search your deck. You may take a spell from your deck, show that spell to your opponent, and put it into your hand. Then shuffle your deck.","■ Shield trigger (When this card is put into your hand from your shield zone, you may play it immediately for no cost.)
■ Search your deck. You may take a spell from your deck, show that spell to your opponent, and put it into your hand. Then shuffle your deck."
1800,name,510:10_78:DM-10 78:ソーラー・レイ,ソーラー・レイ,1334,ソーラー・レイ,Solar Ray,Solar Ray
1801,rules,510:10_78:DM-10 78:ソーラー・レイ,"■Ｓ・トリガー（この呪文をシールドゾーンから手札に加える時、コストを支払わずにすぐ唱えてもよい）
■バトルゾーンにある相手のクリーチャーを１体選び、タップする。",1335,"{ST}S・トリガー（この呪文をシールドゾーンから手札に加える時、コストを支払わずにすぐ唱えてもよい）　　　　　　　
＊バトルゾーンにある相手のクリーチャーを１体選び、タップする。","{ST} Shield trigger (When this spell is put into your hand from your shield zone, you may cast it immediately for no cost.)
*Choose one of your opponent's creatures in the battle zone and tap it.","■ Shield trigger (When this card is put into your hand from your shield zone, you may play it immediately for no cost.)
■ Choose one of your opponent's creatures in the battle zone and tap it."
1802,flavor,510:10_78:DM-10 78:ソーラー・レイ,体が動かぬとも出来る事はある。お奨めは最後の懺悔だ。,1336,体が動かぬとも出来る事はある。お奨めは最後の懺悔だ。,"Even if you can't move, there's still something you can do--make your peace.",
1803,name,511:10_79:DM-10 79:エレキチューブ・マンタ,エレキチューブ・マンタ,1337,エレキチューブ・マンタ,Electric Tube Manta,Fluorogill Manta
1804,rules,511:10_79:DM-10 79:エレキチューブ・マンタ,■自分の光と闇のクリーチャーはブロックされない。,1338,＊自分の光と闇のクリーチャーはブロックされない。,*Your light and darkness creatures can't be blocked.,■ Your light creatures and darkness creatures can't be blocked.
1805,flavor,511:10_79:DM-10 79:エレキチューブ・マンタ,のんびりとした探検家だけが、隠された裏道を知っている。,1339,のんびりとした探検家だけが、隠された裏道を知っている。,The patient explorer finds all the routes to his destination.,
1806,race,511:10_79:DM-10 79:エレキチューブ・マンタ,ゲル・フィッシュ,1340,ゲル・フィッシュ,ゲル・フィッシュ,Gel Fish
1807,name,512:10_80:DM-10 80:ミルポロ,ミルポロ,1341,ミルポロ,Milporo,Milporo
1808,rules,512:10_80:DM-10 80:ミルポロ,"■サイレントスキル（自分のターンのはじめに、このクリーチャーがタップされていたら、アンタップするかわりに次の[SS]能力を使ってもよい）
[SS]－カードを１枚引く。",1342,"＊サイレントスキル（自分のターンのはじめに、このクリーチャーがタップされていたら、アンタップするかわりに次のi 能力を使ってもよい）
i カードを１枚引く。","*Silent Skill (At the start of your turn, if this creature is tapped, you may keep it tapped and use its i ability.)
i Draw a card.","■ Silent skill (At the start of each of your turns, if this creature is tapped, you may keep it tapped and use its silent skill ability.)
  Draw a card."
1809,flavor,512:10_80:DM-10 80:ミルポロ,「まさか月にあれ以外の物が隠されていたなんて。いじりがいがあるね。」- ミルポロ,1343,「まさか月にあれ以外の物が隠されていたなんて。いじりがいがあるね。」- ミルポロ,I never would have imagined there was something else hidden on the moon. That makes playing with it even more fun.　--Milporo,
1810,race,512:10_80:DM-10 80:ミルポロ,サイバーロード,1344,サイバーロード,サイバーロード,Cyber Lord
1811,name,513:10_81:DM-10 81:パールチェーン・バトラー,パールチェーン・バトラー,1345,パールチェーン・バトラー,Pearl Chain Battler,Tide Patroller
1812,rules,513:10_81:DM-10 81:パールチェーン・バトラー,■ブロッカー（相手クリーチャーが攻撃する時、このクリーチャーをタップして、その攻撃を阻止してもよい。その後、その相手クリーチャーとバトルする）　,1346,{B}ブロッカー（相手クリーチャーが攻撃する時、このクリーチャーをタップして、その攻撃を阻止してもよい。その後、その相手クリーチャーとバトルする）　,"{B} Blocker (Whenever an opponent's creature attacks, you may tap this creature to stop the attack. Then the 2 creatures battle.)","■ Blocker (Whenever an opponent's creature attacks, you may tap this creature to stop the attack. Then the 2 creatures battle.)"
1813,flavor,513:10_81:DM-10 81:パールチェーン・バトラー,マーフォークの王国へ進入した者は、すぐに彼等の暖かい歓迎を受ける。,1347,マーフォークの王国へ進入した者は、すぐに彼等の暖かい歓迎を受ける。,The merfolk were ready to coldly embrace any who attempted to invade their undersea kingdom.,
1814,race,513:10_81:DM-10 81:パールチェーン・バトラー,マーフォーク,1348,マーフォーク,マーフォーク,Merfolk
1815,name,514:10_82:DM-10 82:バッテリーヘッド・クラスター,バッテリーヘッド・クラスター,1349,バッテリーヘッド・クラスター,Batteryhead Cluster,Battery Cluster
1816,rules,514:10_82:DM-10 82:バッテリーヘッド・クラスター,"■ブロッカー（相手クリーチャーが攻撃する時、このクリーチャーをタップして、その攻撃を阻止してもよい。その後、その相手クリーチャーとバトルする）
■このクリーチャーは攻撃することができない。",1350,"{B}ブロッカー（相手クリーチャーが攻撃する時、このクリーチャーをタップして、その攻撃を阻止してもよい。その後、その相手クリーチャーとバトルする）　　　　　　
＊このクリーチャーは攻撃することができない。","{B} Blocker (Whenever an opponent's creature attacks, you may tap this creature to stop the attack. Then the 2 creatures battle.)
*This creature can't attack.","■ Blocker (Whenever an opponent's creature attacks, you may tap this creature to stop the attack. Then the 2 creatures battle.)
■ This creature can't attack."
1817,flavor,514:10_82:DM-10 82:バッテリーヘッド・クラスター,「よしよし、このプログラムはいい感じだね。」- アクアン,1351,「よしよし、このプログラムはいい感じだね。」- アクアン,This is one of my better programs.　--Aquan,
1818,race,514:10_82:DM-10 82:バッテリーヘッド・クラスター,サイバー・クラスター,1352,サイバー・クラスター,サイバー・クラスター,Cyber Cluster
1819,name,515:10_83:DM-10 83:トーピード・クラスター,トーピード・クラスター,1353,トーピード・クラスター,Torpedo Cluster,Torpedo Cluster
1820,rules,515:10_83:DM-10 83:トーピード・クラスター,■このクリーチャーをバトルゾーンに出した時、自分のマナゾーンにあるカードを１枚自分の手札に戻す。,1354,＊このクリーチャーをバトルゾーンに出した時、自分のマナゾーンにあるカードを１枚自分の手札に戻す。,"*When you put this creature into the battle zone, return a card from your mana zone to your hand.","■ When you put this creature into the battle zone, return a card from your mana zone to your hand."
1821,flavor,515:10_83:DM-10 83:トーピード・クラスター,魚雷の種は、掘った土。,1355,魚雷の種は、掘った土。,Even the smallest rock can become a missile with enough force behind it.,
1822,race,515:10_83:DM-10 83:トーピード・クラスター,サイバー・クラスター,1356,サイバー・クラスター,サイバー・クラスター,Cyber Cluster
1823,name,516:10_84:DM-10 84:アクア・アナライザー,アクア・アナライザー,1357,アクア・アナライザー,Aqua Analyzer,Aqua Strummer
1824,rules,516:10_84:DM-10 84:アクア・アナライザー,■このクリーチャーをバトルゾーンに出した時、自分の山札の上から５枚まで見て、好きな順番で山札に戻す。,1358,＊このクリーチャーをバトルゾーンに出した時、自分の山札の上から５枚まで見て、好きな順番で山札に戻す。,"*When you put this creature into the battle zone, look at up to 5 cards from the top of your deck and put them back in any order.","■ When you put this creature into the battle zone, look at up to 5 cards from the top of your deck and put them back in any order."
1825,flavor,516:10_84:DM-10 84:アクア・アナライザー,「もう詰んだかも。」- アクア・アナライザー,1359,「もう詰んだかも。」- アクア・アナライザー,I believe that's checkmate?　--Aqua Analyzer,
1826,race,516:10_84:DM-10 84:アクア・アナライザー,リキッド・ピープル,1360,リキッド・ピープル,リキッド・ピープル,Liquid People
1827,name,517:10_85:DM-10 85:スパイラル・ゲート,スパイラル・ゲート,1361,スパイラル・ゲート,Spiral Gate,Spiral Gate
1828,rules,517:10_85:DM-10 85:スパイラル・ゲート,"■Ｓ・トリガー（この呪文をシールドゾーンから手札に加える時、コストを支払わずにすぐ唱えてよい）
■バトルゾーンにあるクリーチャーを１体選び、持ち主の手札に戻す。",1362,"{ST}S・トリガー（この呪文をシールドゾーンから手札に加える時、コストを支払わずにすぐ唱えてよい）　　　　　　
＊バトルゾーンにあるクリーチャーを1体選び、持ち主の手札に戻す。","{ST} Shield trigger (When this spell is put into your hand from your shield zone, you may cast it immediately for no cost.)
*Choose a creature in the battle zone and return it to its owner's hand.","■ Shield trigger (When this card is put into your hand from your shield zone, you may play it immediately for no cost.)
■ Choose a creature in the battle zone and return it to its owner's hand."
1829,flavor,517:10_85:DM-10 85:スパイラル・ゲート,こっちの水は辛いぜ。ママのミルクで我慢しな。,1363,こっちの水は辛いぜ。ママのミルクで我慢しな。,Come back when you're ready.,
1830,name,518:10_86:DM-10 86:マインド・サーチ,マインド・サーチ,1364,マインド・サーチ,Mind Search,Recon Operation
1831,rules,518:10_86:DM-10 86:マインド・サーチ,■相手のシールドを３枚まで見る。その後、そのシールドを元の場所に戻す。,1365,＊相手のシールドを3枚まで見る。その後、そのシールドを元の場所に戻す。,*Look at up to 3 of your opponent's shields. Then put them back where they were.,■ Look at up to 3 of your opponent's shields. Then put them back where they were.
1832,flavor,518:10_86:DM-10 86:マインド・サーチ,お見通しだよ。,1366,お見通しだよ。,I can see your future.,
1833,name,519:10_87:DM-10 87:頭刃怪人グレイブクック,頭刃怪人グレイブクック,1367,頭刃怪人グレイブクック,"Gravecook, Master of Blades",Nightmare Invader
1834,flavor,519:10_87:DM-10 87:頭刃怪人グレイブクック,「爆炎野郎ジョーさんよぉ、教えてくれよぉ。ワシの、ワシの包丁はどこじゃああああ？」- 頭刃怪人グレイブクック,1368,「爆炎野郎ジョーさんよぉ、教えてくれよぉ。ワシの、ワシの包丁はどこじゃああああ？」- 頭刃怪人グレイブクック,"Hey J-j-joe, t-t-tell me, wh-where are m-m-my knives!?　--Gravecook",
1835,race,519:10_87:DM-10 87:頭刃怪人グレイブクック,デビルマスク,1369,デビルマスク,デビルマスク,Devil Mask
1836,name,520:10_88:DM-10 88:暴発秘宝ベンゾ,暴発秘宝ベンゾ,1370,暴発秘宝ベンゾ,"Benzo, the Hidden Fury","Benzo, the Hidden Fury"
1837,rules,520:10_88:DM-10 88:暴発秘宝ベンゾ,■このクリーチャーをバトルゾーンに出した時、自分のシールドを１枚選び、自分の手札に加える。（その「Ｓ・トリガー」を使ってもよい）,1371,＊このクリーチャーをバトルゾーンに出した時、自分のシールドを1枚選び、自分の手札に加える。（その「Ｓ・トリガー」を使ってもよい）,"*When you put this creature into the battle zone, choose one of your shields and put it into your hand. (You may use the ""shield trigger"" ability of that shield.)","■ When you put this creature into the battle zone, choose one of your shields and put it into your hand. (You can use the ""shield trigger"" ability of that shield.)"
1838,flavor,520:10_88:DM-10 88:暴発秘宝ベンゾ,パンドラボックスは、覇王ブラック・モナークの戯れから誕生した。,1372,パンドラボックスは、覇王ブラック・モナークの戯れから誕生した。,The pandora boxes were originally created to be amusements for the Dark Monarch.,
1839,race,520:10_88:DM-10 88:暴発秘宝ベンゾ,パンドラボックス,1373,パンドラボックス,パンドラボックス,Pandora's Box
1840,name,521:10_89:DM-10 89:砂男,砂男,1374,砂男,Sand Man,Hourglass Mutant
1841,rules,521:10_89:DM-10 89:砂男,■バトルゾーンにある自分の水と火のクリーチャーは「スレイヤー」を得る。（「スレイヤー」を持つクリーチャーがバトルする時、バトルの後、相手クリーチャーを破壊する）,1375,＊バトルゾーンにある自分の水と火のクリーチャーは「スレイヤー」を得る。（「スレイヤー」を持つクリーチャーがバトルする時、バトルの後、相手クリーチャーを破壊する）,"*Each of your water and fire creatures in the battle zone has ""slayer."" (Whenever a creature that has ""slayer"" battles, destroy the other creature after the battle).","■ Each of your water creatures and fire creatures in the battle zone has ""slayer."" (Whenever a creature that has ""slayer"" battles, destroy the other creature after the battle.)"
1842,flavor,521:10_89:DM-10 89:砂男,砂粒がさらさらとこぼれおちるように、砂男の呪いもじわりと拡がる。,1376,砂粒がさらさらとこぼれおちるように、砂男の呪いもじわりと拡がる。,"As grains of sand slowly cascade down from dunes, so spreads the curse of the Sand Man.",
1843,race,521:10_89:DM-10 89:砂男,ヘドリアン,1377,ヘドリアン,ヘドリアン,Hedrian
1844,name,522:10_90:DM-10 90:憔悴の影ブロークン・ヘッド,憔悴の影ブロークン・ヘッド,1378,憔悴の影ブロークン・ヘッド,"Broken Head, Shadow of Fatigue","Mummy Wrap, Shadow of Fatigue"
1845,rules,522:10_90:DM-10 90:憔悴の影ブロークン・ヘッド,"■このクリーチャーで攻撃するかわりに、タップして次の[Ｔ]能力を使ってもよい。
[Ｔ]－各プレイヤーは、相手の手札を１枚見ないで選び、捨てさせる。",1379,"＊このクリーチャーで攻撃するかわりに、タップして次の t 能力を使ってもよい。
 t 各プレイヤーは、相手の手札を1枚見ないで選び、捨てさせる。","*Instead of having this creature attack, you may tap it to use its t ability.
t Each player discards a card at random from his hand.","■ Instead of having this creature attack, you may tap it to use its tap ability.
 Each player discards a card at random from his hand."
1846,flavor,522:10_90:DM-10 90:憔悴の影ブロークン・ヘッド,寝具を出ても悪夢が終わるとは限らない。,1380,寝具を出ても悪夢が終わるとは限らない。,Not all nightmares end when you awaken.,
1847,race,522:10_90:DM-10 90:憔悴の影ブロークン・ヘッド,ゴースト,1381,ゴースト,ゴースト,Ghost
1848,name,523:10_91:DM-10 91:道化人形ミケ,道化人形ミケ,1382,道化人形ミケ,"Mikay, Bobbing Doll","Mikay, Rattling Doll"
1849,rules,523:10_91:DM-10 91:道化人形ミケ,"■ブロッカー（相手クリーチャーが攻撃する時、このクリーチャーをタップして、その攻撃を阻止してもよい。その後、その相手クリーチャーとバトルする）
■このクリーチャーは攻撃することができない。",1383,"{B}ブロッカー（相手クリーチャーが攻撃する時、このクリーチャーをタップして、その攻撃を阻止してもよい。その後、その相手クリーチャーとバトルする）　
＊このクリーチャーは攻撃することができない。","{B} Blocker (Whenever an opponent's creature attacks, you may tap this creature to stop the attack. Then the 2 creatures battle.)
*This creature can't attack.","■ Blocker (Whenever an opponent's creature attacks, you may tap this creature to stop the attack. Then the 2 creatures battle.)
■ This creature can't attack."
1850,race,523:10_91:DM-10 91:道化人形ミケ,デスパペット,1384,デスパペット,デスパペット,Death Puppet
1851,name,524:10_92:DM-10 92:ベノム・カプセル,ベノム・カプセル,1385,ベノム・カプセル,Venom Capsule,Venom Capsule
1852,rules,524:10_92:DM-10 92:ベノム・カプセル,"■サイレントスキル（自分のターンのはじめに、このクリーチャーがタップされていたら、アンタップするかわりに次の[SS]能力を使ってもよい）
[SS]－このクリーチャーは、相手のシールドを１枚ブレイクする。",1386,"＊サイレントスキル（自分のターンのはじめに、このクリーチャーがタップされていたら、アンタップするかわりに次のi 能力を使ってもよい）
i このクリーチャーは、相手のシールドを１枚ブレイクする。","*Silent Skill (At the start of your turn, if this creature is tapped, you may keep it tapped and use its i ability.)
i This creature breaks one of your opponent's shields.","■ Silent skill (At the start of each of your turns, if this creature is tapped, you may keep it tapped and use its silent skill ability.)
  This creature breaks one of your opponent's shields."
1853,flavor,524:10_92:DM-10 92:ベノム・カプセル,気付いたら、死んだ。,1387,気付いたら、死んだ。,"By the time you realize it's there, it's already too late.",
1854,race,524:10_92:DM-10 92:ベノム・カプセル,ブレインジャッカー,1388,ブレインジャッカー,ブレインジャッカー,Brain Jacker
1855,name,525:10_93:DM-10 93:デス・スモーク,デス・スモーク,1389,デス・スモーク,Death Smoke,Death Smoke
1856,rules,525:10_93:DM-10 93:デス・スモーク,■タップされていない相手のクリーチャーを１体選び、破壊する。,1390,*タップされていない相手のクリーチャーを1体選び、破壊する。,*Destroy one of your opponent's untapped creatures.,■ Destroy one of your opponent's untapped creatures.
1857,flavor,525:10_93:DM-10 93:デス・スモーク,ぱっくりもぐもぐ。,1391,ぱっくりもぐもぐ。,"Chomp, munch, munch...",
1858,name,526:10_94:DM-10 94:魂縛,魂縛,1392,魂縛,Soul Bind,Infernal Command
1859,rules,526:10_94:DM-10 94:魂縛,"■Ｓ・トリガー　　
■バトルゾーンにある相手のクリーチャーを１体選ぶ。そのクリーチャーは、自分の次のターンのはじめまで「このクリーチャーは、可能なら攻撃する」を得る。",1393,"{ST}S・トリガー　　
＊バトルゾーンにある相手のクリーチャーを１体選ぶ。そのクリーチャーは、自分の次のターンのはじめまで「このクリーチャーは、可能なら攻撃する」を得る。","{ST} Shield trigger (When this spell is put into your hand from your shield zone, you may cast it immediately for no cost.)
*Choose one of your opponent's creatures in the battle zone. It gets ""this creature attacks if able"" until the start of your next turn.","■ Shield trigger (When this card is put into your hand from your shield zone, you may play it immediately for no cost.)
■ Choose one of your opponent's creatures in the battle zone. It gets ""this creature attacks if able"" until the start of your next turn."
1860,flavor,526:10_94:DM-10 94:魂縛,恐怖が行動を単純化する。,1394,恐怖が行動を単純化する。,"Fear drives all rational thought from the mind, leaving only instinct.",
1861,name,527:10_95:DM-10 95:マイキーのペンチ,マイキーのペンチ,1395,マイキーのペンチ,Mykee's Pliers,Mykee's Pliers
1862,rules,527:10_95:DM-10 95:マイキーのペンチ,■バトルゾーンにある自分の闇と自然のクリーチャーは「スピードアタッカー」を得る。（「スピードアタッカー」を持つクリーチャーは召喚酔いしない）,1396,＊バトルゾーンにある自分の闇と自然のクリーチャーは「スピードアタッカー」を得る。（「スピードアタッカー」を持つクリーチャーは召喚酔いしない）,"*Each of your darkness and nature creatures in the battle zone has ""speed attacker."" (A creature that has ""speed attacker"" doesn't get summoning sickness.)","■ Each of your darkness creatures and nature creatures in the battle zone has ""speed attacker."" (A creature that has ""speed attacker"" doesn't get summoning sickness.)"
1863,flavor,527:10_95:DM-10 95:マイキーのペンチ,「この神経、繋げちゃおうぜ！」- 特攻隊長マイキー,1397,「この神経、繋げちゃおうぜ！」- 特攻隊長マイキー,I wonder what will happen if we connect this synapse!? --Shock Trooper Mykee,
1864,race,527:10_95:DM-10 95:マイキーのペンチ,ゼノパーツ,1398,ゼノパーツ,ゼノパーツ,Xenoparts
1865,name,528:10_96:DM-10 96:撃墜団長メッツアー,撃墜団長メッツアー,1399,撃墜団長メッツアー,"Mezger, Commando Leader","Mezger, Commando Leader"
1866,rules,528:10_96:DM-10 96:撃墜団長メッツアー,■スピードアタッカー（このクリーチャーは召喚酔いしない）,1400,＊スピードアタッカー（このクリーチャーは召喚酔いしない）,*Speed attacker (This creature doesn't get summoning sickness.),■ Speed attacker (This creature doesn't get summoning sickness.)
1867,flavor,528:10_96:DM-10 96:撃墜団長メッツアー,「勢いしか無いんだよな」―無謀鉄人チョイヤ,1401,「勢いしか無いんだよな」－無謀鉄人チョイヤ,"""Just do it!""　--Choya the Unheeding",
1868,race,528:10_96:DM-10 96:撃墜団長メッツアー,ヒューマノイド,1402,ヒューマノイド,ヒューマノイド,Human
1869,name,529:10_97:DM-10 97:城神兵バガッシュ,城神兵バガッシュ,1403,城神兵バガッシュ,Seige Trooper Bagash,Siege Roller Bagash
1870,rules,529:10_97:DM-10 97:城神兵バガッシュ,■攻撃中、このクリーチャーのパワーは、バトルゾーンにある自分の他のタップされているクリーチャー１体につき+1000される。,1404,＊攻撃中、このクリーチャーのパワーは、バトルゾーンにある自分の他のタップされているクリーチャー１体につき+1000される。,"*While attacking, this creature gets +1000 power for each of your other tapped creatures in the battle zone.","■ While attacking, this creature gets +1000 power for each of your other tapped creatures in the battle zone."
1871,flavor,529:10_97:DM-10 97:城神兵バガッシュ,「バガッシュ、あっちのが日当たりよさそう。」- 爆炎野郎ジョー,1405,「バガッシュ、あっちのが日当たりよさそう。」- 爆炎野郎ジョー,"Let's head over there, Bagash--the weather looks nicer. --Explosive Dude Joe",
1872,race,529:10_97:DM-10 97:城神兵バガッシュ,アーマロイド,1406,アーマロイド,アーマロイド,Armorloid
1873,name,530:10_98:DM-10 98:クラッグザウルス,クラッグザウルス,1407,クラッグザウルス,Cragsaurus,Cragsaur
1874,flavor,530:10_98:DM-10 98:クラッグザウルス,各地の戦いは僅かながら、沈静化していった。あまりの強大な力の出現に恐怖が均衡を生んだのだ。,1408,各地の戦いは僅かながら、沈静化していった。あまりの強大な力の出現に恐怖が均衡を生んだのだ。,"Gradually, the battlefields became quiescent, the combatants' fear of the powerful newcomers balancing their battlelust.",
1875,race,530:10_98:DM-10 98:クラッグザウルス,ロック・ビースト,1409,ロック・ビースト,ロック・ビースト,Rock Beast
1876,name,531:10_99:DM-10 99:烈脚戦士ブラッド,烈脚戦士ブラッド,1410,烈脚戦士ブラッド,"Brad, Warrior of Blinding Speed","Brad, Super Kickin' Dynamo"
1877,rules,531:10_99:DM-10 99:烈脚戦士ブラッド,"■サイレントスキル（自分のターンのはじめに、このクリーチャーがタップされていたら、アンタップするかわりに次の[SS]能力を使ってもよい）
[SS]－相手の「ブロッカー」を持つクリーチャーを１体破壊する。",1411,"＊サイレントスキル（自分のターンのはじめに、このクリーチャーがタップされていたら、アンタップするかわりに次のi 能力を使ってもよい）
i 相手の「ブロッカー」を持つクリーチャーを１体破壊する。","*Silent Skill (At the start of your turn, if this creature is tapped, you may keep it tapped and use its i ability.)
i Destroy one of your opponent's creatures that has ""blocker.""","■ Silent skill (At the start of each of your turns, if this creature is tapped, you may keep it tapped and use its silent skill ability.)
  Destroy one of your opponent's creatures that has ""blocker."""
1878,flavor,531:10_99:DM-10 99:烈脚戦士ブラッド,「このキックはオレって男の象徴だ！」- 烈脚戦士ブラッド,1412,「このキックはオレって男の象徴だ！」- 烈脚戦士ブラッド,This kick is my speciality!　--Brad,
1879,race,531:10_99:DM-10 99:烈脚戦士ブラッド,ヒューマノイド,1413,ヒューマノイド,ヒューマノイド,Human
1880,name,532:10_100:DM-10 100:強制突撃,強制突撃,1414,強制突撃,Forced March,Forced Frenzy
1881,rules,532:10_100:DM-10 100:強制突撃,"■Ｓ・トリガー（この呪文をシールドゾーンから手札に加える時、コストを支払わずにすぐ唱えてもよい）　
■自分の次のターンのはじめまで、相手のクリーチャーは「このクリーチャーは可能であれば攻撃する」を得る。",1415,"{ST}S・トリガー（この呪文をシールドゾーンから手札に加える時、コストを支払わずにすぐ唱えてもよい）　
＊自分の次のターンのはじめまで、相手のクリーチャーは「このクリーチャーは可能であれば攻撃する」を得る。","{ST} Shield trigger (When this spell is put into your hand from your shield zone, you may cast it immediately for no cost.)
*Each of your opponent's creatures gets ""this creature attacks if able"" until the start of your next turn.","■ Shield trigger (When this card is put into your hand from your shield zone, you may play it immediately for no cost.)
■ Each of your opponent's creatures gets ""This creature attacks if able"" until the start of your next turn."
1882,flavor,532:10_100:DM-10 100:強制突撃,やるときはやる！,1416,やるときはやる！,"Just give the word, and we'll be there!",
1883,name,533:10_101:DM-10 101:幻竜砲,幻竜砲,1417,幻竜砲,Phantom Dragon's Magnum,Phantom Dragon's Flame
1884,rules,533:10_101:DM-10 101:幻竜砲,"■Ｓ・トリガー（この呪文をシールドゾーンから手札に加える時、コストを支払わずにすぐ唱えてもよい）　
■パワー2000以下の相手のクリーチャーを１体選び、破壊する。",1418,"{ST}S・トリガー（この呪文をシールドゾーンから手札に加える時、コストを支払わずにすぐ唱えてもよい）　
＊パワー2000以下の相手のクリーチャーを1体選び、破壊する。","{ST} Shield trigger (When this spell is put into your hand from your shield zone, you may cast it immediately for no cost.)
*Destroy one of your opponent's creatures that has power 2000 or less.","■ Shield trigger (When this card is put into your hand from your shield zone, you may play it immediately for no cost.)
■ Destroy one of your opponent's creatures that has power 2000 or less."
1885,flavor,533:10_101:DM-10 101:幻竜砲,そこにいたんだ。,1419,そこにいたんだ。,Ah...That's where you were.,
1886,name,534:10_102:DM-10 102:コロッサス・ブースター,コロッサス・ブースター,1420,コロッサス・ブースター,Colossus booster,Colossus Boost
1887,rules,534:10_102:DM-10 102:コロッサス・ブースター,■自分のクリーチャー１体のパワーは、このターンの終わりまで+4000される。,1421,＊自分のクリーチャー1体のパワーは、このターンの終わりまで+4000される。,*One of your creatures gets +4000 power until the end of the turn.,■ One of your creatures in the battle zone gets +4000 power until the end of the turn.
1888,flavor,534:10_102:DM-10 102:コロッサス・ブースター,強力すぎる一撃が、装置自身をも破壊しちまう。,1422,強力すぎる一撃が、装置自身をも破壊しちまう。,"It can only be used once, as the energy it releases is so great it destroys itself.",
1889,name,535:10_103:DM-10 103:シェル・レガシー,シェル・レガシー,1423,シェル・レガシー,Shell Legacy,Legacy Shell
1890,rules,535:10_103:DM-10 103:シェル・レガシー,■自分の光と火のクリーチャーは「パワーアタッカー+3000」を得る。（攻撃中、「パワーアタッカー+3000」を持つクリーチャーのパワーは+3000される）,1424,＊自分の光と火のクリーチャーは「パワーアタッカー+3000」を得る。（攻撃中、「パワーアタッカー+3000」を持つクリーチャーのパワーは+3000される）,"*Each of your light and fire creatures has ""power attacker +3000."" (While attacking, a creature that has ""power attacker +3000"" gets +3000 power.)","■ Each of your light creatures and fire creatures has ""power attacker +3000."" (While attacking, a creature that has ""power attacker +3000"" gets +3000 power.)"
1891,flavor,535:10_103:DM-10 103:シェル・レガシー,コロニー・ビートルの近くで、不思議な力の果実が見つかった。,1425,コロニー・ビートルの近くで、不思議な力の果実が見つかった。,A fruit with strange effects is often found near Colony Beetles.,
1892,race,535:10_103:DM-10 103:シェル・レガシー,コロニー・ビートル,1426,コロニー・ビートル,コロニー・ビートル,Colony Beetle
1893,name,536:10_104:DM-10 104:セイバーマスク・ビートル,セイバーマスク・ビートル,1427,セイバーマスク・ビートル,Sabermask Beetle,Sabermask Scarab
1894,rules,536:10_104:DM-10 104:セイバーマスク・ビートル,■このクリーチャーが攻撃する時、自分のマナゾーンからカードを１枚、自分の手札に戻す。,1428,＊このクリーチャーが攻撃する時、自分のマナゾーンからカードを１枚、自分の手札に戻す。,"*Whenever this creature attacks, return a card from your mana zone to your hand.","■ Whenever this creature attacks, return a card from your mana zone to your hand."
1895,flavor,536:10_104:DM-10 104:セイバーマスク・ビートル,巨大な羽根が巻き起こす風にそよぐ木々。葉と枝の揺らぐ音が行進曲のように鳴り響いた。,1429,巨大な羽根が巻き起こす風にそよぐ木々。葉と枝の揺らぐ音が行進曲のように鳴り響いた。,"Disturbed by the wind its giant wings make, the branches and leaves in the forest almost seem to sing a march for it as it flies overhead.",
1896,race,536:10_104:DM-10 104:セイバーマスク・ビートル,ジャイアント・インセクト,1430,ジャイアント・インセクト,ジャイアント・インセクト,Giant Insect
1897,name,537:10_105:DM-10 105:喜びの化身,喜びの化身,1431,喜びの化身,Pleasure Totem,Jiggly Totem
1898,rules,537:10_105:DM-10 105:喜びの化身,■攻撃中、このクリーチャーのパワーは、自分のマナゾーンでタップされているカード１枚につき+1000される。,1432,＊攻撃中、このクリーチャーのパワーは、自分のマナゾーンでタップされているカード１枚につき+1000される。,"*While attacking, this creature gets +1000 power for each tapped card in your mana zone.","■ While attacking, this creature gets +1000 power for each tapped card in your mana zone."
1899,flavor,537:10_105:DM-10 105:喜びの化身,フィオナの森でも、一部の者が月の変化に気付き始めた。,1433,フィオナの森でも、一部の者が月の変化に気付き始めた。,"Even within the Fiona Woods, some began to realize what had happened to the moon.",
1900,race,537:10_105:DM-10 105:喜びの化身,ミステリー・トーテム,1434,ミステリー・トーテム,ミステリー・トーテム,Mystery Totem
1901,name,538:10_106:DM-10 106:プリーチ・トマト,プリーチ・トマト,1435,プリーチ・トマト,Preaching Tomato,Scowling Tomato
1902,flavor,538:10_106:DM-10 106:プリーチ・トマト,「好き嫌いする奴は、大嫌い！」術者が作った生命は、いきなり叫ぶと逃げて行った。そして、あっという間に増えていった。,1436,「好き嫌いする奴は、大嫌い！」術者が作った生命は、いきなり叫ぶと逃げて行った。そして、あっという間に増えていった。,"I hate people who are finicky! So saying, the  creature the sorcerer had created fled. The next day, the fields were covered with them.",
1903,race,538:10_106:DM-10 106:プリーチ・トマト,ワイルド・ベジーズ,1437,ワイルド・ベジーズ,ワイルド・ベジーズ,Wild Veggies
1904,name,539:10_107:DM-10 107:ハッスル・ベリー,ハッスル・ベリー,1438,ハッスル・ベリー,Hustle Berry,Hustle Berry
1905,rules,539:10_107:DM-10 107:ハッスル・ベリー,"■サイレントスキル（自分のターンのはじめに、このクリーチャーがタップされていたら、アンタップするかわりに次の[SS]能力を使ってもよい）
[SS]－自分の山札の上から１枚目を、自分のマナゾーンに加える。",1439,"＊サイレントスキル（自分のターンのはじめに、このクリーチャーがタップされていたら、アンタップするかわりに次のi 能力を使ってもよい）
i 自分の山札の上から1枚目を、自分のマナゾーンに加える。","*Silent Skill (At the start of your turn, if this creature is tapped, you may keep it tapped and use its i ability.)
i Put the top card of your deck into your mana zone.","■ Silent skill (At the start of each of your turns, if this creature is tapped, you may keep it tapped and use its silent skill ability.)
  Put the top card of your deck into your mana zone."
1906,flavor,539:10_107:DM-10 107:ハッスル・ベリー,「おめーら！　へたるんじゃねーベリー！」- ハッスル・ベリー,1440,「おめーら！　へたるんじゃねーベリー！」- ハッスル・ベリー,"Come on, you laggards! Next thing you'll be putting down roots! --Hustle Berry",
1907,race,539:10_107:DM-10 107:ハッスル・ベリー,ワイルド・ベジーズ,1441,ワイルド・ベジーズ,ワイルド・ベジーズ,Wild Veggies
1908,name,540:10_108:DM-10 108:原始の棍棒,原始の棍棒,1442,原始の棍棒,Primitive Club Tribe,Adventure Boar
1909,rules,540:10_108:DM-10 108:原始の棍棒,■パワーアタッカー +2000（攻撃中、このクリーチャーのパワーは+2000される）,1443,＊パワーアタッカー +2000（攻撃中、このクリーチャーのパワーは+2000される）,"*Power attacker +2000 (While attacking, this creature gets +2000 power.)","■ Power attacker +2000 (While attacking, this creature gets +2000 power.)"
1910,flavor,540:10_108:DM-10 108:原始の棍棒,本当の強さは、色あせたりしない。今必要なのはその強さだ。,1444,本当の強さは、色あせたりしない。今必要なのはその強さだ。,True strength never fades with age. That is the strength that is needed now.,
1911,race,540:10_108:DM-10 108:原始の棍棒,ビーストフォーク,1445,ビーストフォーク,ビーストフォーク,Beast Folk
1912,name,541:10_109:DM-10 109:フェアリー・ライフ,フェアリー・ライフ,1446,フェアリー・ライフ,Faerie Life,Faerie Life
1913,rules,541:10_109:DM-10 109:フェアリー・ライフ,"■Ｓ・トリガー（この呪文をシールドゾーンから手札に加える時、コストを支払わずにすぐ唱えてよい）
■自分の山札の上から１枚目を、自分のマナゾーンに置く。",1447,"{ST}S・トリガー（この呪文をシールドゾーンから手札に加える時、コストを支払わずにすぐ唱えてよい）
＊自分の山札の上から1枚目を、自分のマナゾーンに置く。","{ST} Shield trigger (When this spell is put into your hand from your shield zone, you may cast it immediately for no cost.)
*Put the top card of your deck into your mana zone.","■ Shield trigger (When this card is put into your hand from your shield zone, you may play it immediately for no cost.)
■ Put the top card of your deck into your mana zone."
1914,flavor,541:10_109:DM-10 109:フェアリー・ライフ,歌う妖精。フェアリーいい曲。全部いい曲。たくさん聴いて、大きく育て。,1448,歌う妖精。フェアリーいい曲。全部いい曲。たくさん聴いて、大きく育て。,Listen to the faeries' songs--each one will make you grow stronger.,
1915,name,542:10_110:DM-10 110:ナチュラル・ブースト,ナチュラル・ブースト,1449,ナチュラル・ブースト,Natural Boost,Thirst for the Hunt
1916,rules,542:10_110:DM-10 110:ナチュラル・ブースト,■このターンの終わりまで、自分のクリーチャーはすべて「パワーアタッカー+1000」を得る。（攻撃中、「パワーアタッカー+1000」を持つクリーチャーのパワーは+1000される）,1450,＊このターンの終わりまで、自分のクリーチャーはすべて「パワーアタッカー+1000」を得る。（攻撃中、「パワーアタッカー+1000」を持つクリーチャーのパワーは+1000される）,"*Each of your creatures gets ""power attacker +1000"" until the end of the turn. (While attacking, a creature that has ""power attacker +1000"" gets +1000 power.)","■ Each of your creatures gets ""power attacker +1000"" until the end of the turn. (While attacking, a creature that has ""power attacker +1000"" gets +1000 power.)"
1917,name,543:10_S1:DM-10 S1:聖断の精霊エリクシア,聖断の精霊エリクシア,1451,聖断の精霊エリクシア,"Elixia, the Purifying Blade","Elixia, Pureblade Elemental"
1918,rules,543:10_S1:DM-10 S1:聖断の精霊エリクシア,"■このクリーチャーのパワーは、自分のマナゾーンにあるカードの文明１つにつき+3000される。
■このクリーチャーは、パワーが6000以上の時、「Ｗ・ブレイカー」を得る。
■このクリーチャーは、パワーが15000以上の時、「Ｔ・ブレイカー」を得る。",1452,"＊このクリーチャーのパワーは、自分のマナゾーンにあるカードの文明１つにつき+3000される。
＊このクリーチャーは、パワーが6000以上の時、「Ｗ・ブレイカー」を得る。
＊このクリーチャーは、パワーが15000以上の時、「Ｔ・ブレイカー」を得る。","*This creature gets +3000 power for each civilization in your mana zone.
*While this creature has power 6000 or more, it has ""double breaker.""
*While this creature has power 15000 or more, it has ""triple breaker"" instead of ""double breaker.""","■ This creature gets +3000 power for each civilization in your mana zone.
■ While this creature has power 6000 or more, it has ""double breaker (This creature break 2 shields).""
■ While this creature has power 15000 or more, it has ""triple breaker"" instead of ""double breaker."" (It breaks 3 shields.)"
1919,race,543:10_S1:DM-10 S1:聖断の精霊エリクシア,エンジェル・コマンド,1453,エンジェル・コマンド,エンジェル・コマンド,Angel Command
1920,name,544:10_S2:DM-10 S2:ルナ・ブライトホーク,ルナ・ブライトホーク,1454,ルナ・ブライトホーク,Luna Brighthawk,Hawkeye Lunatron
1921,rules,544:10_S2:DM-10 S2:ルナ・ブライトホーク,"■Ｗ・ブレイカー　
■このクリーチャーをバトルゾーンに出した時、自分の山札を見る。その中からカードを１枚選び、自分の手札に加えてもよい。その後、山札をシャッフルする。",1455,"＊W・ブレイカー　
＊このクリーチャーをバトルゾーンに出した時、自分の山札を見る。その中からカードを１枚選び、自分の手札に加えてもよい。その後、山札をシャッフルする。","*Double breaker (This creature breaks 2 shields.)
*When you put this creature into the battle zone, search your deck. You may take a card from your deck and put it into your hand. Then shuffle your deck.","■ Double breaker (This creature breaks 2 shields.)
■ When you put this creature into the battle zone, search your deck. You may take a card from your deck and put it into your hand. Then shuffle your deck."
1922,flavor,544:10_S2:DM-10 S2:ルナ・ブライトホーク,月は、もはや美しいだけの存在では無い。,1456,月は、もはや美しいだけの存在では無い。,The moon is no longer just a beautiful thing.,
1923,race,544:10_S2:DM-10 S2:ルナ・ブライトホーク,サイバー・ムーン,1457,サイバー・ムーン,サイバー・ムーン,Cyber Moon
1924,name,545:10_S3:DM-10 S3:ハリケーン・クロウラー,ハリケーン・クロウラー,1458,ハリケーン・クロウラー,Hurricane Crawler,Hurricane Crawler
1925,rules,545:10_S3:DM-10 S3:ハリケーン・クロウラー,■このクリーチャーをバトルゾーンに出した時、自分の手札をすべて自分のマナゾーンに置く。その後、同じ枚数のカードを自分のマナゾーンから自分の手札に戻す。,1459,＊このクリーチャーをバトルゾーンに出した時、自分の手札をすべて自分のマナゾーンに置く。その後、同じ枚数のカードを自分のマナゾーンから自分の手札に戻す。,"*When you put this creature into the battle zone, put all the cards from your hand into your mana zone. Then put that many cards from your mana zone into your hand.","■ When you put this creature into the battle zone, put all the cards from your hand into your mana zone. Then put that many cards from your mana zone into your hand."
1926,flavor,545:10_S3:DM-10 S3:ハリケーン・クロウラー,巨体がのたうつと、それまであった景色が一変した。,1460,巨体がのたうつと、それまであった景色が一変した。,"Its merest movement changes the landscape, its smallest step crushes mountains.",
1927,race,545:10_S3:DM-10 S3:ハリケーン・クロウラー,アースイーター,1461,アースイーター,アースイーター,Earth Eater
1928,name,546:10_S4:DM-10 S4:黒神龍ブライゼナーガ,黒神龍ブライゼナーガ,1462,黒神龍ブライゼナーガ,"Bryzenaga, Black Celestial Dragon",Necrodragon Bryzenaga
1929,rules,546:10_S4:DM-10 S4:黒神龍ブライゼナーガ,"■このクリーチャーをバトルゾーンに出した時、自分のシールドをすべて自分の手札に加える。（その「Ｓ・トリガー」を使ってもよい）
■Ｗ・ブレイカー（このクリーチャーはシールドを２枚ブレイクする）",1463,"＊このクリーチャーをバトルゾーンに出した時、自分のシールドをすべて自分の手札に加える。（その「Ｓ・トリガー」を使ってもよい）　　　
＊W・ブレイカー（このクリーチャーはシールドを2枚ブレイクする）","*When you put this creature into the battle zone, put all your shields into your hand. (You can use the ""shield trigger"" abilities of those shields.)
*Double breaker (This creature breaks 2 shields.)","■ When you put this creature into the battle zone, put all your shields into your hand. (You can use the ""shield trigger"" abilities of those shields.)
■ Double breaker (This creature breaks 2 shields.)"
1930,flavor,546:10_S4:DM-10 S4:黒神龍ブライゼナーガ,全生命をこの一撃に！,1464,全生命をこの一撃に！,"Once it's unleashed, there's no turning back.",
1931,race,546:10_S4:DM-10 S4:黒神龍ブライゼナーガ,ドラゴン・ゾンビ,1465,ドラゴン・ゾンビ,ドラゴン・ゾンビ,Zombie Dragon
1932,name,547:10_S5:DM-10 S5:コアクラッシュ・リザード,コアクラッシュ・リザード,1466,コアクラッシュ・リザード,Core-crash Lizard,Core-Crash Lizard
1933,rules,547:10_S5:DM-10 S5:コアクラッシュ・リザード,■このクリーチャーをバトルゾーンに出した時、相手のシールドを１枚選び、持ち主の墓地に置く。（その「Ｓ・トリガー」は使えない）,1467,＊このクリーチャーをバトルゾーンに出した時、相手のシールドを1枚選び、持ち主の墓地に置く。（その「Ｓ・トリガー」は使えない）,"*When you put this creature into the battle zone, choose one of your opponent's shields and put it into his graveyard. (If that shield has a ""shield trigger,"" it doesn't work.)","■ When you put this creature into the battle zone, choose one of your opponent's shields and put it into his graveyard."
1934,flavor,547:10_S5:DM-10 S5:コアクラッシュ・リザード,炎の爪が食い込むと、大地は溶岩の涙を流した。,1468,炎の爪が食い込むと、大地は溶岩の涙を流した。,"Struck with claws of fire, the earth wept tears of magma.",
1935,race,547:10_S5:DM-10 S5:コアクラッシュ・リザード,メルト・ウォリアー,1469,メルト・ウォリアー,メルト・ウォリアー,Melt Warrior
1936,name,548:10_S6:DM-10 S6:アルティメット・ドラゴン,アルティメット・ドラゴン,1470,アルティメット・ドラゴン,Ultimate Dragon,Ultimate Dragon
1937,rules,548:10_S6:DM-10 S6:アルティメット・ドラゴン,"■このクリーチャーのパワーは、バトルゾーンにある自分の他のドラゴン１体につき+5000される。
■クルー・ブレイカー:ドラゴン（このクリーチャーは、バトルゾーンにある自分の他のドラゴン１体につき、シールドをさらにもう１枚ブレイクする）",1471,"＊このクリーチャーのパワーは、バトルゾーンにある自分の他のドラゴン１体につき+5000される。
＊クルー・ブレイカー:ドラゴン（このクリーチャーは、バトルゾーンにある自分の他のドラゴン1体につき、シールドをさらにもう1枚ブレイクする）","*This creature gets +5000 power for each of your other Dragons in the battle zone.
*Crew breaker-Dragon (This creature breaks one more shield for each of your other Dragons in the battle zone.)","■ This creature gets +5000 power for each of your other creatures in the battle zone that has Dragon in its race.
■ Crew breaker-Dragon (This creature breaks one more shield for each of your other creatures in the battle zone that has Dragon in its race.)"
1938,flavor,548:10_S6:DM-10 S6:アルティメット・ドラゴン,無限の翼が、世界を覆いつくす。,1472,無限の翼が、世界を覆いつくす。,Its vast wings encircle the world like a shroud.,
1939,race,548:10_S6:DM-10 S6:アルティメット・ドラゴン,アーマード・ドラゴン,1473,アーマード・ドラゴン,アーマード・ドラゴン,Armored Dragon
1940,name,549:10_S7:DM-10 S7:不落の超人,不落の超人,1474,不落の超人,Immortal Giant,Bodacious Giant
1941,rules,549:10_S7:DM-10 S7:不落の超人,"■Ｗ・ブレイカー（このクリーチャーはシールドを２枚ブレイクする）
■相手のターン中、このクリーチャーがタップされていて、そのターンにまだ攻撃を受けていない場合、相手のクリーチャーは可能ならこのクリーチャーを攻撃する。",1475,"＊W・ブレイカー（このクリーチャーはシールドを2枚ブレイクする）
＊相手のターン中、このクリーチャーがタップされていて、そのターンにまだ攻撃を受けていない場合、相手のクリーチャーは可能ならこのクリーチャーを攻撃する。","*Double breaker (This creature breaks 2 shields.)
*While this creature is tapped during your opponent's turn, if it hasn't been attacked that turn, your opponent's creatures must attack it if able.","■ Double breaker (This creature breaks 2 shields.)
■ While this creature is tapped during your opponent's turn, if it hasn't been attacked that turn, your opponent's creatures must attack it if able."
1942,race,549:10_S7:DM-10 S7:不落の超人,ジャイアント,1476,ジャイアント,ジャイアント,Giant
1943,name,550:10_S8:DM-10 S8:緑神龍ダクマバルガロウ,緑神龍ダクマバルガロウ,1477,緑神龍ダクマバルガロウ,Green Celestial Dragon Dakma Balgarow,Terradragon Dakma Balgarow
1944,rules,550:10_S8:DM-10 S8:緑神龍ダクマバルガロウ,"■このクリーチャーのパワーは、自分と相手のシールド１枚につき+2000される。
■このクリーチャーは、パワーが6000以上の時、「Ｗ・ブレイカー」を得る。
■このクリーチャーは、パワーが15000以上の時、「Ｔ・ブレイカー」を得る。",1478,"＊このクリーチャーのパワーは、自分と相手のシールド１枚につき+2000される。
＊このクリーチャーは、パワーが6000以上の時、「Ｗ・ブレイカー」を得る。
＊このクリーチャーは、パワーが15000以上の時、「Ｔ・ブレイカー」を得る。","*This creature gets +2000 power for each shield you and your opponent have.
*While this creature has power 6000 or more, it has ""Double breaker (This creature breaks 2 shields).""
*While this creature has power 15000 or more, it has ""Triple breaker (This creature breaks 3 shields)"" instead of ""double breaker.""","■ This creature gets +2000 power for each shield you and your opponent have.
■ While this creature has power 6000 or more, it has ""double breaker (This creature breaks 2 shields).""
■ While this creature has power 15000 or more, it has ""triple breaker"" instead of ""double breaker."" (It breaks 3 shields.)"
1945,race,550:10_S8:DM-10 S8:緑神龍ダクマバルガロウ,アース・ドラゴン,1479,アース・ドラゴン,アース・ドラゴン,Earth Dragon
1946,name,551:10_S9:DM-10 S9:陽炎の守護者ブルー・メルキス,陽炎の守護者ブルー・メルキス,1480,陽炎の守護者ブルー・メルキス,"Blue Merkis, Guardian of the Solar Flare","Bluum Erkis, Flare Guardian"
1947,rules,551:10_S9:DM-10 S9:陽炎の守護者ブルー・メルキス,"■マナゾーンに置く時、このカードはタップして置く。
■このクリーチャーが相手のシールドをブレイクする時、相手はそのシールドを手札に加えるかわりに表向きにする。それが「Ｓ・トリガー」を持つ呪文なら、自分がコストを支払わずに唱え、その後持ち主の墓地に置く。それ以外のカードであれば、持ち主の手札に加える。
■Ｗ・ブレイカー",1481,"＊マナゾーンに置く時、このカードはタップして置く。
＊このクリーチャーが相手のシールドをブレイクする時、相手はそのシールドを手札に加えるかわりに表向きにする。それが「Ｓ・トリガー」を持つ呪文なら、自分がコストを支払わずに唱え、その後持ち主の墓地に置く。それ以外のカードであれば、持ち主の手札に加える。
＊W・ブレイカー","*(This creature is put into your mana zone tapped.)
*Whenever this creature would break one of your opponent's shields, your opponent shows that shield to you instead of putting it into his hand. If it's a spell that has ""shield trigger,"" you cast it for no cost, then put it into your opponent's graveyard. If it's not, your opponent puts it into his hand.
*Double breaker","■ (This creature is put into your mana zone tapped.)
■ Whenever this creature would break one of your opponent's shields, your opponent shows that shield to you instead of putting it into his hand. If it's a spell that has ""shield trigger,"" you cast it for no cost, then put it into your opponent's graveyard. If it's not, your opponent puts it into his hand.
■ Double breaker"
1948,race,551:10_S9:DM-10 S9:陽炎の守護者ブルー・メルキス,ガーディアン,1482,ガーディアン,ガーディアン,Guardian
1949,name,552:10_S10:DM-10 S10:根絶のデクロワゾー,根絶のデクロワゾー,1483,根絶のデクロワゾー,"Deklowaz, the Terminator","Deklowaz, the Terminator"
1950,rules,552:10_S10:DM-10 S10:根絶のデクロワゾー,"■マナゾーンに置く時、このカードはタップして置く。
■このクリーチャーで攻撃するかわりに、タップして次の[Ｔ]能力を使ってもよい。
[Ｔ]－パワー3000以下のクリーチャーをすべて破壊する。その後、相手の手札を見る。相手は自分自身の手札からパワー3000以下のクリーチャーをすべて捨てる。",1484,"＊マナゾーンに置く時、このカードはタップして置く。
＊このクリーチャーで攻撃するかわりに、タップして次の t 能力を使ってもよい。
tパワー3000以下のクリーチャーをすべて破壊する。その後、相手の手札を見る。相手は自分自身の手札からパワー3000以下のクリーチャーをすべて捨てる。","*(This creature is put into your mana zone tapped.)
*Instead of having this creature attack, you may tap it to use its t ability.
t Destroy all creatures that have power 3000 or less. Then look at your opponent's hand. He discards all creatures from it that have power 3000 or less.","■ (This creature is put into your mana zone tapped.)
■ Instead of having this creature attack, you may tap it to use its tap ability.
 Destroy all creatures that have power 3000 or less. Then look at your opponent's hand. He discards all creatures from it that have power 3000 or less."
1951,race,552:10_S10:DM-10 S10:根絶のデクロワゾー,スピリット・クォーツ,1485,スピリット・クォーツ,スピリット・クォーツ,Spirit Quartz
1952,name,553:11_1:DM-11 1:鬼面超人エル・アンドレ,鬼面超人エル・アンドレ,1486,鬼面超人エル・アンドレ,Super Devil Mask El Andore,Evil Incarnate
1953,rules,553:11_1:DM-11 1:鬼面超人エル・アンドレ,"■進化－自分のデビルマスク１体の上に置く。
■各プレイヤーは、自分のターンのはじめに、自分自身のクリーチャーを１体破壊する。
■Ｗ・ブレイカー（このクリーチャーはシールドを２枚ブレイクする）",1487,"＊進化-自分のデビルマスク１体の上に置く。
＊各プレイヤーは、自分のターンのはじめに、自分自身のクリーチャーを１体破壊する。
＊W・ブレイカー（このクリーチャーはシールドを２枚ブレイクする）","*Evolution-Put on one of your Devil Masks.
*At the start of each player's turn, that player destroys one of his creatures.
*Double breaker (This creature breaks 2 shields.)","■ Evolution-Put on one of your Devil Masks.
■ At the start of each player's turn, that player chooses one of his creatures and destroys it.
■ Double breaker (This creature breaks 2 shields.)"
1954,flavor,553:11_1:DM-11 1:鬼面超人エル・アンドレ,誰の挑戦でも受けてやる！ - 鬼面超人エル・アンドレ,1488,誰の挑戦でも受けてやる！ - 鬼面超人エル・アンドレ,"I'll take anybody on! Who's next!?
--Super Devil Mask El Andore",
1955,race,553:11_1:DM-11 1:鬼面超人エル・アンドレ,デビルマスク,1489,デビルマスク,デビルマスク,Devil Mask
1956,name,554:11_2:DM-11 2:ダブルソード・レッド・ドラゴン,ダブルソード・レッド・ドラゴン,1490,ダブルソード・レッド・ドラゴン,Double-sword Red Dragon,Heavyweight Dragon
1957,rules,554:11_2:DM-11 2:ダブルソード・レッド・ドラゴン,"■Ｗ・ブレイカー
■このクリーチャーで攻撃するかわりに、タップして次の[Ｔ]能力を使ってもよい。
[Ｔ]－バトルゾーンにある相手のタップされているクリーチャーを２体まで選ぶ。選んだクリーチャーの合計パワーの方が、このクリーチャーのパワーより小さければ、選んだクリーチャーを破壊する。",1491,"＊W・ブレイカー
＊このクリーチャーで攻撃するかわりに、タップして次の t 能力を使ってもよい。
 t バトルゾーンにある相手のタップされているクリーチャーを２体まで選ぶ。選んだクリーチャーの合計パワーの方が、このクリーチャーのパワーより小さければ、選んだクリーチャーを破壊する。","*Double breaker (This creature breaks 2 shields.)
*Instead of having this creature attack, you may tap it to use its t ability.
t Choose up to 2 of your opponent's tapped creatures in the battle zone. If they have total power less than this creature's power, destroy them.","■ Double breaker (This creature breaks 2 shields.)
■ Instead of having this creature attack, you may tap it to use its tap ability.
 Choose up to 2 of your opponent's tapped creatures in the battle zone. If they have total power less than this creature's power, destroy them."
1958,race,554:11_2:DM-11 2:ダブルソード・レッド・ドラゴン,アーマード・ドラゴン,1492,アーマード・ドラゴン,アーマード・ドラゴン,Armored Dragon
1959,name,555:11_3:DM-11 3:ダイヤモンド・ブリザード,ダイヤモンド・ブリザード,1493,ダイヤモンド・ブリザード,Diamond Blizzard,"Diamondia, the Blizzard Rider"
1960,rules,555:11_3:DM-11 3:ダイヤモンド・ブリザード,"■進化－自分のスノーフェアリー１体の上に置く。
■このクリーチャーをバトルゾーンに出した時、自分の墓地とマナゾーンからスノーフェアリーをすべて、自分の手札に戻す。",1494,"＊進化-自分のスノーフェアリー１体の上に置く。
＊このクリーチャーをバトルゾーンに出した時、自分の墓地とマナゾーンからスノーフェアリーをすべて、自分の手札に戻す。","*Evolution-Put on one of your Snow Faeries.
*When you put this creature into the battle zone, return all Snow Faeries from your graveyard and your mana zone to your hand.","■ Evolution-Put on one of your Snow Faeries.
■ When you put this creature into the battle zone, return all Snow Faeries from your graveyard and your mana zone to your hand."
1961,flavor,555:11_3:DM-11 3:ダイヤモンド・ブリザード,世界が妖精にひざまずく！,1495,世界が妖精にひざまずく！,"The world shall bow down to us, the fairies!",
1962,race,555:11_3:DM-11 3:ダイヤモンド・ブリザード,スノーフェアリー,1496,スノーフェアリー,スノーフェアリー,Snow Faerie
1963,name,556:11_4:DM-11 4:魂と記憶の盾,魂と記憶の盾,1497,魂と記憶の盾,Eternal Guard,Miraculous Snare
1964,rules,556:11_4:DM-11 4:魂と記憶の盾,"■マナゾーンに置く時、このカードはタップして置く。
■バトルゾーンにある、進化クリーチャーでないクリーチャーを１体選び、裏向きにして持ち主のシールドに加える。",1498,"＊マナゾーンに置く時、このカードはタップして置く。
＊バトルゾーンにある、進化クリーチャーでないクリーチャーを１体選び、裏向きにして持ち主のシールドに加える。","*(This spell is put into your mana zone tapped.)
*Choose a non-evolution creature in the battle zone and add it to its owner's shields face down.","■ (This spell is put into your mana zone tapped.)
■ Choose a non-evolution creature in the battle zone and add it to its owner's shields face down."
1965,flavor,556:11_4:DM-11 4:魂と記憶の盾,神秘のオーロラがすべてを包み込む！,1499,神秘のオーロラがすべてを包み込む！,Let the veil of mystery envelop all!,
1966,name,557:11_5:DM-11 5:調和と繁栄の罠,調和と繁栄の罠,1500,調和と繁栄の罠,Eternal Trap,Miraculous Truce
1967,rules,557:11_5:DM-11 5:調和と繁栄の罠,"■Ｓ・トリガー
■マナゾーンに置く時、このカードはタップして置く。
■文明をひとつ選ぶ。次の自分のターンのはじめまで、その文明のクリーチャーは自分を攻撃することができない。（この呪文を唱えた後にバトルゾーンに出たクリーチャーも含まれる）",1501,"{ST} S・トリガー
＊マナゾーンに置く時、このカードはタップして置く。
＊文明をひとつ選ぶ。次の自分のターンのはじめまで、その文明のクリーチャーは自分を攻撃することができない。（この呪文を唱えた後にバトルゾーンに出たクリーチャーも含まれる）","{ST} Shield trigger
*(This spell is put into your mana zone tapped.)
*Choose a civilization. Until the start of your next turn, creatures of that civilization can't attack you even if your opponent puts them into the battle zone after you cast this spell.","■ Shield trigger (When this card is put into your hand from your shield zone, you may play it immediately for no cost.)
■ (This spell is put into your mana zone tapped.)
■ Choose a civilization. Until the start of your next turn, creatures of that civilization can't attack you even if your opponent puts them into the battle zone after you cast this spell."
1968,name,558:11_6:DM-11 6:命運の伝道師ラミエル,命運の伝道師ラミエル,1502,命運の伝道師ラミエル,"Lamiel, Evangelist of Destiny","Lamiel, Destiny Enforcer"
1969,rules,558:11_6:DM-11 6:命運の伝道師ラミエル,"■ウェーブストライカー（バトルゾーンに「ウェーブストライカー」を持つクリーチャーが他に２体以上あれば、このクリーチャーは次の[WS]能力を得る）
[WS]－相手のターン中に自分のクリーチャーが破壊された時、カードを１枚引いてもよい。",1503,"＊ウェーブストライカー（バトルゾーンに「ウェーブストライカー」を持つクリーチャーが他に２体以上あれば、このクリーチャーは次のw 能力を得る）
w 相手のターン中に自分のクリーチャーが破壊された時、カードを１枚引いてもよい。","*Wave striker (While 2 or more other creatures in the battle zone have ""wave striker,"" this creature has its w ability.)
w Whenever one of your creatures is destroyed during your opponent's turn, you may draw a card.","■ Wave striker (While 2 or more other creatures in the battle zone have ""wave striker,"" this creature has its wave striker ability.)
  Whenever one of your creatures is destroyed during your opponent's turn, you may draw a card.
"
1970,flavor,558:11_6:DM-11 6:命運の伝道師ラミエル,戦線維持の為、伝道師達は常に戦場を走り続ける。大事な言葉を伝える為に。,1504,戦線維持の為、伝道師達は常に戦場を走り続ける。大事な言葉を伝える為に。,"During a battle, the evangelists can be seen racing from one front to another, bringing inspiration to their allies and dread to their enemies.",
1971,race,558:11_6:DM-11 6:命運の伝道師ラミエル,バーサーカー,1505,バーサーカー,バーサーカー,Berserker
1972,name,559:11_7:DM-11 7:光器ユリアーナ,光器ユリアーナ,1506,光器ユリアーナ,"Yuliana, Channeler of Light","Yuliana, Channeler of Suns"
1973,rules,559:11_7:DM-11 7:光器ユリアーナ,"■ブロッカー　
■相手がバトルゾーンにあるクリーチャーを選ぶ時、このクリーチャーを選ぶことはできない。（ただし、このクリーチャーを攻撃またはブロックしてもよい）
■このクリーチャーは、相手プレイヤーを攻撃できない。",1507,"{B}ブロッカー　
＊相手がバトルゾーンにあるクリーチャーを選ぶ時、このクリーチャーを選ぶことはできない。（ただし、このクリーチャーを攻撃またはブロックしてもよい）
＊このクリーチャーは、相手プレイヤーを攻撃できない。","{B} Blocker
*Whenever your opponent would choose a creature in the battle zone, he can't choose this one. (It can still be attacked and blocked.)
*This creature can't attack players.","■ Blocker (Whenever an opponent's creature attacks, you may tap this creature to stop the attack. Then the 2 creatures battle.)
■ Whenever your opponent would choose a creature in the battle zone, he can't choose this one. (It can still be attacked and blocked.)
■ This creature can't attack players."
1974,race,559:11_7:DM-11 7:光器ユリアーナ,メカ・デル・ソル,1508,メカ・デル・ソル,メカ・デル・ソル,Mecha Del Sol
1975,name,560:11_8:DM-11 8:宣凶師ベリックス,宣凶師ベリックス,1509,宣凶師ベリックス,"Belix, the Missionary","Belix, the Explorer"
1976,rules,560:11_8:DM-11 8:宣凶師ベリックス,"■ブロッカー
■このクリーチャーをバトルゾーンに出した時、自分のマナゾーンから呪文カードを１枚、自分の手札に戻す。
■このクリーチャーは、相手プレイヤーを攻撃できない。",1510,"{B} ブロッカー
＊このクリーチャーをバトルゾーンに出した時、自分のマナゾーンから呪文カードを１枚、自分の手札に戻す。
＊このクリーチャーは、相手プレイヤーを攻撃できない。","{B} Blocker (Whenever an opponent's creature attacks, you may tap this creature to stop the attack. Then the 2 creatures battle.)
*When you put this creature into the battle zone, return a spell from your mana zone to your hand.
*This creature can't attack players.","■ Blocker (Whenever an opponent's creature attacks, you may tap this creature to stop the attack. Then the 2 creatures battle.)
■ When you put this creature into the battle zone, return a spell from your mana zone to your hand.
■ This creature can't attack players."
1977,flavor,560:11_8:DM-11 8:宣凶師ベリックス,シルヴァーグローリーの僕は、ただの宣凶師ではない。より神秘な形状をしている。,1511,シルヴァーグローリーの僕は、ただの宣凶師ではない。より神秘な形状をしている。,The servants of Silver Glory are not just missionaries. They are made into an even purer form.,
1978,race,560:11_8:DM-11 8:宣凶師ベリックス,グラディエーター,1512,グラディエーター,グラディエーター,Gladiator
1979,name,561:11_9:DM-11 9:ルナ・フォートレス,ルナ・フォートレス,1513,ルナ・フォートレス,Luna Fortress,Warped Lunatron
1980,rules,561:11_9:DM-11 9:ルナ・フォートレス,"■バトルゾーンにあるクリーチャーは、ターンのはじめにアンタップされない。
■各プレイヤーは、自分のターンのはじめにカードをアンタップした時、自分自身のマナゾーンのカードを好きな枚数タップしてもよい。このようにしてタップしたカード２枚につき、バトルゾーンにある自分自身のクリーチャーを１体アンタップする。
■Ｗ・ブレイカー",1514,"＊バトルゾーンにあるクリーチャーは、ターンのはじめにアンタップされない。
＊各プレイヤーは、自分のターンのはじめにカードをアンタップした時、自分自身のマナゾーンのカードを好きな枚数タップしてもよい。このようにしてタップしたカード2枚につき、バトルゾーンにある自分自身のクリーチャーを１体アンタップする。
＊W・ブレイカー","*Creatures in the battle zone donﾕt untap at the start of each playerﾕs turn.
*When each player untaps his cards at the start of his turn, he may then tap any number of cards in his mana zone. For every 2 cards he taps this way, he untaps one of his creatures in the battle zone.
*Double breaker","■ Creatures in the battle zone don't untap at the start of each player's turn.
■ When each player untaps his cards at the start of his turn, he may then tap any number of cards in his mana zone. For every 2 cards he taps this way, he untaps one of his creatures in the battle zone.
■ Double breaker (This creature breaks 2 shields.)"
1981,race,561:11_9:DM-11 9:ルナ・フォートレス,サイバー・ムーン,1515,サイバー・ムーン,サイバー・ムーン,Cyber Moon
1982,name,562:11_10:DM-11 10:ファンタジー・フィッシュ,ファンタジー・フィッシュ,1516,ファンタジー・フィッシュ,Fantasy Fish,Fantasy Fish
1983,rules,562:11_10:DM-11 10:ファンタジー・フィッシュ,"■ブロッカー（相手クリーチャーが攻撃する時、このクリーチャーをタップして、その攻撃を阻止してもよい。その後、その相手クリーチャーとバトルする）　
■Ｓ・トリガー（このクリーチャーをシールドゾーンから手札に加える時、コストを支払わずにすぐ召喚してもよい）",1517,"{B}ブロッカー（相手クリーチャーが攻撃する時、このクリーチャーをタップして、その攻撃を阻止してもよい。その後、その相手クリーチャーとバトルする）　
{ST}S・トリガー（このクリーチャーをシールドゾーンから手札に加える時、コストを支払わずにすぐ召喚してもよい）","{B} Blocker (When an opponent's creature attacks, you may tap this creature to stop the attack. Then the 2 creatures battle.)
{ST} Shield trigger (When this creature is put into your hand from your shield zone, you may summon it immediately for no cost.)","■ Shield trigger (When this card is put into your hand from your shield zone, you may play it immediately for no cost.)
■ Blocker (Whenever an opponent's creature attacks, you may tap this creature to stop the attack. Then the 2 creatures battle.)"
1984,race,562:11_10:DM-11 10:ファンタジー・フィッシュ,ゲル・フィッシュ,1518,ゲル・フィッシュ,ゲル・フィッシュ,Gel Fish
1985,name,563:11_11:DM-11 11:ルナ・レーザーコブラ,ルナ・レーザーコブラ,1519,ルナ・レーザーコブラ,Luna Laser Cobra,Squawking Lunatron
1986,rules,563:11_11:DM-11 11:ルナ・レーザーコブラ,"■サイレントスキル（自分のターンのはじめに、このクリーチャーがタップされていたら、アンタップするかわりに次の[SS]能力を使ってもよい）
[SS]－自分のマナゾーンからカードを３枚まで、自分の手札に戻す。",1520,"＊サイレントスキル（自分のターンのはじめに、このクリーチャーがタップされていたら、アンタップするかわりに次のi 能力を使ってもよい）
i 自分のマナゾーンからカードを3枚まで、自分の手札に戻す。","Silent skill (At the start of your turn, if this creature is tapped, you may keep it tapped and use its i ability.)
i Return up to 3 cards from your mana zone to your hand.","■ Silent skill (At the start of each of your turns, if this creature is tapped, you may keep it tapped and use its silent skill ability.)
  Return up to 3 cards from your mana zone to your hand."
1987,flavor,563:11_11:DM-11 11:ルナ・レーザーコブラ,サファイヤ・ウィズダムに規律は無い。ただ知識を欲するのみだ。,1521,サファイヤ・ウィズダムに規律は無い。ただ知識を欲するのみだ。,There is no discipline or order in Sapphire Wisdom's mind. All it wants is more knowledge.,
1988,race,563:11_11:DM-11 11:ルナ・レーザーコブラ,サイバー・ムーン,1522,サイバー・ムーン,サイバー・ムーン,Cyber Moon
1989,name,564:11_12:DM-11 12:邪凶の影ゲイザー・アイズ,邪凶の影ゲイザー・アイズ,1523,邪凶の影ゲイザー・アイズ,"Gazer Eyes, Shadow of Catastrophe","Gazer Eyes, Shadow of Secrets"
1990,rules,564:11_12:DM-11 12:邪凶の影ゲイザー・アイズ,"■サイレントスキル（自分のターンのはじめに、このクリーチャーがタップされていたら、アンタップするかわりに次の[SS]能力を使ってもよい）
[SS]－相手の手札を見てその中から１枚選び、捨てさせる。",1524,"＊サイレントスキル（自分のターンのはじめに、このクリーチャーがタップされていたら、アンタップするかわりに次のi 能力を使ってもよい）
i 相手の手札を見てその中から１枚選び、捨てさせる。","*Silent skill (At the start of your turn, if this creature is tapped, you may keep it tapped and use its i ability.)
i Look at your opponent's hand and choose a card from it. Your opponent discards that card.","■ Silent skill (At the start of each of your turns, if this creature is tapped, you may keep it tapped and use its silent skill ability.)
  Look at your opponent's hand and choose a card from it. Your opponent discards that card."
1991,flavor,564:11_12:DM-11 12:邪凶の影ゲイザー・アイズ,興味で闇を覗いてはいけない。もし出会ってしまえば、もう元には戻れないから。,1525,興味で闇を覗いてはいけない。もし出会ってしまえば、もう元には戻れないから。,"Never gaze into the darkness out of curiosity. Should it gaze back at you, you'll never be the same.",
1992,race,564:11_12:DM-11 12:邪凶の影ゲイザー・アイズ,ゴースト,1526,ゴースト,ゴースト,Ghost
1993,name,565:11_13:DM-11 13:薔薇公爵ハザリア,薔薇公爵ハザリア,1527,薔薇公爵ハザリア,"Hazaria, Duke of Roses","Hazaria, Duke of Thorns"
1994,rules,565:11_13:DM-11 13:薔薇公爵ハザリア,"■ウェーブストライカー（バトルゾーンに「ウェーブストライカー」を持つクリーチャーが他に２体以上あれば、このクリーチャーは次の[WS]能力を得る）
[WS]－このクリーチャーをバトルゾーンに出した時、相手は自分自身のクリーチャーを１体破壊する。",1528,"＊ウェーブストライカー（バトルゾーンに「ウェーブストライカー」を持つクリーチャーが他に２体以上あれば、このクリーチャーは次のw 能力を得る）
w このクリーチャーをバトルゾーンに出した時、相手は自分自身のクリーチャーを１体破壊する。","*Wave striker (While 2 or more other creatures in the battle zone have ""wave striker,"" this creature has its w ability.)
w When you put this creature into the battle zone, your opponent destroys one of his creatures.","■ Wave striker (While 2 or more other creatures in the battle zone have ""wave striker,"" this creature has its wave striker ability.)
  When you put this creature into the battle zone, your opponent chooses one of his creatures and destroys it.
"
1995,race,565:11_13:DM-11 13:薔薇公爵ハザリア,ダークロード,1529,ダークロード,ダークロード,Dark Lord
1996,name,566:11_14:DM-11 14:滅亡ルーレット,滅亡ルーレット,1530,滅亡ルーレット,Roulette of Ruin,Roulette of Ruin
1997,rules,566:11_14:DM-11 14:滅亡ルーレット,"■Ｓ・トリガー
■数字をひとつ選ぶ。自分の手札を相手に見せ、その中から選んだ数字と同じコストのカードをすべて捨てる。その後、相手は自分自身の手札を見せ、その中から選んだ数字と同じコストのカードをすべて捨てる。",1531,"{ST} S・トリガー
＊数字をひとつ選ぶ。自分の手札を相手に見せ、その中から選んだ数字と同じコストのカードをすべて捨てる。その後、相手は自分自身の手札を見せ、その中から選んだ数字と同じコストのカードをすべて捨てる。","{ST} Shield trigger
*Choose a number. Show your hand to your opponent and discard from it each card that has that cost. Then your opponent shows you his hand and discards from it each card that has that cost.","■ Shield trigger (When this card is put into your hand from your shield zone, you may play it immediately for no cost.)
■ Choose a number. Show your hand to your opponent and discard from it each card that has that cost. Then your opponent shows you his hand and discards from it each card that has that cost."
1998,name,567:11_15:DM-11 15:タリスマン・リザード,タリスマン・リザード,1532,タリスマン・リザード,Talisman Lizard,Lockdown Lizard
1999,rules,567:11_15:DM-11 15:タリスマン・リザード,■誰も、自分自身のクリーチャーのタップ能力を使うことはできない。,1533,＊誰も、自分自身のクリーチャーの t 能力を使うことはできない。,*Players can't use the t abilities of their creatures.,■ Players can't use the  abilities of their creatures.
2000,flavor,567:11_15:DM-11 15:タリスマン・リザード,かの種族は異常な程に炎を愛し、炎はその愛に応え尋常ならざる力を与えた。,1534,かの種族は異常な程に炎を愛し、炎はその愛に応え尋常ならざる力を与えた。,"These lizards love fire above all else, and fire loves them back, allowing them to use its power.",
2001,race,567:11_15:DM-11 15:タリスマン・リザード,メルト・ウォリアー,1535,メルト・ウォリアー,メルト・ウォリアー,Melt Warrior
2002,name,568:11_16:DM-11 16:斬神兵グランドルメス,斬神兵グランドルメス,1536,斬神兵グランドルメス,Eviscerating Warrior Grand Lumes,Eviscerating Warrior Lumez
2003,rules,568:11_16:DM-11 16:斬神兵グランドルメス,"■ウェーブストライカー（バトルゾーンに「ウェーブストライカー」を持つクリーチャーが他に２体以上あれば、このクリーチャーは次の[WS]能力を得る）
[WS]－このクリーチャーをバトルゾーンに出した時、パワー2000以下のクリーチャーをすべて破壊する。",1537,"＊ウェーブストライカー（バトルゾーンに「ウェーブストライカー」を持つクリーチャーが他に２体以上あれば、このクリーチャーは次のw 能力を得る）
w このクリーチャーをバトルゾーンに出した時、パワー2000以下のクリーチャーをすべて破壊する。","*Wave striker (While 2 or more other creatures in the battle zone have ""wave striker,"" this creature has its w ability.)
w When you put this creature into the battle zone, destroy all creatures that have power 2000 or less.","■ Wave striker (While 2 or more other creatures in the battle zone have ""wave striker,"" this creature has its wave striker ability.)
  When you put this creature into the battle zone, destroy all creatures that have power 2000 or less.
"
2004,race,568:11_16:DM-11 16:斬神兵グランドルメス,アーマロイド,1538,アーマロイド,アーマロイド,Armorloid
2005,name,569:11_17:DM-11 17:超爆合体ダンギルバー,超爆合体ダンギルバー,1539,超爆合体ダンギルバー,Expplosive Hybrid Dangilver,Jabaha's Automaton
2006,rules,569:11_17:DM-11 17:超爆合体ダンギルバー,"■進化－自分のゼノパーツ１体の上に置く。
■パワーアタッカー +4000（攻撃中、このクリーチャーのパワーは+4000される）
■Ｗ・ブレイカー（このクリーチャーはシールドを２枚ブレイクする）",1540,"＊進化-自分のゼノパーツ１体の上に置く。
＊パワーアタッカー +4000（攻撃中、このクリーチャーのパワーは+4000される）
＊W・ブレイカー（このクリーチャーはシールドを２枚ブレイクする）","*Evolution-Put on one of your Xeno Parts.
*Power attacker +4000 (While attacking, this creature gets +4000 power.)
*Double breaker (This creature breaks 2 shields.)","■ Evolution-Put on one of your XenoParts.
■ Power attacker +4000 (While attacking, this creature gets +4000 power.)
■ Double breaker (This creature breaks 2 shields.)"
2007,race,569:11_17:DM-11 17:超爆合体ダンギルバー,ゼノパーツ,1541,ゼノパーツ,ゼノパーツ,Xenoparts
2008,name,570:11_18:DM-11 18:地龍の化身,地龍の化身,1542,地龍の化身,Dracolayer Totem,Rollicking Totem
2009,rules,570:11_18:DM-11 18:地龍の化身,"■サイレントスキル（自分のターンのはじめに、このクリーチャーがタップされていたら、アンタップするかわりに次の[SS]能力を使ってもよい）
[SS]－自分のマナゾーンからドラゴンを１体、バトルゾーンに出す。",1543,"＊サイレントスキル（自分のターンのはじめに、このクリーチャーがタップされていたら、アンタップするかわりに次のi 能力を使ってもよい）
i 自分のマナゾーンからドラゴンを１体、バトルゾーンに出す。","Silent skill (At the start of your turn, if this creature is tapped, you may keep it tapped and use its i ability.)
i Put a Dragon from your mana zone into the battle zone.","■ Silent skill (At the start of each of your turns, if this creature is tapped, you may keep it tapped and use its silent skill ability.)
  Put a creature that has Dragon in its race from your mana zone into the battle zone."
2010,race,570:11_18:DM-11 18:地龍の化身,ミステリー・トーテム,1544,ミステリー・トーテム,ミステリー・トーテム,Mystery Totem
2011,name,571:11_19:DM-11 19:ロイヤル・ドリアン,ロイヤル・ドリアン,1545,ロイヤル・ドリアン,Royal Durian,Royal Durian
2012,rules,571:11_19:DM-11 19:ロイヤル・ドリアン,"■Ｓ・トリガー（このクリーチャーをシールドゾーンから手札に加える時、コストを支払わずにすぐ召喚してもよい）
■このクリーチャーをバトルゾーンに出した時、バトルゾーンにあるすべての進化クリーチャーの一番上のカードを、持ち主のマナゾーンに置く。",1546,"＊S・トリガー（このクリーチャーをシールドゾーンから手札に加える時、コストを支払わずにすぐ召喚してもよい）
＊このクリーチャーをバトルゾーンに出した時、バトルゾーンにあるすべての進化クリーチャーの一番上のカードを、持ち主のマナゾーンに置く。","{ST} Shield trigger (When this creature is put into your hand from your shield zone, you may summon it immediately for no cost.)
*When you put this creature into the battle zone, put the top card of each evolution creature from the battle zone into its owner's mana zone.","■ Shield trigger (When this card is put into your hand from your shield zone, you may play it immediately for no cost.)
■ When you put this creature into the battle zone, put the top card of each evolution creature from the battle zone into its owner's mana zone."
2013,race,571:11_19:DM-11 19:ロイヤル・ドリアン,ワイルド・ベジーズ,1547,ワイルド・ベジーズ,ワイルド・ベジーズ,Wild Veggies
2014,name,572:11_20:DM-11 20:シェル・チャーチ,シェル・チャーチ,1548,シェル・チャーチ,Shell Church,Skyscraper Shell
2015,rules,572:11_20:DM-11 20:シェル・チャーチ,"■ウェーブストライカー（バトルゾーンに「ウェーブストライカー」を持つクリーチャーが他に２体以上あれば、このクリーチャーは次の[WS]能力を得る）
[WS]－このクリーチャーをバトルゾーンに出した時、相手はバトルゾーンにある自分自身のクリーチャーを１体選び、持ち主のマナゾーンに置く。",1549,"＊ウェーブストライカー（バトルゾーンに「ウェーブストライカー」を持つクリーチャーが他に２体以上あれば、このクリーチャーは次のw 能力を得る）
w このクリーチャーをバトルゾーンに出した時、相手はバトルゾーンにある自分自身のクリーチャーを１体選び、持ち主のマナゾーンに置く。","*Wave striker (While 2 or more other creatures in the battle zone have ""wave striker,"" this creature has its w ability.)
w When you put this creature into the battle zone, your opponent chooses one of his creatures in the battle zone and puts it into his mana zone.","■ Wave striker (While 2 or more other creatures in the battle zone have ""wave striker,"" this creature has its wave striker ability.)
  When you put this creature into the battle zone, your opponent chooses one of his creatures in the battle zone and puts it into his mana zone.
"
2016,race,572:11_20:DM-11 20:シェル・チャーチ,コロニー・ビートル,1550,コロニー・ビートル,コロニー・ビートル,Colony Beetle
2017,name,573:11_21:DM-11 21:宣凶師バレイド,宣凶師バレイド,1551,宣凶師バレイド,"Baraid, the Missionary","Baraid, the Explorer"
2018,rules,573:11_21:DM-11 21:宣凶師バレイド,"■サイレントスキル（自分のターンのはじめに、このクリーチャーがタップされていたら、アンタップするかわりに次の[SS]能力を使ってもよい）
[SS]－このターン、自分の光のクリーチャーはブロックされない。",1552,"＊サイレントスキル（自分のターンのはじめに、このクリーチャーがタップされていたら、アンタップするかわりに次のi 能力を使ってもよい）
i このターン、自分の光のクリーチャーはブロックされない。","*Silent skill (At the start of your turn, if this creature is tapped, you may keep it tapped and use its i ability.)
i Your light creatures can't be blocked this turn.","■ Silent skill (At the start of each of your turns, if this creature is tapped, you may keep it tapped and use its silent skill ability.)
  Your light creatures can't be blocked this turn."
2019,race,573:11_21:DM-11 21:宣凶師バレイド,グラディエーター,1553,グラディエーター,グラディエーター,Gladiator
2020,name,574:11_22:DM-11 22:予言者ラメール,予言者ラメール,1554,予言者ラメール,"Le Mere, the Prophet","Merlee, the Oracle"
2021,rules,574:11_22:DM-11 22:予言者ラメール,"■ウェーブストライカー（バトルゾーンに「ウェーブストライカー」を持つクリーチャーが他に２体以上あれば、このクリーチャーは次の[WS]能力を得る）
[WS]－バトルゾーンにある自分のクリーチャーすべてのパワーは+1000される。",1555,"＊ウェーブストライカー（バトルゾーンに「ウェーブストライカー」を持つクリーチャーが他に２体以上あれば、このクリーチャーは次のw 能力を得る）
w バトルゾーンにある自分のクリーチャーすべてのパワーは+1000される。","*Wave striker (While 2 or more other creatures in the battle zone have ""wave striker,"" this creature has its w ability.)
w Each of your creatures in the battle zone gets +1000 power.","■ Wave striker (While 2 or more other creatures in the battle zone have ""wave striker,"" this creature has its wave striker ability.)
  Each of your creatures in the battle zone gets +1000 power.
"
2022,race,574:11_22:DM-11 22:予言者ラメール,ライトブリンガー,1556,ライトブリンガー,ライトブリンガー,Light Bringer
2023,name,575:11_23:DM-11 23:フォーチュン・ボール,フォーチュン・ボール,1557,フォーチュン・ボール,Fortune Ball,Lucky Ball
2024,rules,575:11_23:DM-11 23:フォーチュン・ボール,■このクリーチャーをバトルゾーンに出した時、相手のシールドが３枚以下であれば、カードを２枚まで引く。,1558,＊このクリーチャーをバトルゾーンに出した時、相手のシールドが3枚以下であれば、カードを2枚まで引く。,"*When you put this creature into the battle zone, if your opponent has 3 or fewer shields, draw up to 2 cards.","■ When you put this creature into the battle zone, if your opponent has 3 or fewer shields, draw up to 2 cards."
2025,flavor,575:11_23:DM-11 23:フォーチュン・ボール,「我慢はするもんだよね。」 - ポキラ,1559,「我慢はするもんだよね。」 - ポキラ,"Every wait is worth its while
--Pokira",
2026,race,575:11_23:DM-11 23:フォーチュン・ボール,サイバー・ウイルス,1560,サイバー・ウイルス,サイバー・ウイルス,Cyber Virus
2027,name,576:11_24:DM-11 24:アクア・トリックスター,アクア・トリックスター,1561,アクア・トリックスター,Aqua Trickster,Aqua Trickster
2028,rules,576:11_24:DM-11 24:アクア・トリックスター,"■ウェーブストライカー（バトルゾーンに「ウェーブストライカー」を持つクリーチャーが他に２体以上あれば、このクリーチャーは次の[WS]能力を得る）
[WS]－このクリーチャーをバトルゾーンに出した時、バトルゾーンにある相手のクリーチャーを１体選び、タップする。",1562,"＊ウェーブストライカー（バトルゾーンに「ウェーブストライカー」を持つクリーチャーが他に２体以上あれば、このクリーチャーは次のw 能力を得る）
w このクリーチャーをバトルゾーンに出した時、バトルゾーンにある相手のクリーチャーを１体選び、タップする。","*Wave striker (While 2 or more other creatures in the battle zone have ""wave striker,"" this creature has its w ability.)
w When you put this creature into the battle zone, choose one of your opponent's creatures in the battle zone and tap it.","■ Wave striker (While 2 or more other creatures in the battle zone have ""wave striker,"" this creature has its wave striker ability.)
  When you put this creature into the battle zone, choose one of your opponent's creatures in the battle zone and tap it.
"
2029,race,576:11_24:DM-11 24:アクア・トリックスター,リキッド・ピープル,1563,リキッド・ピープル,リキッド・ピープル,Liquid People
2030,name,577:11_25:DM-11 25:略奪秘宝ジャギラ,略奪秘宝ジャギラ,1564,略奪秘宝ジャギラ,"Jagila, the Hidden Pillager","Jagila, the Hidden Pillager"
2031,rules,577:11_25:DM-11 25:略奪秘宝ジャギラ,"■ウェーブストライカー（バトルゾーンに「ウェーブストライカー」を持つクリーチャーが他に２体以上あれば、このクリーチャーは次の[WS]能力を得る）
[WS]－このクリーチャーをバトルゾーンに出した時、相手の手札を３枚見ないで選び、捨てさせる。",1565,"＊ウェーブストライカー（バトルゾーンに「ウェーブストライカー」を持つクリーチャーが他に２体以上あれば、このクリーチャーは次のw 能力を得る）
w このクリーチャーをバトルゾーンに出した時、相手の手札を3枚見ないで選び、捨てさせる。","*Wave striker (While 2 or more other creatures in the battle zone have ""wave striker,"" this creature has its w ability.)
w When you put this creature into the battle zone, your opponent discards 3 cards at random from his hand.","■ Wave striker (While 2 or more other creatures in the battle zone have ""wave striker,"" this creature has its wave striker ability.)
  When you put this creature into the battle zone, your opponent discards 3 cards at random from his hand.
"
2032,race,577:11_25:DM-11 25:略奪秘宝ジャギラ,パンドラボックス,1566,パンドラボックス,パンドラボックス,Pandora's Box
2033,name,578:11_26:DM-11 26:デビル・メディスン,デビル・メディスン,1567,デビル・メディスン,Devil Medicine,Morbid Medicine
2034,rules,578:11_26:DM-11 26:デビル・メディスン,■自分の墓地からクリーチャーを2体まで、自分の手札に戻す。,1568,＊自分の墓地からクリーチャーを2体まで、自分の手札に戻す。,*Return up to 2 creatures from your graveyard to your hand.,■ Return up to 2 creatures from your graveyard to your hand.
2035,flavor,578:11_26:DM-11 26:デビル・メディスン,新たな破壊の産声が、冥界の底から沸き起こる。,1569,新たな破壊の産声が、冥界の底から沸き起こる。,The cry of a newborn devastation wells up from the depths of the pit.,
2036,name,579:11_27:DM-11 27:スカイフレーム・リザード,スカイフレーム・リザード,1570,スカイフレーム・リザード,Skyflame Lizard,Bonfire Lizard
2037,rules,579:11_27:DM-11 27:スカイフレーム・リザード,"■ウェーブストライカー（バトルゾーンに「ウェーブストライカー」を持つクリーチャーが他に２体以上あれば、このクリーチャーは次の[WS]能力を得る）
[WS]－このクリーチャーをバトルゾーンに出した時、「ブロッカー」を持つ相手のクリーチャーを2体まで破壊する。",1571,"＊ウェーブストライカー（バトルゾーンに「ウェーブストライカー」を持つクリーチャーが他に２体以上あれば、このクリーチャーは次のw 能力を得る）
w このクリーチャーをバトルゾーンに出した時、「ブロッカー」を持つ相手のクリーチャーを2体まで破壊する。","*Wave striker (While 2 or more other creatures in the battle zone have ""wave striker,"" this creature has its w ability.)
w When you put this creature into the battle zone, destroy up to 2 of your opponent's creatures that have ""blocker.""","■ Wave striker (While 2 or more other creatures in the battle zone have ""wave striker,"" this creature has its wave striker ability.)
  When you put this creature into the battle zone, destroy up to 2 of your opponent's creatures that have ""blocker.""
"
2038,race,579:11_27:DM-11 27:スカイフレーム・リザード,メルト・ウォリアー,1572,メルト・ウォリアー,メルト・ウォリアー,Melt Warrior
2039,name,580:11_28:DM-11 28:ジェット・リザード,ジェット・リザード,1573,ジェット・リザード,Jet Lizard,Hysteria Lizard
2040,rules,580:11_28:DM-11 28:ジェット・リザード,"■このクリーチャーは、可能であれば毎ターン攻撃する。
■パワーアタッカー+3000（攻撃中、このクリーチャーのパワーは+3000される）",1574,"＊このクリーチャーは、可能であれば毎ターン攻撃する。
＊パワーアタッカー+3000（攻撃中、このクリーチャーのパワーは+3000される）","*This creature attacks each turn if able.
*Power attacker +3000 (While attacking, this creature gets +3000 power.)","■ This creature attacks each turn if able.
■ Power attacker +3000 (While attacking, this creature gets +3000 power.)"
2041,flavor,580:11_28:DM-11 28:ジェット・リザード,拳に命を、標的に死を。,1575,拳に命を、標的に死を。,"Its heart is in its fist, and death is in its eyes.",
2042,race,580:11_28:DM-11 28:ジェット・リザード,メルト・ウォリアー,1576,メルト・ウォリアー,メルト・ウォリアー,Melt Warrior
2043,name,581:11_29:DM-11 29:ハザード・ホッパー,ハザード・ホッパー,1577,ハザード・ホッパー,Hazard Hopper,Hazard Hopper
2044,rules,581:11_29:DM-11 29:ハザード・ホッパー,■このクリーチャーがシールドをブレイクした時、そのターンの終わりにこのクリーチャーをバトルゾーンから自分の手札に戻す。,1578,＊このクリーチャーがシールドをブレイクした時、そのターンの終わりにこのクリーチャーをバトルゾーンから自分の手札に戻す。,"*At the end of each of your turns, if this creature broke any shields that turn, return it to your hand.","■ At the end of each of your turns, if this creature broke any shields that turn, return it to your hand."
2045,flavor,581:11_29:DM-11 29:ハザード・ホッパー,－あいつは、もうちょっと落ち着けないの？ - 盗賊の盾,1579,…あいつは、もうちょっと落ち着けないの？ - 盗賊の盾,"Can't he calm down, even just a little?
--Mighty Bandit",
2046,race,581:11_29:DM-11 29:ハザード・ホッパー,ジャイアント・インセクト,1580,ジャイアント・インセクト,ジャイアント・インセクト,Giant Insect
2047,name,582:11_30:DM-11 30:マッチョ・メロン,マッチョ・メロン,1581,マッチョ・メロン,Macho Melon,Macho Melon
2048,rules,582:11_30:DM-11 30:マッチョ・メロン,"■ウェーブストライカー（バトルゾーンに「ウェーブストライカー」を持つクリーチャーが他に２体以上あれば、このクリーチャーは次の[WS]能力を得る）
[WS]－パワーアタッカー +3000（攻撃中、このクリーチャーのパワーは+3000される）",1582,"＊ウェーブストライカー（バトルゾーンに「ウェーブストライカー」を持つクリーチャーが他に２体以上あれば、このクリーチャーは次のw 能力を得る）
w パワーアタッカー +3000（攻撃中、このクリーチャーのパワーは+3000される）","*Wave striker (While 2 or more other creatures in the battle zone have ""wave striker,"" this creature has its w ability.)
w Power attacker +3000 (While attacking, this creature gets +3000 power.)","■ Wave striker (While 2 or more other creatures in the battle zone have ""wave striker,"" this creature has its wave striker ability.)
  Power attacker +3000 (While attacking, this creature gets +3000 power.)
"
2049,race,582:11_30:DM-11 30:マッチョ・メロン,ワイルド・ベジーズ,1583,ワイルド・ベジーズ,ワイルド・ベジーズ,Wild Veggies
2050,name,583:11_31:DM-11 31:守護と偶然の象徴,守護と偶然の象徴,1584,守護と偶然の象徴,Fortitude and Chance,Rise and Shine
2051,rules,583:11_31:DM-11 31:守護と偶然の象徴,"■Ｓ・トリガー（この呪文をシールドゾーンから手札に加える時、コストを支払わずにすぐ唱えてもよい）
■マナゾーンに置く時、このカードはタップして置く。
■自分の山札の上から４枚を表向きにする。その中から「ブロッカー」を持つカードを自分の手札に加え、他の３枚を好きな順番で自分の山札の一番下に戻す。",1585,"{ST} S・トリガー（この呪文をシールドゾーンから手札に加える時、コストを支払わずにすぐ唱えてもよい）
＊マナゾーンに置く時、このカードはタップして置く。
＊自分の山札の上から４枚を表向きにする。その中から「ブロッカー」を持つカードを自分の手札に加え、他の３枚を好きな順番で自分の山札の一番下に戻す。","{ST} Shield trigger (When this spell is put into your hand from your shield zone, you may cast it immediately for no cost.)
*(This spell is put into your mana zone tapped.)
*Reveal the top 4 cards of your deck. Put each of them that has ""blocker"" into your hand, and put the rest on the bottom of your deck in any order.","■ Shield trigger (When this card is put into your hand from your shield zone, you may play it immediately for no cost.)
■ (This spell is put into your mana zone tapped.)
■ Reveal the top 4 cards of your deck. Put one of them that has ""blocker"" into your hand, and put the rest on the bottom of your deck in any order."
2052,name,584:11_32:DM-11 32:陰謀と計略の手,陰謀と計略の手,1586,陰謀と計略の手,Secrets and Conspiracies,Hide and Seek
2053,rules,584:11_32:DM-11 32:陰謀と計略の手,"■マナゾーンに置く時、このカードはタップして置く。
■バトルゾーンにある、相手の進化クリーチャーでないクリーチャーを１体選び、持ち主の手札に戻す。その後、相手の手札を１枚見ないで選び、捨てさせる。",1587,"＊マナゾーンに置く時、このカードはタップして置く。
＊バトルゾーンにある、相手の進化クリーチャーでないクリーチャーを１体選び、持ち主の手札に戻す。その後、相手の手札を１枚見ないで選び、捨てさせる。","*(This spell is put into your mana zone tapped.)
*Choose one of your opponent's non-evolution creatures in the battle zone and return it to his hand. Then he discards a card at random from his hand.","■ (This spell is put into your mana zone tapped.)
■ Choose one of your opponent's non-evolution creatures in the battle zone and return it to his hand. Then he discards a card at random from his hand."
2054,flavor,584:11_32:DM-11 32:陰謀と計略の手,この恐怖から、もう逃げられやしない。,1588,この恐怖から、もう逃げられやしない。,There is no escaping this terror.,
2055,name,585:11_33:DM-11 33:崩壊と灼熱の牙,崩壊と灼熱の牙,1589,崩壊と灼熱の牙,Flame and Ruin,Slash and Burn
2056,rules,585:11_33:DM-11 33:崩壊と灼熱の牙,"■マナゾーンに置く時、このカードはタップして置く。
■このターン、相手のクリーチャーが破壊された時、相手は自分自身のマナゾーンからカードを１枚選び、持ち主の墓地に置く。その後、相手は自分自身のシールドを１枚選び、持ち主の墓地に置く。（その「Ｓ・トリガー」能力は使えない）",1590,"＊マナゾーンに置く時、このカードはタップして置く。
＊このターン、相手のクリーチャーが破壊された時、相手は自分自身のマナゾーンからカードを１枚選び、持ち主の墓地に置く。その後、相手は自分自身のシールドを１枚選び、持ち主の墓地に置く。（その「Ｓ・トリガー」能力は使えない）","*(This spell is put into your mana zone tapped.)
*Whenever any of your opponent's creatures is destroyed this turn, your opponent chooses a card in his mana zone and puts it into his graveyard. Then he chooses one of his shields and puts it into his graveyard. (If that shield has a ""shield trigger,"" it doesn't work.)","■ (This spell is put into your mana zone tapped.)
■ Whenever any of your opponent's creatures is destroyed this turn, your opponent chooses a card in his mana zone and puts it into his graveyard. Then he chooses one of his shields and puts it into his graveyard."
2057,name,586:11_34:DM-11 34:焦土と開拓の天変,焦土と開拓の天変,1591,焦土と開拓の天変,Reap and Sow,Reap and Sow
2058,rules,586:11_34:DM-11 34:焦土と開拓の天変,"■マナゾーンに置く時、このカードはタップして置く。
■相手のマナゾーンからカードを１枚選び、持ち主の墓地に置く。その後、自分の山札の上から１枚目を、自分のマナゾーンに加える。",1592,"＊マナゾーンに置く時、このカードはタップして置く。
＊相手のマナゾーンからカードを１枚選び、持ち主の墓地に置く。その後、自分の山札の上から１枚目を、自分のマナゾーンに加える。","*(This spell is put into your mana zone tapped.)
*Choose a card in your opponent's mana zone and put it into his graveyard. Then put the top card of your deck into your mana zone.","■ (This spell is put into your mana zone tapped.)
■ Choose a card in your opponent's mana zone and put it into his graveyard. Then put the top card of your deck into your mana zone."
2059,flavor,586:11_34:DM-11 34:焦土と開拓の天変,一瞬にして、世界に天国と地獄が訪れた。,1593,一瞬にして、世界に天国と地獄が訪れた。,"In the same instant, Heaven and Hell both appeared on the earth.",
2060,name,587:11_35:DM-11 35:神秘と創造の石碑,神秘と創造の石碑,1594,神秘と創造の石碑,Birth and Growth,Live and Breathe
2061,rules,587:11_35:DM-11 35:神秘と創造の石碑,"■マナゾーンに置く時、このカードはタップして置く。
■このターン、自分のクリーチャーを召喚した時、自分の山札を見る。その中から、召喚したクリーチャーと同じ名前のクリーチャーを１体選び、バトルゾーンに出してもよい。その後、山札をシャッフルする。",1595,"＊マナゾーンに置く時、このカードはタップして置く。
＊このターン、自分のクリーチャーを召喚した時、自分の山札を見る。その中から、召喚したクリーチャーと同じ名前のクリーチャーを１体選び、バトルゾーンに出してもよい。その後、山札をシャッフルする。","*(This spell is put into your mana zone tapped.)
*Whenever you summon a creature this turn, search your deck. You may take a creature from your deck that has the same name as that creature and put it into the battle zone. Then shuffle your deck.","■ (This spell is put into your mana zone tapped.)
■ Whenever you summon a creature this turn, search your deck. You may take a creature from your deck that has the same name as that creature and put it into the battle zone. Then shuffle your deck."
2062,name,588:11_36:DM-11 36:粛清者イングベルト,粛清者イングベルト,1596,粛清者イングベルト,"Engbelt, the Purifier","Engbelt, the Spydroid"
2063,rules,588:11_36:DM-11 36:粛清者イングベルト,"■ブロッカー（相手クリーチャーが攻撃する時、このクリーチャーをタップして、その攻撃を阻止してもよい。その後、その相手クリーチャーとバトルする）
■このクリーチャーは、相手プレイヤーを攻撃できない。",1597,"{B}ブロッカー（相手クリーチャーが攻撃する時、このクリーチャーをタップして、その攻撃を阻止してもよい。その後、その相手クリーチャーとバトルする）　
＊このクリーチャーは、相手プレイヤーを攻撃できない。","{B} Blocker (Whenever an opponent's creature attacks, you may tap this creature to stop the attack. Then the 2 creatures battle.)
*This creature can't attack players.","■ Blocker (Whenever an opponent's creature attacks, you may tap this creature to stop the attack. Then the 2 creatures battle.)
■ This creature can't attack players."
2064,flavor,588:11_36:DM-11 36:粛清者イングベルト,塔を取り巻く雲海に、いつも彼等は潜んでる。,1598,塔を取り巻く雲海に、いつも彼等は潜んでる。,They lurk in the raging storm clouds that perpetually envelop the spires of light.,
2065,race,588:11_36:DM-11 36:粛清者イングベルト,ソルトルーパー,1599,ソルトルーパー,ソルトルーパー,Soltrooper
2066,name,589:11_37:DM-11 37:俊速の使徒ナイアル,俊速の使徒ナイアル,1600,俊速の使徒ナイアル,"Nial, Apostle of Dexterity","Nial, Vizier of Dexterity"
2067,rules,589:11_37:DM-11 37:俊速の使徒ナイアル,■自分のターンの終わりに、このクリーチャーをアンタップしてもよい。,1601,＊自分のターンの終わりに、このクリーチャーをアンタップしてもよい。,"*At the end of each of your turns, you may untap this creature.","■ At the end of each of your turns, you may untap this creature."
2068,flavor,589:11_37:DM-11 37:俊速の使徒ナイアル,サファイヤ・ウィズダムは、新生体素材を己の興味を満たすためだけに各文明へと送り届けた。多くの光種族がそれを利用した。,1602,サファイヤ・ウィズダムは、新生体素材を己の興味を満たすためだけに各文明へと送り届けた。多くの光種族がそれを利用した。,"In order to satsify his own curiosity, Sapphire Wisdom sent new biological specimens to each of the other civilizations. Many Light races made a use of it.",
2069,race,589:11_37:DM-11 37:俊速の使徒ナイアル,イニシエート,1603,イニシエート,イニシエート,Initiate
2070,name,590:11_38:DM-11 38:堅防の使徒アースラ,堅防の使徒アースラ,1604,堅防の使徒アースラ,"Asra, Apostle of Defense","Asra, Vizier of Safety"
2071,rules,590:11_38:DM-11 38:堅防の使徒アースラ,"■ウェーブストライカー（バトルゾーンに「ウェーブストライカー」を持つクリーチャーが他に２体以上あれば、このクリーチャーは次の[WS]能力を得る）
[WS]－このクリーチャーのパワーは+4000され、「ブロッカー」を得る。",1605,"＊ウェーブストライカー（バトルゾーンに「ウェーブストライカー」を持つクリーチャーが他に２体以上あれば、このクリーチャーは次のw 能力を得る）
w このクリーチャーのパワーは+4000され、「ブロッカー」を得る。","*Wave striker (While 2 or more other creatures in the battle zone have ""wave striker,"" this creature has its w ability.)
w This creature gets +4000 power and has ""blocker.""","■ Wave striker (While 2 or more other creatures in the battle zone have ""wave striker,"" this creature has its wave striker ability.)
  This creature gets +4000 power and has ""blocker"". (Whenever an opponent's creature attacks, you may tap this creature to stop the attack. Then the 2 creatures battle.)"
2072,race,590:11_38:DM-11 38:堅防の使徒アースラ,イニシエート,1606,イニシエート,イニシエート,Initiate
2073,name,591:11_39:DM-11 39:ソル・チューブ,ソル・チューブ,1607,ソル・チューブ,Sol Tube,Solar Trap
2074,rules,591:11_39:DM-11 39:ソル・チューブ,■バトルゾーンにある相手のクリーチャーを１体選び、タップする。,1608,＊バトルゾーンにある相手のクリーチャーを１体選び、タップする。,*Choose one of your opponent's creatures in the battle zone and tap it.,■ Choose one of your opponent's creatures in the battle zone and tap it.
2075,flavor,591:11_39:DM-11 39:ソル・チューブ,サンサン太陽。全ての罪を照らし出す。,1609,サンサン太陽。全ての罪を照らし出す。,"Sun, sun, sunshine. Shines on all the sins.",
2076,name,592:11_40:DM-11 40:オカリナ・ハンター,オカリナ・ハンター,1610,オカリナ・ハンター,Ocarina Hunter,Melodic Hunter
2077,rules,592:11_40:DM-11 40:オカリナ・ハンター,■ブロッカー（相手クリーチャーが攻撃する時、このクリーチャーをタップして、その攻撃を阻止してもよい。その後、その相手クリーチャーとバトルする）,1611,{B}ブロッカー（相手クリーチャーが攻撃する時、このクリーチャーをタップして、その攻撃を阻止してもよい。その後、その相手クリーチャーとバトルする）,"{B} Blocker (Whenever an opponent's creature attacks, you may tap this creature to stop the attack. Then the 2 creatures battle.)","■ Blocker (Whenever an opponent's creature attacks, you may tap this creature to stop the attack. Then the 2 creatures battle.)"
2078,flavor,592:11_40:DM-11 40:オカリナ・ハンター,君の鼓動、我らが海の奏でる音色には相応しくない。 - オカリナ・ハンター,1612,君の鼓動、我らが海の奏でる音色には相応しくない。 - オカリナ・ハンター,"The sound of your heartbeat is out of tune with our aquatic melody. It must be stopped.
--Ocarina Hunter",
2079,race,592:11_40:DM-11 40:オカリナ・ハンター,マーフォーク,1613,マーフォーク,マーフォーク,Merfolk
2080,name,593:11_41:DM-11 41:リバイバル・ソルジャー,リバイバル・ソルジャー,1614,リバイバル・ソルジャー,Revival Soldier,Revival Soldier
2081,rules,593:11_41:DM-11 41:リバイバル・ソルジャー,"■ウェーブストライカー（バトルゾーンに「ウェーブストライカー」を持つクリーチャーが他に２体以上あれば、このクリーチャーは次の[WS]能力を得る）
[WS]－このクリーチャーのパワーは、+4000される。
[WS]－このクリーチャーが破壊される時、墓地に置くかわりに自分の手札に戻す。",1615,"＊ウェーブストライカー（バトルゾーンに「ウェーブストライカー」を持つクリーチャーが他に２体以上あれば、このクリーチャーは次のw 能力を得る）
w このクリーチャーのパワーは、+4000される。
w このクリーチャーが破壊される時、墓地に置くかわりに自分の手札に戻す。","*Wave striker (While 2 or more other creatures in the battle zone have ""wave striker,"" this creature has its w abilities.)
w This creature gets +4000 power.
w When this creature would be destroyed, return it to your hand instead.","■ Wave striker (While 2 or more other creatures in the battle zone have ""wave striker,"" this creature has its wave striker ability.)
  This creature gets +4000 power.
  When this creature would be destroyed, return it to your hand instead."
2082,race,593:11_41:DM-11 41:リバイバル・ソルジャー,マーフォーク,1616,マーフォーク,マーフォーク,Merfolk
2083,name,594:11_42:DM-11 42:タイム・スカウト,タイム・スカウト,1617,タイム・スカウト,Time Scout,Time Scout
2084,rules,594:11_42:DM-11 42:タイム・スカウト,■このクリーチャーをバトルゾーンに出した時、相手の山札の上から１枚目を見る。その後、それを元に戻す。,1618,＊このクリーチャーをバトルゾーンに出した時、相手の山札の上から1枚目を見る。その後、それを元に戻す。,"*When you put this creature into the battle zone, look at the top card of your opponent's deck. Then put it back where it was.","■ When you put this creature into the battle zone, look at the top card of your opponent's deck."
2085,flavor,594:11_42:DM-11 42:タイム・スカウト,積み重ねた経験が、戦況の予測を可能とする。,1619,積み重ねた経験が、戦況の予測を可能とする。,Its vast experience allows it to predict in which direction the tides of battle will flow.,
2086,race,594:11_42:DM-11 42:タイム・スカウト,マーフォーク,1620,マーフォーク,マーフォーク,Merfolk
2087,name,595:11_43:DM-11 43:エマージェンシー・タイフーン,エマージェンシー・タイフーン,1621,エマージェンシー・タイフーン,Emergency Typhoon,Emergency Typhoon
2088,rules,595:11_43:DM-11 43:エマージェンシー・タイフーン,"■Ｓ・トリガー（この呪文をシールドゾーンから手札に加える時、コストを支払わずにすぐ唱えてもよい）
■カードを２枚まで引く。その後、自分の手札を１枚捨てる。",1622,"{ST} S・トリガー（この呪文をシールドゾーンから手札に加える時、コストを支払わずにすぐ唱えてもよい）
＊カードを２枚まで引く。その後、自分の手札を１枚捨てる。","{ST} Shield trigger (When this spell is put into your hand from your shield zone, you may cast it immediately for no cost.)
*Draw up to 2 cards. Then discard a card from your hand.","■ Shield trigger (When this card is put into your hand from your shield zone, you may play it immediately for no cost.)
■ Draw up to 2 cards. Then discard a card from your hand."
2089,flavor,595:11_43:DM-11 43:エマージェンシー・タイフーン,華麗からは程遠い。だが、今はこの強引さが必要なのだ。,1623,華麗からは程遠い。だが、今はこの強引さが必要なのだ。,"This is far from being graceful. Still, an exaggerated response of this nature is justifiable under the circumstances.",
2090,name,596:11_44:DM-11 44:貪欲秘宝ベラッチャ,貪欲秘宝ベラッチャ,1624,貪欲秘宝ベラッチャ,"Beratcha, the Hidden Glutton","Beratcha, the Hidden Glutton"
2091,rules,596:11_44:DM-11 44:貪欲秘宝ベラッチャ,■スレイヤー（このクリーチャーがバトルする時、バトルの後、相手クリーチャーを破壊する）,1625,＊スレイヤー（このクリーチャーがバトルする時、バトルの後、相手クリーチャーを破壊する）,"*Slayer (Whenever this creature battles, destroy the other creature after the battle.)","■ Slayer (Whenever this creature battles, destroy the other creature after the battle.)"
2092,flavor,596:11_44:DM-11 44:貪欲秘宝ベラッチャ,我慢に我慢を重ね、呪いを込めて溜め続けた言葉。何時の日か出会う冒険者の為に秘め続けた邪な思い。でもその我慢もあと僅か。ほら遠くから足音が－,1626,我慢に我慢を重ね、呪いを込めて溜め続けた言葉。何時の日か出会う冒険者の為に秘め続けた邪な思い。でもその我慢もあと僅か。ほら遠くから足音が…,"It has waited for many years, patiently storing its evil, looking forward to the day when someone finds it...And that day is close now... ",
2093,race,596:11_44:DM-11 44:貪欲秘宝ベラッチャ,パンドラボックス,1627,パンドラボックス,パンドラボックス,Pandora's Box
2094,name,597:11_45:DM-11 45:玉砕秘宝バイラ,玉砕秘宝バイラ,1628,玉砕秘宝バイラ,"Baira, the Hidden Martyr","Baira, the Hidden Lunatic"
2095,rules,597:11_45:DM-11 45:玉砕秘宝バイラ,"■ブロッカー（相手クリーチャーが攻撃する時、このクリーチャーをタップして、その攻撃を阻止してもよい。その後、その相手クリーチャーとバトルする）
■このクリーチャーは攻撃することができない。
■このクリーチャーがバトルする時、バトルの後、このクリーチャーを破壊する。",1629,"{B}ブロッカー（相手クリーチャーが攻撃する時、このクリーチャーをタップして、その攻撃を阻止してもよい。その後、その相手クリーチャーとバトルする）
＊このクリーチャーは攻撃することができない。
＊このクリーチャーがバトルする時、バトルの後、このクリーチャーを破壊する。","{B} Blocker (Whenever an opponentﾕs creature attacks, you may tap this creature to stop the attack. Then the 2 creatures battle.)
*This creature canﾕt attack.
*When this creature battles, destroy it after the battle.","■ Blocker (Whenever an opponent's creature attacks, you may tap this creature to stop the attack. Then the 2 creatures battle.)
■ This creature can't attack.
■ When this creature battles, destroy it after the battle."
2096,race,597:11_45:DM-11 45:玉砕秘宝バイラ,パンドラボックス,1630,パンドラボックス,パンドラボックス,Pandora's Box
2097,name,598:11_46:DM-11 46:邪口虫ラフレシア・ワーム,邪口虫ラフレシア・ワーム,1631,邪口虫ラフレシア・ワーム,Rafreshia Worm,Saliva Worm
2098,rules,598:11_46:DM-11 46:邪口虫ラフレシア・ワーム,"■ウェーブストライカー（バトルゾーンに「ウェーブストライカー」を持つクリーチャーが他に２体以上あれば、このクリーチャーは次の[WS]能力を得る）
[WS]－このクリーチャーのパワーは+4000され、「闇ステルス」を得る。（相手のマナゾーンに闇のカードが１枚でもあれば、「闇ステルス」を持つクリーチャーはブロックされない）",1632,"＊ウェーブストライカー（バトルゾーンに「ウェーブストライカー」を持つクリーチャーが他に２体以上あれば、このクリーチャーは次のw 能力を得る）
w このクリーチャーのパワーは+4000され、「闇ステルス」を得る。（相手のマナゾーンに闇のカードが１枚でもあれば、「闇ステルス」を持つクリーチャーはブロックされない）","*Wave striker (While 2 or more other creatures in the battle zone have ""wave striker,"" this creature has its w ability.)
w This creature gets +4000 power and has ""Darkness stealth (This creature can't be blocked while your opponent has any darkness cards in his mana zone.)""","■ Wave striker (While 2 or more other creatures in the battle zone have ""wave striker,"" this creature has its wave striker ability.)
  This creature gets +4000 power and has ""Darkness stealth (This creature can't be blocked while your opponent has any darkness cards in his mana zone).""
"
2099,race,598:11_46:DM-11 46:邪口虫ラフレシア・ワーム,パラサイトワーム,1633,パラサイトワーム,パラサイトワーム,Parasite Worm
2100,name,599:11_47:DM-11 47:髑髏怪人スピンホイール,髑髏怪人スピンホイール,1634,髑髏怪人スピンホイール,"Skull Terror, Spin Wheel","Spinning Terror, the Wretched"
2101,rules,599:11_47:DM-11 47:髑髏怪人スピンホイール,■このクリーチャーのパワーは、バトルゾーンにある相手のタップされているクリーチャー１体につき+2000される。,1635,＊このクリーチャーのパワーは、バトルゾーンにある相手のタップされているクリーチャー１体につき+2000される。,*This creature gets +2000 power for each tapped creature your opponent has in the battle zone.,■ This creature gets +2000 power for each tapped creature your opponent has in the battle zone.
2102,flavor,599:11_47:DM-11 47:髑髏怪人スピンホイール,薔薇公爵の秘密を知った者に死を与える。,1636,薔薇公爵の秘密を知った者に死を与える。,It brings death to those who have learned the Duke of Roses' secrets.,
2103,race,599:11_47:DM-11 47:髑髏怪人スピンホイール,デビルマスク,1637,デビルマスク,デビルマスク,Devil Mask
2104,name,600:11_48:DM-11 48:支援団長ガンクローク,支援団長ガンクローク,1638,支援団長ガンクローク,"Gankloak, Auxiliary Troop Commander","Gankloak, Rogue Commando"
2105,rules,600:11_48:DM-11 48:支援団長ガンクローク,"■サイレントスキル（自分のターンのはじめに、このクリーチャーがタップされていたら、アンタップするかわりに次の[SS]能力を使ってもよい）
[SS]－このターンの終わりまで、自分の火のクリーチャーはすべて「Ｗ・ブレイカー」を得る。",1639,"＊サイレントスキル（自分のターンのはじめに、このクリーチャーがタップされていたら、アンタップするかわりに次のi 能力を使ってもよい）
i このターンの終わりまで、自分の火のクリーチャーはすべて「W・ブレイカー」を得る。","*Silent skill (At the start of your turn, if this creature is tapped, you may keep it tapped and use its i ability.)
i Each of your fire creatures in the battle zone gets ""double breaker"" until the end of the turn.","■ Silent skill (At the start of each of your turns, if this creature is tapped, you may keep it tapped and use its silent skill ability.)
  Each of your fire creatures in the battle zone gets ""double breaker"" until the end of the turn. (It breaks 2 shields.)"
2106,race,600:11_48:DM-11 48:支援団長ガンクローク,ヒューマノイド,1640,ヒューマノイド,ヒューマノイド,Human
2107,name,601:11_49:DM-11 49:炎舞闘士サピエント・アーク,炎舞闘士サピエント・アーク,1641,炎舞闘士サピエント・アーク,"Sapient Arc, Flaming Dervish","Sapian Tark, Flame Dervish"
2108,rules,601:11_49:DM-11 49:炎舞闘士サピエント・アーク,"■ウェーブストライカー（バトルゾーンに「ウェーブストライカー」を持つクリーチャーが他に２体以上あれば、このクリーチャーは次の[WS]能力を得る）
[WS]－このクリーチャーのパワーは+4000され、タップされていないクリーチャーを攻撃できる。",1642,"＊ウェーブストライカー（バトルゾーンに「ウェーブストライカー」を持つクリーチャーが他に２体以上あれば、このクリーチャーは次のw 能力を得る）
w このクリーチャーのパワーは+4000され、タップされていないクリーチャーを攻撃できる。","*Wave striker (While 2 or more other creatures in the battle zone have ""wave striker,"" this creature has its w ability.)
w This creature gets +4000 power and can attack untapped creatures.","■ Wave striker (While 2 or more other creatures in the battle zone have ""wave striker,"" this creature has its wave striker ability.)
  This creature gets +4000 power and can attack untapped creatures.
"
2109,race,601:11_49:DM-11 49:炎舞闘士サピエント・アーク,ドラゴノイド,1643,ドラゴノイド,ドラゴノイド,Dragonoid
2110,name,602:11_50:DM-11 50:ブラッドのカッター,ブラッドのカッター,1644,ブラッドのカッター,Brad's Cutter,Brad's Cutter
2111,rules,602:11_50:DM-11 50:ブラッドのカッター,■Ｓ・トリガー（このクリーチャーをシールドゾーンから手札に加える時、コストを支払わずにすぐ召喚してもよい）,1645,＊S・トリガー（このクリーチャーをシールドゾーンから手札に加える時、コストを支払わずにすぐ召喚してもよい）,"{ST} Shield trigger (When this creature is put into your hand from your shield zone, you may summon it immediately for no cost.)","■ Shield trigger (When this card is put into your hand from your shield zone, you may play it immediately for no cost.)"
2112,flavor,602:11_50:DM-11 50:ブラッドのカッター,踊らされる前に、逃げればいい。,1646,踊らされる前に、逃げればいい。,"If it starts to move, you should just run--before it's too late.",
2113,race,602:11_50:DM-11 50:ブラッドのカッター,ゼノパーツ,1647,ゼノパーツ,ゼノパーツ,Xenoparts
2114,name,603:11_51:DM-11 51:グシャット・フィスト,グシャット・フィスト,1648,グシャット・フィスト,Crunch Fist,Ten-Ton Crunch
2115,rules,603:11_51:DM-11 51:グシャット・フィスト,"■Ｓ・トリガー（この呪文をシールドゾーンから手札に加える時、コストを支払わずにすぐ唱えてもよい）
■相手のパワー3000以下のクリーチャーを１体破壊する。",1649,"{ST} S・トリガー（この呪文をシールドゾーンから手札に加える時、コストを支払わずにすぐ唱えてもよい）
＊相手のパワー3000以下のクリーチャーを１体破壊する。","{ST} Shield trigger (When this spell is put into your hand from your shield zone, you may cast it immediately for no cost.)
*Destroy one of your opponent's creatures that has power 3000 or less.","■ Shield trigger (When this card is put into your hand from your shield zone, you may play it immediately for no cost.)
■ Destroy one of your opponent's creatures that has power 3000 or less."
2116,flavor,603:11_51:DM-11 51:グシャット・フィスト,オイーッス！,1650,オイーッス！,Bam!,
2117,name,604:11_52:DM-11 52:闘気の棘,闘気の棘,1651,闘気の棘,Brave Stinger,Quillspike Rumbler
2118,rules,604:11_52:DM-11 52:闘気の棘,■このクリーチャーがクリーチャーを攻撃する時、そのターンの終わりまで、このクリーチャーのパワーは+3000される。,1652,＊このクリーチャーがクリーチャーを攻撃する時、そのターンの終わりまで、このクリーチャーのパワーは+3000される。,"*Whenever this creature attacks a creature, this creature gets +3000 power until the end of the turn.","■ Whenever this creature attacks a creature, this creature gets +3000 power until the end of the turn."
2119,flavor,604:11_52:DM-11 52:闘気の棘,敵を見れば、不敵に笑う。逆境こそが大好物。,1653,敵を見れば、不敵に笑う。逆境こそが大好物。,"Should you see death, laugh in his face. He has been known to spare those with a sense of humor.",
2120,race,604:11_52:DM-11 52:闘気の棘,ビーストフォーク,1654,ビーストフォーク,ビーストフォーク,Beast Folk
2121,name,605:11_53:DM-11 53:ニンジャ・パンプキン,ニンジャ・パンプキン,1655,ニンジャ・パンプキン,Ninja Pumpkin,Ninja Pumpkin
2122,rules,605:11_53:DM-11 53:ニンジャ・パンプキン,"■ウェーブストライカー（バトルゾーンに「ウェーブストライカー」を持つクリーチャーが他に２体以上あれば、このクリーチャーは次の[WS]能力を得る）
[WS]－このクリーチャーのパワーは+4000され、パワー5000以下のクリーチャーにブロックされない。",1656,"＊ウェーブストライカー（バトルゾーンに「ウェーブストライカー」を持つクリーチャーが他に２体以上あれば、このクリーチャーは次のw 能力を得る）
w このクリーチャーのパワーは+4000され、パワー5000以下のクリーチャーにブロックされない。","*Wave striker (While 2 or more other creatures in the battle zone have ""wave striker,"" this creature has its w ability.)
w This creature gets +4000 power and can't be blocked by any creature that has power 5000 or less.","■ Wave striker (While 2 or more other creatures in the battle zone have ""wave striker,"" this creature has its wave striker ability.)
  This creature gets +4000 power and can't be blocked by any creature that has power 5000 or less.
"
2123,race,605:11_53:DM-11 53:ニンジャ・パンプキン,ワイルド・ベジーズ,1657,ワイルド・ベジーズ,ワイルド・ベジーズ,Wild Veggies
2124,name,606:11_54:DM-11 54:冒険妖精ポレゴン,冒険妖精ポレゴン,1658,冒険妖精ポレゴン,"Polegon, Faerie Explorer",Hearty Cap'n Polligon
2125,rules,606:11_54:DM-11 54:冒険妖精ポレゴン,■このクリーチャーがシールドをブレイクした時、そのターンの終わりにこのクリーチャーをバトルゾーンから自分の手札に戻す。,1659,＊このクリーチャーがシールドをブレイクした時、そのターンの終わりにこのクリーチャーをバトルゾーンから自分の手札に戻す。,"*At the end of each of your turns, if this creature broke any shields that turn, return it to your hand.","■ At the end of each of your turns, if this creature broke any shields that turn, return it to your hand."
2126,flavor,606:11_54:DM-11 54:冒険妖精ポレゴン,冒険の終わりは、新たな冒険の始まりさ！ - 冒険妖精ポレゴン,1660,冒険の終わりは、新たな冒険の始まりさ！ - 冒険妖精ポレゴン,"The end of one adventure is just the beginning of another!
--Polegon, Faerie Explorer",
2127,race,606:11_54:DM-11 54:冒険妖精ポレゴン,スノーフェアリー,1661,スノーフェアリー,スノーフェアリー,Snow Faerie
2128,name,607:11_55:DM-11 55:次元の霊峰,次元の霊峰,1662,次元の霊峰,Sacred Peak of the Dimensions,Rainbow Gate
2129,rules,607:11_55:DM-11 55:次元の霊峰,■自分の山札を見る。その中から多色クリーチャーを１体選び、相手に見せてから自分の手札に加えてもよい。その後、山札をシャッフルする。,1663,＊自分の山札を見る。その中から多色クリーチャーを１体選び、相手に見せてから自分の手札に加えてもよい。その後、山札をシャッフルする。,"*Search your deck. You may take a multicolored creature from your deck, show that creature to your opponent, and put it into your hand. Then shuffle your deck.","■ Search your deck. You may take a multicolored creature from your deck, show that creature to your opponent, and put it into your hand. Then shuffle your deck."
2130,flavor,607:11_55:DM-11 55:次元の霊峰,さぁ出てこい！,1664,さぁ出てこい！,Come on out!,
2131,name,608:11_S1:DM-11 S1:聖皇エール・ソニアス,聖皇エール・ソニアス,1665,聖皇エール・ソニアス,Holy Emperor Ale Sonious,Warlord Ailzonius
2132,rules,608:11_S1:DM-11 S1:聖皇エール・ソニアス,"■進化－自分のグラディエーター１体の上に置く。
■Ｗ・ブレイカー
■相手がバトルゾーンにあるクリーチャーを選ぶ時、このクリーチャーを選ぶことはできない。（ただし、このクリーチャーを攻撃またはブロックしてもよい）",1666,"＊進化-自分のグラディエーター１体の上に置く。
＊W・ブレイカー
＊相手がバトルゾーンにあるクリーチャーを選ぶ時、このクリーチャーを選ぶことはできない。（ただし、このクリーチャーを攻撃またはブロックしてもよい）","*Evolution-Put on one of your Gladiators.
*Double breaker
*Whenever your opponent would choose a creature in the battle zone, he can't choose this one. (It can still be attacked and blocked.)","■ Evolution-Put on one of your Gladiators.
■ Double breaker (This creature breaks 2 shields.)
■ Whenever your opponent would choose a creature in the battle zone, he can't choose this one. (It can still be attacked and blocked.)"
2133,race,608:11_S1:DM-11 S1:聖皇エール・ソニアス,グラディエーター,1667,グラディエーター,グラディエーター,Gladiator
2134,name,609:11_S2:DM-11 S2:アドラス,アドラス,1668,アドラス,Adras,Klujadras
2135,rules,609:11_S2:DM-11 S2:アドラス,"■ウェーブストライカー（バトルゾーンに「ウェーブストライカー」を持つクリーチャーが他に２体以上あれば、このクリーチャーは次の[WS]能力を得る）
[WS]－このクリーチャーをバトルゾーンに出した時、各プレイヤーは、バトルゾーンにある自分自身の「ウェーブストライカー」を持つクリーチャー１体につき１枚カードを引く。",1669,"＊ウェーブストライカー（バトルゾーンに「ウェーブストライカー」を持つクリーチャーが他に２体以上あれば、このクリーチャーは次のw 能力を得る）
w このクリーチャーをバトルゾーンに出した時、各プレイヤーは、バトルゾーンにある自分自身の「ウェーブストライカー」を持つクリーチャー１体につき１枚カードを引く。","*Wave striker (While 2 or more other creatures in the battle zone have ""wave striker,"" this creature has its w ability.)
w When you put this creature into the battle zone, each player draws a card for each of his creatures in the battle zone that has ""wave striker.""","■ Wave striker (While 2 or more other creatures in the battle zone have ""wave striker,"" this creature has its wave striker ability.)
  When you put this creature into the battle zone, each player draws a card for each of his creatures in the battle zone that has ""wave striker.""
"
2136,race,609:11_S2:DM-11 S2:アドラス,シー・ハッカー,1670,シー・ハッカー,シー・ハッカー,Sea Hacker
2137,name,610:11_S3:DM-11 S3:英知と追撃の宝剣,英知と追撃の宝剣,1671,英知と追撃の宝剣,Eternal Sword,Miraculous Plague
2138,rules,610:11_S3:DM-11 S3:英知と追撃の宝剣,"■マナゾーンに置く時、このカードはタップして置く。
■バトルゾーンにある相手のクリーチャーを２体選ぶ。相手にその中から１体選んで持ち主の手札に戻させ、もう１体を破壊させる。その後、自分は相手のマナゾーンからカードを２枚選ぶ。相手にその中から１枚選んで持ち主の手札に戻させ、もう１枚を持ち主の墓地に置かせる。",1672,"＊マナゾーンに置く時、このカードはタップして置く。
＊バトルゾーンにある相手のクリーチャーを２体選ぶ。相手にその中から１体選んで持ち主の手札に戻させ、もう１体を破壊させる。その後、自分は相手のマナゾーンからカードを２枚選ぶ。相手にその中から１枚選んで持ち主の手札に戻させ、もう１枚を持ち主の墓地に置かせる。","*(This spell is put into your mana zone tapped.)
*Choose 2 of your opponent's creatures in the battle zone. Your opponent chooses one of them, puts it into his hand, and destroys the other. Then choose 2 cards in your opponent's mana zone. Your opponent chooses one of them, puts it into his hand, and puts the other into his graveyard.","■ (This spell is put into your mana zone tapped.)
■ Choose 2 of your opponent's creatures in the battle zone. Your opponent chooses one of them, puts it into his hand, and destroys the other one. Then choose 2 cards in your opponent's mana zone. Your opponent chooses one of them, puts it into his hand, and puts the other one into his graveyard."
2139,name,611:11_S4:DM-11 S4:憎悪と怒りの獄門,憎悪と怒りの獄門,1673,憎悪と怒りの獄門,Eternal Gate,Miraculous Meltdown
2140,rules,611:11_S4:DM-11 S4:憎悪と怒りの獄門,"■マナゾーンに置く時、このカードはタップして置く。
■相手のシールドが自分のシールドより多ければ、この呪文を唱えることができる。
■自分のシールドと同じ枚数のシールドを、相手は自分自身のシールドゾーンから選ぶ。相手は残りのシールドを持ち主の手札に加える。（その「Ｓ・トリガー」を使ってもよい）",1674,"＊マナゾーンに置く時、このカードはタップして置く。
＊相手のシールドが自分のシールドより多ければ、この呪文を唱えることができる。
＊自分のシールドと同じ枚数のシールドを、相手は自分自身のシールドゾーンから選ぶ。相手は残りのシールドを持ち主の手札に加える。（その「Ｓ・トリガー」を使ってもよい）","*(This spell is put into your mana zone tapped.)
*You can cast this spell only if your opponent has more shields than you do.
*Your opponent chooses one of his shields for each shield you have. He puts the rest of his shields into his hand. (He can use the ""shield trigger"" abilities of those shields.)","■ (This spell is put into your mana zone tapped.)
■ You can cast this spell only if your opponent has more shields than you do.
■ Your opponent chooses one of his shields for each shield you have. He puts the rest of his shields into his hand. (He can use the ""shield trigger"" abilities of those shields.)"
2141,name,612:11_S5:DM-11 S5:破壊と誕生の神殿,破壊と誕生の神殿,1675,破壊と誕生の神殿,Eternal Santcuary,Miraculous Rebirth
2142,rules,612:11_S5:DM-11 S5:破壊と誕生の神殿,"■マナゾーンに置く時、このカードはタップして置く。
■パワー5000以下の相手のクリーチャーを１体破壊する。相手がそのクリーチャーを墓地に置いた時、自分の山札を見る。その中から、墓地に置かれた相手のクリーチャーとコストが同じクリーチャーを１体選び、バトルゾーンに出してもよい。その後、山札をシャッフルする。",1676,"＊マナゾーンに置く時、このカードはタップして置く。
＊パワー5000以下の相手のクリーチャーを１体破壊する。相手がそのクリーチャーを墓地に置いた時、自分の山札を見る。その中から、墓地に置かれた相手のクリーチャーとコストが同じクリーチャーを１体選び、バトルゾーンに出してもよい。その後、山札をシャッフルする。","*(This spell is put into your mana zone tapped.)
*Destroy one of your opponent's creatures that has power 5000 or less. When your opponent puts it into his graveyard, search your deck. You may take a creature from your deck that has the same cost as that creature and put it into the battle zone. Then shuffle your deck.","■ (This spell is put into your mana zone tapped.)
■ Destroy one of your opponent's creatures that has power 5000 or less. When your opponent puts that creature into his graveyard, search your deck. You may take a creature from your deck that has the same cost as that creature and put it into the battle zone. Then shuffle your deck."
2143,name,613:12_1:DM-12 1:星雲の精霊キルスティン,星雲の精霊キルスティン,,,,"Kilstine, Nebula Elemental"
2144,rules,613:12_1:DM-12 1:星雲の精霊キルスティン,"■ウェーブストライカー（バトルゾーンに「ウェーブストライカー」を持つクリーチャーが他に２体以上あれば、このクリーチャーは次の[WS]能力を得る）
[WS]－バトルゾーンにある自分のクリーチャーすべてのパワーは+5000され、「ブロッカー」と「Ｗ・ブレイカー」を得る。",,,,"■ Wave striker (While 2 or more other creatures in the battle zone have ""wave striker,"" this creature has its wave striker ability.)
  Each of your creatures in the battle zone gets +5000 power and has ""blocker"" and ""double breaker"".
"
2145,flavor,613:12_1:DM-12 1:星雲の精霊キルスティン,,,,,
2146,race,613:12_1:DM-12 1:星雲の精霊キルスティン,エンジェル・コマンド,,,,Angel Command
2147,name,614:12_2:DM-12 2:エクストリーム・クロウラー,エクストリーム・クロウラー,,,,Extreme Crawler
2148,rules,614:12_2:DM-12 2:エクストリーム・クロウラー,"■このクリーチャーをバトルゾーンに出した時、自分の他のクリーチャーをすべて、バトルゾーンから自分の手札に戻す。
■Ｗ・ブレイカー（このクリーチャーはシールドを２枚ブレイクする）",,,,"■ When you put this creature into the battle zone, return all your other creatures from the battle zone to your hand.
■ Double breaker (This creature breaks 2 shields.)"
2149,flavor,614:12_2:DM-12 2:エクストリーム・クロウラー,度を超した大は、小を兼ねたりしない。ただ飲み込むだけだ。,,,,
2150,race,614:12_2:DM-12 2:エクストリーム・クロウラー,アースイーター,,,,Earth Eater
2151,name,615:12_3:DM-12 3:黒神龍ジャグラヴィーン,黒神龍ジャグラヴィーン,,,,Necrodragon Jagraveen
2152,rules,615:12_3:DM-12 3:黒神龍ジャグラヴィーン,"■ブロッカー（相手クリーチャーが攻撃する時、このクリーチャーをタップして、その攻撃を阻止してもよい。その後、その相手クリーチャーとバトルする）　
■このクリーチャーがブロックした時、バトルの後でこのクリーチャーを破壊する。
■Ｗ・ブレイカー（このクリーチャーはシールドを２枚ブレイクする）",,,,"■ Blocker (Whenever an opponent's creature attacks, you may tap this creature to stop the attack. Then the 2 creatures battle.)
■ When this creature blocks, destroy it after it battles.
■ Double breaker (This creature breaks 2 shields.)"
2153,flavor,615:12_3:DM-12 3:黒神龍ジャグラヴィーン,,,,,
2154,race,615:12_3:DM-12 3:黒神龍ジャグラヴィーン,ドラゴン・ゾンビ,,,,Zombie Dragon
2155,name,616:12_4:DM-12 4:殴神兵ブロンクス,殴神兵ブロンクス,,,,Punch Trooper Bronks
2156,rules,616:12_4:DM-12 4:殴神兵ブロンクス,■このクリーチャーをバトルゾーンに出した時、バトルゾーンにあるパワーの一番小さいクリーチャーを１体破壊する。,,,,"■ When you put this creature into the battle zone, destroy the creature that has the lowest power in the battle zone. If there's a tie, you choose from among the tied creatures."
2157,flavor,616:12_4:DM-12 4:殴神兵ブロンクス,貧弱は万死に値する。,,,,
2158,race,616:12_4:DM-12 4:殴神兵ブロンクス,アーマロイド,,,,Armorloid
2159,name,617:12_5:DM-12 5:太陽王ソウル・フェニックス,太陽王ソウル・フェニックス,,,,"Soul Phoenix, Avatar of Unity"
2160,rules,617:12_5:DM-12 5:太陽王ソウル・フェニックス,"■マナゾーンに置く時、このカードはタップして置く。
■進化Ｖ－自分のファイアー・バード１体とアース・ドラゴン１体を重ねた上に置く。
■Ｔ・ブレイカー（このクリーチャーはシールドを３枚ブレイクする）
■このクリーチャーがバトルゾーンを離れる時、一番上のカードだけがバトルゾーンから離れる。（下のカード２枚は、別々のクリーチャーとなる）",,,,"■ (This creature is put into your mana zone tapped.)
■ Vortex evolution-Put on one of your Fire Birds and one of your Earth Dragons.
■ Triple breaker (This creature breaks 3 shields.)
■ When this creature would leave the battle zone, only the top card leaves the battle zone instead. (Separate the other cards into 2 creatures.)"
2161,flavor,617:12_5:DM-12 5:太陽王ソウル・フェニックス,,,,,
2162,race,617:12_5:DM-12 5:太陽王ソウル・フェニックス,フェニックス,,,,Phoenix
2163,name,618:12_6:DM-12 6:処罰の精霊ウラルス,処罰の精霊ウラルス,,,,"Ularus, Punishment Elemental"
2164,rules,618:12_6:DM-12 6:処罰の精霊ウラルス,■このクリーチャーをバトルゾーンに出した時、バトルゾーンにある自分のクリーチャー１体につきシールドを１枚選び、表向きにしてもよい。（選んだシールドは、シールドゾーンにある間、表向きにしておく）,,,,"■ When you put this creature into the battle zone, for each creature you have in the battle zone, you may choose a shield and turn it face up. (Those shields stay face up while they're in the shield zone.)"
2165,flavor,618:12_6:DM-12 6:処罰の精霊ウラルス,,,,,
2166,race,618:12_6:DM-12 6:処罰の精霊ウラルス,エンジェル・コマンド,,,,Angel Command
2167,name,619:12_7:DM-12 7:ラッキー・ダーツ,ラッキー・ダーツ,,,,Cosmic Darts
2168,rules,619:12_7:DM-12 7:ラッキー・ダーツ,■自分のシールドを１枚相手に選ばせ、見る。それが呪文であればコストを支払わずにすぐ唱えてもよい。唱えない場合やそのカードが呪文でない場合、元の場所に戻す。,,,,"■ Your opponent chooses one of your shields. Look at it. If it's a spell, you may cast it immediately for no cost. If it's not a spell or if you don't cast it, put it back where it was."
2169,flavor,619:12_7:DM-12 7:ラッキー・ダーツ,当たれ、インビンシブル！,,,,
2170,name,620:12_8:DM-12 8:タイフーン・クロウラー,タイフーン・クロウラー,,,,Typhoon Crawler
2171,rules,620:12_8:DM-12 8:タイフーン・クロウラー,■このクリーチャーは、火または自然のクリーチャーに攻撃されない。,,,,■ This creature can't be attacked by fire or nature creatures.
2172,flavor,620:12_8:DM-12 8:タイフーン・クロウラー,翼や蹄では超えられない何かが、この世界には確かに存在する。,,,,
2173,race,620:12_8:DM-12 8:タイフーン・クロウラー,アースイーター,,,,Earth Eater
2174,name,621:12_9:DM-12 9:メロッペ,メロッペ,,,,Meloppe
2175,rules,621:12_9:DM-12 9:メロッペ,"■自分のシールドを相手が選ぶ時、相手が選ぶかわりに自分が選ぶ。
■相手のシールドを自分が選ぶ時、自分が選ぶかわりに相手自身が選ぶ。",,,,"■ Whenever your opponent would choose one of your shields, you choose instead.
■ Whenever you would choose one of your opponent's shields, your opponent chooses instead."
2176,flavor,621:12_9:DM-12 9:メロッペ,「どんなピンチも諦めちゃ駄目。一度諦めると癖になるよ。」 - メロッペ,,,,
2177,race,621:12_9:DM-12 9:メロッペ,サイバーロード,,,,Cyber Lord
2178,name,622:12_10:DM-12 10:ギガブランド,ギガブランド,,,,Gigavrand
2179,rules,622:12_10:DM-12 10:ギガブランド,■相手プレイヤーは、カードを２枚以上引いたターンの終わりに、自分自身の手札をすべて捨てる。,,,,"■ At the end of each turn, if your opponent drew 2 or more cards that turn, he discards his hand."
2180,flavor,622:12_10:DM-12 10:ギガブランド,ブラックモナークは、魔獣に身勝手な魂と輝かしい才能とを埋め込んだ。,,,,
2181,race,622:12_10:DM-12 10:ギガブランド,キマイラ,,,,Chimera
2182,name,623:12_11:DM-12 11:爆輪男,爆輪男,,,,Steamroller Mutant
2183,rules,623:12_11:DM-12 11:爆輪男,"■ウェーブストライカー（バトルゾーンに「ウェーブストライカー」を持つクリーチャーが他に２体以上あれば、このクリーチャーは次の[WS]能力を得る）
[WS]－このクリーチャーをバトルゾーンに出した時、クリーチャーをすべて破壊する。",,,,"■ Wave striker (While 2 or more other creatures in the battle zone have ""wave striker,"" this creature has its wave striker ability.)
  When you put this creature into the battle zone, destroy all creatures.
"
2184,flavor,623:12_11:DM-12 11:爆輪男,目指した場所が天国だとは限らない。ましてやヘドロが向かう場所なら。,,,,
2185,race,623:12_11:DM-12 11:爆輪男,へドリアン,,,,Hedrian
2186,name,624:12_12:DM-12 12:独神兵ローンスピナー,独神兵ローンスピナー,,,,Whirling Warrior Malian
2187,rules,624:12_12:DM-12 12:独神兵ローンスピナー,■他のクリーチャーがバトルゾーンに出た時、このクリーチャーをタップする。,,,,"■ Whenever another creature is put into the battle zone, tap this creature."
2188,flavor,624:12_12:DM-12 12:独神兵ローンスピナー,「大丈夫？あいつ強いけどちょっとムリしてたみたいだね。」 - ミルポロ,,,,
2189,race,624:12_12:DM-12 12:独神兵ローンスピナー,アーマロイド,,,,Armorloid
2190,name,625:12_13:DM-12 13:ドラゴン・シャウト,ドラゴン・シャウト,,,,Mechadragon's Breath
2191,rules,625:12_13:DM-12 13:ドラゴン・シャウト,■6000以下の数字をひとつ選ぶ。その数字と同じパワーを持つクリーチャーをすべて破壊する。,,,,■ Choose a number less than or equal to 6000. Destroy all creatures that have that power.
2192,flavor,625:12_13:DM-12 13:ドラゴン・シャウト,これくらいでどうだ！,,,,
2193,name,626:12_14:DM-12 14:レベリオン・クワキリ,レベリオン・クワキリ,,,,Pincer Scarab
2194,rules,626:12_14:DM-12 14:レベリオン・クワキリ,"■このクリーチャーのパワーは、相手の手札１枚につき+2000される。
■このクリーチャーは、パワーが6000以上の時、「Ｗ・ブレイカー」を得る。（このクリーチャーはシールドを２枚ブレイクする）",,,,"■ This creature gets +2000 power for each card in your opponent's hand.
■ While this creature has power 6000 or more, it has ""double breaker (This creature breaks 2 shields)."""
2195,flavor,626:12_14:DM-12 14:レベリオン・クワキリ,無茶な場面に奮い立ち、無謀な戦に燃え上がる。,,,,
2196,race,626:12_14:DM-12 14:レベリオン・クワキリ,ジャイアント・インセクト,,,,Giant Insect
2197,name,627:12_15:DM-12 15:覚醒するブレイブ・ホーン,覚醒するブレイブ・ホーン,,,,"Radioactive Horn, the Strange"
2198,rules,627:12_15:DM-12 15:覚醒するブレイブ・ホーン,■Ｗ・ブレイカー（このクリーチャーはシールドを２枚ブレイクする）,,,,■ Double breaker (This creature breaks 2 shields.)
2199,flavor,627:12_15:DM-12 15:覚醒するブレイブ・ホーン,兄は屈強な肉体の面影を、弟は巨大な力の一部を、偉大な王から受け継いだ。,,,,
2200,race,627:12_15:DM-12 15:覚醒するブレイブ・ホーン,ホーン・ビースト,,,,Horned Beast
2201,name,628:12_16:DM-12 16:超戦攻賢者アギラ,超戦攻賢者アギラ,,,,"Agira, the Warlord Crawler"
2202,rules,628:12_16:DM-12 16:超戦攻賢者アギラ,"■マナゾーンに置く時、このカードはタップして置く。
■進化－自分のグラディエーターまたはアースイーター１体の上に置く。
■バトルゾーンにある自分の他のグラディエーターとアースイーターすべてのパワーは+2000される。
■自分のグラディエーターまたはアースイーターがブロックした時、カードを１枚引いてもよい。",,,,"■ (This creature is put into your mana zone tapped.)
■ Evolution-Put on one of your Gladiators or Earth Eaters.
■ Each of your other Gladiators and Earth Eaters in the battle zone gets +2000 power.
■ Whenever one of your Gladiators or Earth Eaters blocks, you may draw a card."
2203,flavor,628:12_16:DM-12 16:超戦攻賢者アギラ,,,,,
2204,race,628:12_16:DM-12 16:超戦攻賢者アギラ,グラディエーター/アースイーター,,,,Gladiator/Earth Eater
2205,name,629:12_17:DM-12 17:超電磁妖魔ロメール,超電磁妖魔ロメール,,,,"Hydrooze, the Mutant Emperor"
2206,rules,629:12_17:DM-12 17:超電磁妖魔ロメール,"■マナゾーンに置く時、このカードはタップして置く。
■進化－自分のサイバーロードまたはへドリアン１体の上に置く。
■バトルゾーンにある自分の他のサイバーロードとへドリアンすべてのパワーは+2000される。
■自分のサイバーロードとへドリアンはブロックされない。",,,,"■ (This creature is put into your mana zone tapped.)
■ Evolution-Put on one of your Cyber Lords or Hedrians.
■ Each of your other Cyber Lords and Hedrians in the battle zone gets +2000 power.
■ Your Cyber Lords and Hedrians can't be blocked."
2207,flavor,629:12_17:DM-12 17:超電磁妖魔ロメール,,,,,
2208,race,629:12_17:DM-12 17:超電磁妖魔ロメール,サイバーロード/へドリアン,,,,Cyber Lord/Hedrian
2209,name,630:12_18:DM-12 18:超機動魔獣ギガランデス,超機動魔獣ギガランデス,,,,"Phantomach, the Gigatrooper"
2210,rules,630:12_18:DM-12 18:超機動魔獣ギガランデス,"■マナゾーンに置く時、このカードはタップして置く。
■進化－自分のキマイラまたはアーマロイド１体の上に置く。
■バトルゾーンにある自分の他のキマイラとアーマロイドすべてのパワーは+2000される。
■バトルゾーンにある自分のキマイラとアーマロイドはすべて「Ｗ・ブレイカー」を得る。",,,,"■ (This creature is put into your mana zone tapped.)
■ Evolution-Put on one of your Chimeras or Armorloids.
■ Each of your other Chimeras and Armorloids in the battle zone gets +2000 power.
■ Each of your Chimeras and Armorloids in the battle zone has ""double breaker."" (A creature that has ""double breaker"" breaks 2 shields.)"
2211,flavor,630:12_18:DM-12 18:超機動魔獣ギガランデス,,,,,
2212,race,630:12_18:DM-12 18:超機動魔獣ギガランデス,キマイラ/アーマロイド,,,,Chimera/Armorloid
2213,name,631:12_19:DM-12 19:超神機鎧冑ゼノメノン,超神機鎧冑ゼノメノン,,,,"Nemonex, Bajula's Robomantis"
2214,rules,631:12_19:DM-12 19:超神機鎧冑ゼノメノン,"■マナゾーンに置く時、このカードはタップして置く。
■進化－自分のゼノパーツまたはジャイアント・インセクト１体の上に置く。
■バトルゾーンにある自分の他のゼノパーツとジャイアント・インセクトすべてのパワーは+2000される。
■自分のゼノパーツまたはジャイアント・インセクトが相手プレイヤーを攻撃してブロックされなかった時、相手は自分自身のマナゾーンからカードを１枚選び、持ち主の墓地に置く。",,,,"■ (This creature is put into your mana zone tapped.)
■ Evolution-Put on one of your Xenoparts or Giant Insects.
■ Each of your other XenoParts and Giant Insects in the battle zone gets +2000 power.
■ Whenever any of your XenoParts or Giant Insects is attacking your opponent and isn't blocked, your opponent chooses a card in his mana zone and puts it into his graveyard."
2215,flavor,631:12_19:DM-12 19:超神機鎧冑ゼノメノン,,,,,
2216,race,631:12_19:DM-12 19:超神機鎧冑ゼノメノン,ゼノパーツ/ジャイアント・インセクト,,,,Xenoparts/Giant Insect
2217,name,632:12_20:DM-12 20:超剛勇幻風ジャガスター,超剛勇幻風ジャガスター,,,,"Comet Eye, the Spectral Spud"
2218,rules,632:12_20:DM-12 20:超剛勇幻風ジャガスター,"■マナゾーンに置く時、このカードはタップして置く。
■進化－自分のワイルド・ベジーズまたはレインボー・ファントム１体の上に置く。
■バトルゾーンにある自分の他のワイルド・ベジーズとレインボー・ファントムすべてのパワーは+2000される。
■自分のターンの終わりに、バトルゾーンにある自分のワイルド・ベジーズとレインボー・ファントムを、好きな数アンタップしてもよい。",,,,"■ (This creature is put into your mana zone tapped.)
■ Evolution-Put on one of your Wild Veggies or Rainbow Phantoms.
■ Each of your other Wild Veggies and Rainbow Phantoms in the battle zone gets +2000 power.
■ At the end of each of your turns, you may untap any number of your Wild Veggies and Rainbow Phantoms in the battle zone."
2219,flavor,632:12_20:DM-12 20:超剛勇幻風ジャガスター,,,,,
2220,race,632:12_20:DM-12 20:超剛勇幻風ジャガスター,ワイルド・ベジーズ/レインボー・ファントム,,,,Wild Veggies/Rainbow Phantom
2221,name,633:12_21:DM-12 21:青嵐の精霊バルキア,青嵐の精霊バルキア,,,,"Valkyer, Starstorm Elemental"
2222,rules,633:12_21:DM-12 21:青嵐の精霊バルキア,"■ブロッカー（相手クリーチャーが攻撃する時、このクリーチャーをタップして、その攻撃を阻止してもよい。その後、その相手クリーチャーとバトルする）　
■このクリーチャーは、相手プレイヤーを攻撃できない。",,,,"■ Blocker (Whenever an opponent's creature attacks, you may tap this creature to stop the attack. Then the 2 creatures battle.)
■ This creature can't attack players."
2223,flavor,633:12_21:DM-12 21:青嵐の精霊バルキア,精霊ですら、怯えていた。やってくる敵の巨大さに。,,,,
2224,race,633:12_21:DM-12 21:青嵐の精霊バルキア,エンジェル・コマンド,,,,Angel Command
2225,name,634:12_22:DM-12 22:クローン・ライトニング,クローン・ライトニング,,,,Cloned Deflector
2226,rules,634:12_22:DM-12 22:クローン・ライトニング,"■Ｓ・トリガー（この呪文をシールドゾーンから手札に加える時、コストを支払わずにすぐ唱えてもよい）　
■バトルゾーンにある相手のクリーチャーを１体選ぶ。その後、すべての墓地にある《クローン・ライトニング》１枚につき、バトルゾーンにある相手の他のクリーチャーを１体選んでもよい。選んだクリーチャーをすべてタップする。",,,,"■ Shield trigger (When this card is put into your hand from your shield zone, you may play it immediately for no cost.)
■ Choose one of your opponent's creatures in the battle zone. Then, for each Cloned Deflector in each graveyard, you may choose another of your opponent's creatures in the battle zone. Tap all those creatures."
2227,flavor,634:12_22:DM-12 22:クローン・ライトニング,,,,,
2228,name,635:12_23:DM-12 23:クローン・スパイラル,クローン・スパイラル,,,,Cloned Spiral
2229,rules,635:12_23:DM-12 23:クローン・スパイラル,■バトルゾーンにあるクリーチャーを１体選ぶ。その後、すべての墓地にある《クローン・スパイラル》１枚につき、バトルゾーンにある他のクリーチャーを１体選んでもよい。選んだクリーチャーをすべて、持ち主の手札に戻す。,,,,"■ Choose a creature in the battle zone. Then, for each Cloned Spiral in each graveyard, you may choose another creature in the battle zone. Return all those creatures to their owners' hands."
2230,flavor,635:12_23:DM-12 23:クローン・スパイラル,お帰りは、こちらから。,,,,
2231,name,636:12_24:DM-12 24:エニグマ・カスケード,エニグマ・カスケード,,,,Enigmatic Cascade
2232,rules,636:12_24:DM-12 24:エニグマ・カスケード,■自分の手札を、好きな枚数捨てる。その後、同じ枚数のカードを引く。,,,,■ Discard any number of cards from your hand. Then draw that many cards.
2233,flavor,636:12_24:DM-12 24:エニグマ・カスケード,最悪の不運こそ最高のチャンスだ。もうその滝壺より底は無い。,,,,
2234,name,637:12_25:DM-12 25:ギガバルザ,ギガバルザ,,,,Gigabalza
2235,rules,637:12_25:DM-12 25:ギガバルザ,"■Ｓ・トリガー（このクリーチャーをシールドゾーンから手札に加える時、コストを支払わずにすぐ召喚してもよい）
■このクリーチャーをバトルゾーンに出した時、相手の手札を１枚見ないで選び、捨てさせる。",,,,"■ Shield trigger (When this card is put into your hand from your shield zone, you may play it immediately for no cost.)
■ When you put this creature into the battle zone, your opponent discards a card at random from his hand."
2236,flavor,637:12_25:DM-12 25:ギガバルザ,「手、多すぎだから！」 - マッスル・ポテト,,,,
2237,race,637:12_25:DM-12 25:ギガバルザ,キマイラ,,,,Chimera
2238,name,638:12_26:DM-12 26:クローン・バイス,クローン・バイス,,,,Cloned Nightmare
2239,rules,638:12_26:DM-12 26:クローン・バイス,■相手の手札を１枚見ないで選ぶ。その後、すべての墓地にある《クローン・バイス》１枚につき、相手の手札から他の１枚を見ないで選んでもよい。選んだ手札をすべて捨てさせる。,,,,"■ Choose a card at random in your opponent's hand. Then, for each Cloned Nightmare in each graveyard, you may choose another card at random in your opponent's hand. Your opponent discards all those cards."
2240,flavor,638:12_26:DM-12 26:クローン・バイス,隠れても、かなり無駄だった。,,,,
2241,name,639:12_27:DM-12 27:ビクトリーのナイフ,ビクトリーのナイフ,,,,Muramasa's Knife
2242,rules,639:12_27:DM-12 27:ビクトリーのナイフ,■このクリーチャーは、タップされていないクリーチャーを攻撃できる。,,,,■ This creature can attack untapped creatures.
2243,flavor,639:12_27:DM-12 27:ビクトリーのナイフ,「細工は流々。」- 機神装甲ヴァルビクトリー,,,,
2244,race,639:12_27:DM-12 27:ビクトリーのナイフ,ゼノパーツ,,,,Xenoparts
2245,name,640:12_28:DM-12 28:クローン・クラッシュ,クローン・クラッシュ,,,,Cloned Blade
2246,rules,640:12_28:DM-12 28:クローン・クラッシュ,■バトルゾーンにある相手のパワー3000以下のクリーチャーを１体選ぶ。その後、すべての墓地にある《クローン・クラッシュ》１枚につき、バトルゾーンにある相手の他のパワー3000以下のクリーチャーを１体選んでもよい。選んだクリーチャーをすべて破壊する。,,,,"■ Choose one of your opponent's creatures in the battle zone that has power 3000 or less. Then, for each Cloned Blade in each graveyard, you may choose another of your opponent's creatures in the battle zone that has power 3000 or less. Destroy all those creatures."
2247,flavor,640:12_28:DM-12 28:クローン・クラッシュ,,,,,
2248,name,641:12_29:DM-12 29:ウイングアイ・モス,ウイングアイ・モス,,,,Wingeye Moth
2249,rules,641:12_29:DM-12 29:ウイングアイ・モス,■自分のターンのはじめにカードを１枚引く時、バトルゾーンにある自分の一番パワーの大きいクリーチャーが相手のどのクリーチャーよりも大きければ、もう１枚余分に引いてもよい。,,,,"■ Whenever you draw the card at the start of your turn, if one of your creatures in the battle zone has higher power then each of your opponent's creatures in the battle zone, you may draw an extra card."
2250,flavor,641:12_29:DM-12 29:ウイングアイ・モス,王とは何か？　その答えは千年後に明らかとなる。,,,,
2251,race,641:12_29:DM-12 29:ウイングアイ・モス,ジャイアント・インセクト,,,,Giant Insect
2252,name,642:12_30:DM-12 30:伝承するクローン・ホーン,伝承するクローン・ホーン,,,,Cloned Spike-Horn
2253,rules,642:12_30:DM-12 30:伝承するクローン・ホーン,"■このクリーチャーのパワーは、すべての墓地にある《伝承するクローン・ホーン》１枚につき、+3000される。
■このクリーチャーは、パワーが6000以上の時、「Ｗ・ブレイカー」を得る。（このクリーチャーはシールドを２枚ブレイクする）",,,,"■ This creature gets +3000 power for each Cloned Spike-Horn in each graveyard.
■ While this creature has power 6000 or more, it has ""double breaker (This creature breaks 2 shields)."""
2254,flavor,642:12_30:DM-12 30:伝承するクローン・ホーン,無念を感じ、角を伸ばす。,,,,
2255,race,642:12_30:DM-12 30:伝承するクローン・ホーン,ホーン・ビースト,,,,Horned Beast
2256,name,643:12_31:DM-12 31:電磁賢者シリオン,電磁賢者シリオン,,,,Electro Explorer Syrion
2257,rules,643:12_31:DM-12 31:電磁賢者シリオン,■マナゾーンに置く時、このカードはタップして置く。,,,,■ (This creature is put into your mana zone tapped.)
2258,flavor,643:12_31:DM-12 31:電磁賢者シリオン,王は、死せども王である。,,,,
2259,race,643:12_31:DM-12 31:電磁賢者シリオン,グラディエーター/サイバーロード,,,,Gladiator/Cyber Lord
2260,name,644:12_32:DM-12 32:電影妖魔ドルメール,電影妖魔ドルメール,,,,Sea Mutant Dormel
2261,rules,644:12_32:DM-12 32:電影妖魔ドルメール,■マナゾーンに置く時、このカードはタップして置く。,,,,■ (This creature is put into your mana zone tapped.)
2262,flavor,644:12_32:DM-12 32:電影妖魔ドルメール,深海の底で恐怖は育つ。,,,,
2263,race,644:12_32:DM-12 32:電影妖魔ドルメール,マーフォーク/へドリアン,,,,Merfolk/Hedrian
2264,name,645:12_33:DM-12 33:翔天魔獣ギガッピ,翔天魔獣ギガッピ,,,,Gigappi Ponto
2265,rules,645:12_33:DM-12 33:翔天魔獣ギガッピ,■マナゾーンに置く時、このカードはタップして置く。,,,,■ (This creature is put into your mana zone tapped.)
2266,flavor,645:12_33:DM-12 33:翔天魔獣ギガッピ,急げや急げ天高く。集えや集え天焦がし。さぁ不死鳥のお出ましだ。,,,,
2267,race,645:12_33:DM-12 33:翔天魔獣ギガッピ,キマイラ/ファイアー・バード,,,,Chimera/Fire Bird
2268,name,646:12_34:DM-12 34:翔天鎧冑ビトッチ,翔天鎧冑ビトッチ,,,,Buzz Betocchi
2269,rules,646:12_34:DM-12 34:翔天鎧冑ビトッチ,■マナゾーンに置く時、このカードはタップして置く。,,,,■ (This creature is put into your mana zone tapped.)
2270,flavor,646:12_34:DM-12 34:翔天鎧冑ビトッチ,「おーさまに、なれちゃうの！？」- 翔天鎧冑ビトッチ,,,,
2271,race,646:12_34:DM-12 34:翔天鎧冑ビトッチ,ファイアー・バード/ジャイアント・インセクト,,,,Fire Bird/Giant Insect
2272,name,647:12_35:DM-12 35:勇猛幻風グリタリス,勇猛幻風グリタリス,,,,Spectral Horn Glitalis
2273,rules,647:12_35:DM-12 35:勇猛幻風グリタリス,■マナゾーンに置く時、このカードはタップして置く。,,,,■ (This creature is put into your mana zone tapped.)
2274,flavor,647:12_35:DM-12 35:勇猛幻風グリタリス,弟を不用意に攻撃する者は、必ずや激怒する兄に報復されるだろう。,,,,
2275,race,647:12_35:DM-12 35:勇猛幻風グリタリス,ホーン・ビースト/レインボー・ファントム,,,,Horned Beast/Rainbow Phantom
2276,name,648:12_36:DM-12 36:宣凶師ビンゴレ,宣凶師ビンゴレ,,,,"Bingole, the Explorer"
2277,rules,648:12_36:DM-12 36:宣凶師ビンゴレ,■相手のターン中、このクリーチャーが自分の手札から捨てられる時、墓地に置くかわりにバトルゾーンに出す。,,,,"■ When this creature would be discarded from your hand during your opponent's turn, you may put it into the battle zone instead."
2278,flavor,648:12_36:DM-12 36:宣凶師ビンゴレ,死者の飢餓こそがエネルギー。,,,,
2279,race,648:12_36:DM-12 36:宣凶師ビンゴレ,グラディエーター,,,,Gladiator
2280,name,649:12_37:DM-12 37:予言者ミズーイ,予言者ミズーイ,,,,"Mizoy, the Oracle"
2281,rules,649:12_37:DM-12 37:予言者ミズーイ,■このクリーチャーをバトルゾーンに出した時、バトルゾーンにある闇または火のクリーチャーを１体選び、タップしてもよい。,,,,"■ When you put this creature into the battle zone, you may choose a darkness or fire creature in the battle zone and tap it."
2282,flavor,649:12_37:DM-12 37:予言者ミズーイ,予言者は誰よりも早く、偉大な王達の訪れを感じ取った。,,,,
2283,race,649:12_37:DM-12 37:予言者ミズーイ,ライトブリンガー,,,,Light Bringer
2284,name,650:12_38:DM-12 38:宣凶師ベルモーレ,宣凶師ベルモーレ,,,,"Belmol, the Explorer"
2285,rules,650:12_38:DM-12 38:宣凶師ベルモーレ,"■ブロッカー（相手クリーチャーが攻撃する時、このクリーチャーをタップして、その攻撃を阻止してもよい。その後、その相手クリーチャーとバトルする）
■相手のクリーチャーが攻撃する時、このクリーチャーは可能であればブロックする。
■このクリーチャーは、相手プレイヤーを攻撃できない。",,,,"■ Blocker (Whenever an opponent's creature attacks, you may tap this creature to stop the attack. Then the 2 creatures battle.)
■ Whenever an opponent's creature attacks, this creature blocks if able.
■ This creature can't attack players."
2286,flavor,650:12_38:DM-12 38:宣凶師ベルモーレ,,,,,
2287,race,650:12_38:DM-12 38:宣凶師ベルモーレ,グラディエーター,,,,Gladiator
2288,name,651:12_39:DM-12 39:予言者ファルシ,予言者ファルシ,,,,"Pharzi, the Oracle"
2289,rules,651:12_39:DM-12 39:予言者ファルシ,■このクリーチャーが破壊された時、呪文を１枚、自分の墓地から自分の手札に戻してもよい。,,,,"■ When this creature is destroyed, you may return a spell from your graveyard to your hand."
2290,flavor,651:12_39:DM-12 39:予言者ファルシ,ぱかっと割れると流れ出す。予言の言葉が何かを告げる。,,,,
2291,race,651:12_39:DM-12 39:予言者ファルシ,ライトブリンガー,,,,Light Bringer
2292,name,652:12_40:DM-12 40:バミューダ・クロウラー,バミューダ・クロウラー,,,,Tropic Crawler
2293,rules,652:12_40:DM-12 40:バミューダ・クロウラー,"■ブロッカー（相手クリーチャーが攻撃する時、このクリーチャーをタップして、その攻撃を阻止してもよい。その後、その相手クリーチャーとバトルする）
■このクリーチャーがブロックした時、相手はバトルゾーンから自分自身のクリーチャーを１体選び、持ち主の手札に戻す。
■このクリーチャーは攻撃することができない。",,,,"■ Blocker (Whenever an opponent's creature attacks, you may tap this creature to stop the attack. Then the 2 creatures battle.)
■ Whenever this creature blocks, your opponent chooses one of his creatures in the battle zone and returns it to his hand.
■ This creature can't attack."
2294,flavor,652:12_40:DM-12 40:バミューダ・クロウラー,,,,,
2295,race,652:12_40:DM-12 40:バミューダ・クロウラー,アースイーター,,,,Earth Eater
2296,name,653:12_41:DM-12 41:ファンキー・ウィザード,ファンキー・ウィザード,,,,Funky Wizard
2297,rules,653:12_41:DM-12 41:ファンキー・ウィザード,"■ブロッカー（相手クリーチャーが攻撃する時、このクリーチャーをタップして、その攻撃を阻止してもよい。その後、その相手クリーチャーとバトルする）
■このクリーチャーをバトルゾーンに出した時、各プレイヤーはカードを１枚引いてもよい。",,,,"■ Blocker (Whenever an opponent's creature attacks, you may tap this creature to stop the attack. Then the 2 creatures battle.)
■ When you put this creature into the battle zone, each player may draw a card."
2298,flavor,653:12_41:DM-12 41:ファンキー・ウィザード,,,,,
2299,race,653:12_41:DM-12 41:ファンキー・ウィザード,マーフォーク,,,,Merfolk
2300,name,654:12_42:DM-12 42:フェイト・カーペンター,フェイト・カーペンター,,,,Wily Carpenter
2301,rules,654:12_42:DM-12 42:フェイト・カーペンター,■このクリーチャーをバトルゾーンに出した時、カードを２枚まで引く。その後、自分の手札を２枚捨てる。,,,,"■ When you put this creature into the battle zone, draw up to 2 cards. Then discard 2 cards from your hand."
2302,flavor,654:12_42:DM-12 42:フェイト・カーペンター,その一瞬で運命が変わる。,,,,
2303,race,654:12_42:DM-12 42:フェイト・カーペンター,マーフォーク,,,,Merfolk
2304,name,655:12_43:DM-12 43:パッション・マリアッチ,パッション・マリアッチ,,,,Frantic Chieftain
2305,rules,655:12_43:DM-12 43:パッション・マリアッチ,■このクリーチャーをバトルゾーンに出した時、自分のコスト4以下のクリーチャーを１体、バトルゾーンから自分の手札に戻す。,,,,"■ When you put this creature into the battle zone, return one of your creatures that costs 4 or less from the battle zone to your hand."
2306,flavor,655:12_43:DM-12 43:パッション・マリアッチ,「セニョリータ、ちょっくら下がってな！」 - パッション・マリアッチ,,,,
2307,race,655:12_43:DM-12 43:パッション・マリアッチ,マーフォーク,,,,Merfolk
2308,name,656:12_44:DM-12 44:黒神龍ザルバ,黒神龍ザルバ,,,,Necrodragon Zalva
2309,rules,656:12_44:DM-12 44:黒神龍ザルバ,■このクリーチャーをバトルゾーンに出した時、相手はカードを１枚引く。,,,,"■ When you put this creature into the battle zone, your opponent draws a card."
2310,flavor,656:12_44:DM-12 44:黒神龍ザルバ,我が苦しみは、我が文明の苦しみ。,,,,
2311,race,656:12_44:DM-12 44:黒神龍ザルバ,ドラゴン・ゾンビ,,,,Zombie Dragon
2312,name,657:12_45:DM-12 45:ギガレイズ,ギガレイズ,,,,Gigarayze
2313,rules,657:12_45:DM-12 45:ギガレイズ,■このクリーチャーをバトルゾーンに出した時、水または火のクリーチャーを１体、自分の墓地から自分の手札に戻してもよい。,,,,"■ When you put this creature into the battle zone, your may return a water or fire creature from your graveyard to your hand."
2314,flavor,657:12_45:DM-12 45:ギガレイズ,儚いのは生命だけでは無い。死も思ったよりいい加減なものだ。,,,,
2315,race,657:12_45:DM-12 45:ギガレイズ,キマイラ,,,,Chimera
2316,name,658:12_46:DM-12 46:風車男,風車男,,,,Windmill Mutant
2317,rules,658:12_46:DM-12 46:風車男,■このクリーチャーが攻撃する時、相手の手札を１枚見ないで選び、捨てさせる。,,,,"■ Whenever this creature attacks, your opponent discards a card at random from his hand."
2318,flavor,658:12_46:DM-12 46:風車男,風向きが常に彼等を選ぶ。,,,,
2319,race,658:12_46:DM-12 46:風車男,へドリアン,,,,Hedrian
2320,name,659:12_47:DM-12 47:ギガスラッグ,ギガスラッグ,,,,Gigaslug
2321,rules,659:12_47:DM-12 47:ギガスラッグ,"■ブロッカー（相手クリーチャーが攻撃する時、このクリーチャーをタップして、その攻撃を阻止してもよい。その後、その相手クリーチャーとバトルする）
■スレイヤー（このクリーチャーがバトルする時、バトルの後、相手クリーチャーを破壊する）
■このクリーチャーは攻撃することができない。",,,,"■ Blocker (Whenever an opponent's creature attacks, you may tap this creature to stop the attack. Then the 2 creatures battle.)
■ Slayer (Whenever this creature battles, destroy the other creature after the battle.)
■ This creature can't attack."
2322,flavor,659:12_47:DM-12 47:ギガスラッグ,,,,,
2323,race,659:12_47:DM-12 47:ギガスラッグ,キマイラ,,,,Chimera
2324,name,660:12_48:DM-12 48:炎神兵ゴリアック,炎神兵ゴリアック,,,,Flame Trooper Goliac
2325,rules,660:12_48:DM-12 48:炎神兵ゴリアック,"■ウェーブストライカー（バトルゾーンに「ウェーブストライカー」を持つクリーチャーが他に２体以上あれば、このクリーチャーは次の[WS]能力を得る）
[WS]－このクリーチャーをバトルゾーンに出した時、相手のパワー5000以下のクリーチャーを１体破壊する。",,,,"■ Wave striker (While 2 or more other creatures in the battle zone have ""wave striker,"" this creature has its wave striker ability.)
  When you put this creature is put into battle zone, destroy one of your opponent's creatures that has power 5000 or less.
"
2326,flavor,660:12_48:DM-12 48:炎神兵ゴリアック,,,,,
2327,race,660:12_48:DM-12 48:炎神兵ゴリアック,アーマロイド,,,,Armorloid
2328,name,661:12_49:DM-12 49:閃神兵ラウゼス,閃神兵ラウゼス,,,,Hypersprint Warrior Uzesol
2329,rules,661:12_49:DM-12 49:閃神兵ラウゼス,"■スピードアタッカー（このクリーチャーは召喚酔いしない）
■パワーアタッカー +4000（攻撃中、このクリーチャーのパワーは+4000される）",,,,"■ Speed attacker (This creature doesn't get summoning sickness.)
■ Power attacker +4000 (While attacking, this creature gets +4000 power.)"
2330,flavor,661:12_49:DM-12 49:閃神兵ラウゼス,誰よりも早く。音すら遅れてやってくる。,,,,Faster than anyone. Even sound arrives too late.
2331,race,661:12_49:DM-12 49:閃神兵ラウゼス,アーマロイド,,,,Armorloid
2332,name,662:12_50:DM-12 50:ペッペ・ペッパー,ペッペ・ペッパー,,,,Peppi Pepper
2333,rules,662:12_50:DM-12 50:ペッペ・ペッパー,■パワーアタッカー +3000（攻撃中、このクリーチャーのパワーは+3000される）,,,,"■ Power attacker +3000 (While attacking, this creature gets +3000 power.)"
2334,flavor,662:12_50:DM-12 50:ペッペ・ペッパー,どんな大きなものも最初は小粒。成長の条件は、元気と勇気！,,,,
2335,race,662:12_50:DM-12 50:ペッペ・ペッパー,ファイアー・バード,,,,Fire Bird
2336,name,663:12_51:DM-12 51:ロンリーのホッチキス,ロンリーのホッチキス,,,,Gandaval's Stapler
2337,rules,663:12_51:DM-12 51:ロンリーのホッチキス,■他のクリーチャーがバトルゾーンに出た時、このクリーチャーをタップする。,,,,"■ Whenever another creature is put into the battle zone, tap this creature."
2338,flavor,663:12_51:DM-12 51:ロンリーのホッチキス,「このやる気のなさ、どっかで見た気が－」 - ミルポロ,,,,
2339,race,663:12_51:DM-12 51:ロンリーのホッチキス,ゼノパーツ,,,,Xenoparts
2340,name,664:12_52:DM-12 52:シャムシャム・カブキリ,シャムシャム・カブキリ,,,,Copper Locust
2341,rules,664:12_52:DM-12 52:シャムシャム・カブキリ,■他のクリーチャーが進化した時、このクリーチャーを破壊する。,,,,"■ When a player evolves another creature, destroy this creature."
2342,flavor,664:12_52:DM-12 52:シャムシャム・カブキリ,本物は偽物を見破る。だが、踏まれる者にとってはどちらでも一緒だ。,,,,
2343,race,664:12_52:DM-12 52:シャムシャム・カブキリ,ジャイアント・インセクト,,,,Giant Insect
2344,name,665:12_53:DM-12 53:召集するタートル・ホーン,召集するタートル・ホーン,,,,"Turtle Horn, the Imposing"
2345,rules,665:12_53:DM-12 53:召集するタートル・ホーン,■相手が自分自身のシールドの「Ｓ・トリガー」を使った時、自分の山札を見る。その中からクリーチャーを１体選び、相手に見せてから自分の手札に加えてもよい。その後、山札をシャッフルする。,,,,"■ Whenever your opponent uses the ""shield trigger"" ability of one of his shields, search your deck. You may take a creature from your deck, show that creature to your opponent, and put it into your hand. Then shuffle your deck."
2346,flavor,665:12_53:DM-12 53:召集するタートル・ホーン,哀しみの声が、王に届いた。,,,,
2347,race,665:12_53:DM-12 53:召集するタートル・ホーン,ホーン・ビースト,,,,Horned Beast
2348,name,666:12_54:DM-12 54:フィーバー・ナッツ,フィーバー・ナッツ,,,,Fever Nuts
2349,rules,666:12_54:DM-12 54:フィーバー・ナッツ,■各プレイヤーはクリーチャーを召喚する時、支払うコストが1少なくなる。ただし、コストが1の時は少なくならない。,,,,■ Your creatures and your opponent's creatures each cost up to 1 less to summon. They can't cost less than 1.
2350,flavor,666:12_54:DM-12 54:フィーバー・ナッツ,タオパブの森には、得体の知れない元気が漂っている。,,,,
2351,race,666:12_54:DM-12 54:フィーバー・ナッツ,ワイルド・ベジーズ,,,,Wild Veggies
2352,name,667:12_55:DM-12 55:アラーム・ラディッシュ,アラーム・ラディッシュ,,,,Uncanny Turnip
2353,rules,667:12_55:DM-12 55:アラーム・ラディッシュ,"■ウェーブストライカー（バトルゾーンに「ウェーブストライカー」を持つクリーチャーが他に２体以上あれば、このクリーチャーは次の[WS]能力を得る）
[WS]－このクリーチャーをバトルゾーンに出した時、自分の山札の上から１枚目を自分のマナゾーンに置く。その後、クリーチャーを１体、自分のマナゾーンから自分の手札に戻す。",,,,"■ Wave striker (While 2 or more other creatures in the battle zone have ""wave striker,"" this creature has its wave striker ability.)
  When you put this creature into the battle zone, put the top card of your deck into your mana zone. Then put a creature from your mana zone into your hand.
"
2354,flavor,667:12_55:DM-12 55:アラーム・ラディッシュ,,,,,
2355,race,667:12_55:DM-12 55:アラーム・ラディッシュ,ワイルド・ベジーズ,,,,Wild Veggies
2356,name,668:12_S1:DM-12 S1:緑神龍アーク・デラセルナ,緑神龍アーク・デラセルナ,,,,Terradragon Arque Delacerna
2357,rules,668:12_S1:DM-12 S1:緑神龍アーク・デラセルナ,"■Ｗ・ブレイカー（このクリーチャーはシールドを２枚ブレイクする）
■相手のターン中、このクリーチャーが自分の手札から捨てられる時、墓地に置くかわりにバトルゾーンに置く。",,,,"■ Double breaker (This creature breaks 2 shields.)
■ When this creature would be discarded from your hand during your opponent's turn, you may put it into the battle zone instead."
2358,flavor,668:12_S1:DM-12 S1:緑神龍アーク・デラセルナ,闇を切り裂き、龍参上！,,,,
2359,race,668:12_S1:DM-12 S1:緑神龍アーク・デラセルナ,アース・ドラゴン,,,,Earth Dragon
2360,name,669:12_S2:DM-12 S2:英霊王スターマン,英霊王スターマン,,,,"Wise Starnoid, Avatar of Hope"
2361,rules,669:12_S2:DM-12 S2:英霊王スターマン,"■マナゾーンに置く時、このカードはタップして置く。
■進化Ｖ－自分のライトブリンガー１体とサイバーロード１体を重ねた上に置く。
■このクリーチャーが攻撃した時またはバトルゾーンを離れた時、自分の山札の上から１枚目を、裏向きのまま自分のシールドに加える。
■Ｗ・ブレイカー",,,,"■ (This creature is put into your mana zone tapped.)
■ Vortex evolution-Put on one of your Light Bringers and one of your Cyber Lords.
■ Whenever this creature attacks or leaves the battle zone, add the top card of your deck to your shields face down.
■ Double breaker (This creature breaks 2 shields.)"
2362,flavor,669:12_S2:DM-12 S2:英霊王スターマン,,,,,
2363,race,669:12_S2:DM-12 S2:英霊王スターマン,スターノイド,,,,Starnoid
2364,name,670:12_S3:DM-12 S3:蛇魂王ナーガ,蛇魂王ナーガ,,,,"Cruel Naga, Avatar of Fate"
2365,rules,670:12_S3:DM-12 S3:蛇魂王ナーガ,"■マナゾーンに置く時、このカードはタップして置く。
■進化Ｖ－自分のマーフォーク１体とキマイラ１体を重ねた上に置く。
■このクリーチャーはブロックされない。
■Ｗ・ブレイカー（このクリーチャーはシールドを２枚ブレイクする）
■このクリーチャーがバトルゾーンを離れた時、クリーチャーをすべて破壊する。",,,,"■ (This creature is put into your mana zone tapped.)
■ Vortex evolution-Put on one of your Merfolk and one of your Chimeras.
■ This creature can't be blocked.
■ Double breaker (This creature breaks 2 shields.)
■ When this creature leaves the battle zone, destroy all creatures."
2366,flavor,670:12_S3:DM-12 S3:蛇魂王ナーガ,,,,,
2367,race,670:12_S3:DM-12 S3:蛇魂王ナーガ,ナーガ,,,,Naga
2368,name,671:12_S4:DM-12 S4:暗黒王デス・フェニックス,暗黒王デス・フェニックス,,,,"Death Phoenix, Avatar of Doom"
2369,rules,671:12_S4:DM-12 S4:暗黒王デス・フェニックス,"■マナゾーンに置く時、このカードはタップして置く。
■進化Ｖ－自分のドラゴン・ゾンビ１体とファイアー・バード１体を重ねた上に置く。
■Ｗ・ブレイカー
■このクリーチャーがシールドをブレイクする時、相手はそのシールドを手札に加えるかわりに持ち主の墓地に置く。
■このクリーチャーがバトルゾーンを離れた時、相手は自分自身の手札をすべて捨てる。",,,,"■ (This creature is put into your mana zone tapped.)
■ Vortex evolution-Put on one of your Zombie Dragons and one of your Fire Birds.
■ Double breaker (This creature breaks 2 shields.)
■ Whenever this creature would break a shield, your opponent puts that shield into his graveyard instead.
■ When this creature leaves the battle zone, your opponent discards his hand."
2370,flavor,671:12_S4:DM-12 S4:暗黒王デス・フェニックス,,,,,
2371,race,671:12_S4:DM-12 S4:暗黒王デス・フェニックス,フェニックス,,,,Phoenix
2372,name,672:12_S5:DM-12 S5:聖獣王ペガサス,聖獣王ペガサス,,,,"Aura Pegasus, Avatar of Life"
2373,rules,672:12_S5:DM-12 S5:聖獣王ペガサス,"■マナゾーンに置く時、このカードはタップして置く。
■進化Ｖ－自分のホーン・ビースト１体とエンジェル・コマンド１体を重ねた上に置く。
■このクリーチャーが攻撃した時またはバトルゾーンを離れた時、自分の山札の上から１枚目を表向きにする。それが進化クリーチャー以外のクリーチャーであれば、バトルゾーンに出す。それ以外のカードであれば、自分の手札に加える。
■Ｔ・ブレイカー（このクリーチャーはシールドを３枚ブレイクする）",,,,"■ (This creature is put into your mana zone tapped.)
■ Vortex evolution-Put on one of your Horned Beasts and one of your Angel Commands.
■ Whenever this creature attacks or leaves the battle zone, reveal the top card of your deck. If it's a non-evolution creature, put it into the battle zone. Otherwise, put it into your hand.
■ Triple breaker (This creature breaks 3 shields.)"
2374,flavor,672:12_S5:DM-12 S5:聖獣王ペガサス,,,,,
2375,race,672:12_S5:DM-12 S5:聖獣王ペガサス,セイント・ペガサス,,,,Pegasus
