resource_id,chunk_index,command_index,payload_size,translation,explicit_breaks
scrpack.002.0126,2,126,28,Bucketman - Darkness,0
scrpack.003.0126,3,126,28,Bucketman - Final,0
scrpack.004.0126,4,126,24,Resistance Event,0
scrpack.005.0126,5,126,24,Rescue Yu Fua,0
scrpack.006.0126,6,126,24,Bucketman - Fire,0
scrpack.007.0009,7,9,12,1,0
scrpack.007.0014,7,14,12,2,0
scrpack.007.0019,7,19,12,3,0
scrpack.007.0024,7,24,12,4,0
scrpack.007.0029,7,29,12,5,0
scrpack.007.0034,7,34,12,6,0
scrpack.007.0039,7,39,12,7,0
scrpack.007.0044,7,44,12,8,0
scrpack.007.0049,7,49,12,9,0
scrpack.007.0054,7,54,12,10,0
scrpack.007.0059,7,59,12,11,0
scrpack.007.0064,7,64,12,12,0
scrpack.007.0069,7,69,12,13,0
scrpack.007.0074,7,74,12,14,0
scrpack.007.0079,7,79,12,15,0
scrpack.007.0084,7,84,12,16,0
scrpack.007.0089,7,89,12,17,0
scrpack.007.0094,7,94,12,18,0
scrpack.007.0099,7,99,12,19,0
scrpack.007.0104,7,104,12,20,0
scrpack.007.0109,7,109,12,21,0
scrpack.007.0114,7,114,12,22,0
scrpack.007.0119,7,119,12,23,0
scrpack.007.0124,7,124,12,24,0
scrpack.007.0129,7,129,12,25,0
scrpack.007.0134,7,134,12,26,0
scrpack.007.0139,7,139,12,27,0
scrpack.007.0144,7,144,12,28,0
scrpack.007.0149,7,149,12,29,0
scrpack.007.0154,7,154,12,30,0
scrpack.007.0159,7,159,12,31,0
scrpack.007.0164,7,164,12,32,0
scrpack.007.0169,7,169,12,33,0
scrpack.007.0174,7,174,12,34,0
scrpack.007.0179,7,179,12,35,0
scrpack.007.0184,7,184,12,36,0
scrpack.007.0189,7,189,12,37,0
scrpack.007.0194,7,194,12,38,0
scrpack.008.0126,8,126,28,Bucketman - Light,0
scrpack.009.0126,9,126,28,Bucketman - Water,0
scrpack.010.0116,10,116,20,Battle Arena,0
scrpack.010.0189,10,189,52,"All right, here's how this tournament works.",0
scrpack.010.0193,10,193,88,This is a 3-minute speed duel.#cr0Win three matches in a row to take the title.,1
scrpack.010.0200,10,200,24,Ready to begin?,0
scrpack.010.0278,10,278,52,"All right, here's how this tournament works.",0
scrpack.010.0282,10,282,120,This is an all-creature duel.#cr0Your deck can contain only creatures.#cr0Win three in a row to take the title.,2
scrpack.010.0289,10,289,24,Ready to begin?,0
scrpack.010.0366,10,366,52,"All right, here's how this tournament works.",0
scrpack.010.0370,10,370,128,This is a mono-civilization duel.#cr0Your deck can use only one civilization.#cr0Win three in a row to take the title.,2
scrpack.010.0377,10,377,24,Ready to begin?,0
scrpack.010.0456,10,456,52,"All right, here's how this tournament works.",0
scrpack.010.0460,10,460,80,This is a Highlander duel.#cr0Every card in your deck must be different.,1
scrpack.010.0464,10,464,56,Win three matches in a row to take the title.,0
scrpack.010.0471,10,471,24,Ready to begin?,0
scrpack.010.0548,10,548,52,"All right, here's how this tournament works.",0
scrpack.010.0552,10,552,112,This is an all-common duel.#cr0Only Common cards are allowed.#cr0Win three in a row to take the title.,2
scrpack.010.0559,10,559,24,Ready to begin?,0
scrpack.010.0585,10,585,100,"This is the Battle Arena,#cr0where duelists gather and heated battles#cr0rage day after day!",2
scrpack.010.0589,10,589,48,Come on! Enter a tournament right now!,0
scrpack.010.0607,10,607,76,"Sorry, it's the off-season right now.#cr0Come back a little later.",1
scrpack.010.0634,10,634,76,Looks like ordinary tournaments#cr0aren't enough for you anymore.,1
scrpack.010.0644,10,644,88,I'll show you to a secret tournament.#cr0What do you say? Want to take it on?,1
scrpack.010.0650,10,650,40,"I see. Can't be helped, then.",0
scrpack.010.0663,10,663,52,"Changed your mind, huh?#cr0All right, then.",1
scrpack.010.0676,10,676,68,"Sorry, but that deck isn't eligible#cr0for this tournament.",1
scrpack.010.0689,10,689,16,Got it?,0
scrpack.010.0711,10,711,76,Entries just closed.#cr0Wait a little while for the next tournament.,1
scrpack.010.0767,10,767,84,"Sorry, but the deck you have equipped#cr0isn't eligible for this tournament.",1
scrpack.010.0771,10,771,104,"Equip a deck that follows the Hall of Fame#cr0regulations, then come back.#cr0See you around.",2
scrpack.011.0033,11,33,20,Battle Arena,0
scrpack.011.0043,11,43,24,"Round 1, begin!",0
scrpack.011.0071,11,71,16,Round 1,0
scrpack.011.0245,11,245,20,Semifinal,0
scrpack.011.0419,11,419,16,Final,0
scrpack.011.0599,11,599,20,Battle Arena,0
scrpack.011.0612,11,612,36,Congratulations! You won!,0
scrpack.011.0628,11,628,24,Mini Tournament,0
scrpack.011.0684,11,684,24,Mini Tournament,0
scrpack.011.0695,11,695,28,On to the next one!,0
scrpack.011.0741,11,741,20,Battle Arena,0
scrpack.011.0797,11,797,20,Battle Arena,0
scrpack.011.0807,11,807,64,Tough luck.#cr0Don't let it stop you. Try again anytime.,1
scrpack.012.0074,12,74,20,Battle Arena,0
scrpack.012.0084,12,84,24,"Round 1, begin!",0
scrpack.012.0112,12,112,16,Round 1,0
scrpack.012.0286,12,286,16,Round 2,0
scrpack.012.0460,12,460,16,Round 3,0
scrpack.012.0634,12,634,20,Semifinal,0
scrpack.012.0808,12,808,16,Final,0
scrpack.012.0988,12,988,20,Battle Arena,0
scrpack.012.1001,12,1001,36,Congratulations! You won!,0
scrpack.012.1018,12,1018,24,Super Tournament,0
scrpack.012.1074,12,1074,24,Super Tournament,0
scrpack.012.1085,12,1085,28,On to the next one!,0
scrpack.012.1143,12,1143,20,Battle Arena,0
scrpack.012.1199,12,1199,20,Battle Arena,0
scrpack.012.1209,12,1209,64,Tough luck.#cr0Don't let it stop you. Try again anytime.,1
scrpack.013.0073,13,73,20,Battle Arena,0
scrpack.013.0083,13,83,24,"Round 1, begin!",0
scrpack.013.0111,13,111,16,Round 1,0
scrpack.013.0285,13,285,16,Round 2,0
scrpack.013.0459,13,459,16,Round 3,0
scrpack.013.0633,13,633,20,Semifinal,0
scrpack.013.0807,13,807,16,Final,0
scrpack.013.0987,13,987,20,Battle Arena,0
scrpack.013.1000,13,1000,36,Congratulations! You won!,0
scrpack.013.1017,13,1017,24,Hyper Tournament,0
scrpack.013.1074,13,1074,24,Hyper Tournament,0
scrpack.013.1085,13,1085,28,On to the next one!,0
scrpack.013.1143,13,1143,20,Battle Arena,0
scrpack.013.1199,13,1199,20,Battle Arena,0
scrpack.013.1209,13,1209,64,Tough luck.#cr0Don't let it stop you. Try again anytime.,1
scrpack.014.0035,14,35,20,Battle Arena,0
scrpack.014.0045,14,45,24,"Round 1, begin!",0
scrpack.014.0075,14,75,16,Round 1,0
scrpack.014.0251,14,251,20,Semifinal,0
scrpack.014.0427,14,427,16,Final,0
scrpack.014.0609,14,609,20,Battle Arena,0
scrpack.014.0622,14,622,52,Not bad at all.#cr0Here. You've earned this.,1
scrpack.014.0644,14,644,20,Battle Arena,0
scrpack.014.0702,14,702,20,Battle Arena,0
scrpack.014.0713,14,713,28,Next one! Let's go!,0
scrpack.014.0761,14,761,20,Battle Arena,0
scrpack.014.0819,14,819,20,Battle Arena,0
scrpack.014.0829,14,829,64,Tough luck.#cr0Don't let it stop you. Try again anytime.,1
scrpack.015.0035,15,35,20,Battle Arena,0
scrpack.015.0045,15,45,24,"Round 1, begin!",0
scrpack.015.0075,15,75,16,Round 1,0
scrpack.015.0251,15,251,20,Semifinal,0
scrpack.015.0427,15,427,16,Final,0
scrpack.015.0609,15,609,20,Battle Arena,0
scrpack.015.0622,15,622,52,Not bad at all.#cr0Here. You've earned this.,1
scrpack.015.0644,15,644,20,Battle Arena,0
scrpack.015.0702,15,702,20,Battle Arena,0
scrpack.015.0713,15,713,28,Next one! Let's go!,0
scrpack.015.0761,15,761,20,Battle Arena,0
scrpack.015.0819,15,819,20,Battle Arena,0
scrpack.015.0829,15,829,64,Tough luck.#cr0Don't let it stop you. Try again anytime.,1
scrpack.016.0035,16,35,20,Battle Arena,0
scrpack.016.0045,16,45,24,"Round 1, begin!",0
scrpack.016.0075,16,75,16,Round 1,0
scrpack.016.0251,16,251,20,Semifinal,0
scrpack.016.0427,16,427,16,Final,0
scrpack.016.0609,16,609,20,Battle Arena,0
scrpack.016.0622,16,622,52,Not bad at all.#cr0Here. You've earned this.,1
scrpack.016.0644,16,644,20,Battle Arena,0
scrpack.016.0702,16,702,20,Battle Arena,0
scrpack.016.0713,16,713,28,Next one! Let's go!,0
scrpack.016.0761,16,761,20,Battle Arena,0
scrpack.016.0819,16,819,20,Battle Arena,0
scrpack.016.0829,16,829,64,Tough luck.#cr0Don't let it stop you. Try again anytime.,1
scrpack.017.0035,17,35,20,Battle Arena,0
scrpack.017.0045,17,45,24,"Round 1, begin!",0
scrpack.017.0075,17,75,16,Round 1,0
scrpack.017.0251,17,251,20,Semifinal,0
scrpack.017.0427,17,427,16,Final,0
scrpack.017.0609,17,609,20,Battle Arena,0
scrpack.017.0622,17,622,52,Not bad at all.#cr0Here. You've earned this.,1
scrpack.017.0644,17,644,20,Battle Arena,0
scrpack.017.0702,17,702,20,Battle Arena,0
scrpack.017.0713,17,713,28,Next one! Let's go!,0
scrpack.017.0761,17,761,20,Battle Arena,0
scrpack.017.0819,17,819,20,Battle Arena,0
scrpack.017.0829,17,829,64,Tough luck.#cr0Don't let it stop you. Try again anytime.,1
scrpack.018.0035,18,35,20,Battle Arena,0
scrpack.018.0045,18,45,24,"Round 1, begin!",0
scrpack.018.0075,18,75,16,Round 1,0
scrpack.018.0251,18,251,20,Semifinal,0
scrpack.018.0427,18,427,16,Final,0
scrpack.018.0609,18,609,20,Battle Arena,0
scrpack.018.0622,18,622,52,Not bad at all.#cr0Here. You've earned this.,1
scrpack.018.0644,18,644,20,Battle Arena,0
scrpack.018.0702,18,702,20,Battle Arena,0
scrpack.018.0713,18,713,28,Next one! Let's go!,0
scrpack.018.0761,18,761,20,Battle Arena,0
scrpack.018.0819,18,819,20,Battle Arena,0
scrpack.018.0829,18,829,64,Tough luck.#cr0Don't let it stop you. Try again anytime.,1
scrpack.020.0033,20,33,28,All right! Duel me!,0
scrpack.020.0067,20,67,28,I'm going all out!,0
scrpack.020.0101,20,101,32,I'll be your opponent!,0
scrpack.020.0135,20,135,28,I won't hold back!,0
scrpack.020.0169,20,169,32,I'll cut you to ribbons!,0
scrpack.020.0203,20,203,44,I'll finish this in five minutes!,0
scrpack.020.0237,20,237,28,"Come on, let's duel!",0
scrpack.020.0271,20,271,28,I'm going all out!,0
scrpack.020.0305,20,305,32,Think you can beat me?,0
scrpack.020.0339,20,339,36,Great Bucketman is here! ☆,0
scrpack.020.0373,20,373,24,Let's battle!,0
scrpack.020.0407,20,407,32,Show me what you've got!,0
scrpack.020.0441,20,441,36,Let's both give it our best.,0
scrpack.020.0475,20,475,32,No need to hold back.,0
scrpack.020.0509,20,509,28,I'm gonna wiiin! ♪,0
scrpack.020.0543,20,543,40,Too bad! Benny is your opponent!,0
scrpack.020.0577,20,577,52,I'll teach you what total defeat feels like.,0
scrpack.020.0611,20,611,44,I know your whole deck inside out!,0
scrpack.020.0645,20,645,56,I'll show you the difference in our skill...!,0
scrpack.020.0679,20,679,44,Witness the power of the Fua family!,0
scrpack.020.0713,20,713,44,"Come, let us begin a duel of love.",0
scrpack.020.0747,20,747,56,Let me show you...#cr0a duel filled with love.,1
scrpack.020.0781,20,781,44,"Mikuni the Swift, at your service!",0
scrpack.020.0815,20,815,48,I'll defeat you with my full strength!,0
scrpack.020.0849,20,849,28,You're dueling me!,0
scrpack.020.0883,20,883,44,I'm a whole different duelist today!,0
scrpack.020.0917,20,917,48,Don't make fun of me for being country!,0
scrpack.020.0951,20,951,40,I'll show you the law of Nature!,0
scrpack.020.0985,20,985,28,Nyororo! Let's duel!,0
scrpack.020.1019,20,1019,48,Venomous Snake King Jamira has arrived!,0
scrpack.020.1053,20,1053,44,Show me what kind of man you are!,0
scrpack.020.1087,20,1087,48,I'm betting my soul and O.M.T. on this!,0
scrpack.020.1121,20,1121,40,I can do it when I really try!,0
scrpack.020.1155,20,1155,24,I won't lose!,0
scrpack.020.1189,20,1189,44,Come! Let us have a beautiful duel!,0
scrpack.020.1223,20,1223,40,I'll make your defeat beautiful.,0
scrpack.020.1257,20,1257,24,I'm not losing!,0
scrpack.020.1291,20,1291,36,Don't you dare hold back!!,0
scrpack.020.1325,20,1325,48,Beat me and I'll give you some yokan.,0
scrpack.020.1359,20,1359,48,It's been a while since I went all out.,0
scrpack.020.1393,20,1393,36,Have a COOL DUEL with me!,0
scrpack.020.1428,20,1428,48,Deadlines don't scare me! Let's duel!,0
scrpack.020.1462,20,1462,24,Feel my wrath!,0
scrpack.020.1496,20,1496,32,Burn beneath my flames.,0
scrpack.020.1530,20,1530,36,Be swallowed by my light.,0
scrpack.020.1564,20,1564,32,Fall into my darkness.,0
scrpack.020.1598,20,1598,36,Be crushed by my torrent.,0
scrpack.020.1632,20,1632,56,Know your helplessness before Nature's power.,0
scrpack.020.1666,20,1666,44,Beat me and I'll give you a manju.,0
scrpack.020.1700,20,1700,28,Show me your skill!,0
scrpack.020.1734,20,1734,32,Have a HOT DUEL with me!,0
scrpack.020.1768,20,1768,48,Beat me and I'll give you some monaka.,0
scrpack.020.1802,20,1802,36,Show me your full strength!,0
scrpack.020.1836,20,1836,40,Have an EXCITING DUEL with me!,0
scrpack.020.1870,20,1870,48,Beat me and I'll give you some dango.,0
scrpack.020.1904,20,1904,48,Come on! Show me everything you've got!,0
scrpack.020.1938,20,1938,36,Have a SUPER DUEL with me!,0
scrpack.020.1972,20,1972,48,Beat me and I'll give you some senbei.,0
scrpack.020.2006,20,2006,48,Come on! Give me everything you've got!,0
scrpack.020.2040,20,2040,36,Have a HYPER DUEL with me!,0
scrpack.024.0008,24,8,16,Darn it!,0
scrpack.024.0018,24,18,24,Aww... I lost.,0
scrpack.024.0028,24,28,32,You're certainly strong.,0
scrpack.024.0039,24,39,44,I just wasn't fighting seriously!,0
scrpack.024.0049,24,49,16,Tch...,0
scrpack.024.0059,24,59,40,I was just off my game today!,0
scrpack.026.0118,26,118,20,Xenon Castle,0
scrpack.026.0129,26,129,28,Enter Xenon Castle?,0
scrpack.027.0123,27,123,28,Fire Civilization,0
scrpack.027.0183,27,183,28,Nature Civilization,0
scrpack.027.0240,27,240,28,Light Civilization,0
scrpack.027.0288,27,288,28,Water Civilization,0
scrpack.027.0348,27,348,32,Darkness Civilization,0
scrpack.028.0259,28,259,44,The road to Xenon Castle is open!,0
scrpack.029.0010,29,10,24,God's Domain?,0
scrpack.029.0024,29,24,88,This is God's domain.#cr0It is no place for lowly mortals.#cr0Begone at once!,2
scrpack.029.0028,29,28,12,...,0
scrpack.029.0032,29,32,12,Huh?,0
scrpack.029.0042,29,42,60,Oh. You're not here to bug me#cr0about a deadline.,1
scrpack.029.0046,29,46,44,"Then let's duel.#cr0C'mon, c'mon.",1
scrpack.029.0225,29,225,24,God's Domain?,0
scrpack.029.0231,29,231,92,You beat me? You're no ordinary bunch.#cr0I hereby recognize you as... Man-Front!,1
scrpack.029.0245,29,245,20,I'm a girl.,0
scrpack.029.0249,29,249,28,Then... Woman-Front.,0
scrpack.029.0258,29,258,28,W-Woman-Front...?,0
scrpack.029.0262,29,262,52,Rejoice. You may be the first in history.,0
scrpack.029.0271,29,271,24,Then what am I?,0
scrpack.029.0275,29,275,24,You're Man-Back.,0
scrpack.029.0284,29,284,12,...,0
scrpack.029.0293,29,293,52,"Man-Back, huh? Good for you.#cr0Heh heh...",1
scrpack.029.0297,29,297,28,You're Man-Right.,0
scrpack.029.0306,29,306,32,Nooo!#cr0Man-Right...,1
scrpack.029.0315,29,315,24,You're Man-Left.,0
scrpack.029.0324,29,324,12,...,0
scrpack.029.0333,29,333,20,And you...,0
scrpack.029.0342,29,342,16,Shut up!,0
scrpack.029.0346,29,346,64,Huh? What's left?#cr0I'm Man-Front... he's Man-Back...,1
scrpack.029.0355,29,355,24,I said shut up.,0
scrpack.029.0359,29,359,56,We've got right and left...#cr0You are... hmm...,1
scrpack.029.0368,29,368,48,Looks like you've run out of material.,0
scrpack.029.0372,29,372,24,Man-Diagonal!,0
scrpack.029.0381,29,381,12,...,0
scrpack.029.0385,29,385,24,"Anyway, later.",0
scrpack.029.0398,29,398,36,What was that all about...?,0
scrpack.029.0406,29,406,20,No idea...,0
scrpack.029.0428,29,428,20,"Oh, right!",0
scrpack.029.0433,29,433,68,"Got any cards you don't need?#cr0If you do, give them to me.",1
scrpack.029.0437,29,437,60,"Give me 10, and I'll trade you#cr0one of my cards.",1
scrpack.029.0586,29,586,24,God's Domain?,0
scrpack.029.0592,29,592,24,See you around.,0
scrpack.029.0605,29,605,60,O brave heroes!#cr0Don't say that. Help me out here.,1
scrpack.029.0619,29,619,12,...,0
scrpack.029.0623,29,623,12,...,0
scrpack.029.0627,29,627,32,Uh... whoops.#cr0Later.,1
scrpack.029.0638,29,638,52,I don't even know what's going on anymore...,0
scrpack.029.0660,29,660,68,"Got any cards you don't need?#cr0If you do, give them to me.",1
scrpack.029.0664,29,664,60,"Give me 10, and I'll trade you#cr0one of my cards.",1
scrpack.029.0671,29,671,16,Butt!,0
scrpack.029.0675,29,675,32,I mean... cheapskate!,0
scrpack.029.0679,29,679,12,...,0
scrpack.029.0683,29,683,16,Later.,0
scrpack.029.0703,29,703,24,God's Domain?,0
scrpack.029.0718,29,718,28,What? You're weak.,0
scrpack.030.0130,30,130,20,Duel Plaza,0
scrpack.030.0140,30,140,44,"All right, Shobu.#cr0Your turn.",1
scrpack.030.0144,30,144,44,Okay!#cr0Time to play my trump card!,1
scrpack.030.0153,30,153,40,"Go, Bolshack Dragon!!",0
scrpack.030.0185,30,185,32,There!#cr0Shobu's trump!,1
scrpack.030.0194,30,194,56,"So what?!#cr0Come on, Hakuoh!!",1
scrpack.030.0205,30,205,20,"Ah, Kokujo.",0
scrpack.030.0227,30,227,52,"Hey, Kokujo!#cr0Come duel with us!",1
scrpack.030.0237,30,237,52,Hmph.#cr0No time to play with you.,1
scrpack.030.0258,30,258,72,"Always so cool...#cr0You want in too, right?",1
scrpack.030.0262,30,262,32,Heh. Just like Kokujo.,0
scrpack.030.0305,30,305,24,Whoa! What?!,0
scrpack.030.0309,30,309,24,What's going on?,0
scrpack.030.0377,30,377,60,Hakuoh?!#cr0Shobu?!#cr0What's happening to you?!,2
scrpack.030.0386,30,386,12,!!,0
scrpack.030.0390,30,390,28,We're being sucked?!,0
scrpack.031.0125,31,125,32,Teleportation Grounds,0
scrpack.031.0142,31,142,132,"This place is called the Teleportation Grounds.#cr0Use those ruins, and you can travel#cr0to far-off lands in an instant.",2
scrpack.031.0151,31,151,116,"With five true duelists and the power#cr0of the ancient races, you should be able#cr0to reach Xenon Castle.",2
scrpack.031.0158,31,158,64,"To those setting out for battle,#cr0I give this card.",1
scrpack.031.0178,31,178,40,"All right!#cr0Let's go, /sw25/!",1
scrpack.031.0182,31,182,12,...,0
scrpack.031.0191,31,191,40,"Huh?#cr0What's wrong, /sw25/?",1
scrpack.031.0195,31,195,72,"When we beat Xenon,#cr0you're going back to your world, right?",1
scrpack.031.0204,31,204,28,Yeah... I guess so.,0
scrpack.031.0209,31,209,56,"Then we'll never see each other again, will we?",0
scrpack.031.0218,31,218,20,/sw25/...,0
scrpack.031.0227,31,227,104,Dang it!#cr0You and Shori... Why do you both have to#cr0go off somewhere and leave me behind?!,2
scrpack.031.0231,31,231,12,...,0
scrpack.031.0240,31,240,68,Heh... I feel better after a good cry.#cr0Come on. Let's go.,1
scrpack.031.0249,31,249,80,"Hey, what are you talking about?#cr0Nobody said this has to be goodbye!",1
scrpack.031.0253,31,253,88,"And even if I do go back to my world,#cr0there's no way I'll ever forget you.",1
scrpack.031.0263,31,263,32,We'll always be friends!,0
scrpack.031.0274,31,274,16,Shobu...,0
scrpack.031.0282,31,282,104,"Shobu, you idiot...#cr0The fight hasn't even started yet,#cr0and you're already making us cry...",2
scrpack.031.0291,31,291,56,Hmph.#cr0Still the same simple-minded idiot...,1
scrpack.031.0299,31,299,28,All right. Let's go.,0
scrpack.031.0307,31,307,60,Yeah. We don't have time#cr0to stand around here.,1
scrpack.031.0316,31,316,48,All right!#cr0Let's go take down Xenon!,1
scrpack.031.0320,31,320,16,Yeah!,0
scrpack.031.0356,31,356,24,Shobu... thanks.,0
scrpack.031.0365,31,365,52,"All right!#cr0You'd better be ready, Xenon!",1
scrpack.031.0387,31,387,48,"I'm glad to hear it!#cr0Come on, /sw25/.",1
scrpack.031.0391,31,391,12,...,0
scrpack.031.0400,31,400,36,"Hm?#cr0What's wrong, /sw25/?",1
scrpack.031.0404,31,404,96,"Once we defeat Xenon,#cr0you'll still have to return#cr0to your own world, won't you?",2
scrpack.031.0413,31,413,28,Yes... that's right.,0
scrpack.031.0418,31,418,48,Then we'll be saying goodbye for good.,0
scrpack.031.0427,31,427,20,/sw25/...,0
scrpack.031.0436,31,436,68,I don't want that!#cr0I want to stay with you... forever!,1
scrpack.031.0440,31,440,12,...,0
scrpack.031.0444,31,444,48,I know...#cr0I know that can't happen...,1
scrpack.031.0448,31,448,12,...,0
scrpack.031.0457,31,457,80,"I feel better after saying it.#cr0I'll never forget you, Master Hakuoh.",1
scrpack.031.0466,31,466,68,What are you saying?#cr0Nobody said this has to be goodbye.,1
scrpack.031.0470,31,470,72,"And even if I return to my world,#cr0I will never forget you.",1
scrpack.031.0480,31,480,32,We'll always be friends.,0
scrpack.031.0491,31,491,20,Hakuoh...,0
scrpack.031.0499,31,499,40,Hakuoh... You're so wonderful...,0
scrpack.031.0507,31,507,48,Hmph.#cr0Always trying to look cool...,1
scrpack.031.0516,31,516,28,All right. Let's go.,0
scrpack.031.0524,31,524,68,That's right.#cr0We don't have time to stand around here.,1
scrpack.031.0533,31,533,44,Come on!#cr0Let's go defeat Xenon!,1
scrpack.031.0537,31,537,16,Yeah!,0
scrpack.031.0573,31,573,36,"Thank you, Master Hakuoh...",0
scrpack.031.0582,31,582,32,Come on!#cr0Let's go!,1
scrpack.031.0604,31,604,36,"All right. Let's go, /sw25/.",0
scrpack.031.0608,31,608,12,...,0
scrpack.031.0612,31,612,36,"Hm?#cr0What's wrong, /sw25/?",1
scrpack.031.0616,31,616,72,"Boss... once we beat Xenon,#cr0you're goin' back to your world?",1
scrpack.031.0620,31,620,24,Of course I am.,0
scrpack.031.0625,31,625,48,Then we'll be sayin' goodbye for good.,0
scrpack.031.0629,31,629,12,...,0
scrpack.031.0638,31,638,72,"I don't want that, Boss!#cr0I wanna stay with you!#cr0Forever!",2
scrpack.031.0642,31,642,12,...,0
scrpack.031.0646,31,646,48,I know...#cr0I know that can't happen...,1
scrpack.031.0650,31,650,12,...,0
scrpack.031.0659,31,659,80,"I feel better gettin' that off my chest.#cr0I'll never forget you, Boss.",1
scrpack.031.0668,31,668,72,We're not even done yet.#cr0What are you talking like that for?,1
scrpack.031.0678,31,678,88,"Even if I go back to my world,#cr0I'm not gonna forget you.#cr0So quit worrying.",2
scrpack.031.0689,31,689,20,Kokujo...,0
scrpack.031.0697,31,697,40,Kokujo... acting tough again.,0
scrpack.031.0706,31,706,40,Heh. Quit trying to look cool.,0
scrpack.031.0714,31,714,28,All right. Let's go.,0
scrpack.031.0722,31,722,48,Right.#cr0No time to stand around here.,1
scrpack.031.0731,31,731,44,Come on!#cr0Let's go crush Xenon!,1
scrpack.031.0735,31,735,16,Yeah!,0
scrpack.031.0771,31,771,28,Boss... thank you...,0
scrpack.031.0780,31,780,48,Come on!#cr0Let's head for Xenon Castle!,1
scrpack.031.0802,31,802,40,"We did it!#cr0Come on, /sw25/.",1
scrpack.031.0806,31,806,12,...,0
scrpack.031.0815,31,815,40,"Huh?#cr0What's wrong, /sw25/?",1
scrpack.031.0819,31,819,80,"Mimi... once we defeat Xenon,#cr0you're going back to your world, right?",1
scrpack.031.0828,31,828,24,Yeah... I am.,0
scrpack.031.0833,31,833,48,Then we'll be saying goodbye for good.,0
scrpack.031.0842,31,842,20,/sw25/...,0
scrpack.031.0851,31,851,68,I don't want that!#cr0I want to stay with you!#cr0Forever!,2
scrpack.031.0855,31,855,12,...,0
scrpack.031.0859,31,859,48,I know...#cr0I know that can't happen...,1
scrpack.031.0863,31,863,12,...,0
scrpack.031.0872,31,872,64,"Sorry for being selfish, Mimi.#cr0I'll never forget you.",1
scrpack.031.0881,31,881,76,What are you talking about?#cr0Nobody said this has to be goodbye!,1
scrpack.031.0885,31,885,84,"And even if I go back to my world,#cr0there's no way I'll ever forget you.",1
scrpack.031.0895,31,895,32,We'll always be friends.,0
scrpack.031.0906,31,906,16,Mimi...,0
scrpack.031.0914,31,914,40,Heh. Quit trying to look cool.,0
scrpack.031.0923,31,923,48,Still the same simple-minded idiot...,0
scrpack.031.0931,31,931,28,All right. Let's go.,0
scrpack.031.0939,31,939,68,That's right.#cr0We don't have time to stand around here.,1
scrpack.031.0948,31,948,44,Come on!#cr0Let's go defeat Xenon!,1
scrpack.031.0952,31,952,16,Yeah!,0
scrpack.031.0988,31,988,28,Mimi... thank you.,0
scrpack.031.0997,31,997,48,Come on!#cr0Let's go take down Xenon!,1
scrpack.031.1019,31,1019,40,"We did it!#cr0Come on, /sw25/.",1
scrpack.031.1023,31,1023,12,...,0
scrpack.031.1032,31,1032,36,"Hm?#cr0What's wrong, /sw25/?",1
scrpack.031.1036,31,1036,72,"When we beat Xenon,#cr0you're going back to your world, right?",1
scrpack.031.1045,31,1045,32,Yeah... that's right.,0
scrpack.031.1050,31,1050,48,Then we'll never see each other again.,0
scrpack.031.1059,31,1059,20,/sw25/...,0
scrpack.031.1068,31,1068,68,I don't want that!#cr0I want to stay with you!#cr0Forever!,2
scrpack.031.1072,31,1072,12,...,0
scrpack.031.1076,31,1076,48,I know...#cr0I know that can't happen...,1
scrpack.031.1080,31,1080,12,...,0
scrpack.031.1089,31,1089,76,"I feel better after saying it.#cr0I'll never forget you, Bucketman.",1
scrpack.031.1098,31,1098,80,"Hey, what are you talking about?#cr0Nobody said this has to be goodbye!",1
scrpack.031.1102,31,1102,84,"And even if I go back to my world,#cr0there's no way I'll ever forget you.",1
scrpack.031.1112,31,1112,32,We'll always be friends!,0
scrpack.031.1123,31,1123,20,Bucketman...,0
scrpack.031.1131,31,1131,108,"Bucketman, you idiot...#cr0The fight hasn't even started yet,#cr0and you're already making us cry...",2
scrpack.031.1140,31,1140,56,Hmph.#cr0Still the same simple-minded idiot...,1
scrpack.031.1148,31,1148,28,"All right, let's go!",0
scrpack.031.1156,31,1156,60,Yeah. We don't have time#cr0to stand around here.,1
scrpack.031.1165,31,1165,44,All right!#cr0Let's go defeat Xenon!,1
scrpack.031.1169,31,1169,16,Yeah!,0
scrpack.031.1205,31,1205,32,Bucketman... thank you.,0
scrpack.031.1214,31,1214,48,Come on!#cr0Let's go take down Xenon!,1
scrpack.031.1227,31,1227,20,Teleport?,0
scrpack.031.1235,31,1235,24,Travel safely.,0
scrpack.031.1335,31,1335,100,It seems you still have unfinished business.#cr0It's never wise to leave things half-done.,1
scrpack.031.1358,31,1358,76,"Oh, right!#cr0We still haven't gotten our reward#cr0from Dr. Root.",2
scrpack.031.1376,31,1376,88,"Come to think of it,#cr0we still haven't received our reward#cr0from Dr. Root.",2
scrpack.031.1394,31,1394,92,"Hey, Mimi!#cr0We still haven't gotten our reward from Dr. Root.#cr0Let's go get it!",2
scrpack.031.1412,31,1412,92,"Boss, we still haven't gotten#cr0our reward from Dr. Root.#cr0Let's go collect it.",2
scrpack.031.1426,31,1426,104,The queen here knows much about this world.#cr0You should speak with her#cr0before setting out.,2
scrpack.032.0116,32,116,12,Shop,0
scrpack.032.0142,32,142,44,Welcome to Dr. Root's Lovely Shop!,0
scrpack.032.0147,32,147,40,Anything else I can do for you?,0
scrpack.032.0307,32,307,12,Shop,0
scrpack.032.0464,32,464,12,Shop,0
scrpack.032.0481,32,481,80,There aren't any open tables.#cr0In other words... duel on the floor!,1
scrpack.032.0620,32,620,12,Shop,0
scrpack.032.0772,32,772,12,Shop,0
scrpack.032.0921,32,921,12,Shop,0
scrpack.032.0941,32,941,28,Come back anytime!,0
scrpack.032.0978,32,978,12,Shop,0
scrpack.032.0996,32,996,48,Well? Over your summoning sickness yet?,0
scrpack.032.1023,32,1023,40,Still planning to keep going?,0
scrpack.032.1040,32,1040,24,Hmph... coward.,0
scrpack.032.1063,32,1063,52,"Ah, good work.#cr0Here's a little reward.",1
scrpack.032.1115,32,1115,24,Is it my turn?,0
scrpack.032.1142,32,1142,132,"So, the final showdown is finally here.#cr0I'll let you in on something special.#cr0Listen closely. I'll only say this once.",2
scrpack.032.1146,32,1146,124,At the center of the world lives someone#cr0closer to the gods than anyone else.#cr0You might even call him a god.,2
scrpack.032.1150,32,1150,116,They say those he deems worthy#cr0can trade cards with him.#cr0Why not visit him before the final battle?,2
scrpack.032.1176,32,1176,68,"Come to think of it,#cr0you've been traveling with a dragon.",1
scrpack.032.1194,32,1194,68,This guy?#cr0I dunno... We just kinda#cr0ended up together.,2
scrpack.032.1198,32,1198,40,Hmm... History repeats itself...,0
scrpack.032.1207,32,1207,72,"What's that supposed to mean?#cr0That's pretty ominous, Root.",1
scrpack.032.1211,32,1211,84,Your father... Shori Kirifuda#cr0also counted a dragon among his friends.,1
scrpack.032.1221,32,1221,20,Dad did?!,0
scrpack.032.1230,32,1230,28,Tell me about it!,0
scrpack.032.1239,32,1239,104,My power and Mr. Shori's brains!#cr0We were the ultimate team!#cr0You couldn't ask for better!,2
scrpack.032.1249,32,1249,12,...,0
scrpack.032.1253,32,1253,128,"If evil cast its shadow in the east,#cr0we'd put an end to its wicked schemes!#cr0If danger threatened in the west...",2
scrpack.032.1262,32,1262,12,Hey!,0
scrpack.032.1266,32,1266,116,"We'd appear like the wind and vanish like it!#cr0Boy, did we tear it up#cr0across all five civilizations!",2
scrpack.032.1270,32,1270,16,HEY!!,0
scrpack.032.1279,32,1279,48,What?#cr0I was getting to the good part!,1
scrpack.032.1283,32,1283,68,You're talking like you were the one#cr0traveling with Dad!,1
scrpack.032.1287,32,1287,28,I was.#cr0So what?,1
scrpack.032.1296,32,1296,28,Seriously?#cr0Root?,1
scrpack.032.1301,32,1301,64,I heard Shori Kirifuda's partner#cr0was Bolblaze Dragon.,1
scrpack.032.1310,32,1310,24,Bolblaze Dragon?,0
scrpack.032.1314,32,1314,116,A legendary dragon said to possess#cr0the power to awaken miracles.#cr0No way a runt like this could be him.,2
scrpack.032.1318,32,1318,24,"Hear that, runt?",0
scrpack.032.1327,32,1327,92,"Grrr!#cr0I may look like this now, but back then#cr0I was way bigger and stronger!",2
scrpack.032.1336,32,1336,40,"What, you got old#cr0and shrank?",1
scrpack.032.1340,32,1340,44,What'd you say?!#cr0Say that again!,1
scrpack.032.1344,32,1344,116,"Now, now. No fighting.#cr0He probably heard some adventure stories#cr0and started imagining he was the hero.",2
scrpack.032.1348,32,1348,36,Kids do that all the time.,0
scrpack.032.1362,32,1362,20,Thought so.,0
scrpack.032.1366,32,1366,48,"Waaah!#cr0Even you, Root?! That's mean!",1
scrpack.032.1370,32,1370,64,"Still, tiny or not,#cr0there's no denying he's a dragon.",1
scrpack.032.1374,32,1374,72,"And as your partner,#cr0I'd say this size suits you just fine.",1
scrpack.032.1383,32,1383,28,"Aw, come on, Root.",0
scrpack.033.0002,33,2,28,Choose a character.,0
scrpack.033.0024,33,24,40,That character doesn't exist.,0
scrpack.034.0002,34,2,84,"That's right! You know about the secret#cr0organization GARDE, don't you?",1
scrpack.034.0009,34,9,80,I thought not.#cr0About all we know is that they're#cr0a nasty bunch.,2
scrpack.034.0013,34,13,120,They've been more active lately.#cr0Rumor has it they're conducting some#cr0sinister experiments on an island.,2
scrpack.034.0017,34,17,80,It may have something to do with how#cr0you were pulled into this world.,1
scrpack.035.0002,35,2,100,"Oh, right! While you're in Story Mode,#cr0press the △ button.#cr0It'll open a handy menu.",2
scrpack.035.0006,35,6,64,"From there, you can save or load#cr0anytime, anywhere.",1
scrpack.035.0010,35,10,92,But you can't open it during a duel.#cr0A serious duel gives you no second chances!,1
scrpack.036.0004,36,4,108,"Oh, right!#cr0This shop is actually packed with customers.#cr0Doesn't look like it, but trust me!",2
scrpack.036.0008,36,8,100,"Sometimes all the Free Duel tables#cr0are taken.#cr0When that happens, we duel on the floor.",2
scrpack.036.0013,36,13,104,"Oh, right!#cr0During a duel, move the cursor over a card#cr0and press □ to view its card info.",2
scrpack.036.0018,36,18,76,"Oh, right!#cr0Don't read too much into#cr0what the creatures say.",2
scrpack.036.0023,36,23,84,"Oh, right!#cr0And don't forget the Duel Masters manga!#cr0It's on sale now!",2
scrpack.036.0028,36,28,100,"Oh, right!#cr0I've got shops in every civilization.#cr0Number one market share worldwide!",2
scrpack.036.0033,36,33,104,"Oh, right!#cr0Read the instruction manual cover to cover.#cr0You might find something useful.",2
scrpack.036.0038,36,38,84,"Oh, right!#cr0If you need the bathroom during a duel,#cr0you'd better run.",2
scrpack.036.0042,36,42,100,"Just don't trip.#cr0The shock might make you have an accident!#cr0And wash your hands, too!",2
scrpack.036.0047,36,47,80,"Oh, right!#cr0If you're playing late at night,#cr0turn the volume down.",2
scrpack.036.0051,36,51,68,Don't bother the neighbors.#cr0A good duelist has manners.,1
scrpack.036.0056,36,56,88,"Oh, right!#cr0Don't spend all your time dueling.#cr0Make sure you study, too.",2
scrpack.036.0060,36,60,96,Being great at dueling won't help much#cr0against the rough seas#cr0of the real world.,2
scrpack.036.0065,36,65,104,"Oh, right!#cr0If there's a TV show you want to watch#cr0but you also want to play, buy a VCR.",2
scrpack.036.0069,36,69,92,Or buy another TV.#cr0Just hide it under your bed#cr0so your parents don't find out.,2
scrpack.036.0074,36,74,100,"Oh, right!#cr0If you're after a certain card, try the shop#cr0in that card's civilization.",2
scrpack.036.0078,36,78,88,"In other words, Fire cards are easier#cr0to get at the Fire Civilization shop.",1
scrpack.036.0083,36,83,112,"Oh, right!#cr0Even if you own only one copy of a card,#cr0you can put up to four copies in your deck.",2
scrpack.036.0087,36,87,52,The cards in this world sure are amazing.,0
scrpack.036.0092,36,92,108,"Oh, right!#cr0They say there's a secret tournament for#cr0duelists who've mastered the regular ones.",2
scrpack.036.0096,36,96,84,Rumor says you might get an invitation#cr0when you turn down a tournament.,1
scrpack.036.0101,36,101,112,"If you want to become the greatest duelist,#cr0show me you've got the guts#cr0to win every tournament!",2
scrpack.036.0105,36,105,44,All that effort is bound to pay off.,0
scrpack.036.0110,36,110,92,"Oh, right!#cr0In the Deck Builder, have you tried#cr0pressing the L1 or R1 button?",2
scrpack.036.0114,36,114,76,You can sort cards in all kinds of ways.#cr0It's very convenient!,1
scrpack.037.0008,37,8,32,That was a great duel!,0
scrpack.037.0018,37,18,24,Victory! I win!,0
scrpack.037.0028,37,28,36,Looks like I managed to win.,0
scrpack.037.0038,37,38,28,Mimi wins big! ☆,0
scrpack.037.0048,37,48,24,Hmph. Pathetic!,0
scrpack.038.0130,38,130,16,Test.,0
scrpack.038.0142,38,142,16,Test.,0
scrpack.038.0154,38,154,16,Test.,0
scrpack.038.0166,38,166,16,Test.,0
scrpack.038.0178,38,178,16,Test.,0
scrpack.038.0190,38,190,16,Test.,0
scrpack.038.0202,38,202,16,Test.,0
scrpack.038.0214,38,214,16,Test.,0
scrpack.038.0226,38,226,16,Test.,0
scrpack.038.0238,38,238,16,Test.,0
scrpack.038.0250,38,250,16,Test.,0
scrpack.038.0262,38,262,16,Test.,0
scrpack.038.0274,38,274,16,Test.,0
scrpack.038.0286,38,286,16,Test.,0
scrpack.038.0298,38,298,16,Test.,0
scrpack.038.0310,38,310,16,Test.,0
scrpack.038.0322,38,322,16,Test.,0
scrpack.038.0334,38,334,16,Test.,0
scrpack.038.0346,38,346,16,Test.,0
scrpack.038.0358,38,358,16,Test.,0
scrpack.038.0370,38,370,16,Test.,0
scrpack.038.0382,38,382,16,Test.,0
scrpack.038.0394,38,394,16,Test.,0
scrpack.038.0406,38,406,16,Test.,0
scrpack.038.0418,38,418,16,Test.,0
scrpack.039.1723,39,1723,56,Triggers when you go to the center of the world.,0
scrpack.040.0116,40,116,24,All Characters,0
scrpack.041.0008,41,8,12,Cave,0
scrpack.041.0026,41,26,32,This must be the cave.,0
scrpack.041.0035,41,35,76,They said there was a secret passage here.#cr0I wonder where it is.,1
scrpack.041.0053,41,53,32,You found an old book.,0
scrpack.041.0062,41,62,20,T-This book!,0
scrpack.041.0089,41,89,56,Whew...#cr0Duel Mustard really is a great read!,1
scrpack.041.0098,41,98,52,Oops!#cr0I need to find that secret passage!,1
scrpack.041.0117,41,117,24,Nothing here.,0
scrpack.041.0134,41,134,36,You found a secret passage.,0
scrpack.041.0144,41,144,32,"All right, this is it.",0
scrpack.041.0158,41,158,56,"Whoa, it's pitch-black.#cr0I can't see a thing.",1
scrpack.041.0174,41,174,20,A dead end?,0
scrpack.041.0178,41,178,20,Creeeak...,0
scrpack.041.0198,41,198,16,Dungeon,0
scrpack.041.0209,41,209,24,Huh? A dungeon?,0
scrpack.041.0263,41,263,40,What are you two doing in here?,0
scrpack.041.0267,41,267,72,"We refused to cooperate with Ballom,#cr0so they locked us up.",1
scrpack.041.0271,41,271,20,Same here.,0
scrpack.041.0280,41,280,44,So you two made an enemy of Ballom.,0
scrpack.041.0284,41,284,80,Then this should be easy.#cr0Megaria sent me here.#cr0Will you help me?,2
scrpack.041.0293,41,293,20,I refuse!,0
scrpack.041.0302,41,302,12,Why?,0
scrpack.041.0306,41,306,56,Neither Ballom nor Megaria stands for justice.,0
scrpack.041.0315,41,315,68,"Exactly.#cr0Even if I perish here,#cr0I will never aid evil.",2
scrpack.041.0324,41,324,16,But...,0
scrpack.041.0359,41,359,56,What's all that racket?!#cr0Hey! Keep it down!,1
scrpack.041.0369,41,369,12,Huh?,0
scrpack.041.0379,41,379,64,What?! What?! What?!#cr0You! What are you doing there?!,1
scrpack.041.0392,41,392,16,Uh-oh.,0
scrpack.041.0396,41,396,76,"I don't know what's going on,#cr0but I'm throwing you in here too!",1
scrpack.041.0407,41,407,16,Dungeon,0
scrpack.041.0446,41,446,28,Prepare yourself!,0
scrpack.041.0613,41,613,16,Dungeon,0
scrpack.041.0655,41,655,16,Dungeon,0
scrpack.041.0668,41,668,16,Mrrgh...,0
scrpack.041.0673,41,673,60,Clink!#cr0Something small and metal hit the floor.,1
scrpack.041.0681,41,681,44,Huh? Could this be the dungeon key?,0
scrpack.041.0690,41,690,44,"Mikuni, Makoto.#cr0Hang on a minute.",1
scrpack.041.0720,41,720,24,You two okay?,0
scrpack.041.0724,41,724,28,You have my thanks.,0
scrpack.041.0728,41,728,20,Thank you.,0
scrpack.041.0732,41,732,44,I am grateful that you rescued us.,0
scrpack.041.0741,41,741,64,But I will never cooperate#cr0with the likes of Megaria.,1
scrpack.041.0750,41,750,36,"Nor with Ballom, of course.",0
scrpack.041.0759,41,759,36,"I know, I know.#cr0See you.",1
scrpack.041.0787,41,787,16,Dungeon,0
scrpack.041.0801,41,801,32,Now what should I do?,0
scrpack.041.0812,41,812,16,Dungeon,0
scrpack.041.0853,41,853,16,Dungeon,0
scrpack.041.0863,41,863,40,You're pretty good at dueling.,0
scrpack.041.0872,41,872,40,That was fun. Let's duel again!,0
scrpack.041.0876,41,876,28,...#cr0Why again?,1
scrpack.041.0885,41,885,68,Who cares about that?!#cr0Jamira never turns down a duel!,1
scrpack.041.0889,41,889,20,Duel again?,0
scrpack.041.0932,41,932,20,Great Hall,0
scrpack.041.0949,41,949,36,"Well, well. Look who it is!",0
scrpack.041.0959,41,959,60,Heh...#cr0You came all this way just to get beaten?,1
scrpack.041.0969,41,969,68,Be-la-la-la!#cr0So how do you plan to handle three of us?,1
scrpack.041.0982,41,982,64,Benny! So this is where you were!#cr0And Kokujo too...!,1
scrpack.041.0992,41,992,52,You don't stand a chance.#cr0Give up now.,1
scrpack.041.1001,41,1001,36,You won't know unless I try.,0
scrpack.041.1005,41,1005,104,You've already lost before we even start.#cr0Why? Well... because your first opponent#cr0is me!,2
scrpack.041.1009,41,1009,40,Shut up!#cr0Tell me where Yu is!,1
scrpack.041.1018,41,1018,76,"Grrr! You shut up, you trash can!#cr0I'll wipe the floor with you!",1
scrpack.041.1037,41,1037,16,Wait!,0
scrpack.041.1046,41,1046,52,Warrior of Love!#cr0Makoto Aizen is here!,1
scrpack.041.1055,41,1055,92,"Mikuni the Swift, reporting!#cr0In the name of justice,#cr0we'll fight at your side.",2
scrpack.041.1065,41,1065,76,Calling in friends is cheating!#cr0Fight three-on-one like a man!,1
scrpack.041.1074,41,1074,64,"One or two more losers won't matter.#cr0Right, genius?",1
scrpack.041.1083,41,1083,76,"Tch. Fine.#cr0Hey, you. I'll duel you,#cr0so you better be grateful.",2
scrpack.041.1087,41,1087,60,Come at me from anywhere you like.#cr0Just kidding.,1
scrpack.041.1129,41,1129,56,Be-la-la!#cr0Which one of you gets to face me?,1
scrpack.041.1296,41,1296,20,Great Hall,0
scrpack.041.1337,41,1337,20,Great Hall,0
scrpack.041.1347,41,1347,100,Grrr! Idiot! Loser! Poop-head!#cr0Remember this!#cr0I'll stick a bottle rocket up your butt!,2
scrpack.041.1359,41,1359,20,"Wait, Benny!",0
scrpack.041.1370,41,1370,64,Hold it. Where do you think you're going?#cr0I'm next.,1
scrpack.041.1413,41,1413,56,Don't run away with your tail between your legs.,0
scrpack.041.1580,41,1580,20,Great Hall,0
scrpack.041.1621,41,1621,20,Great Hall,0
scrpack.041.1631,41,1631,40,Damn...#cr0I lost. Completely.,1
scrpack.041.1673,41,1673,28,I'll show you hell.,0
scrpack.041.1840,41,1840,20,Great Hall,0
scrpack.041.1881,41,1881,20,Great Hall,0
scrpack.041.1891,41,1891,20,Daaaaamn it!,0
scrpack.041.1904,41,1904,68,"This isn't like you.#cr0Working with Benny, of all people.",1
scrpack.041.1913,41,1913,84,I only pretended to help him#cr0so I could uncover what he was really after.,1
scrpack.041.1922,41,1922,88,"A tail?#cr0First horns, now a tail?#cr0He's getting less human by the minute.",2
scrpack.041.1931,41,1931,12,...,0
scrpack.041.1940,41,1940,64,Whatever.#cr0I can't even be bothered to correct you.,1
scrpack.041.1949,41,1949,36,Sniff... I wanted you to...,0
scrpack.041.1958,41,1958,40,So what did Benny do this time?,0
scrpack.041.1962,41,1962,56,He set Ballom and Megaria against each other.,0
scrpack.041.1971,41,1971,52,What?! Benny caused all this?#cr0But why?,1
scrpack.041.1975,41,1975,72,GARDE plans to take over#cr0while the two sides are fighting.,1
scrpack.041.1979,41,1979,100,I couldn't care less what happens to this town.#cr0What bothers me is GARDE's involvement.,1
scrpack.041.1988,41,1988,52,I'll crush every last one of GARDE's plans.,0
scrpack.041.2009,41,2009,60,"Hmm. When you put it that way,#cr0it makes sense.",1
scrpack.041.2030,41,2030,40,Whoa! George turned into Ballom!,0
scrpack.041.2034,41,2034,76,"I suspected that Benny fellow was trouble.#cr0What say you, Megaria?",1
scrpack.041.2045,41,2045,56,Hmm...#cr0It seems we were thoroughly fooled.,1
scrpack.041.2067,41,2067,16,Pii-gya!,0
scrpack.041.2089,41,2089,40,Now then... what shall we do?,0
scrpack.041.2099,41,2099,52,"Looking back, it was a rather amusing game.",0
scrpack.041.2109,41,2109,72,"Thinking of it that way,#cr0there is little reason to be angry.",1
scrpack.041.2119,41,2119,16,Indeed.,0
scrpack.041.2132,41,2132,60,We have no further use for you.#cr0Do as you please.,1
scrpack.041.2141,41,2141,12,Huh?,0
scrpack.041.2150,41,2150,80,Megaria says you may leave alive.#cr0Begone before she changes her mind.,1
scrpack.041.2160,41,2160,24,"Everybody, run!",0
scrpack.041.2179,41,2179,12,Cave,0
scrpack.041.2191,41,2191,32,Your allies returned.,0
scrpack.041.2199,41,2199,36,I'm glad everyone's safe.,0
scrpack.041.2214,41,2214,60,Still...#cr0how could they be fooled that easily?,1
scrpack.041.2222,41,2222,16,Yeah...,0
scrpack.041.2226,41,2226,76,They probably never imagined#cr0someone would try to deceive them.,1
scrpack.041.2235,41,2235,48,"Kokujo, what are you going to do now?",0
scrpack.041.2244,41,2244,24,Destroy GARDE.,0
scrpack.041.2253,41,2253,104,"I'm chasing Benny.#cr0If he's with GARDE, then we want the same thing.#cr0Want to come with us?",2
scrpack.041.2262,41,2262,56,"Hmph. I'm not thrilled about it,#cr0but fine.",1
scrpack.041.2277,41,2277,44,Kyoshiro Kokujo joined your party.,0
scrpack.041.2302,41,2302,36,No one can stand against me!,0
scrpack.041.2312,41,2312,52,It seems my love has reached the heavens!,0
scrpack.041.2337,41,2337,20,Great Hall,0
scrpack.041.2347,41,2347,76,"Mikuni's greatest disgrace...#cr0Makoto, I leave the rest to you.",1
scrpack.041.2360,41,2360,48,Mikuni...#cr0I have received your love!,1
scrpack.041.2386,41,2386,20,Great Hall,0
scrpack.041.2396,41,2396,48,It seems my love was not quite enough.,0
scrpack.041.2409,41,2409,36,All right! Leave it to me.,0
scrpack.041.2432,41,2432,40,Let's pull back and try again.,0
scrpack.041.2453,41,2453,20,Great Hall,0
scrpack.041.2488,41,2488,20,Great Hall,0
scrpack.041.2498,41,2498,56,Whoa!#cr0We'll have to come back and try again.,1
scrpack.042.0018,42,18,88,"Yo, brother!#cr0Is your punch burning hot?#cr0Good. That's what I like to hear.",2
scrpack.042.0022,42,22,44,I'll send you flying with my punch!,0
scrpack.042.0028,42,28,12,Hah!,0
scrpack.042.0033,42,33,36,"Yo, brother!#cr0Hear me out.",1
scrpack.042.0037,42,37,116,My punch hasn't felt sharp lately.#cr0What do you think I should do?#cr0Good. That's what I like to hear.,2
scrpack.042.0041,42,41,44,I'll send you flying with my punch!,0
scrpack.042.0047,42,47,12,Hah!,0
scrpack.042.0052,42,52,84,"Yo, brother!#cr0How's your punch doing?#cr0Good. That's what I like to hear.",2
scrpack.042.0056,42,56,44,I'll send you flying with my punch!,0
scrpack.042.0062,42,62,12,Hah!,0
scrpack.042.0067,42,67,92,"Yo, brother!#cr0What do you think of my punch?#cr0Good. That's what I like to hear.",2
scrpack.042.0071,42,71,44,I'll send you flying with my punch!,0
scrpack.042.0077,42,77,12,Hah!,0
scrpack.042.0095,42,95,96,"The town is suuuper peaceful now, meow.#cr0Thanks to Lady Megaria and Lord Ballom, meow.",1
scrpack.042.0100,42,100,136,"Tricking people is bad, meow.#cr0If you don't like someone, send 'em to the afterlife.#cr0Friend or foe, everybody goes, meow.",2
scrpack.042.0105,42,105,72,"Juggling is fun, meow.#cr0So much fun. So, so much fun, meow.",1
scrpack.043.0015,43,15,116,"I am Braizenaga!#cr0If there's nothing to eat, simply eat yourself.#cr0A self-sufficient life isn't so bad.",2
scrpack.043.0019,43,19,28,See? Am I not right?,0
scrpack.043.0024,43,24,52,"I am Braizenaga!#cr0Suddenly, today's poem:",1
scrpack.043.0028,43,28,80,A gentle breeze carries the smell of rot...#cr0What a lovely morning.,1
scrpack.043.0032,43,32,76,"Ahh, I'm so glad I'm dead.#cr0I mean it from the bottom of my heart.",1
scrpack.043.0036,43,36,28,See? Am I not right?,0
scrpack.043.0041,43,41,80,I am Braizenaga!#cr0Meat tastes best right before it completely rots.,1
scrpack.043.0045,43,45,124,Bite down and the rotten juices ooze through your mouth.#cr0And that little pop of wriggling maggots... exquisite!,1
scrpack.043.0049,43,49,28,See? Am I not right?,0
scrpack.043.0054,43,54,56,I am Braizenaga!#cr0Rotten meat is delicious.,1
scrpack.043.0058,43,58,28,See? Am I not right?,0
scrpack.044.0031,44,31,16,Hold it!,0
scrpack.044.0035,44,35,20,What now?,0
scrpack.044.0070,44,70,52,"Though light may strike us, we do not shine.",0
scrpack.044.0080,44,80,52,Our names have long since been forgotten.,0
scrpack.044.0090,44,90,52,"From darkness into darkness, we are buried.",0
scrpack.044.0095,44,95,92,"Yes, we are shadows.#cr0Born in shadow, living in shadow,#cr0and dying in shadow.",2
scrpack.044.0099,44,99,20,Ba-baaam!,0
scrpack.044.0144,44,144,28,Rekuta the Weakest!,0
scrpack.044.0155,44,155,32,Kintaro the Just-There!,0
scrpack.044.0166,44,166,28,Jamira the All-Talk!,0
scrpack.044.0172,44,172,40,The Three Losers have arrived!!,0
scrpack.044.0189,44,189,36,What is with these guys...?,0
scrpack.044.0198,44,198,60,You jerks keep calling us weaklings and easy prey!,0
scrpack.044.0207,44,207,28,We never said that.,0
scrpack.044.0217,44,217,56,Shut up and listen!#cr0Uh... what was I saying?,1
scrpack.044.0229,44,229,32,"You can do it, Captain.",0
scrpack.044.0238,44,238,60,"Ahem... Ah, ah. Mic check. Test, test...#cr0Good!",1
scrpack.044.0242,44,242,100,"Alone, we might not win.#cr0But combine all three of us and we're unbeatable!#cr0Let's go!!",2
scrpack.044.0246,44,246,20,Let's do it!,0
scrpack.044.0250,44,250,16,Yeah!,0
scrpack.044.0254,44,254,20,Ba-baaam!,0
scrpack.044.0297,44,297,60,Can you break through#cr0our ironclad formation?!,1
scrpack.044.0305,44,305,40,You're just standing in a line.,0
scrpack.044.0309,44,309,100,Heh heh... only an amateur would think that.#cr0This formation hides a terrifying secret!,1
scrpack.044.0319,44,319,68,"Want to know? Of course you do.#cr0Very well, I'll tell you!",1
scrpack.044.0323,44,323,52,"First, Rekuta the Weakest lowers your guard!",0
scrpack.044.0333,44,333,16,Babooon!,0
scrpack.044.0337,44,337,52,"Next, Kintaro the Just-There confuses you!",0
scrpack.044.0347,44,347,28,"Mana, mana, manaaa!",0
scrpack.044.0351,44,351,56,Then I exploit the opening and finish you off!,0
scrpack.044.0361,44,361,20,Nyororooo!,0
scrpack.044.0365,44,365,60,Perfect! Absolutely perfect!#cr0Behold our ultimate-,1
scrpack.044.0370,44,370,24,Jetstream Duel!,0
scrpack.044.0388,44,388,52,Jetstream Duel?!#cr0What a half-baked name.,1
scrpack.044.0398,44,398,68,Shut up! You've got some nerve#cr0mocking my naming sense!,1
scrpack.044.0402,44,402,84,"I may be weak at dueling,#cr0but my sense of style is unbeatable, moron!!",1
scrpack.044.0411,44,411,84,Look at this skin-tight bodysuit!#cr0Try wearing one if you think you can!!,1
scrpack.044.0420,44,420,52,I have no idea what you're trying to say.,0
scrpack.044.0429,44,429,92,"Hah... hah...#cr0Go, Rekuta! Lose beautifully#cr0in a duel worthy of the weakest!",2
scrpack.044.0438,44,438,36,So he's supposed to lose?,0
scrpack.044.0481,44,481,64,"Jetstream Duel!! Full power!!!#cr0Rekuta, launching!!",1
scrpack.044.0648,44,648,36,Wasteland of Death and Fate,0
scrpack.044.0699,44,699,36,Wasteland of Death and Fate,0
scrpack.044.0712,44,712,24,M-My regrets...,0
scrpack.044.0724,44,724,36,Wasteland of Death and Fate,0
scrpack.044.0774,44,774,36,Wasteland of Death and Fate,0
scrpack.044.0784,44,784,28,"We did it, Captain!",0
scrpack.044.0788,44,788,60,A magnificent duel worthy of the title 'Weakest'!,0
scrpack.044.0797,44,797,48,That doesn't sound like a compliment.,0
scrpack.044.0802,44,802,64,"Don't sweat the details.#cr0We're comrades, aren't we?",1
scrpack.044.0816,44,816,32,"What's wrong, Captain?",0
scrpack.044.0820,44,820,76,It's time you two became aware#cr0that we're the real protagonists.,1
scrpack.044.0829,44,829,48,That's right! We're not losers anymore!,0
scrpack.044.0838,44,838,56,We're the heroes we've always dreamed of being!,0
scrpack.044.0842,44,842,72,"Exactly! From now on,#cr0we'll call ourselves the Three Heroes!",1
scrpack.044.0851,44,851,44,"Now, toward that sunset-let's begin!",0
scrpack.044.0861,44,861,108,That's Rekuta the Weakest for you!#cr0What a spectacular loss!#cr0But this is all part of the plan!,2
scrpack.044.0870,44,870,28,"Next! Go, Kintaro!!",0
scrpack.044.0904,44,904,32,All right! Here I go!,0
scrpack.044.1071,44,1071,36,Wasteland of Death and Fate,0
scrpack.044.1118,44,1118,36,Wasteland of Death and Fate,0
scrpack.044.1131,44,1131,52,Guh...#cr0Step over my corpse and carry on!,1
scrpack.044.1143,44,1143,36,Wasteland of Death and Fate,0
scrpack.044.1192,44,1192,36,Wasteland of Death and Fate,0
scrpack.044.1202,44,1202,56,An unexpected victory fell right into our laps!,0
scrpack.044.1206,44,1206,68,A windfall from the heavens!#cr0In other words: dumb luck.,1
scrpack.044.1215,44,1215,32,"Ahem. And now, a poem-",0
scrpack.044.1219,44,1219,72,Wish upon a strip of paper-#cr0Dumb-Luck Festival. Thank you.,1
scrpack.044.1252,44,1252,48,And now I deliver the finishing blow!!,0
scrpack.044.1419,44,1419,36,Wasteland of Death and Fate,0
scrpack.044.1463,44,1463,36,Wasteland of Death and Fate,0
scrpack.044.1473,44,1473,76,W-We lost...#cr0But I swear we'll complete#cr0Jetstream Duel No. 2!,2
scrpack.044.1483,44,1483,52,"And when we do, you're finished!#cr0See ya!",1
scrpack.044.1501,44,1501,36,Wasteland of Death and Fate,0
scrpack.044.1552,44,1552,36,Wasteland of Death and Fate,0
scrpack.044.1562,44,1562,32,We won! We actually won!,0
scrpack.044.1566,44,1566,48,But it doesn't really feel like we won.,0
scrpack.044.1570,44,1570,72,"Rekuta, you're simply stunned#cr0by the sheer joy of victory.",1
scrpack.044.1574,44,1574,80,"Still, that felt great, nyoro!#cr0I'm sleeping well tonight. La-la-la!",1
scrpack.044.1579,44,1579,72,"Hold it, Jamira.#cr0Didn't you just use us as stepping stones?",1
scrpack.044.1588,44,1588,60,Gulp!#cr0T-This was a victory for all three of us!,1
scrpack.044.1597,44,1597,72,"Gentlemen, let us share this feeling together!#cr0Ah-ha-ha-ha!",1
scrpack.044.1602,44,1602,40,"Come now, everyone. Together!",0
scrpack.044.1616,44,1616,20,Ah-ha-ha-ha!,0
scrpack.044.1625,44,1625,56,Something about this doesn't sit right with me.,0
scrpack.045.0031,45,31,16,Hold it!,0
scrpack.045.0045,45,45,20,What now?,0
scrpack.045.0049,45,49,20,Ba-baaam!,0
scrpack.045.0093,45,93,28,Rekuta the Weakest!,0
scrpack.045.0105,45,105,32,Kintaro the Just-There!,0
scrpack.045.0116,45,116,28,Jamira the All-Talk!,0
scrpack.045.0122,45,122,40,The Three Losers have arrived!!,0
scrpack.045.0139,45,139,20,Again...?,0
scrpack.045.0158,45,158,100,Heh heh... enjoy acting smug while you can.#cr0Today we're finally going to make you hurt!,1
scrpack.045.0167,45,167,76,"After hellish training,#cr0we finally completed our ultimate trap!",1
scrpack.045.0182,45,182,56,Behold!#cr0True Jetstream Duel Custom Mark II!!,1
scrpack.045.0198,45,198,40,The name somehow got even worse.,0
scrpack.045.0207,45,207,68,Didn't you say next time#cr0it'd be Jetstream Duel No. 2...?,1
scrpack.045.0216,45,216,64,As expected of Master Hakuoh!#cr0What an amazing memory!,1
scrpack.045.0225,45,225,88,"I almost respect that they admit#cr0it's an ultimate trap, not an ultimate move.",1
scrpack.045.0234,45,234,20,Pathetic.,0
scrpack.045.0243,45,243,52,Quit worrying about details.#cr0Let's go!,1
scrpack.045.0278,45,278,52,Formation change!!#cr0Well?! Scared now?!,1
scrpack.045.0294,45,294,36,You just changed the order.,0
scrpack.045.0305,45,305,84,The order itself is the trap.#cr0Heh heh... terror awaits you from here on!,1
scrpack.045.0319,45,319,40,Terrifying. Far too terrifying.,0
scrpack.045.0323,45,323,32,"Jamira, you're a demon.",0
scrpack.045.0327,45,327,40,Hah... hah...#cr0Here we go!!,1
scrpack.045.0427,45,427,52,True Jetstream Duel Custom V3! Full power!!,0
scrpack.045.0594,45,594,36,Wasteland of Death and Fate,0
scrpack.045.0646,45,646,36,Wasteland of Death and Fate,0
scrpack.045.0656,45,656,100,Hah... hah... You broke through our ultimate trap-#cr0True Jetstream Duel Custom V6 Turbo...,1
scrpack.045.0679,45,679,40,The move's name changed again.,0
scrpack.045.0688,45,688,76,Really?#cr0Mimi didn't notice at all!#cr0Master Hakuoh is amazing!,2
scrpack.045.0692,45,692,44,Whatever. What exactly was the trap?,0
scrpack.045.0712,45,712,52,The trap was... that there was no trap...,0
scrpack.045.0716,45,716,16,Thud!,0
scrpack.045.0737,45,737,36,Wasteland of Death and Fate,0
scrpack.045.0785,45,785,36,Wasteland of Death and Fate,0
scrpack.045.0795,45,795,28,"We did it, Captain.",0
scrpack.045.0799,45,799,36,"Jamira, you're a real man.",0
scrpack.045.0803,45,803,52,"All right! In the sequel, we're the stars!",0
scrpack.045.0817,45,817,16,Yeaah!!,0
scrpack.046.0031,46,31,16,Hold it!,0
scrpack.046.0045,46,45,20,What now?,0
scrpack.046.0049,46,49,20,Ba-baaam!,0
scrpack.046.0093,46,93,28,Rekuta the Weakest!,0
scrpack.046.0105,46,105,32,Kintaro the Just-There!,0
scrpack.046.0116,46,116,28,Jamira the All-Talk!,0
scrpack.046.0122,46,122,40,The Three Losers have arrived!!,0
scrpack.046.0139,46,139,28,Enough already...,0
scrpack.046.0153,46,153,128,Grrr! That's protagonist arrogance!#cr0Do you know how hard we work just to get#cr0another entrance scene...? Sniff...,2
scrpack.046.0157,46,157,32,"Okay, okay. Don't cry.",0
scrpack.046.0167,46,167,72,All right! Great opening!#cr0Now behold our new ultimate move!,1
scrpack.046.0200,46,200,32,Jetstream Duel: Final.,0
scrpack.046.0216,46,216,48,"Finally, it sounds like the last one.",0
scrpack.046.0226,46,226,64,"If it's popular,#cr0we'll make Jetstream Duel: Final 2!",1
scrpack.046.0234,46,234,56,Jetstream Duel: Final 2!#cr0That sounds so cool!,1
scrpack.046.0242,46,242,52,How can there be a sequel if it's 'Final'?,0
scrpack.046.0251,46,251,48,"Mimi, you're not supposed to say that.",0
scrpack.046.0260,46,260,48,It's called Final because it's the end.,0
scrpack.046.0269,46,269,68,S-Silence!#cr0Begging for your life now isn't very manly!,1
scrpack.046.0274,46,274,96,"I'm a girl!#cr0And I wasn't begging for anything!#cr0Aaaagh, you're driving me crazy!",2
scrpack.046.0288,46,288,32,Twilight Hell Fiiist!,0
scrpack.046.0328,46,328,16,Hidebu!,0
scrpack.046.0352,46,352,16,Captain!,0
scrpack.046.0356,46,356,24,Are you okay?!,0
scrpack.046.0364,46,364,36,D-Damn it!#cr0Remember this!,1
scrpack.046.0384,46,384,44,What were they even trying to do?,0
scrpack.046.0388,46,388,20,Who knows...,0
scrpack.047.0029,47,29,76,"The atmosphere's creepy,#cr0but this place seems pretty peaceful.",1
scrpack.047.0033,47,33,16,Yeah.,0
scrpack.047.0043,47,43,16,Pigiya!,0
scrpack.047.0049,47,49,16,WHAM!,0
scrpack.047.0060,47,60,16,CRACK!,0
scrpack.047.0065,47,65,36,Pigiya! What are you doing?!,0
scrpack.047.0069,47,69,32,"What's wrong, /sw25/?!",0
scrpack.047.0082,47,82,20,Crash! Bang!,0
scrpack.047.0104,47,104,16,Mkyu...,0
scrpack.047.0116,47,116,100,"If you want this one back,#cr0come to Lady Megaria's manor, meow.#cr0We'll be waiting, meow!",2
scrpack.047.0128,47,128,16,Wait!,0
scrpack.047.0158,47,158,72,"The atmosphere's scary,#cr0but this place seems pretty peaceful.",1
scrpack.047.0162,47,162,16,Yeah.,0
scrpack.047.0172,47,172,16,Pigiya!,0
scrpack.047.0178,47,178,16,WHAM!,0
scrpack.047.0189,47,189,16,CRACK!,0
scrpack.047.0194,47,194,36,Pigiya! What are you doing?!,0
scrpack.047.0198,47,198,32,"What's wrong, /sw25/?!",0
scrpack.047.0211,47,211,20,Crash! Bang!,0
scrpack.047.0233,47,233,16,Mkyu...,0
scrpack.047.0245,47,245,100,"If you want this one back,#cr0come to Lady Megaria's manor, meow.#cr0We'll be waiting, meow!",2
scrpack.047.0257,47,257,16,Wait!,0
scrpack.047.0287,47,287,84,"The atmosphere is unsettling,#cr0but it seems surprisingly peaceful here.",1
scrpack.047.0291,47,291,16,It does.,0
scrpack.047.0301,47,301,16,Pigiya!,0
scrpack.047.0307,47,307,16,WHAM!,0
scrpack.047.0318,47,318,16,CRACK!,0
scrpack.047.0323,47,323,36,Pigiya! What are you doing?!,0
scrpack.047.0327,47,327,32,"What's wrong, /sw25/?!",0
scrpack.047.0340,47,340,20,Crash! Bang!,0
scrpack.047.0362,47,362,16,Mkyu...,0
scrpack.047.0374,47,374,100,"If you want this one back,#cr0come to Lady Megaria's manor, meow.#cr0We'll be waiting, meow!",2
scrpack.047.0386,47,386,16,Wait!,0
scrpack.047.0416,47,416,72,"The atmosphere's creepy,#cr0but it seems pretty peaceful here.",1
scrpack.047.0420,47,420,16,Yeah.,0
scrpack.047.0430,47,430,16,Pigiya!,0
scrpack.047.0436,47,436,16,WHAM!,0
scrpack.047.0447,47,447,16,CRACK!,0
scrpack.047.0452,47,452,36,Pigiya! What are you doing?!,0
scrpack.047.0456,47,456,32,"What's wrong, /sw25/?!",0
scrpack.047.0469,47,469,20,Crash! Bang!,0
scrpack.047.0491,47,491,16,Mkyu...,0
scrpack.047.0503,47,503,100,"If you want this one back,#cr0come to Lady Megaria's manor, meow.#cr0We'll be waiting, meow!",2
scrpack.047.0515,47,515,16,Waaait!,0
scrpack.048.0119,48,119,24,Megaria's Manor,0
scrpack.048.0139,48,139,56,"So, you have come.#cr0Make yourself comfortable.",1
scrpack.048.0148,48,148,52,/sw25/! Where are you?!#cr0Give him back!,1
scrpack.048.0152,48,152,52,Surely you know that Ballom#cr0is my enemy.,1
scrpack.048.0156,48,156,44,I don't care!#cr0Where's /sw25/?!,1
scrpack.048.0169,48,169,16,Pigi!,0
scrpack.048.0173,48,173,16,/sw25/!,0
scrpack.048.0177,48,177,52,Be silent and listen to what I have to say.,0
scrpack.048.0181,48,181,20,Otherwise...,0
scrpack.048.0194,48,194,16,WHAM!,0
scrpack.048.0202,48,202,16,CRACK!,0
scrpack.048.0215,48,215,20,Pii! Pii!,0
scrpack.048.0219,48,219,16,Stop it!,0
scrpack.048.0233,48,233,16,Piiiiii!,0
scrpack.048.0237,48,237,16,Stop it!,0
scrpack.048.0241,48,241,40,I told you to listen in silence.,0
scrpack.048.0251,48,251,12,...,0
scrpack.048.0264,48,264,28,Hmm. Much better.,0
scrpack.048.0268,48,268,64,Ballom and I are fighting#cr0for control of this city.,1
scrpack.048.0272,48,272,44,You will become one of my soldiers.,0
scrpack.048.0282,48,282,56,"This isn't a request, meow.#cr0It's an order.",1
scrpack.048.0292,48,292,16,What?!,0
scrpack.048.0306,48,306,24,Pii... pii...,0
scrpack.048.0310,48,310,24,That's dirty!,0
scrpack.048.0320,48,320,40,"Was that supposed to mean ""no""?",0
scrpack.048.0327,48,327,24,Piiiiiiiiii...,0
scrpack.048.0337,48,337,32,All right... I'll help.,0
scrpack.048.0350,48,350,56,Very well.#cr0Then I shall give you your orders.,1
scrpack.048.0360,48,360,68,"These are Lady Megaria's orders, meow.#cr0Listen carefully.",1
scrpack.048.0370,48,370,60,There is a small manor#cr0northeast of this town.,1
scrpack.048.0374,48,374,100,"Ballom is gathering duelists there.#cr0Naturally, he intends to turn them#cr0into his pawns.",2
scrpack.048.0378,48,378,64,Destroy every duelist#cr0who has chosen to serve Ballom.,1
scrpack.048.0401,48,401,56,"So, you have come.#cr0Make yourself comfortable.",1
scrpack.048.0410,48,410,52,/sw25/! Where are you?!#cr0Give him back!,1
scrpack.048.0414,48,414,52,Surely you know that Ballom#cr0is my enemy.,1
scrpack.048.0418,48,418,28,Give /sw25/ back!,0
scrpack.048.0431,48,431,16,Pigi!,0
scrpack.048.0435,48,435,16,/sw25/!,0
scrpack.048.0439,48,439,52,Be silent and listen to what I have to say.,0
scrpack.048.0443,48,443,20,Otherwise...,0
scrpack.048.0456,48,456,16,WHAM!,0
scrpack.048.0464,48,464,16,CRACK!,0
scrpack.048.0477,48,477,20,Pii! Pii!,0
scrpack.048.0481,48,481,16,Stop it!,0
scrpack.048.0495,48,495,16,Piiiiii!,0
scrpack.048.0499,48,499,16,Stop it!,0
scrpack.048.0503,48,503,40,I told you to listen in silence.,0
scrpack.048.0513,48,513,12,...,0
scrpack.048.0526,48,526,28,Hmm. Much better.,0
scrpack.048.0530,48,530,64,Ballom and I are fighting#cr0for control of this city.,1
scrpack.048.0534,48,534,44,You will become one of my soldiers.,0
scrpack.048.0544,48,544,56,"This isn't a request, meow.#cr0It's an order.",1
scrpack.048.0554,48,554,16,What?!,0
scrpack.048.0568,48,568,24,Pii... pii...,0
scrpack.048.0572,48,572,24,That's cheating!,0
scrpack.048.0582,48,582,40,"Was that supposed to mean ""no""?",0
scrpack.048.0589,48,589,24,Piiiiiiiiii...,0
scrpack.048.0599,48,599,24,Fine! I'll help.,0
scrpack.048.0612,48,612,56,Very well.#cr0Then I shall give you your orders.,1
scrpack.048.0622,48,622,68,"These are Lady Megaria's orders, meow.#cr0Listen carefully.",1
scrpack.048.0632,48,632,60,There is a small manor#cr0northeast of this town.,1
scrpack.048.0636,48,636,100,"Ballom is gathering duelists there.#cr0Naturally, he intends to turn them#cr0into his pawns.",2
scrpack.048.0640,48,640,64,Destroy every duelist#cr0who has chosen to serve Ballom.,1
scrpack.048.0663,48,663,56,"So, you have come.#cr0Make yourself comfortable.",1
scrpack.048.0672,48,672,48,Where is /sw25/?#cr0Return him at once!,1
scrpack.048.0676,48,676,52,Surely you know that Ballom#cr0is my enemy.,1
scrpack.048.0680,48,680,72,What are you talking about?#cr0What have you done with /sw25/?,1
scrpack.048.0693,48,693,16,Pigi!,0
scrpack.048.0697,48,697,16,/sw25/!,0
scrpack.048.0701,48,701,52,Be silent and listen to what I have to say.,0
scrpack.048.0705,48,705,20,Otherwise...,0
scrpack.048.0718,48,718,16,WHAM!,0
scrpack.048.0726,48,726,16,CRACK!,0
scrpack.048.0739,48,739,20,Pii! Pii!,0
scrpack.048.0743,48,743,20,Stop this!,0
scrpack.048.0757,48,757,16,Piiiiii!,0
scrpack.048.0761,48,761,20,Stop this!,0
scrpack.048.0765,48,765,40,I told you to listen in silence.,0
scrpack.048.0775,48,775,16,Ugh...,0
scrpack.048.0788,48,788,28,Hmm. Much better.,0
scrpack.048.0792,48,792,64,Ballom and I are fighting#cr0for control of this city.,1
scrpack.048.0796,48,796,44,You will become one of my soldiers.,0
scrpack.048.0806,48,806,56,"This isn't a request, meow.#cr0It's an order.",1
scrpack.048.0816,48,816,16,What?!,0
scrpack.048.0830,48,830,24,Pii... pii...,0
scrpack.048.0834,48,834,20,S-Stop it!,0
scrpack.048.0844,48,844,40,"Was that supposed to mean ""no""?",0
scrpack.048.0851,48,851,24,Piiiiiiiiii...,0
scrpack.048.0861,48,861,36,Very well. I will cooperate.,0
scrpack.048.0874,48,874,56,Very well.#cr0Then I shall give you your orders.,1
scrpack.048.0884,48,884,68,"These are Lady Megaria's orders, meow.#cr0Listen carefully.",1
scrpack.048.0894,48,894,60,There is a small manor#cr0northeast of this town.,1
scrpack.048.0898,48,898,100,"Ballom is gathering duelists there.#cr0Naturally, he intends to turn them#cr0into his pawns.",2
scrpack.048.0902,48,902,64,Destroy every duelist#cr0who has chosen to serve Ballom.,1
scrpack.048.0925,48,925,56,"So, you have come.#cr0Make yourself comfortable.",1
scrpack.048.0933,48,933,44,Where's /sw25/?#cr0Give him back!,1
scrpack.048.0937,48,937,52,Surely you know that Ballom#cr0is my enemy.,1
scrpack.048.0941,48,941,56,What are you talking about?!#cr0Where's /sw25/?,1
scrpack.048.0954,48,954,16,Pigi!,0
scrpack.048.0958,48,958,16,/sw25/!,0
scrpack.048.0962,48,962,52,Be silent and listen to what I have to say.,0
scrpack.048.0966,48,966,20,Otherwise...,0
scrpack.048.0979,48,979,16,WHAM!,0
scrpack.048.0987,48,987,16,CRACK!,0
scrpack.048.1000,48,1000,20,Pii! Pii!,0
scrpack.048.1004,48,1004,16,Stop it!,0
scrpack.048.1018,48,1018,16,Piiiiii!,0
scrpack.048.1022,48,1022,16,Stop it!,0
scrpack.048.1026,48,1026,40,I told you to listen in silence.,0
scrpack.048.1036,48,1036,12,...,0
scrpack.048.1049,48,1049,28,Hmm. Much better.,0
scrpack.048.1053,48,1053,64,Ballom and I are fighting#cr0for control of this city.,1
scrpack.048.1057,48,1057,44,You will become one of my soldiers.,0
scrpack.048.1067,48,1067,56,"This isn't a request, meow.#cr0It's an order.",1
scrpack.048.1077,48,1077,36,What kind of order is that?!,0
scrpack.048.1091,48,1091,24,Pii... pii...,0
scrpack.048.1095,48,1095,24,Y-You coward!,0
scrpack.048.1105,48,1105,40,"Was that supposed to mean ""no""?",0
scrpack.048.1112,48,1112,24,Piiiiiiiiii...,0
scrpack.048.1122,48,1122,28,Fine. I'll help you.,0
scrpack.048.1135,48,1135,56,Very well.#cr0Then I shall give you your orders.,1
scrpack.048.1145,48,1145,68,"These are Lady Megaria's orders, meow.#cr0Listen carefully.",1
scrpack.048.1155,48,1155,60,There is a small manor#cr0northeast of this town.,1
scrpack.048.1159,48,1159,100,"Ballom is gathering duelists there.#cr0Naturally, he intends to turn them#cr0into his pawns.",2
scrpack.048.1163,48,1163,64,Destroy every duelist#cr0who has chosen to serve Ballom.,1
scrpack.048.1177,48,1177,84,I have other work for your companions.#cr0You will go to the manor alone.,1
scrpack.048.1198,48,1198,108,"There's a cave nearby, meow.#cr0There should be a secret passage inside#cr0that leads to the manor.",2
scrpack.048.1202,48,1202,60,"The rest is up to you, meow.#cr0Don't mess it up.",1
scrpack.052.0119,52,119,44,Plaza of Nothingness and Illusion,0
scrpack.053.0013,53,13,32,Nothing in particular.,0
scrpack.053.0019,53,19,36,What do you want to know?,0
scrpack.053.0048,53,48,124,"This is the Darkness Civilization city,#cr0the ""Paradise of Decay and Corruption.""#cr0A world of death and darkness.",2
scrpack.053.0064,53,64,96,A world of death and darkness...#cr0Heh heh... sounds perfect for me.#cr0Hyahahahaha!,2
scrpack.053.0069,53,69,52,?!#cr0Could you be...? Come a little closer.,1
scrpack.053.0083,53,83,64,H-Hey! What are you doing?!#cr0Keep your hands off me!,1
scrpack.053.0087,53,87,52,"Hmm...#cr0I see, I see.#cr0Very interesting.",2
scrpack.053.0091,53,91,44,It seems you aren't from this world.,0
scrpack.053.0101,53,101,12,...?,0
scrpack.053.0105,53,105,80,"You may have guessed already,#cr0but this is the world of D.M. Cards.",1
scrpack.053.0109,53,109,84,Things that would be mere fantasy#cr0in your world can become reality here.,1
scrpack.053.0113,53,113,108,"That is the power of mana.#cr0With enough mana, even the wildest fantasy#cr0can take physical form.",2
scrpack.053.0117,53,117,12,...,0
scrpack.053.0121,53,121,68,Your world has no mana.#cr0That is why it has no creatures.,1
scrpack.053.0125,53,125,68,This world has mana.#cr0That is why creatures exist here.,1
scrpack.053.0129,53,129,20,Understand?,0
scrpack.053.0152,53,152,36,Then why am I in this world?,0
scrpack.053.0156,53,156,24,I don't know.,0
scrpack.053.0165,53,165,16,What?,0
scrpack.053.0169,53,169,104,But I can tell you this.#cr0Someone from another world appearing here#cr0is an omen of danger.,2
scrpack.053.0179,53,179,12,...?,0
scrpack.053.0183,53,183,104,Another great disturbance must be occurring#cr0between the two worlds.#cr0This is very serious.,2
scrpack.053.0192,53,192,20,Two worlds?,0
scrpack.053.0196,53,196,48,GARDE...#cr0This must be their doing.,1
scrpack.053.0200,53,200,16,GARDE?,0
scrpack.053.0204,53,204,48,GARDE rules this world through dueling.,0
scrpack.053.0213,53,213,52,Through dueling?#cr0You can really do that?,1
scrpack.053.0217,53,217,64,"As I told you,#cr0this world is overflowing with mana.",1
scrpack.053.0221,53,221,80,The damage caused by a duel here#cr0is nothing like it is in your world.,1
scrpack.053.0225,53,225,72,"Win enough duels,#cr0and ruling this world is not impossible.",1
scrpack.053.0234,53,234,80,So I could become its ruler too.#cr0Now that's interesting! Hyahahahaha!,1
scrpack.053.0238,53,238,124,GARDE is always searching for true duelists#cr0to increase its own power.#cr0Perhaps that is why you were summoned.,2
scrpack.053.0248,53,248,40,Heh heh... so they summoned me?,0
scrpack.053.0252,53,252,68,"Then if I crush GARDE,#cr0I can become ruler of this world.",1
scrpack.053.0256,53,256,56,They won't be so easy to crush.#cr0Be careful.,1
scrpack.053.0265,53,265,60,I'll wipe them out in three days.#cr0Hyahahahaha!,1
scrpack.053.0277,53,277,84,Who knows?#cr0We belong to this world.#cr0We don't know how to reach yours.,2
scrpack.053.0291,53,291,12,...,0
scrpack.053.0295,53,295,36,Still... I have a feeling.,0
scrpack.053.0304,53,304,12,...!,0
scrpack.053.0308,53,308,36,The key lies in D.M. Cards.,0
scrpack.053.0318,53,318,20,D.M. Cards!,0
scrpack.053.0322,53,322,68,"As I've said, the power of D.M. Cards#cr0is beyond measure.",1
scrpack.053.0326,53,326,84,Gather more cards and keep dueling.#cr0I'm sure a path will eventually open.,1
scrpack.053.0338,53,338,104,"The world's most thrilling card game.#cr0At least, that's what it is#cr0to ordinary people...",2
scrpack.053.0353,53,353,12,...,0
scrpack.053.0357,53,357,68,"But to a true duelist,#cr0D.M. Cards mean something more.",1
scrpack.053.0361,53,361,112,A vast power that can scorch the heavens#cr0and shatter the earth.#cr0They say even gods bow before it.,2
scrpack.053.0365,53,365,48,D.M. Cards are the source of that power.,0
scrpack.053.0369,53,369,12,...,0
scrpack.053.0373,53,373,68,You should know already#cr0what a true duel really means...,1
scrpack.053.0382,53,382,60,You live or you die.#cr0There is no third option.,1
scrpack.053.0392,53,392,92,"D.M. Cards wield tremendous power#cr0even in your world,#cr0where mana has vanished.",2
scrpack.053.0396,53,396,108,"Imagine what would happen#cr0if that power were unleashed here,#cr0in a world overflowing with mana.",2
scrpack.053.0400,53,400,12,...,0
scrpack.053.0404,53,404,84,The power would be far beyond anything#cr0you have seen in your own world.,1
scrpack.053.0413,53,413,64,Heh heh...#cr0So I could finish my opponent for good.,1
scrpack.053.0417,53,417,128,"If two powerful duelists fought seriously,#cr0the results could be catastrophic.#cr0Even the winner might not survive.",2
scrpack.053.0422,53,422,120,Hyahahaha! That sounds even better!#cr0Anyone afraid to risk his life#cr0has no right to call himself a duelist.,2
scrpack.053.0426,53,426,56,I knew you'd say that.#cr0Then how about this?,1
scrpack.053.0435,53,435,16,Armor?!,0
scrpack.053.0439,53,439,100,"It isn't finished yet.#cr0Give me a little more time.#cr0When it's done, you can have it.",2
scrpack.053.0448,53,448,32,I don't need that junk.,0
scrpack.053.0452,53,452,40,Trust me.#cr0You should wear it.,1
scrpack.053.0456,53,456,60,I'd look ridiculous!#cr0No way I'm dueling in that!,1
scrpack.053.0480,53,480,84,"Toru kept talking about an#cr0""Evil Darkness Card.""#cr0What exactly is it?",2
scrpack.053.0484,53,484,32,An Evil Darkness Card?,0
scrpack.053.0488,53,488,104,He claimed it was a legendary card#cr0that lets a true duelist bend this world#cr0to his will...,2
scrpack.053.0492,53,492,44,There are plenty of legendary cards.,0
scrpack.053.0501,53,501,12,!!,0
scrpack.053.0505,53,505,112,But no legendary card can be obtained#cr0unless it judges its owner worthy#cr0of being a true duelist.,2
scrpack.053.0514,53,514,12,...,0
scrpack.053.0519,53,519,36,H-Hmmmm!#cr0Could you be...?,1
scrpack.053.0547,53,547,32,"Ho ho!#cr0I see, I see.",1
scrpack.053.0551,53,551,16,...What?,0
scrpack.053.0555,53,555,96,The Evil Darkness Card you seek#cr0is probably in the#cr0Wasteland of Death and Fate.,2
scrpack.053.0560,53,560,16,Oh-ho...,0
scrpack.053.0564,53,564,84,But whether you are a true duelist#cr0worthy of possessing such a card...,1
scrpack.053.0568,53,568,44,...is for the card itself to decide.,0
scrpack.053.0572,53,572,12,...,0
scrpack.053.0576,53,576,48,Go to the Wasteland of Death and Fate.,0
scrpack.053.0598,53,598,56,Well?#cr0Did you find the Evil Darkness Card?,1
scrpack.053.0602,53,602,84,Hmph.#cr0All I found was a filthy little dragon.#cr0What a waste of time.,2
scrpack.053.0616,53,616,120,"That armor protects you not only from#cr0the power of D.M. Cards,#cr0but from many kinds of attacks and damage.",2
scrpack.053.0630,53,630,88,"Mikuni the Swift has the armor.#cr0If you want it, come at me with everything!",1
scrpack.053.0641,53,641,64,Mikuni neither runs nor hides!#cr0Challenge me anytime!,1
scrpack.053.0652,53,652,68,"Originally, people like us#cr0did not exist in this world.",1
scrpack.053.0656,53,656,144,"But several years ago, the wall between#cr0dimensions broke. Thoughts from another world#cr0began taking physical form here. That's us.",2
scrpack.053.0661,53,661,44,You could call us clones of souls.,0
scrpack.053.0675,53,675,12,...,0
scrpack.053.0679,53,679,76,The me in this world and the me in yours#cr0are different people.,1
scrpack.053.0689,53,689,48,So there could be another me somewhere?,0
scrpack.053.0693,53,693,76,"There should be.#cr0But for some reason,#cr0I've never met him...",2
scrpack.053.0715,53,715,64,I saw some strange ruins.#cr0How do you operate them?,1
scrpack.053.0719,53,719,20,Not telling!,0
scrpack.053.0728,53,728,92,W-What?!#cr0Quit fooling around! Tell me now#cr0or I'll pound you into the ground!,2
scrpack.053.0732,53,732,76,"Stop shouting about everything.#cr0You have D.M. Cards, don't you?",1
scrpack.053.0741,53,741,16,What?!,0
scrpack.053.0745,53,745,68,"As I've said, the power of D.M. Cards#cr0is beyond measure.",1
scrpack.053.0749,53,749,64,What do cards have to do#cr0with some ancient machine?,1
scrpack.053.0753,53,753,84,Gather more cards and keep dueling.#cr0I'm sure a path will eventually open.,1
scrpack.053.0764,53,764,80,This city is facing a grave crisis.#cr0Ballom and Megaria are at odds.,1
scrpack.053.0768,53,768,48,The people of Darkness are terrified.,0
scrpack.053.0782,53,782,52,Really?#cr0It looks pretty peaceful to me.,1
scrpack.053.0786,53,786,92,The calm before the storm.#cr0Each side is waiting to see#cr0what the other will do.,2
scrpack.053.0797,53,797,80,This city is facing a grave crisis.#cr0Ballom and Megaria are at odds.,1
scrpack.053.0801,53,801,80,The people of Darkness are afraid#cr0war could break out at any moment.,1
scrpack.053.0815,53,815,52,Really?#cr0It looks pretty peaceful to me.,1
scrpack.053.0819,53,819,92,The calm before the storm.#cr0Each side is waiting to see#cr0what the other will do.,2
scrpack.053.0830,53,830,80,This city is facing a grave crisis.#cr0Ballom and Megaria are at odds.,1
scrpack.053.0834,53,834,80,The people of Darkness are afraid#cr0war could break out at any moment.,1
scrpack.053.0848,53,848,48,Really?#cr0It seems very peaceful to me.,1
scrpack.053.0852,53,852,92,The calm before the storm.#cr0Each side is waiting to see#cr0what the other will do.,2
scrpack.053.0863,53,863,80,This city is facing a grave crisis.#cr0Ballom and Megaria are at odds.,1
scrpack.053.0867,53,867,80,The people of Darkness are afraid#cr0war could break out at any moment.,1
scrpack.053.0881,53,881,52,Really?#cr0It seemed super peaceful to me.,1
scrpack.053.0885,53,885,92,The calm before the storm.#cr0Each side is waiting to see#cr0what the other will do.,2
scrpack.053.0896,53,896,80,So Megaria has finally made her move.#cr0This could get very serious.,1
scrpack.053.0901,53,901,88,I just heard that something strange#cr0is happening in the Water Civilization.,1
scrpack.053.0915,53,915,64,!!#cr0Rei must have made her move#cr0to defeat Benny!,2
scrpack.053.0924,53,924,56,"What's wrong, Mimi?#cr0Why the sudden outburst?",1
scrpack.053.0928,53,928,32,Because Rei...#cr0Ah!,1
scrpack.053.0933,53,933,32,"S-Sorry, Master Hakuoh.",0
scrpack.053.0942,53,942,68,"But my heart still belongs#cr0only to you, Master Hakuoh! ♪",1
scrpack.053.0946,53,946,12,??,0
scrpack.053.0955,53,955,72,"I don't really get it,#cr0but if Mimi's worried, let's all go!",1
scrpack.053.0967,53,967,64,I just heard that GARDE took away#cr0a cute young girl.,1
scrpack.053.0971,53,971,40,It might have been little Yu.,0
scrpack.053.0986,53,986,24,What?! Really?!,0
scrpack.053.0990,53,990,104,"I don't know where exactly,#cr0but I heard they took her somewhere#cr0in the Fire Civilization.",2
scrpack.053.1004,53,1004,52,"All right!#cr0Let's go find her, everyone!",1
scrpack.053.1021,53,1021,36,What do you want to know?,0
scrpack.053.1033,53,1033,68,So GARDE really was behind#cr0this entire chain of events.,1
scrpack.053.1046,53,1046,108,There is supposed to be a place#cr0where the Primordial Cards are sealed.#cr0How do we get there?,2
scrpack.053.1050,53,1050,48,Hmm... I've never heard of such a place.,0
scrpack.053.1054,53,1054,64,"Benny might know.#cr0After all, he's a member of GARDE.",1
scrpack.053.1063,53,1063,88,I see.#cr0GARDE probably knows more about#cr0the Primordial Cards than we do.,2
scrpack.053.1067,53,1067,44,"Unfortunately, that's probably true.",0
scrpack.053.1080,53,1080,88,Rumor says Benny was seen near the lab.#cr0He may be plotting something again.,1
scrpack.053.1093,53,1093,36,He seriously never learns...,0
scrpack.053.1097,53,1097,36,Would you go take a look?,0
scrpack.053.1110,53,1110,80,"Come to think of it, Shori Kirifuda#cr0stopped by while you were gone.",1
scrpack.053.1123,53,1123,24,What?! Really?!,0
scrpack.053.1127,53,1127,40,He said you've gotten stronger.,0
scrpack.053.1136,53,1136,48,"What?!#cr0Where have you been, Dad...?",1
scrpack.054.0119,54,119,36,Wasteland of Death and Fate,0
scrpack.055.0008,55,8,12,Cave,0
scrpack.055.0026,55,26,32,This must be the cave.,0
scrpack.055.0035,55,35,84,They said there was a secret passage here.#cr0I wonder where it could be.,1
scrpack.055.0056,55,56,48,There doesn't seem to be anything here.,0
scrpack.055.0072,55,72,36,You found an old photograph.,0
scrpack.055.0080,55,80,24,This photo...,0
scrpack.055.0084,55,84,16,Mimi...?,0
scrpack.055.0093,55,93,48,Hakuoh decided he hadn't seen anything.,0
scrpack.055.0110,55,110,36,You found a secret passage.,0
scrpack.055.0120,55,120,32,"All right, this is it.",0
scrpack.055.0134,55,134,48,It's pitch-black. I can't see anything.,0
scrpack.055.0150,55,150,28,"A dead end, perhaps?",0
scrpack.055.0154,55,154,20,Creeeak...,0
scrpack.055.0174,55,174,16,Dungeon,0
scrpack.055.0185,55,185,36,Ah. This must be a dungeon.,0
scrpack.055.0239,55,239,48,Mikuni! Makoto!#cr0Why are you two here?,1
scrpack.055.0243,55,243,84,"We refused to cooperate with Ballom,#cr0so they imprisoned us, Lord Hakuoh.",1
scrpack.055.0247,55,247,48,"The same is true for me, Lord Hakuoh.",0
scrpack.055.0256,55,256,64,I see. So both of you#cr0have made an enemy of Ballom.,1
scrpack.055.0260,55,260,96,Then this should be simple.#cr0Megaria asked me to come here.#cr0Would you two help me?,2
scrpack.055.0264,55,264,56,"Even if you ask us, Lord Hakuoh...#cr0That is...",1
scrpack.055.0273,55,273,16,Why not?,0
scrpack.055.0277,55,277,60,Neither Ballom nor Megaria#cr0stands for justice.,1
scrpack.055.0281,55,281,100,"Exactly.#cr0Even if it is your request, Lord Hakuoh,#cr0this is the one thing we cannot do.",2
scrpack.055.0290,55,290,16,But...,0
scrpack.055.0325,55,325,56,What's all that racket?!#cr0Hey! Keep it down!,1
scrpack.055.0335,55,335,12,Huh?,0
scrpack.055.0345,55,345,64,What?! What?! What?!#cr0You! What are you doing there?!,1
scrpack.055.0358,55,358,16,Uh-oh.,0
scrpack.055.0362,55,362,76,"I don't know what's going on,#cr0but I'm throwing you in here too!",1
scrpack.055.0373,55,373,16,Dungeon,0
scrpack.055.0412,55,412,28,Prepare yourself!,0
scrpack.055.0579,55,579,16,Dungeon,0
scrpack.055.0621,55,621,16,Dungeon,0
scrpack.055.0634,55,634,16,Mrrgh...,0
scrpack.055.0639,55,639,60,Clink!#cr0Something small and metal hit the floor.,1
scrpack.055.0647,55,647,44,Ah. Could this be the dungeon key?,0
scrpack.055.0656,55,656,56,"Mikuni, Makoto.#cr0Please wait here a moment.",1
scrpack.055.0689,55,689,32,Are you both all right?,0
scrpack.055.0693,55,693,32,"Thank you, Lord Hakuoh.",0
scrpack.055.0697,55,697,32,"Thank you, Lord Hakuoh.",0
scrpack.055.0701,55,701,44,I am grateful that you rescued us.,0
scrpack.055.0710,55,710,52,But I can never cooperate#cr0with Megaria.,1
scrpack.055.0719,55,719,36,"Nor with Ballom, of course.",0
scrpack.055.0728,55,728,68,I understand.#cr0You should do what you believe is right.,1
scrpack.055.0756,55,756,16,Dungeon,0
scrpack.055.0770,55,770,32,Now what should I do?,0
scrpack.055.0781,55,781,16,Dungeon,0
scrpack.055.0822,55,822,16,Dungeon,0
scrpack.055.0832,55,832,40,You're quite a strong duelist.,0
scrpack.055.0841,55,841,64,That was interesting.#cr0Would you like another duel?,1
scrpack.055.0845,55,845,28,...#cr0Why again?,1
scrpack.055.0854,55,854,68,Who cares about that?!#cr0Jamira never turns down a duel!,1
scrpack.055.0858,55,858,20,Duel again?,0
scrpack.055.0901,55,901,20,Great Hall,0
scrpack.055.0918,55,918,36,"Well, well. Look who it is!",0
scrpack.055.0928,55,928,60,Heh...#cr0You came all this way just to get beaten?,1
scrpack.055.0938,55,938,68,Be-la-la-la!#cr0So how do you plan to handle three of us?,1
scrpack.055.0951,55,951,40,Kokujo!#cr0What are you doing?!,1
scrpack.055.0961,55,961,112,Honestly... this is why spoiled rich boys#cr0are such a pain. Always putting on#cr0that righteous face.,2
scrpack.055.0970,55,970,20,Benny...!,0
scrpack.055.0974,55,974,92,"What, want to fight?#cr0Too bad. You've already lost,#cr0because I'm your opponent!",2
scrpack.055.0983,55,983,56,Be-la-la-la!#cr0Let the bloodbath show begin!,1
scrpack.055.1002,55,1002,16,Wait!,0
scrpack.055.1011,55,1011,52,Warrior of Love!#cr0Makoto Aizen is here!,1
scrpack.055.1020,55,1020,92,"Mikuni the Swift, reporting!#cr0In the name of justice,#cr0we'll fight at your side.",2
scrpack.055.1030,55,1030,76,Calling in friends is cheating!#cr0Fight three-on-one like a man!,1
scrpack.055.1039,55,1039,64,"One or two more losers won't matter.#cr0Right, genius?",1
scrpack.055.1048,55,1048,76,"Tch. Fine.#cr0Hey, you. I'll duel you,#cr0so you better be grateful.",2
scrpack.055.1052,55,1052,60,Come at me from anywhere you like.#cr0Just kidding.,1
scrpack.055.1094,55,1094,56,Be-la-la!#cr0Which one of you gets to face me?,1
scrpack.055.1261,55,1261,20,Great Hall,0
scrpack.055.1302,55,1302,20,Great Hall,0
scrpack.055.1312,55,1312,100,Grrr! Idiot! Loser! Poop-head!#cr0Remember this!#cr0I'll stick a bottle rocket up your butt!,2
scrpack.055.1354,55,1354,56,Don't run away with your tail between your legs.,0
scrpack.055.1521,55,1521,20,Great Hall,0
scrpack.055.1562,55,1562,20,Great Hall,0
scrpack.055.1572,55,1572,40,Damn...#cr0I lost. Completely.,1
scrpack.055.1614,55,1614,28,I'll show you hell.,0
scrpack.055.1781,55,1781,20,Great Hall,0
scrpack.055.1822,55,1822,20,Great Hall,0
scrpack.055.1832,55,1832,20,Daaaaamn it!,0
scrpack.055.1845,55,1845,76,"This isn't like you, Kokujo.#cr0Working with Benny, of all people.",1
scrpack.055.1854,55,1854,84,I only pretended to help him#cr0so I could uncover what he was really after.,1
scrpack.055.1863,55,1863,28,What do you mean?,0
scrpack.055.1867,55,1867,56,He set Ballom and Megaria against each other.,0
scrpack.055.1876,55,1876,52,What?! Benny caused all this?#cr0But why?,1
scrpack.055.1880,55,1880,72,GARDE plans to take over#cr0while the two sides are fighting.,1
scrpack.055.1884,55,1884,100,I couldn't care less what happens to this town.#cr0What bothers me is GARDE's involvement.,1
scrpack.055.1893,55,1893,52,I'll crush every last one of GARDE's plans.,0
scrpack.055.1914,55,1914,60,"Hmm. When you put it that way,#cr0it makes sense.",1
scrpack.055.1935,55,1935,44,What?! George turned into Ballom!,0
scrpack.055.1939,55,1939,76,"I suspected that Benny fellow was trouble.#cr0What say you, Megaria?",1
scrpack.055.1950,55,1950,56,Hmm...#cr0It seems we were thoroughly fooled.,1
scrpack.055.1972,55,1972,16,Pii-gya!,0
scrpack.055.1994,55,1994,40,Now then... what shall we do?,0
scrpack.055.2004,55,2004,52,"Looking back, it was a rather amusing game.",0
scrpack.055.2014,55,2014,72,"Thinking of it that way,#cr0there is little reason to be angry.",1
scrpack.055.2024,55,2024,16,Indeed.,0
scrpack.055.2037,55,2037,60,We have no further use for you.#cr0Do as you please.,1
scrpack.055.2046,55,2046,12,Huh?,0
scrpack.055.2056,55,2056,80,Megaria says you may leave alive.#cr0Begone before she changes her mind.,1
scrpack.055.2066,55,2066,44,"Goodbye!#cr0Everyone, hurry! Hurry!",1
scrpack.055.2085,55,2085,12,Cave,0
scrpack.055.2097,55,2097,32,Your allies returned.,0
scrpack.055.2105,55,2105,60,Thank goodness.#cr0It looks like everyone is safe.,1
scrpack.055.2120,55,2120,60,Still...#cr0could they really be fooled that easily?,1
scrpack.055.2124,55,2124,76,They probably never imagined#cr0someone would try to deceive them.,1
scrpack.055.2132,55,2132,48,"Kokujo, what are you going to do now?",0
scrpack.055.2141,55,2141,24,Destroy GARDE.,0
scrpack.055.2150,55,2150,36,Then our goals are the same.,0
scrpack.055.2159,55,2159,16,Yeah.,0
scrpack.055.2174,55,2174,44,Kyoshiro Kokujo joined your party.,0
scrpack.055.2199,55,2199,36,No one can stand against me!,0
scrpack.055.2209,55,2209,52,It seems my love has reached the heavens!,0
scrpack.055.2234,55,2234,20,Great Hall,0
scrpack.055.2244,55,2244,76,"Mikuni's greatest disgrace...#cr0Makoto, I leave the rest to you.",1
scrpack.055.2257,55,2257,48,Mikuni...#cr0I have received your love!,1
scrpack.055.2283,55,2283,20,Great Hall,0
scrpack.055.2293,55,2293,48,It seems my love was not quite enough.,0
scrpack.055.2306,55,2306,36,All right. I'll handle this.,0
scrpack.055.2329,55,2329,40,Let's withdraw and try again.,0
scrpack.055.2350,55,2350,20,Great Hall,0
scrpack.055.2385,55,2385,20,Great Hall,0
scrpack.055.2395,55,2395,60,Darn it!#cr0We'll have to come back and try again.,1
scrpack.056.0139,56,139,36,Wasteland of Death and Fate,0
scrpack.056.0175,56,175,68,Ngh...#cr0What the hell's going on?#cr0And where am I...?,2
scrpack.056.0199,56,199,52,"Welcome, I suppose...#cr0Kyoshiro Kokujo.",1
scrpack.056.0208,56,208,36,!?#cr0Who the hell are you?,1
scrpack.056.0212,56,212,28,I knew you'd come.,0
scrpack.056.0216,56,216,40,...What are you talking about?,0
scrpack.056.0225,56,225,120,"Playing dumb won't work, Kokujo.#cr0Don't tell me you haven't heard the rumors#cr0about the Evil Darkness Card!",2
scrpack.056.0234,56,234,32,An Evil Darkness Card?,0
scrpack.056.0243,56,243,116,"That's right, the Evil Darkness Card!#cr0A legendary card only true duelists#cr0are worthy of possessing!",2
scrpack.056.0252,56,252,28,A legendary card?!,0
scrpack.056.0256,56,256,64,"With it, you can bend this whole world#cr0to your will!",1
scrpack.056.0265,56,265,96,"What?!#cr0I don't know what kind of world this is,#cr0but now you've got my attention.",2
scrpack.056.0274,56,274,76,Now hand over the Evil Darkness Card!#cr0You're dueling me for it.,1
scrpack.056.0283,56,283,92,Duel me...?#cr0Hyah-ha-ha-ha!#cr0Don't make me laugh. What can trash like you do?,2
scrpack.056.0292,56,292,64,Hmph.#cr0Don't think I'm the same duelist I was before!,1
scrpack.056.0301,56,301,16,...What?,0
scrpack.056.0306,56,306,52,I finally finished it!#cr0My ultimate deck!,1
scrpack.056.0315,56,315,76,Hyah-ha-ha-ha-ha!#cr0Now that's funny!#cr0Fine. I'll take you on!,2
scrpack.056.0324,56,324,80,You're disappearing right here!#cr0Then the Evil Darkness Card is mine!,1
scrpack.056.0333,56,333,52,Trash. You're the one who's disappearing!,0
scrpack.056.0368,56,368,20,Let's go!,0
scrpack.056.0535,56,535,36,Wasteland of Death and Fate,0
scrpack.056.0582,56,582,36,Wasteland of Death and Fate,0
scrpack.056.0593,56,593,88,"Hyah-ha-ha-ha!#cr0You're no match for me!#cr0Now get lost, you worthless trash!",2
scrpack.056.0597,56,597,40,Damn...#cr0My ultimate deck...,1
scrpack.056.0616,56,616,88,Still...#cr0What the hell is going on?#cr0Those cards were insanely powerful...,2
scrpack.056.0659,56,659,80,Tch. Nobody's here...#cr0Where the hell am I?#cr0What is going on...?,2
scrpack.056.0670,56,670,72,Damn it. I won't get anywhere#cr0until I figure out where I am.,1
scrpack.056.0688,56,688,36,Hm? Is that... a card shop?!,0
scrpack.056.0697,56,697,72,Hmph. Perfect.#cr0I'll ask around while I strengthen my deck.,1
scrpack.056.0722,56,722,36,Wasteland of Death and Fate,0
scrpack.056.0767,56,767,36,Wasteland of Death and Fate,0
scrpack.056.0777,56,777,120,"Heh heh heh. Told you, didn't I?#cr0It doesn't matter who I face.#cr0Nobody can stand against my ultimate deck!",2
scrpack.056.0786,56,786,36,Hey!#cr0Toru! Get back here!,1
scrpack.056.0790,56,790,108,Hah. No way a third-rate duelist like you#cr0has the Evil Darkness Card.#cr0Later! Wah-ha-ha-ha...!,2
scrpack.056.0809,56,809,92,Damn it...#cr0What the hell is going on?#cr0Those cards were insanely powerful...,2
scrpack.056.0852,56,852,80,Tch. Nobody's here...#cr0Where the hell am I?#cr0What is going on...?,2
scrpack.056.0863,56,863,72,Damn it. I won't get anywhere#cr0until I figure out where I am.,1
scrpack.056.0881,56,881,36,Hm? Is that... a card shop?!,0
scrpack.056.0890,56,890,72,Hmph. Perfect.#cr0I'll ask around while I strengthen my deck.,1
scrpack.057.0020,57,20,80,So this is where the Evil Darkness Card#cr0is supposed to be sleeping...,1
scrpack.057.0044,57,44,60,Tch. Is it really here?#cr0In a place like this...?,1
scrpack.057.0076,57,76,20,"Hey, you.",0
scrpack.057.0080,57,80,12,?,0
scrpack.057.0090,57,90,44,Don't talk to me like we're friends!,0
scrpack.057.0095,57,95,52,Are you after the Evil Darkness Card too?,0
scrpack.057.0104,57,104,24,What if I am?,0
scrpack.057.0108,57,108,36,Then your fate ends here!,0
scrpack.057.0117,57,117,44,Hyahahaha!#cr0Don't make me laugh!,1
scrpack.057.0149,57,149,16,Ugh...,0
scrpack.057.0157,57,157,36,Weakling. Know your place!,0
scrpack.057.0170,57,170,20,I'm next.,0
scrpack.057.0174,57,174,16,What?,0
scrpack.057.0182,57,182,16,"No, me!",0
scrpack.057.0187,57,187,12,?!,0
scrpack.057.0196,57,196,24,I'll crush him!,0
scrpack.057.0205,57,205,12,...,0
scrpack.057.0214,57,214,16,My turn!,0
scrpack.057.0224,57,224,16,Duel!,0
scrpack.057.0233,57,233,20,Let's duel!,0
scrpack.057.0242,57,242,28,Heh...#cr0Hyahahaha!,1
scrpack.057.0276,57,276,100,"Fine by me.#cr0All of you, come at me at once!#cr0I'll send every last one of you to hell!",2
scrpack.057.0322,57,322,24,Guh... aaah...,0
scrpack.057.0330,57,330,72,"Hah... hah...#cr0What, that's it?#cr0All talk and no strength.",2
scrpack.057.0339,57,339,92,But what is wrong with these freaks...?#cr0Every one of them has completely lost it.,1
scrpack.057.0350,57,350,44,"So you've appeared, Black Reaper.",0
scrpack.057.0364,57,364,36,There's still another one?!,0
scrpack.057.0379,57,379,24,Makoto Aizen?!,0
scrpack.057.0390,57,390,48,Hyahahahaha!#cr0Now this is hilarious!,1
scrpack.057.0400,57,400,28,What is so funny?,0
scrpack.057.0409,57,409,72,Never thought I'd see you#cr0hunting the Evil Darkness Card too.,1
scrpack.057.0413,57,413,64,Don't misunderstand me.#cr0I have no need for that card.,1
scrpack.057.0422,57,422,124,"Hmph. Say whatever you want.#cr0You can preach about love all day,#cr0but in the end you only care about yourself!",2
scrpack.057.0426,57,426,96,"I only want to keep the card#cr0from being misused.#cr0By someone like you, for example.",2
scrpack.057.0431,57,431,28,W-What did you say?!,0
scrpack.057.0440,57,440,68,I knew you would come here.#cr0I've been waiting for you.,1
scrpack.057.0449,57,449,112,You bastard... Fine!#cr0I'll make a bloody mess of you too!#cr0I was getting sick of fighting weaklings!,2
scrpack.057.0484,57,484,104,"As long as love exists,#cr0I won't let you have that card.#cr0Let us begin... a duel of love.",2
scrpack.057.0651,57,651,36,Wasteland of Death and Fate,0
scrpack.057.0701,57,701,36,Wasteland of Death and Fate,0
scrpack.057.0712,57,712,44,Hyahahahaha!#cr0How does hell feel?!,1
scrpack.057.0722,57,722,64,"Not bad, actually...#cr0It seems I accomplished my goal.",1
scrpack.057.0731,57,731,52,What?!#cr0Don't act so smug after losing!,1
scrpack.057.0735,57,735,36,You still don't understand.,0
scrpack.057.0745,57,745,12,...?,0
scrpack.057.0749,57,749,80,You're not as evil as everyone thinks.#cr0That duel made it clear to me.,1
scrpack.057.0758,57,758,28,What did you say?,0
scrpack.057.0762,57,762,96,"The cards love you.#cr0And that means you love them too,#cr0whether you admit it or not.",2
scrpack.057.0771,57,771,40,"Hmph!#cr0Keep talking, weakling!",1
scrpack.057.0775,57,775,48,By the way... do you know about GARDE?,0
scrpack.057.0779,57,779,28,What about GARDE?,0
scrpack.057.0788,57,788,76,GARDE is warping the space of this world#cr0and plotting something.,1
scrpack.057.0792,57,792,12,...,0
scrpack.057.0796,57,796,44,I don't know why they're doing it.,0
scrpack.057.0805,57,805,108,You're right about one thing.#cr0This world is twisted somehow.#cr0Even the cards can't settle down.,2
scrpack.057.0814,57,814,52,"Kokujo, you can do it.#cr0Save this world.",1
scrpack.057.0823,57,823,92,.........#cr0Tch. What a stupid idea.#cr0I'm going to find that Evil Darkness Card.,2
scrpack.057.0843,57,843,68,What is this feeling...?#cr0Just sensing it makes me sick.,1
scrpack.057.0886,57,886,40,Hm?!#cr0So this is the place...,1
scrpack.057.0895,57,895,60,Heh heh... I can feel it.#cr0The power of darkness!,1
scrpack.057.0909,57,909,76,Hyahahaha!#cr0Evil Darkness Card!#cr0Come out and show yourself!!,2
scrpack.057.0917,57,917,28,Rrrrrrrrrumble...,0
scrpack.057.0954,57,954,48,There it is!#cr0The Evil Darkness Card!,1
scrpack.057.0966,57,966,16,Pigiya!,0
scrpack.057.0977,57,977,16,What?!,0
scrpack.057.0991,57,991,88,Whoa! Were you the one who broke my curse?#cr0Thank you! I'll never forget this!,1
scrpack.057.0995,57,995,12,...,0
scrpack.057.1004,57,1004,48,"From now on,#cr0I'm calling you Boss!",1
scrpack.057.1008,57,1008,16,......,0
scrpack.057.1017,57,1017,48,"Man, fresh air tastes great!#cr0Pwah!",1
scrpack.057.1021,57,1021,60,Damn it...#cr0So this isn't the Evil Darkness Card.,1
scrpack.057.1031,57,1031,100,"Boss, listen to this!#cr0GARDE, I think they called 'em.#cr0Yeah! GARDE! GARDE GARDE GARDE!",2
scrpack.057.1040,57,1040,48,S-Shut up...#cr0What did you say? GARDE?,1
scrpack.057.1044,57,1044,120,Just thinking about 'em makes me mad!#cr0GARDE locked me in this place#cr0and started twisting the whole world!,2
scrpack.057.1048,57,1048,100,"Humans and creatures started losing#cr0their minds because of it.#cr0Ain't that awful, Boss?",2
scrpack.057.1057,57,1057,68,!!#cr0So they're the reason#cr0this place feels so wrong!,2
scrpack.057.1061,57,1061,48,That's right!#cr0I can't forgive 'em!,1
scrpack.057.1070,57,1070,104,"GARDE, huh...#cr0Heh heh... sounds like they'll be fun#cr0to crush. This is getting interesting.",2
scrpack.057.1079,57,1079,40,You going after 'em right now?,0
scrpack.057.1088,57,1088,24,That's right...,0
scrpack.057.1097,57,1097,72,That's my Boss!#cr0Now you're talking!#cr0I'm coming with you!,2
scrpack.057.1106,57,1106,40,You're not coming.#cr0Get lost.,1
scrpack.057.1115,57,1115,12,Huh?,0
scrpack.057.1119,57,1119,48,Didn't you hear me?#cr0I said get lost.,1
scrpack.057.1129,57,1129,68,"Whaaat?!#cr0That's cold, Boss!#cr0I owe you for saving me!",2
scrpack.057.1134,57,1134,32,Get out of my sight!!,0
scrpack.057.1143,57,1143,20,P-Pigiya...,0
scrpack.057.1157,57,1157,72,So GARDE is the reason#cr0I got thrown into this world too...,1
scrpack.057.1166,57,1166,76,Just wait.#cr0I'll smash every last one of them.#cr0Hyahahahaha...,2
scrpack.057.1186,57,1186,36,Wasteland of Death and Fate,0
scrpack.057.1227,57,1227,36,Wasteland of Death and Fate,0
scrpack.057.1237,57,1237,68,"Finished already?#cr0That was surprisingly quick, Kokujo.",1
scrpack.057.1241,57,1241,32,D-Damn it... shut up!,0
scrpack.057.1245,57,1245,76,What is with this atmosphere...?#cr0I can't read the cards at all.,1
scrpack.057.1254,57,1254,52,Come on.#cr0That can't be all you've got.,1
scrpack.057.1263,57,1263,72,"What?!#cr0This time I'll tear you apart!#cr0Get ready, Aizen!",2
scrpack.057.1267,57,1267,20,Duel again?,0
scrpack.057.1283,57,1283,36,Wasteland of Death and Fate,0
scrpack.058.0013,58,13,44,I need the armor.#cr0Hand it over.,1
scrpack.058.0017,58,17,40,What? You want the armor now?,0
scrpack.058.0021,58,21,24,That's right.,0
scrpack.058.0025,58,25,68,"Well, you said you didn't want it,#cr0so I gave it to him.",1
scrpack.058.0045,58,45,16,Mikuni!,0
scrpack.058.0049,58,49,16,Kokujo!,0
scrpack.058.0058,58,58,52,Hand it over!#cr0It doesn't even fit you!,1
scrpack.058.0062,58,62,92,"Silence! This armor is not for me.#cr0I received it for my comrade,#cr0Master Aizen.",2
scrpack.058.0071,58,71,40,Then you don't need it anymore.,0
scrpack.058.0080,58,80,48,What do you mean?#cr0D-Don't tell me...,1
scrpack.058.0089,58,89,68,That's right.#cr0I already crushed Aizen.#cr0Hyahahahaha!,2
scrpack.058.0102,58,102,64,"Y-You fiend, Kokujo! I won't forgive you!#cr0Duel me!",1
scrpack.058.0106,58,106,56,Heh heh.#cr0Like someone like you could beat me.,1
scrpack.058.0143,58,143,52,This is for Master Aizen!#cr0Here I come!,1
scrpack.058.0310,58,310,12,Shop,0
scrpack.058.0355,58,355,12,Shop,0
scrpack.058.0366,58,366,44,Hyahahahaha!#cr0How does hell feel?!,1
scrpack.058.0370,58,370,28,I-I was careless...,0
scrpack.058.0386,58,386,40,I'll be taking that armor back.,0
scrpack.058.0400,58,400,76,You'd better get to Aizen quickly.#cr0Before some creature eats him.,1
scrpack.058.0410,58,410,36,Good. Now I can teleport.,0
scrpack.058.0432,58,432,12,Shop,0
scrpack.058.0473,58,473,12,Shop,0
scrpack.058.0483,58,483,36,Tch. I let my guard down...,0
scrpack.058.0487,58,487,24,Hmph. Excuses.,0
scrpack.058.0497,58,497,28,W-What did you say?!,0
scrpack.058.0506,58,506,96,I'll say it plainly.#cr0You are no match for me!#cr0What now? Still want another round?,2
scrpack.058.0518,58,518,60,"This time I'll tear you apart!#cr0Get ready, Mikuni!",1
scrpack.058.0525,58,525,76,"Next time we fight will be your last.#cr0Prepare yourself, Mikuni!",1
scrpack.059.0016,59,16,64,What the hell is this?#cr0Some kind of weird ruins...?,1
scrpack.059.0020,59,20,44,Only the Ancient Races can use that.,0
scrpack.059.0030,59,30,24,Ancient Races?,0
scrpack.059.0034,59,34,16,Correct.,0
scrpack.059.0038,59,38,32,You're not one of them?,0
scrpack.059.0042,59,42,20,I am not.,0
scrpack.059.0046,59,46,12,...,0
scrpack.059.0071,59,71,40,What a useless pile of ruins.,0
scrpack.059.0086,59,86,40,What a useless pile of ruins.,0
scrpack.059.0090,59,90,92,Only the Ancient Races can use that.#cr0For example... the one standing over there.,1
scrpack.059.0102,59,102,16,Pigiya?,0
scrpack.059.0115,59,115,16,You...,0
scrpack.059.0119,59,119,52,Hey! Thanks again for what you did before.,0
scrpack.059.0128,59,128,36,You can operate this thing?,0
scrpack.059.0132,59,132,20,Sure can.,0
scrpack.059.0141,59,141,28,Then start it up.,0
scrpack.059.0150,59,150,88,"Then take me with you too, Boss!#cr0Please! I'll come in handy,#cr0I promise!",2
scrpack.059.0159,59,159,12,...,0
scrpack.059.0163,59,163,96,"See, I'm really Necrodragon Galbalos.#cr0There's a reason I ended up looking like this.",1
scrpack.059.0172,59,172,20,Seriously?,0
scrpack.059.0181,59,181,12,Yep.,0
scrpack.059.0190,59,190,36,...#cr0Fine. Come with me.,1
scrpack.059.0199,59,199,32,"Yes!#cr0Thank you, Boss!",1
scrpack.059.0208,59,208,44,Now hurry up and start this thing.,0
scrpack.059.0217,59,217,28,Right! Here we go!,0
scrpack.059.0221,59,221,32,"Oh, one thing first...",0
scrpack.059.0240,59,240,44,Would you mind calling me#cr0/sw25/?,1
scrpack.059.0249,59,249,16,What?,0
scrpack.059.0253,59,253,32,Then I'll start it up.,0
scrpack.059.0262,59,262,56,Who cares about that?!#cr0Just move it already!,1
scrpack.059.0272,59,272,20,R-Right...,0
scrpack.059.0315,59,315,48,All right!#cr0Now we can go anywhere!,1
scrpack.059.0319,59,319,12,...,0
scrpack.059.0339,59,339,16,Waaait!,0
scrpack.059.0348,59,348,24,Tch. What now?,0
scrpack.059.0354,59,354,132,Teleporting with this device is too dangerous#cr0for an unprotected human body.#cr0You'll need something to shield yourself.,2
scrpack.059.0363,59,363,52,Something to protect my body...#cr0Armor?!,1
scrpack.059.0367,59,367,52,Exactly.#cr0Return when you have some armor.,1
scrpack.059.0393,59,393,56,"I've got the armor.#cr0No complaints now, right?",1
scrpack.059.0397,59,397,16,Correct.,0
scrpack.059.0406,59,406,28,"/sw25/, let's go.",0
scrpack.059.0410,59,410,16,Riiight!,0
scrpack.059.0421,59,421,20,Be careful.,0
scrpack.059.0480,59,480,132,Teleporting with this device is too dangerous#cr0for an unprotected human body.#cr0You'll need something to shield yourself.,2
scrpack.059.0493,59,493,52,Something to protect my body...#cr0Armor?!,1
scrpack.059.0497,59,497,52,Exactly.#cr0Return when you have some armor.,1
scrpack.060.0008,60,8,12,Cave,0
scrpack.060.0026,60,26,32,This must be the cave.,0
scrpack.060.0035,60,35,76,They said there was a secret passage here.#cr0I wonder where it is.,1
scrpack.060.0056,60,56,24,Nothing here.,0
scrpack.060.0072,60,72,36,You found an old photograph.,0
scrpack.060.0080,60,80,28,"W-Wait, is this...?",0
scrpack.060.0089,60,89,72,It's a picture of Master Hakuoh! ♪#cr0Eee! I'm keeping it! ♪,1
scrpack.060.0106,60,106,36,You found a secret passage.,0
scrpack.060.0116,60,116,28,"Ah, this must be it.",0
scrpack.060.0130,60,130,32,"Whoa, it's pitch-black!",0
scrpack.060.0146,60,146,28,"A dead end, perhaps?",0
scrpack.060.0150,60,150,20,Creeeak...,0
scrpack.060.0170,60,170,16,Dungeon,0
scrpack.060.0181,60,181,32,Oh! This is the dungeon.,0
scrpack.060.0235,60,235,64,Mikuni! Master Makoto!#cr0What are you doing down here?,1
scrpack.060.0239,60,239,72,"We refused to cooperate with Ballom,#cr0so they locked us up.",1
scrpack.060.0243,60,243,20,Same here.,0
scrpack.060.0252,60,252,60,So you both ended up#cr0making an enemy of Ballom.,1
scrpack.060.0256,60,256,96,Then this should be easy.#cr0Megaria sent me here.#cr0Could you help me out a little?,2
scrpack.060.0265,60,265,20,I refuse!,0
scrpack.060.0274,60,274,24,Aww!#cr0Why not?,1
scrpack.060.0278,60,278,56,Neither Ballom nor Megaria stands for justice.,0
scrpack.060.0287,60,287,68,"Exactly.#cr0Even if I perish here,#cr0I will never aid evil.",2
scrpack.060.0296,60,296,20,But still...,0
scrpack.060.0331,60,331,56,What's all that racket?!#cr0Hey! Keep it down!,1
scrpack.060.0341,60,341,12,Huh?,0
scrpack.060.0351,60,351,64,What?! What?! What?!#cr0You! What are you doing there?!,1
scrpack.060.0364,60,364,16,Uh-oh.,0
scrpack.060.0368,60,368,76,"I don't know what's going on,#cr0but I'm throwing you in here too!",1
scrpack.060.0379,60,379,16,Dungeon,0
scrpack.060.0418,60,418,28,Prepare yourself!,0
scrpack.060.0585,60,585,16,Dungeon,0
scrpack.060.0627,60,627,16,Dungeon,0
scrpack.060.0640,60,640,16,Mrrgh...,0
scrpack.060.0645,60,645,60,Clink!#cr0Something small and metal hit the floor.,1
scrpack.060.0653,60,653,40,Huh? Is this the dungeon key?,0
scrpack.060.0662,60,662,60,"Mikuni, Master Makoto.#cr0Hang on. I'll get you out.",1
scrpack.060.0695,60,695,24,You two okay?,0
scrpack.060.0699,60,699,28,You have my thanks.,0
scrpack.060.0703,60,703,20,Thank you.,0
scrpack.060.0707,60,707,44,I am grateful that you rescued us.,0
scrpack.060.0716,60,716,72,"However, I will never cooperate#cr0with the likes of Megaria.",1
scrpack.060.0725,60,725,36,"Nor with Ballom, of course.",0
scrpack.060.0734,60,734,36,"I know, I know.#cr0See you!",1
scrpack.060.0762,60,762,16,Dungeon,0
scrpack.060.0776,60,776,32,Now what should I do?,0
scrpack.060.0787,60,787,16,Dungeon,0
scrpack.060.0828,60,828,16,Dungeon,0
scrpack.060.0838,60,838,36,"Hey, let's duel again! ♪",0
scrpack.060.0842,60,842,28,...#cr0Why again?,1
scrpack.060.0851,60,851,68,Who cares about that?!#cr0Jamira never turns down a duel!,1
scrpack.060.0855,60,855,20,Duel again?,0
scrpack.060.0898,60,898,20,Great Hall,0
scrpack.060.0915,60,915,36,"Well, well. Look who it is!",0
scrpack.060.0925,60,925,56,Hmph...#cr0You came all this way just to lose?,1
scrpack.060.0935,60,935,68,Be-la-la-la!#cr0So how do you plan to handle three of us?,1
scrpack.060.0948,60,948,60,Benny! What are you doing here?!#cr0And Kokujo too?!,1
scrpack.060.0958,60,958,40,Who cares? Just give up already.,0
scrpack.060.0967,60,967,52,"Oh, shut up!#cr0You won't know unless I try!",1
scrpack.060.0971,60,971,104,You've already lost before we even start.#cr0Why? Well... because your first opponent#cr0is me!,2
scrpack.060.0980,60,980,56,Be-la-la-la!#cr0Let the bloodbath show begin!,1
scrpack.060.0999,60,999,16,Wait!,0
scrpack.060.1008,60,1008,52,Warrior of Love!#cr0Makoto Aizen is here!,1
scrpack.060.1017,60,1017,92,"Mikuni the Swift, reporting!#cr0In the name of justice,#cr0we'll fight at your side.",2
scrpack.060.1027,60,1027,76,Calling in friends is cheating!#cr0Fight three-on-one like a man!,1
scrpack.060.1036,60,1036,64,"One or two more losers won't matter.#cr0Right, genius?",1
scrpack.060.1045,60,1045,76,"Tch. Fine.#cr0Hey, you. I'll duel you,#cr0so you better be grateful.",2
scrpack.060.1049,60,1049,60,Come at me from anywhere you like.#cr0Just kidding.,1
scrpack.060.1091,60,1091,56,Be-la-la!#cr0Which one of you gets to face me?,1
scrpack.060.1258,60,1258,20,Great Hall,0
scrpack.060.1299,60,1299,20,Great Hall,0
scrpack.060.1309,60,1309,100,Grrr! Idiot! Loser! Poop-head!#cr0Remember this!#cr0I'll stick a bottle rocket up your butt!,2
scrpack.060.1321,60,1321,40,"You're not getting away, Benny!",0
scrpack.060.1334,60,1334,64,Hold it. Where do you think you're going?#cr0I'm next.,1
scrpack.060.1377,60,1377,56,Don't run away with your tail between your legs.,0
scrpack.060.1544,60,1544,20,Great Hall,0
scrpack.060.1585,60,1585,20,Great Hall,0
scrpack.060.1595,60,1595,40,Damn...#cr0I lost. Completely.,1
scrpack.060.1637,60,1637,28,I'll show you hell.,0
scrpack.060.1804,60,1804,20,Great Hall,0
scrpack.060.1845,60,1845,20,Great Hall,0
scrpack.060.1855,60,1855,20,Daaaaamn it!,0
scrpack.060.1868,60,1868,84,"Kokujo, this really isn't like you.#cr0Hanging around with Benny and all.",1
scrpack.060.1877,60,1877,84,I only pretended to help him#cr0so I could uncover what he was really after.,1
scrpack.060.1886,60,1886,36,So what did he do this time?,0
scrpack.060.1890,60,1890,56,He set Ballom and Megaria against each other.,0
scrpack.060.1899,60,1899,52,"Whoa, Benny caused all this?!#cr0But why?",1
scrpack.060.1903,60,1903,76,GARDE plans to take the town#cr0while both sides are busy fighting.,1
scrpack.060.1907,60,1907,100,I couldn't care less what happens to this town.#cr0What bothers me is GARDE's involvement.,1
scrpack.060.1916,60,1916,52,I'll crush every last one of GARDE's plans.,0
scrpack.060.1937,60,1937,60,"Hmm. When you put it that way,#cr0it makes sense.",1
scrpack.060.1958,60,1958,40,Whoa! George turned into Ballom!,0
scrpack.060.1962,60,1962,76,"I suspected that Benny fellow was trouble.#cr0What say you, Megaria?",1
scrpack.060.1973,60,1973,56,Hmm...#cr0It seems we were thoroughly fooled.,1
scrpack.060.1995,60,1995,16,Pii-gya!,0
scrpack.060.2017,60,2017,40,Now then... what shall we do?,0
scrpack.060.2027,60,2027,52,"Looking back, it was a rather amusing game.",0
scrpack.060.2037,60,2037,72,"Thinking of it that way,#cr0there is little reason to be angry.",1
scrpack.060.2047,60,2047,16,Indeed.,0
scrpack.060.2060,60,2060,60,We have no further use for you.#cr0Do as you please.,1
scrpack.060.2069,60,2069,12,Huh?,0
scrpack.060.2079,60,2079,80,Megaria says you may leave alive.#cr0Begone before she changes her mind.,1
scrpack.060.2089,60,2089,60,"Eek! Bye-bye!#cr0Come on, everyone!#cr0Hurry, hurry!",2
scrpack.060.2108,60,2108,12,Cave,0
scrpack.060.2120,60,2120,32,Your allies returned.,0
scrpack.060.2128,60,2128,40,Oh! Looks like everyone's safe.,0
scrpack.060.2143,60,2143,72,"Still, it's weird how easily#cr0they let themselves get fooled.",1
scrpack.060.2147,60,2147,76,They probably never imagined#cr0someone would try to deceive them.,1
scrpack.060.2155,60,2155,44,"Kokujo, what are you gonna do now?",0
scrpack.060.2164,60,2164,24,Destroy GARDE.,0
scrpack.060.2173,60,2173,68,"If Benny's with GARDE,#cr0then we're after the same thing.",1
scrpack.060.2182,60,2182,52,Hmph. Fine.#cr0I'll tag along for a while.,1
scrpack.060.2197,60,2197,44,Kyoshiro Kokujo joined your party.,0
scrpack.060.2222,60,2222,36,No one can stand against me!,0
scrpack.060.2232,60,2232,52,It seems my love has reached the heavens!,0
scrpack.060.2257,60,2257,20,Great Hall,0
scrpack.060.2267,60,2267,76,"Mikuni's greatest disgrace...#cr0Makoto, I leave the rest to you.",1
scrpack.060.2280,60,2280,48,Mikuni...#cr0I have received your love!,1
scrpack.060.2306,60,2306,20,Great Hall,0
scrpack.060.2316,60,2316,48,It seems my love was not quite enough.,0
scrpack.060.2329,60,2329,28,All right! My turn!,0
scrpack.060.2352,60,2352,32,Let's pull back for now.,0
scrpack.060.2373,60,2373,20,Great Hall,0
scrpack.060.2408,60,2408,20,Great Hall,0
scrpack.060.2418,60,2418,44,No good!#cr0We'll have to try again.,1
scrpack.061.0008,61,8,12,Cave,0
scrpack.061.0026,61,26,32,This must be the cave.,0
scrpack.061.0035,61,35,76,They said there was a secret passage here.#cr0Where the heck is it?,1
scrpack.061.0053,61,53,32,You found an old book.,0
scrpack.061.0061,61,61,20,T-This book!,0
scrpack.061.0088,61,88,56,Whew...#cr0Duel Mustard really is a great read!,1
scrpack.061.0097,61,97,52,Whoops!#cr0I gotta find that secret passage!,1
scrpack.061.0116,61,116,24,Nothing here.,0
scrpack.061.0133,61,133,36,You found a secret passage.,0
scrpack.061.0143,61,143,32,"All right, this is it.",0
scrpack.061.0157,61,157,52,"Whoa, it's so dark#cr0I can't see a thing!",1
scrpack.061.0173,61,173,20,A dead end?,0
scrpack.061.0177,61,177,20,Creeeak...,0
scrpack.061.0197,61,197,16,Dungeon,0
scrpack.061.0208,61,208,24,Huh? A dungeon?,0
scrpack.061.0262,61,262,56,Mikuni! Makoto!#cr0What are you guys doing here?,1
scrpack.061.0266,61,266,72,"We refused to cooperate with Ballom,#cr0so they locked us up.",1
scrpack.061.0270,61,270,20,Same here.,0
scrpack.061.0279,61,279,60,So you guys ended up#cr0making an enemy of Ballom.,1
scrpack.061.0288,61,288,68,Then this should be easy.#cr0Megaria asked me to come here.,1
scrpack.061.0292,61,292,28,Will you help me?,0
scrpack.061.0301,61,301,20,I refuse!,0
scrpack.061.0305,61,305,16,Why not?,0
scrpack.061.0309,61,309,56,Neither Ballom nor Megaria stands for justice.,0
scrpack.061.0318,61,318,68,"Exactly.#cr0Even if I perish here,#cr0I will never aid evil.",2
scrpack.061.0327,61,327,24,But come on...,0
scrpack.061.0362,61,362,56,What's all that racket?!#cr0Hey! Keep it down!,1
scrpack.061.0372,61,372,12,Huh?,0
scrpack.061.0382,61,382,64,What?! What?! What?!#cr0You! What are you doing there?!,1
scrpack.061.0395,61,395,16,Uh-oh.,0
scrpack.061.0399,61,399,76,"I don't know what's going on,#cr0but I'm throwing you in here too!",1
scrpack.061.0411,61,411,16,Dungeon,0
scrpack.061.0449,61,449,28,Prepare yourself!,0
scrpack.061.0616,61,616,16,Dungeon,0
scrpack.061.0658,61,658,16,Dungeon,0
scrpack.061.0671,61,671,16,Mrrgh...,0
scrpack.061.0676,61,676,60,Clink!#cr0Something small and metal hit the floor.,1
scrpack.061.0684,61,684,44,Huh? Could this be the dungeon key?,0
scrpack.061.0693,61,693,44,"Mikuni, Makoto.#cr0Hang on a sec.",1
scrpack.061.0726,61,726,24,You two okay?,0
scrpack.061.0730,61,730,28,You have my thanks.,0
scrpack.061.0734,61,734,20,Thank you.,0
scrpack.061.0738,61,738,44,I am grateful that you rescued us.,0
scrpack.061.0747,61,747,72,"However, I will never cooperate#cr0with the likes of Megaria.",1
scrpack.061.0756,61,756,36,"Nor with Ballom, of course.",0
scrpack.061.0765,61,765,64,"Yeah, I get it.#cr0See you. Try not to get caught again!",1
scrpack.061.0793,61,793,16,Dungeon,0
scrpack.061.0807,61,807,24,So... what now?,0
scrpack.061.0818,61,818,16,Dungeon,0
scrpack.061.0859,61,859,16,Dungeon,0
scrpack.061.0869,61,869,56,Now this is getting fun!#cr0Let's duel again!,1
scrpack.061.0873,61,873,28,...#cr0Why again?,1
scrpack.061.0882,61,882,68,Who cares about that?!#cr0Jamira never turns down a duel!,1
scrpack.061.0886,61,886,20,Duel again?,0
scrpack.061.0929,61,929,20,Great Hall,0
scrpack.061.0947,61,947,36,"Well, well. Look who it is!",0
scrpack.061.0957,61,957,60,Heh...#cr0You came all this way just to get beaten?,1
scrpack.061.0967,61,967,68,Be-la-la-la!#cr0So how do you plan to handle three of us?,1
scrpack.061.0980,61,980,44,Kokujo!#cr0What are you doing here?!,1
scrpack.061.0990,61,990,60,Who cares?#cr0Just surrender already! On your knees!,1
scrpack.061.0999,61,999,40,You won't know unless we try!,0
scrpack.061.1003,61,1003,104,You've already lost before we even start.#cr0Why? Well... because your first opponent#cr0is me!,2
scrpack.061.1012,61,1012,56,Be-la-la-la!#cr0Let the bloodbath show begin!,1
scrpack.061.1031,61,1031,16,Wait!,0
scrpack.061.1040,61,1040,52,Warrior of Love!#cr0Makoto Aizen is here!,1
scrpack.061.1049,61,1049,92,"Mikuni the Swift, reporting!#cr0In the name of justice,#cr0we'll fight at your side.",2
scrpack.061.1059,61,1059,76,Calling in friends is cheating!#cr0Fight three-on-one like a man!,1
scrpack.061.1068,61,1068,64,"One or two more losers won't matter.#cr0Right, genius?",1
scrpack.061.1077,61,1077,76,"Tch. Fine.#cr0Hey, you. I'll duel you,#cr0so you better be grateful.",2
scrpack.061.1081,61,1081,60,Come at me from anywhere you like.#cr0Just kidding.,1
scrpack.061.1123,61,1123,56,Be-la-la!#cr0Which one of you gets to face me?,1
scrpack.061.1290,61,1290,20,Great Hall,0
scrpack.061.1331,61,1331,20,Great Hall,0
scrpack.061.1341,61,1341,100,Grrr! Idiot! Loser! Poop-head!#cr0Remember this!#cr0I'll stick a bottle rocket up your butt!,2
scrpack.061.1383,61,1383,56,Don't run away with your tail between your legs.,0
scrpack.061.1550,61,1550,20,Great Hall,0
scrpack.061.1591,61,1591,20,Great Hall,0
scrpack.061.1601,61,1601,40,Damn...#cr0I lost. Completely.,1
scrpack.061.1643,61,1643,28,I'll show you hell.,0
scrpack.061.1810,61,1810,20,Great Hall,0
scrpack.061.1851,61,1851,20,Great Hall,0
scrpack.061.1861,61,1861,20,Daaaaamn it!,0
scrpack.061.1874,61,1874,76,"This isn't like you, Kokujo.#cr0Hanging around with Benny and all.",1
scrpack.061.1883,61,1883,84,I only pretended to help him#cr0so I could uncover what he was really after.,1
scrpack.061.1892,61,1892,88,"A tail?#cr0First horns, now a tail?#cr0He's getting less human by the minute.",2
scrpack.061.1901,61,1901,12,...,0
scrpack.061.1910,61,1910,64,Whatever.#cr0I can't even be bothered to correct you.,1
scrpack.061.1919,61,1919,36,"Aw, you're making me blush.",0
scrpack.061.1928,61,1928,40,So what did Benny do this time?,0
scrpack.061.1932,61,1932,56,He set Ballom and Megaria against each other.,0
scrpack.061.1941,61,1941,52,"Whoa, Benny caused all this?!#cr0But why?",1
scrpack.061.1945,61,1945,72,GARDE plans to take over#cr0while the two sides are fighting.,1
scrpack.061.1949,61,1949,100,I couldn't care less what happens to this town.#cr0What bothers me is GARDE's involvement.,1
scrpack.061.1958,61,1958,52,I'll crush every last one of GARDE's plans.,0
scrpack.061.1979,61,1979,60,"Hmm. When you put it that way,#cr0it makes sense.",1
scrpack.061.2000,61,2000,40,Whoa! George turned into Ballom!,0
scrpack.061.2004,61,2004,76,"I suspected that Benny fellow was trouble.#cr0What say you, Megaria?",1
scrpack.061.2015,61,2015,56,Hmm...#cr0It seems we were thoroughly fooled.,1
scrpack.061.2037,61,2037,16,Pii-gya!,0
scrpack.061.2059,61,2059,40,Now then... what shall we do?,0
scrpack.061.2069,61,2069,52,"Looking back, it was a rather amusing game.",0
scrpack.061.2079,61,2079,72,"Thinking of it that way,#cr0there is little reason to be angry.",1
scrpack.061.2089,61,2089,16,Indeed.,0
scrpack.061.2102,61,2102,60,We have no further use for you.#cr0Do as you please.,1
scrpack.061.2111,61,2111,16,Huh?!,0
scrpack.061.2121,61,2121,80,Megaria says you may leave alive.#cr0Begone before she changes her mind.,1
scrpack.061.2131,61,2131,44,"Goodbye!#cr0Everyone, hurry! Hurry!",1
scrpack.061.2150,61,2150,12,Cave,0
scrpack.061.2162,61,2162,32,Your allies returned.,0
scrpack.061.2170,61,2170,40,"Hey, looks like everyone's safe.",0
scrpack.061.2185,61,2185,60,Still... how do you even get fooled#cr0that easily?,1
scrpack.061.2189,61,2189,76,They probably never imagined#cr0someone would try to deceive them.,1
scrpack.061.2193,61,2193,44,"Kokujo, what are you gonna do now?",0
scrpack.061.2202,61,2202,24,Destroy GARDE.,0
scrpack.061.2211,61,2211,40,Then we're after the same thing.,0
scrpack.061.2220,61,2220,16,Yeah.,0
scrpack.061.2235,61,2235,44,Kyoshiro Kokujo joined your party.,0
scrpack.061.2260,61,2260,36,No one can stand against me!,0
scrpack.061.2270,61,2270,52,It seems my love has reached the heavens!,0
scrpack.061.2295,61,2295,20,Great Hall,0
scrpack.061.2305,61,2305,76,"Mikuni's greatest disgrace...#cr0Makoto, I leave the rest to you.",1
scrpack.061.2318,61,2318,48,Mikuni...#cr0I have received your love!,1
scrpack.061.2344,61,2344,20,Great Hall,0
scrpack.061.2354,61,2354,48,It seems my love was not quite enough.,0
scrpack.061.2367,61,2367,36,All right! Leave it to me!,0
scrpack.061.2390,61,2390,48,We should probably pull back for now.,0
scrpack.061.2411,61,2411,20,Great Hall,0
scrpack.061.2446,61,2446,20,Great Hall,0
scrpack.061.2456,61,2456,44,Darn it!#cr0We'll have to try again.,1
scrpack.062.0129,62,129,32,Xenon Castle - Entrance,0
scrpack.062.0139,62,139,32,So this is Xenon Castle!,0
scrpack.062.0143,62,143,68,It's much bigger than the Duel Temple#cr0where I once lived.,1
scrpack.062.0153,62,153,60,I don't like it.#cr0Hiding in a place like this...,1
scrpack.062.0163,62,163,32,How do we get inside?,0
scrpack.062.0173,62,173,40,Xenon Castle has five gates...,0
scrpack.062.0195,62,195,24,Fortress Ruins,0
scrpack.062.0205,62,205,80,There are five Card Guardians.#cr0We have to defeat all five at once.,1
scrpack.062.0209,62,209,48,"Otherwise, the Guardians will revive.",0
scrpack.062.0231,62,231,32,Xenon Castle - Entrance,0
scrpack.062.0242,62,242,108,Just like Yu said.#cr0We each have to defeat one Guardian#cr0and break the seals at the same time.,2
scrpack.062.0252,62,252,32,So that's how it works.,0
scrpack.062.0262,62,262,16,Indeed.,0
scrpack.062.0291,62,291,32,Xenon Castle - Entrance,0
scrpack.062.0301,62,301,60,Don't worry. We're true duelists.#cr0We'll succeed.,1
scrpack.062.0305,62,305,36,"That's right, Master Hakuoh!",0
scrpack.062.0337,62,337,32,Xenon Castle - Entrance,0
scrpack.062.0347,62,347,36,All right.#cr0Let's move in!,1
scrpack.062.0379,62,379,36,Xenon Castle - Light Gate,0
scrpack.062.0394,62,394,36,So this is the Light Gate...,0
scrpack.062.0408,62,408,120,"I am the one who commands the power of Light.#cr0If you seek my power,#cr0show me strength greater than my own.",2
scrpack.062.0422,62,422,48,Gladly.#cr0I'll show you my true power!,1
scrpack.062.0435,62,435,76,I am a reflection of your own heart.#cr0Can you overcome yourself?,1
scrpack.062.0439,62,439,12,...,0
scrpack.062.0473,62,473,28,Then let us begin!!,0
scrpack.062.0640,62,640,36,Xenon Castle - Light Gate,0
scrpack.062.0685,62,685,36,Xenon Castle - Light Gate,0
scrpack.062.0695,62,695,52,"Well done, wielder of Light.#cr0Farewell.",1
scrpack.062.0714,62,714,68,"All right, I did it.#cr0I hope everyone else is doing well.",1
scrpack.062.0744,62,744,36,Xenon Castle - Light Gate,0
scrpack.062.0785,62,785,36,Xenon Castle - Light Gate,0
scrpack.062.0795,62,795,60,You are not yet worthy to wield Light.#cr0Farewell.,1
scrpack.062.0799,62,799,48,"I failed...#cr0Everyone, I'm sorry...",1
scrpack.062.0809,62,809,36,Xenon Castle - Water Gate,0
scrpack.062.0823,62,823,36,So this is the Water Gate.,0
scrpack.062.0837,62,837,120,"I am the one who commands the power of Water.#cr0If you seek my power,#cr0show me strength greater than my own.",2
scrpack.062.0851,62,851,60,I'll show you the true power#cr0of Duel Girl Mimi!!,1
scrpack.062.0864,62,864,76,I am a reflection of your own heart.#cr0Can you overcome yourself?,1
scrpack.062.0868,62,868,16,Uh-oh...,0
scrpack.062.0902,62,902,28,Then let us begin!!,0
scrpack.062.1069,62,1069,36,Xenon Castle - Water Gate,0
scrpack.062.1114,62,1114,36,Xenon Castle - Water Gate,0
scrpack.062.1124,62,1124,52,"Well done, wielder of Water.#cr0Farewell.",1
scrpack.062.1143,62,1143,80,"Yay! I did it, Master Hakuoh! ♪#cr0Mimi just clobbered that Guardian!",1
scrpack.062.1173,62,1173,20,Xenon Castle,0
scrpack.062.1214,62,1214,36,Xenon Castle - Water Gate,0
scrpack.062.1224,62,1224,60,You are not yet worthy to wield Water.#cr0Farewell.,1
scrpack.062.1228,62,1228,40,No way...#cr0This can't be...,1
scrpack.062.1238,62,1238,36,Xenon Castle - Darkness Gate,0
scrpack.062.1252,62,1252,40,So this is the Darkness Gate...,0
scrpack.062.1266,62,1266,124,"I am the one who commands the power of Darkness.#cr0If you seek my power,#cr0show me strength greater than my own.",2
scrpack.062.1280,62,1280,28,Fine. I'll show you.,0
scrpack.062.1293,62,1293,76,I am a reflection of your own heart.#cr0Can you overcome yourself?,1
scrpack.062.1327,62,1327,28,Then let us begin!!,0
scrpack.062.1494,62,1494,36,Xenon Castle - Darkness Gate,0
scrpack.062.1539,62,1539,36,Xenon Castle - Darkness Gate,0
scrpack.062.1549,62,1549,52,"Well done, wielder of Darkness.#cr0Farewell.",1
scrpack.062.1568,62,1568,68,Some Darkness Guardian.#cr0That was easy!#cr0Hyahahahaha!,2
scrpack.062.1598,62,1598,36,Xenon Castle - Darkness Gate,0
scrpack.062.1639,62,1639,36,Xenon Castle - Darkness Gate,0
scrpack.062.1649,62,1649,64,You are not yet worthy to wield Darkness.#cr0Farewell.,1
scrpack.062.1653,62,1653,20,D-Damn it!!,0
scrpack.062.1667,62,1667,32,Xenon Castle - Fire Gate,0
scrpack.062.1677,62,1677,36,So this is the Fire Gate.,0
scrpack.062.1691,62,1691,120,"I am the one who commands the power of Fire.#cr0If you seek my power,#cr0show me strength greater than my own.",2
scrpack.062.1705,62,1705,52,You got it!#cr0I'll show you a real duel!,1
scrpack.062.1718,62,1718,76,I am a reflection of your own heart.#cr0Can you overcome yourself?,1
scrpack.062.1752,62,1752,28,Then let us begin!!,0
scrpack.062.1919,62,1919,32,Xenon Castle - Fire Gate,0
scrpack.062.1964,62,1964,32,Xenon Castle - Fire Gate,0
scrpack.062.1974,62,1974,48,"Well done, wielder of Fire.#cr0Farewell.",1
scrpack.062.1993,62,1993,20,All right!,0
scrpack.062.2023,62,2023,20,Xenon Castle,0
scrpack.062.2064,62,2064,32,Xenon Castle - Fire Gate,0
scrpack.062.2074,62,2074,60,You are not yet worthy to wield Fire.#cr0Farewell.,1
scrpack.062.2078,62,2078,44,"D-Damn it...#cr0Everyone, sorry...",1
scrpack.062.2088,62,2088,36,Xenon Castle - Nature Gate,0
scrpack.062.2102,62,2102,36,So this is the Nature Gate.,0
scrpack.062.2116,62,2116,120,"I am the one who commands the power of Nature.#cr0If you seek my power,#cr0show me strength greater than my own.",2
scrpack.062.2130,62,2130,44,"All right, let's do this!#cr0Hi-yah!",1
scrpack.062.2143,62,2143,76,I am a reflection of your own heart.#cr0Can you overcome yourself?,1
scrpack.062.2177,62,2177,28,Then let us begin!!,0
scrpack.062.2344,62,2344,36,Xenon Castle - Nature Gate,0
scrpack.062.2391,62,2391,36,Xenon Castle - Nature Gate,0
scrpack.062.2401,62,2401,52,"Well done, wielder of Nature.#cr0Farewell.",1
scrpack.062.2420,62,2420,68,"All right, I did it.#cr0I hope everyone else is doing well.",1
scrpack.062.2451,62,2451,36,Xenon Castle - Nature Gate,0
scrpack.062.2492,62,2492,36,Xenon Castle - Nature Gate,0
scrpack.062.2502,62,2502,60,You are not yet worthy to wield Nature.#cr0Farewell.,1
scrpack.062.2506,62,2506,48,"D-Darn it...#cr0Everyone, I'm sorry...",1
scrpack.062.2511,62,2511,40,Tch. Let's fall back for now...,0
scrpack.062.2522,62,2522,32,Tch. We'll try again!,0
scrpack.062.2533,62,2533,24,Remember this!,0
scrpack.062.2544,62,2544,40,Damn... We'll have to try again.,0
scrpack.062.2555,62,2555,32,Damn it! Remember this!,0
scrpack.062.2574,62,2574,36,Xenon Castle - Nature Gate,0
scrpack.062.2609,62,2609,64,The seal is broken!#cr0Everyone else must have won too!,1
scrpack.062.2657,62,2657,32,Xenon Castle - Interior,0
scrpack.062.2679,62,2679,36,Hey!#cr0Where is everybody?!,1
scrpack.062.2704,62,2704,20,!#cr0Oh no!,1
scrpack.062.2708,62,2708,40,Bucketman!!#cr0Are you okay?!,1
scrpack.062.2734,62,2734,76,It's no use. It won't budge.#cr0Everyone else is fighting Xenon...,1
scrpack.062.2743,62,2743,44,Wait here.#cr0I'll go find the key.,1
scrpack.062.2760,62,2760,52,"Wait, /sw25/!#cr0It's dangerous to go alone!",1
scrpack.062.2791,62,2791,24,Xenon's Chamber,0
scrpack.062.2807,62,2807,32,"Everyone, you're okay!",0
scrpack.062.2820,62,2820,56,"I'm so glad to see you again, Master Hakuoh! ♪",0
scrpack.062.2824,62,2824,68,That loser was supposed to be a Guardian?#cr0What a joke.,1
scrpack.062.2833,62,2833,36,Huh?#cr0Where's Bucketman?,1
scrpack.062.2842,62,2842,32,Come to think of it...,0
scrpack.062.2851,62,2851,32,Did something happen...?,0
scrpack.062.2855,62,2855,68,You have done well to come this far.#cr0You have my praise.,1
scrpack.062.2864,62,2864,24,Who's there?!,0
scrpack.062.2868,62,2868,24,My name is...,0
scrpack.062.2919,62,2919,16,Xenon.,0
scrpack.062.2937,62,2937,20,So you're...,0
scrpack.062.2946,62,2946,40,So you finally show yourself...,0
scrpack.062.2950,62,2950,24,Heh heh heh...,0
scrpack.062.2959,62,2959,80,"The Black Reaper, Kyoshiro Kokujo,#cr0will be your opponent! Come on!",1
scrpack.062.2963,62,2963,36,Very well.#cr0True duelist.,1
scrpack.062.2984,62,2984,24,"Wait, Kokujo!",0
scrpack.062.2988,62,2988,36,What's he rushing in for?!,0
scrpack.062.2997,62,2997,44,"Damn it, Bucketman isn't here yet.",0
scrpack.062.3030,62,3030,44,"Here I come!#cr0Shields, deploy!!",1
scrpack.062.3070,62,3070,32,Xenon Castle - Interior,0
scrpack.062.3080,62,3080,32,I hope /sw25/ is okay...,0
scrpack.062.3091,62,3091,60,That shaking...#cr0Did the battle with Xenon start?,1
scrpack.062.3097,62,3097,20,Everyone...,0
scrpack.062.3101,62,3101,20,Bucketmaaan!,0
scrpack.062.3120,62,3120,40,/sw25/! I'm glad you're okay!,0
scrpack.062.3125,62,3125,44,Sorry...#cr0I couldn't find the key.,1
scrpack.062.3134,62,3134,20,It's okay.,0
scrpack.062.3144,62,3144,20,Everyone...,0
scrpack.062.3160,62,3160,12,...,0
scrpack.062.3167,62,3167,16,/sw25/?,0
scrpack.062.3178,62,3178,16,Nodaaa!!,0
scrpack.062.3191,62,3191,16,/sw25/?!,0
scrpack.062.3197,62,3197,16,Nodaaa!!,0
scrpack.062.3210,62,3210,48,"/sw25/, stop!#cr0You'll hurt yourself!",1
scrpack.062.3224,62,3224,44,Hah... hah...#cr0I'm not stopping.,1
scrpack.062.3228,62,3228,56,Everyone is fighting.#cr0I'm going to fight too.,1
scrpack.062.3241,62,3241,20,/sw25/...,0
scrpack.062.3247,62,3247,60,"When we first met,#cr0you fought for me, Bucketman.",1
scrpack.062.3255,62,3255,12,...,0
scrpack.062.3261,62,3261,64,"I like watching you fight, Bucketman.#cr0You're so cool.",1
scrpack.062.3269,62,3269,12,...,0
scrpack.062.3275,62,3275,60,I want to see the cool Bucketman#cr0again and again.,1
scrpack.062.3279,62,3279,12,...,0
scrpack.062.3287,62,3287,96,"When Xenon is defeated, you'll go home.#cr0I'll be lonely.#cr0But even so... even so...",2
scrpack.062.3293,62,3293,44,I want Bucketman to keep fighting!!,0
scrpack.062.3331,62,3331,32,The bars vanished...?,0
scrpack.062.3340,62,3340,24,"Wait, /sw25/!",0
scrpack.062.3349,62,3349,16,Noda...,0
scrpack.062.3358,62,3358,32,"Stay with me, /sw25/!",0
scrpack.062.3369,62,3369,52,"I'm okay.#cr0I'm still a dragon, after all.",1
scrpack.062.3378,62,3378,76,"More importantly, hurry, Bucketman!#cr0Everyone is fighting Xenon!",1
scrpack.062.3387,62,3387,72,"Right! Let's go, /sw25/!#cr0I'll show you the coolest duel ever!",1
scrpack.062.3396,62,3396,16,Noda!,0
scrpack.062.3428,62,3428,24,Xenon's Chamber,0
scrpack.062.3444,62,3444,36,Everyone!#cr0Are you okay?!,1
scrpack.062.3449,62,3449,12,!!!,0
scrpack.062.3459,62,3459,36,Shobu! Hakuoh! Kokujo! Mimi!,0
scrpack.062.3463,62,3463,56,They're all down...#cr0Because I was too late...,1
scrpack.062.3467,62,3467,44,Heh heh heh... They entertained me.,0
scrpack.062.3471,62,3471,24,Who's there?!,0
scrpack.062.3475,62,3475,28,Heh heh... I am...,0
scrpack.062.3522,62,3522,16,Xenon.,0
scrpack.062.3538,62,3538,24,You're Xenon!,0
scrpack.062.3542,62,3542,56,"Indeed. I've been waiting for you, Bucketman.",0
scrpack.062.3546,62,3546,64,"While I waited for you,#cr0I sampled a few appetizers.",1
scrpack.062.3550,62,3550,64,You'll pay for what you did to everyone!#cr0Get ready!,1
scrpack.062.3554,62,3554,108,"Don't be so impatient, Bucketman.#cr0You have a long life ahead of you.#cr0A very, very long one.",2
scrpack.062.3563,62,3563,28,What do you mean?,0
scrpack.062.3572,62,3572,44,This is the origin of D.M. Cards...,0
scrpack.062.3576,62,3576,32,The Primordial Card!!,0
scrpack.062.3585,62,3585,16,W-What?!,0
scrpack.062.3589,62,3589,76,Yes. Any life absorbed by this card#cr0is reborn as a new D.M. Card.,1
scrpack.062.3598,62,3598,44,"Now that you mention it, Yu said...",0
scrpack.062.3602,62,3602,116,"Sacrifice a creature to the Primordial Card,#cr0and a D.M. Card bearing its abilities#cr0will be created.",2
scrpack.062.3606,62,3606,40,So Yu Fua told you. Heh heh...,0
scrpack.062.3615,62,3615,28,What's so funny?!,0
scrpack.062.3619,62,3619,32,Yu Fua is my fiancee.,0
scrpack.062.3628,62,3628,16,W-What?!,0
scrpack.062.3632,62,3632,124,"Originally, I abducted her as bait#cr0to keep Benny chasing after me.#cr0But I took a liking to her, so I kept her.",2
scrpack.062.3636,62,3636,108,"It was magnificent!#cr0Terrified by my power, she knelt before me#cr0and swore to become my wife!",2
scrpack.062.3645,62,3645,60,You bastard!#cr0I'll never forgive you!#cr0Duel me!!,2
scrpack.062.3649,62,3649,104,You have already proven yourself worthy#cr0of becoming my ultimate card.#cr0There is no need.,2
scrpack.062.3653,62,3653,68,What the hell are you talking about?!#cr0Get your deck out!,1
scrpack.062.3657,62,3657,76,The Primordial Card does not turn#cr0only creatures into D.M. Cards.,1
scrpack.062.3661,62,3661,64,It can grant power far beyond#cr0that of any creature.,1
scrpack.062.3670,62,3670,44,Power far beyond that of creatures?,0
scrpack.062.3674,62,3674,84,Yes.#cr0The power to draw out a card's strength#cr0and command it at will.,2
scrpack.062.3678,62,3678,72,Only one who possesses that ability#cr0is a fitting sacrifice.,1
scrpack.062.3682,62,3682,32,No... You don't mean...,0
scrpack.062.3686,62,3686,24,Yes. A duelist!,0
scrpack.062.3690,62,3690,56,A great duelist can command#cr0any card at will.,1
scrpack.062.3694,62,3694,104,"Sacrifice a duelist,#cr0and an ultimate card capable of ruling#cr0all other cards will be born!",2
scrpack.062.3698,62,3698,24,Y-You monster...,0
scrpack.062.3702,62,3702,48,"What do you think,#cr0Great Bucketman?",1
scrpack.062.3724,62,3724,28,W-When did you...?!,0
scrpack.062.3729,62,3729,44,Aaaah!#cr0What are you doing?! Stop!,1
scrpack.062.3733,62,3733,60,Great Bucketman!#cr0You will be reborn as a card.,1
scrpack.062.3737,62,3737,64,Begin your second life as my servant!#cr0Wahahahahaha!,1
scrpack.062.3742,62,3742,20,No! Stop!!,0
scrpack.062.3747,62,3747,16,Pigiya!,0
scrpack.062.3789,62,3789,24,Xenon's Chamber,0
scrpack.062.3799,62,3799,20,Bucketman!,0
scrpack.062.3808,62,3808,36,Mimi...#cr0D-Did I survive?,1
scrpack.062.3812,62,3812,32,!#cr0W-What is this?!,1
scrpack.062.3826,62,3826,24,"Hey, /sw25/...",0
scrpack.062.3830,62,3830,12,...,0
scrpack.062.3834,62,3834,28,/sw25/! Answer me!!,0
scrpack.062.3844,62,3844,20,N-Nngh...,0
scrpack.062.3849,62,3849,52,The Primordial Card I finally obtained...,0
scrpack.062.3853,62,3853,44,...has become a worthless card...,0
scrpack.062.3867,62,3867,40,"Xenon, I'll never forgive you!!",0
scrpack.062.3871,62,3871,64,Great Bucketman!#cr0Losing your friend must be painful.,1
scrpack.062.3875,62,3875,40,But my sorrow is greater still.,0
scrpack.062.3879,62,3879,84,"I was on the verge of obtaining#cr0the ultimate card, and you stopped me!",1
scrpack.062.3883,62,3883,40,Can you comprehend my anguish?!,0
scrpack.062.3887,62,3887,48,Can you comprehend my disappointment?!,0
scrpack.062.3891,62,3891,36,Can you comprehend my rage?!,0
scrpack.062.3895,62,3895,72,Of course not.#cr0A common fool like you could never understand.,1
scrpack.062.3901,62,3901,24,Quit whining!,0
scrpack.062.3905,62,3905,32,I'm going to crush you.,0
scrpack.062.3916,62,3916,44,Get your deck out!#cr0We're dueling!,1
scrpack.062.3925,62,3925,20,Very well...,0
scrpack.062.3961,62,3961,52,Bucketman! Pay for the pain you caused me!!,0
scrpack.062.4128,62,4128,20,Xenon Castle,0
scrpack.062.4156,62,4156,24,Xenon's Chamber,0
scrpack.062.4197,62,4197,24,Xenon's Chamber,0
scrpack.062.4207,62,4207,92,"Fool.#cr0Had you quietly become a card,#cr0you could have avoided this suffering.",2
scrpack.062.4213,62,4213,44,Guh...#cr0I-I'm not finished yet...,1
scrpack.062.4223,62,4223,52,Very well!#cr0This time I will finish you!,1
scrpack.062.4230,62,4230,20,Duel again?,0
scrpack.062.4244,62,4244,36,I'm sorry...#cr0/sw25/...,1
scrpack.062.4291,62,4291,24,Xenon's Chamber,0
scrpack.062.4301,62,4301,68,"Gah! Curse you...#cr0You dare defeat me,#cr0Great Bucketman!",2
scrpack.062.4305,62,4305,12,...,0
scrpack.062.4309,62,4309,104,"The ultimate card is gone,#cr0and mana control has been lost.#cr0This world will soon perish.",2
scrpack.062.4313,62,4313,48,"Regret your victory, Great Bucketman!!",0
scrpack.062.4328,62,4328,28,We... beat him...,0
scrpack.062.4332,62,4332,72,"Damn it... We won the duel,#cr0but I don't feel happy at all...",1
scrpack.062.4336,62,4336,36,Is that because I was gone?,0
scrpack.062.4340,62,4340,28,Y-Yeah...#cr0Huh?,1
scrpack.062.4358,62,4358,20,It's /sw25/!,0
scrpack.062.4363,62,4363,112,"When you defeated Xenon,#cr0the Primordial Card lost its power!#cr0That's how I escaped from the card.",2
scrpack.062.4372,62,4372,40,Really?!#cr0Yaaay! We did it!!!,1
scrpack.062.4381,62,4381,40,"I'm happy for you, Bucketman.",0
scrpack.062.4391,62,4391,36,"Congratulations, Bucketman.",0
scrpack.062.4401,62,4401,32,"Well done, Bucketman!",0
scrpack.062.4411,62,4411,52,Hmph. I suppose I'll praise you this once.,0
scrpack.062.4424,62,4424,104,"With the Primordial Card gone,#cr0the world's mana balance is rapidly#cr0returning to normal.",2
scrpack.062.4432,62,4432,56,Really?#cr0Then this world won't be destroyed.,1
scrpack.062.4442,62,4442,28,"Master Hakuoh, look!",0
scrpack.062.4483,62,4483,28,That's our world!,0
scrpack.062.4487,62,4487,116,Mana is flowing from this world into yours#cr0to restore the balance.#cr0Ride that flow and you can go home.,2
scrpack.062.4497,62,4497,56,All right!#cr0Everyone hurry before it closes!,1
scrpack.062.4510,62,4510,28,Wait! Bucketman...,0
scrpack.062.4518,62,4518,24,Tch. That idiot.,0
scrpack.062.4533,62,4533,40,"Bucketman, what are you doing?!",0
scrpack.062.4546,62,4546,16,Hurry!,0
scrpack.062.4559,62,4559,28,Go on without me!,0
scrpack.062.4567,62,4567,28,"Bucketman, hurry!",0
scrpack.062.4576,62,4576,32,"/sw25/, this is goodbye!",0
scrpack.062.4585,62,4585,60,"We weren't together long,#cr0but I had a great time!",1
scrpack.062.4589,62,4589,36,Thank you for everything!,0
scrpack.062.4597,62,4597,56,"Me too! I had fun too!#cr0Bucketman, take this!",1
scrpack.062.4605,62,4605,64,It's the Primordial Card.#cr0My soul remains inside it.,1
scrpack.062.4610,62,4610,56,Thanks. I'll treasure it#cr0as if it were you!,1
scrpack.062.4620,62,4620,28,"Goodbye, Bucketman!",0
scrpack.062.4624,62,4624,16,Goodbye!,0
scrpack.062.4628,62,4628,20,Bucketman!,0
scrpack.062.4632,62,4632,80,"I watched from inside the card!#cr0When you defeated Xenon, Bucketman...",1
scrpack.062.4636,62,4636,48,You were...#cr0You were absolutely...,1
scrpack.063.0015,63,15,20,Duel Plaza,0
scrpack.063.0025,63,25,36,Look! The hole is closing!,0
scrpack.063.0031,63,31,40,But Bucketman still hasn't...,0
scrpack.063.0042,63,42,36,It's no good! It's closing!,0
scrpack.063.0054,63,54,20,Bucketmaaan!,0
scrpack.063.0065,63,65,20,You called?,0
scrpack.063.0075,63,75,32,When did you get here?!,0
scrpack.063.0085,63,85,64,We thought you got left behind#cr0in the other world!,1
scrpack.063.0094,63,94,92,"What were you guys doing?#cr0You went in before me,#cr0but somehow I got back first.",2
scrpack.063.0103,63,103,84,That's it!#cr0We arrived in the reverse order#cr0from the way we entered.,2
scrpack.063.0112,63,112,60,"Oh, right.#cr0I did get back before Master Hakuoh.",1
scrpack.063.0121,63,121,40,I see. So that's what happened.,0
scrpack.063.0130,63,130,36,Huh? What's with that card?,0
scrpack.063.0139,63,139,60,Huh? There's a picture#cr0on the Primordial Card...,1
scrpack.063.0143,63,143,60,Of course...#cr0/sw25/'s soul is inside that card.,1
scrpack.063.0147,63,147,52,That was...#cr0That was...#cr0SO AWESOME!!,2
scrpack.063.0156,63,156,64,Huh? I could've sworn#cr0I just heard /sw25/'s voice...,1
scrpack.063.0165,63,165,24,What's wrong?,0
scrpack.063.0175,63,175,56,"...Nothing!#cr0Come on, everybody. Let's duel!",1
scrpack.064.0008,64,8,12,Inn,0
scrpack.064.0030,64,30,16,...Ugh.,0
scrpack.064.0035,64,35,24,Where am I...?,0
scrpack.064.0044,64,44,36,Wait! Everyone?!#cr0/sw25/?!,1
scrpack.064.0060,64,60,16,Yeah?,0
scrpack.064.0069,64,69,32,/sw25/!#cr0You're okay!,1
scrpack.064.0078,64,78,36,What's all the noise about?,0
scrpack.064.0087,64,87,32,Did something happen?,0
scrpack.064.0091,64,91,20,Everyone?!,0
scrpack.064.0100,64,100,32,What happened to Xenon?!,0
scrpack.064.0104,64,104,80,"What are you talking about, Shobu?#cr0We're about to go fight him now.",1
scrpack.064.0113,64,113,88,"Huh...?#cr0But I saw everyone get beaten,#cr0and /sw25/ was trapped in a card...",2
scrpack.064.0122,64,122,56,"What, you had a dream#cr0where Xenon beat us?",1
scrpack.064.0131,64,131,20,A dream...,0
scrpack.064.0140,64,140,56,Then let's make sure#cr0it doesn't come true.,1
scrpack.064.0149,64,149,64,Which means we'd better#cr0prepare properly first! ♪,1
scrpack.064.0158,64,158,36,So it was just a dream...,0
scrpack.064.0167,64,167,68,"All right! Let's go, everyone!#cr0We're taking Xenon down!",1
scrpack.064.0223,64,223,16,...Ugh.,0
scrpack.064.0233,64,233,24,Where am I...?,0
scrpack.064.0242,64,242,32,Everyone?!#cr0/sw25/?!,1
scrpack.064.0258,64,258,12,Yes?,0
scrpack.064.0262,64,262,20,/sw25/...?,0
scrpack.064.0271,64,271,36,"What's wrong, Master Hakuoh?",0
scrpack.064.0277,64,277,20,Everyone...,0
scrpack.064.0286,64,286,32,What happened to Xenon?!,0
scrpack.064.0296,64,296,68,What do you mean?#cr0We're about to storm Xenon's castle.,1
scrpack.064.0305,64,305,16,What...?,0
scrpack.064.0309,64,309,80,"But I clearly saw everyone defeated,#cr0and /sw25/ trapped in a card...",1
scrpack.064.0319,64,319,72,"What, you dreamed Xenon beat us?#cr0Don't tell me you're scared.",1
scrpack.064.0323,64,323,20,A dream...,0
scrpack.064.0332,64,332,56,Then let's make sure#cr0it doesn't come true!,1
scrpack.064.0341,64,341,64,Which means we'd better#cr0prepare properly first! ♪,1
scrpack.064.0350,64,350,28,So it was a dream...,0
scrpack.064.0359,64,359,72,"All right. Let's go, everyone.#cr0We're going to defeat Xenon!",1
scrpack.064.0415,64,415,16,...Ugh.,0
scrpack.064.0425,64,425,12,Huh!,0
scrpack.064.0435,64,435,24,Where am I...?,0
scrpack.064.0456,64,456,52,"What's wrong, Kokujo?#cr0You just waking up?",1
scrpack.064.0465,64,465,40,You guys...!#cr0How are you...?!,1
scrpack.064.0469,64,469,32,"How are we what, Boss?",0
scrpack.064.0473,64,473,56,/sw25/...#cr0Weren't you turned into a card...?,1
scrpack.064.0482,64,482,12,Huh?,0
scrpack.064.0491,64,491,64,"What's gotten into you, Kokujo?#cr0This isn't like you.",1
scrpack.064.0500,64,500,44,You probably dreamed Xenon beat us.,0
scrpack.064.0509,64,509,20,A dream...,0
scrpack.064.0518,64,518,56,Then let's make sure#cr0it doesn't come true!,1
scrpack.064.0527,64,527,64,Which means we'd better#cr0prepare properly first! ♪,1
scrpack.064.0531,64,531,36,So it was just a dream...,0
scrpack.064.0535,64,535,12,...,0
scrpack.064.0544,64,544,84,"Xenon...#cr0Kyoshiro Kokujo, the Grim Reaper,#cr0is coming for your head!",2
scrpack.064.0600,64,600,16,...Ugh.,0
scrpack.064.0605,64,605,24,Where am I...?,0
scrpack.064.0622,64,622,60,"What's wrong, Mimi?#cr0You were having a nightmare.",1
scrpack.064.0631,64,631,44,Master Hakuoh...#cr0You're alive...?,1
scrpack.064.0640,64,640,64,What are you talking about?#cr0You're still half-asleep.,1
scrpack.064.0645,64,645,56,/sw25/...#cr0Weren't you turned into a card...?,1
scrpack.064.0654,64,654,12,Huh?,0
scrpack.064.0663,64,663,24,"Mimi, calm down.",0
scrpack.064.0672,64,672,56,"What, dreamed Xenon beat us?#cr0Hmph. Coward.",1
scrpack.064.0681,64,681,20,A dream...,0
scrpack.064.0690,64,690,56,Then let's make sure#cr0it doesn't come true!,1
scrpack.064.0699,64,699,56,Which means we should#cr0prepare very carefully.,1
scrpack.064.0708,64,708,36,So... it was only a dream.,0
scrpack.064.0717,64,717,68,"Come on, everyone!#cr0Let's work together and defeat Xenon!",1
scrpack.064.0773,64,773,16,...Ugh.,0
scrpack.064.0778,64,778,24,Where am I...?,0
scrpack.064.0792,64,792,60,"What's wrong, Bucketman?#cr0You're making a racket.",1
scrpack.064.0808,64,808,24,W-W-Whaaaat?!,0
scrpack.064.0824,64,824,28,H-Hey!#cr0Bucketman!,1
scrpack.064.0836,64,836,32,"Bucketman, get a grip!",0
scrpack.064.0845,64,845,20,H-Huh...?,0
scrpack.064.0856,64,856,52,Everyone...?#cr0Didn't Xenon beat you...?,1
scrpack.064.0865,64,865,64,What are you talking about?#cr0You're still half-asleep.,1
scrpack.064.0869,64,869,56,/sw25/...#cr0Weren't you turned into a card...?,1
scrpack.064.0878,64,878,32,"Calm down, Bucketman.",0
scrpack.064.0887,64,887,64,"Hmph. You dreamed Xenon beat us,#cr0didn't you? Coward.",1
scrpack.064.0896,64,896,20,A dream...,0
scrpack.064.0905,64,905,56,Then let's make sure#cr0it doesn't come true.,1
scrpack.064.0914,64,914,48,Then we'd better prepare properly! ♪,0
scrpack.064.0918,64,918,28,So it was a dream...,0
scrpack.064.0927,64,927,68,"Come on, everyone!#cr0Let's work together and defeat Xenon!",1
scrpack.065.0129,65,129,32,Xenon Castle - Entrance,0
scrpack.065.0139,65,139,32,So this is Xenon Castle.,0
scrpack.065.0143,65,143,68,It's much bigger than the Duel Temple#cr0where I once lived.,1
scrpack.065.0153,65,153,60,I don't like it.#cr0Hiding in a place like this...,1
scrpack.065.0163,65,163,32,How do we get inside?,0
scrpack.065.0173,65,173,40,Xenon Castle has five gates...,0
scrpack.065.0195,65,195,24,Fortress Ruins,0
scrpack.065.0205,65,205,80,There are five Card Guardians.#cr0We have to defeat all five at once.,1
scrpack.065.0209,65,209,48,"Otherwise, the Guardians will revive.",0
scrpack.065.0231,65,231,32,Xenon Castle - Entrance,0
scrpack.065.0242,65,242,108,Just like Yu said.#cr0We each have to defeat one Guardian#cr0and break the seals at the same time.,2
scrpack.065.0252,65,252,32,So that's how it works.,0
scrpack.065.0262,65,262,16,Indeed.,0
scrpack.065.0291,65,291,32,Xenon Castle - Entrance,0
scrpack.065.0301,65,301,60,Don't worry. We're true duelists.#cr0We'll succeed.,1
scrpack.065.0305,65,305,36,"That's right, Master Hakuoh!",0
scrpack.065.0337,65,337,32,Xenon Castle - Entrance,0
scrpack.065.0347,65,347,28,"Everyone, let's go!",0
scrpack.065.0377,65,377,36,Xenon Castle - Water Gate,0
scrpack.065.0392,65,392,36,So this is the Water Gate.,0
scrpack.065.0406,65,406,120,"I am the one who commands the power of Water.#cr0If you seek my power,#cr0show me strength greater than my own.",2
scrpack.065.0420,65,420,60,I'll show you the true power#cr0of Duel Girl Mimi!!,1
scrpack.065.0433,65,433,76,I am a reflection of your own heart.#cr0Can you overcome yourself?,1
scrpack.065.0437,65,437,16,Uh-oh...,0
scrpack.065.0471,65,471,28,Then let us begin!!,0
scrpack.065.0638,65,638,36,Xenon Castle - Water Gate,0
scrpack.065.0683,65,683,36,Xenon Castle - Water Gate,0
scrpack.065.0693,65,693,52,"Well done, wielder of Water.#cr0Farewell.",1
scrpack.065.0712,65,712,80,"Yay! I did it, Master Hakuoh! ♪#cr0Mimi just clobbered that Guardian!",1
scrpack.065.0742,65,742,20,Xenon Castle,0
scrpack.065.0783,65,783,36,Xenon Castle - Water Gate,0
scrpack.065.0793,65,793,60,You are not yet worthy to wield Water.#cr0Farewell.,1
scrpack.065.0797,65,797,40,No way...#cr0This can't be...,1
scrpack.065.0807,65,807,36,Xenon Castle - Darkness Gate,0
scrpack.065.0821,65,821,40,So this is the Darkness Gate...,0
scrpack.065.0835,65,835,124,"I am the one who commands the power of Darkness.#cr0If you seek my power,#cr0show me strength greater than my own.",2
scrpack.065.0849,65,849,28,Fine. I'll show you.,0
scrpack.065.0862,65,862,76,I am a reflection of your own heart.#cr0Can you overcome yourself?,1
scrpack.065.0896,65,896,28,Then let us begin!!,0
scrpack.065.1063,65,1063,36,Xenon Castle - Darkness Gate,0
scrpack.065.1108,65,1108,36,Xenon Castle - Darkness Gate,0
scrpack.065.1118,65,1118,52,"Well done, wielder of Darkness.#cr0Farewell.",1
scrpack.065.1137,65,1137,68,Some Darkness Guardian.#cr0That was easy!#cr0Hyahahahaha!,2
scrpack.065.1167,65,1167,36,Xenon Castle - Darkness Gate,0
scrpack.065.1208,65,1208,36,Xenon Castle - Darkness Gate,0
scrpack.065.1218,65,1218,64,You are not yet worthy to wield Darkness.#cr0Farewell.,1
scrpack.065.1222,65,1222,20,D-Damn it!!,0
scrpack.065.1232,65,1232,36,Xenon Castle - Nature Gate,0
scrpack.065.1246,65,1246,36,So this is the Nature Gate.,0
scrpack.065.1260,65,1260,120,"I am the one who commands the power of Nature.#cr0If you seek my power,#cr0show me strength greater than my own.",2
scrpack.065.1274,65,1274,44,"All right, let's do this!#cr0Hi-yah!",1
scrpack.065.1287,65,1287,76,I am a reflection of your own heart.#cr0Can you overcome yourself?,1
scrpack.065.1321,65,1321,28,Then let us begin!!,0
scrpack.065.1488,65,1488,36,Xenon Castle - Nature Gate,0
scrpack.065.1533,65,1533,36,Xenon Castle - Nature Gate,0
scrpack.065.1543,65,1543,52,"Well done, wielder of Nature.#cr0Farewell.",1
scrpack.065.1562,65,1562,68,"All right, I did it.#cr0I hope everyone else is doing well.",1
scrpack.065.1592,65,1592,36,Xenon Castle - Nature Gate,0
scrpack.065.1633,65,1633,36,Xenon Castle - Nature Gate,0
scrpack.065.1643,65,1643,60,You are not yet worthy to wield Nature.#cr0Farewell.,1
scrpack.065.1647,65,1647,48,"D-Darn it...#cr0Everyone, I'm sorry...",1
scrpack.065.1661,65,1661,32,Xenon Castle - Fire Gate,0
scrpack.065.1671,65,1671,36,So this is the Fire Gate.,0
scrpack.065.1685,65,1685,120,"I am the one who commands the power of Fire.#cr0If you seek my power,#cr0show me strength greater than my own.",2
scrpack.065.1699,65,1699,52,You got it!#cr0I'll show you a real duel!,1
scrpack.065.1712,65,1712,76,I am a reflection of your own heart.#cr0Can you overcome yourself?,1
scrpack.065.1746,65,1746,28,Then let us begin!!,0
scrpack.065.1913,65,1913,32,Xenon Castle - Fire Gate,0
scrpack.065.1958,65,1958,32,Xenon Castle - Fire Gate,0
scrpack.065.1968,65,1968,48,"Well done, wielder of Fire.#cr0Farewell.",1
scrpack.065.1987,65,1987,20,All right!,0
scrpack.065.2017,65,2017,20,Xenon Castle,0
scrpack.065.2058,65,2058,32,Xenon Castle - Fire Gate,0
scrpack.065.2068,65,2068,60,You are not yet worthy to wield Fire.#cr0Farewell.,1
scrpack.065.2072,65,2072,44,"D-Damn it...#cr0Everyone, sorry...",1
scrpack.065.2082,65,2082,36,Xenon Castle - Light Gate,0
scrpack.065.2096,65,2096,36,So this is the Light Gate...,0
scrpack.065.2110,65,2110,120,"I am the one who commands the power of Light.#cr0If you seek my power,#cr0show me strength greater than my own.",2
scrpack.065.2124,65,2124,48,Gladly.#cr0I'll show you my true power!,1
scrpack.065.2137,65,2137,76,I am a reflection of your own heart.#cr0Can you overcome yourself?,1
scrpack.065.2141,65,2141,12,...,0
scrpack.065.2175,65,2175,28,Then let us begin!!,0
scrpack.065.2342,65,2342,36,Xenon Castle - Light Gate,0
scrpack.065.2389,65,2389,36,Xenon Castle - Light Gate,0
scrpack.065.2399,65,2399,52,"Well done, wielder of Light.#cr0Farewell.",1
scrpack.065.2418,65,2418,68,"All right, I did it.#cr0I hope everyone else is doing well.",1
scrpack.065.2449,65,2449,36,Xenon Castle - Light Gate,0
scrpack.065.2490,65,2490,36,Xenon Castle - Light Gate,0
scrpack.065.2500,65,2500,60,You are not yet worthy to wield Light.#cr0Farewell.,1
scrpack.065.2504,65,2504,48,"I failed...#cr0Everyone, I'm sorry...",1
scrpack.065.2509,65,2509,40,Tch. Let's fall back for now...,0
scrpack.065.2520,65,2520,32,Tch. We'll try again!,0
scrpack.065.2531,65,2531,24,Remember this!,0
scrpack.065.2542,65,2542,40,Damn... We'll have to try again.,0
scrpack.065.2553,65,2553,32,Damn it! Remember this!,0
scrpack.065.2572,65,2572,36,Xenon Castle - Light Gate,0
scrpack.065.2607,65,2607,64,The seal is broken!#cr0Everyone else must have won too!,1
scrpack.065.2655,65,2655,32,Xenon Castle - Interior,0
scrpack.065.2671,65,2671,44,I need to catch up with everyone...,0
scrpack.065.2692,65,2692,16,Damn it!,0
scrpack.065.2696,65,2696,48,Master Hakuoh!#cr0Are you all right?!,1
scrpack.065.2705,65,2705,60,I'm fine.#cr0But I can't move forward like this...,1
scrpack.065.2714,65,2714,72,I'll search for the key.#cr0Please endure this a little longer!,1
scrpack.065.2731,65,2731,60,"Wait, /sw25/!#cr0It's dangerous alone! Come back!",1
scrpack.065.2762,65,2762,24,Xenon's Chamber,0
scrpack.065.2778,65,2778,32,"Everyone, you're safe!",0
scrpack.065.2791,65,2791,16,Easy.,0
scrpack.065.2795,65,2795,68,That loser was supposed to be a Guardian?#cr0What a joke.,1
scrpack.065.2804,65,2804,40,Huh?#cr0Where's Master Hakuoh?,1
scrpack.065.2813,65,2813,32,Come to think of it...,0
scrpack.065.2822,65,2822,44,Master Hakuoh!#cr0Where are you?!,1
scrpack.065.2826,65,2826,68,You have done well to come this far.#cr0You have my praise.,1
scrpack.065.2835,65,2835,24,Who's there?!,0
scrpack.065.2839,65,2839,24,My name is...,0
scrpack.065.2890,65,2890,16,Xenon.,0
scrpack.065.2908,65,2908,20,So you're...,0
scrpack.065.2917,65,2917,40,So you finally show yourself...,0
scrpack.065.2921,65,2921,24,Heh heh heh...,0
scrpack.065.2930,65,2930,80,"The Black Reaper, Kyoshiro Kokujo,#cr0will be your opponent! Come on!",1
scrpack.065.2934,65,2934,36,Very well.#cr0True duelist.,1
scrpack.065.2955,65,2955,24,"Wait, Kokujo!",0
scrpack.065.2959,65,2959,32,Why's he rushing in?!,0
scrpack.065.2968,65,2968,40,Master Hakuoh still isn't here!,0
scrpack.065.3001,65,3001,44,"Here I come!#cr0Shields, deploy!!",1
scrpack.065.3041,65,3041,32,Xenon Castle - Interior,0
scrpack.065.3051,65,3051,32,I hope /sw25/ is okay...,0
scrpack.065.3068,65,3068,60,That shaking...#cr0Did the battle with Xenon start?,1
scrpack.065.3073,65,3073,24,Master Hakuoh!,0
scrpack.065.3092,65,3092,40,/sw25/! I'm glad you're safe!,0
scrpack.065.3097,65,3097,48,I'm sorry.#cr0I couldn't find the key.,1
scrpack.065.3106,65,3106,48,It's all right.#cr0Don't worry about it.,1
scrpack.065.3116,65,3116,20,Everyone...,0
scrpack.065.3137,65,3137,12,...,0
scrpack.065.3144,65,3144,44,"Master Hakuoh, please stand back.",0
scrpack.065.3148,65,3148,40,/sw25/?#cr0What are you doing?,1
scrpack.065.3167,65,3167,40,/sw25/?!#cr0What are you doing?!,1
scrpack.065.3182,65,3182,60,"Stop, /sw25/!#cr0Your body can't break these bars!",1
scrpack.065.3196,65,3196,32,"Even so, I can't stop.",0
scrpack.065.3204,65,3204,56,To serve the Savior...#cr0That is my mission.,1
scrpack.065.3210,65,3210,76,I can't stand by and do nothing#cr0while the Savior is in trouble.,1
scrpack.065.3223,65,3223,52,"Please stop, /sw25/!#cr0I'm not some savior!",1
scrpack.065.3229,65,3229,24,Perhaps not yet.,0
scrpack.065.3233,65,3233,88,"But once you escape and defeat Xenon,#cr0everyone will see you as the Savior.",1
scrpack.065.3241,65,3241,72,"After you defeat Xenon,#cr0you will return to your own world.",1
scrpack.065.3247,65,3247,52,Helping you reach that point#cr0is my role.,1
scrpack.065.3255,65,3255,72,"Forget the mission, /sw25/!#cr0I don't care about any of that!",1
scrpack.065.3265,65,3265,40,I don't want you to get hurt!,0
scrpack.065.3270,65,3270,12,...,0
scrpack.065.3280,65,3280,108,"Thank you, Master Hakuoh.#cr0No servant of the Savior could ask#cr0to hear anything more wonderful.",2
scrpack.065.3290,65,3290,32,But I cannot obey you.,0
scrpack.065.3300,65,3300,72,"I said stop, /sw25/!#cr0That's an order - my first order to you!",1
scrpack.065.3305,65,3305,12,...,0
scrpack.065.3315,65,3315,84,"/sw25/ is the happiest dragon alive,#cr0to have the Savior care about me...",1
scrpack.065.3325,65,3325,64,"And the worst dragon alive,#cr0because I'm defying him.",1
scrpack.065.3329,65,3329,16,/sw25/!,0
scrpack.065.3367,65,3367,32,The bars vanished...?,0
scrpack.065.3376,65,3376,24,"Wait, /sw25/!",0
scrpack.065.3385,65,3385,12,...,0
scrpack.065.3394,65,3394,40,/sw25/! /sw25/!#cr0Stay with me!,1
scrpack.065.3405,65,3405,60,"I'm all right.#cr0I am still a dragon, after all.",1
scrpack.065.3409,65,3409,60,But... what did you do?#cr0The bars just vanished...,1
scrpack.065.3413,65,3413,32,I don't know either...,0
scrpack.065.3422,65,3422,68,But we have no time to waste.#cr0Let's hurry to the others.,1
scrpack.065.3431,65,3431,100,"...Right! Let's go, /sw25/!#cr0You can watch from the front row#cr0as I become the Savior!",2
scrpack.065.3463,65,3463,24,Xenon's Chamber,0
scrpack.065.3479,65,3479,20,Everyone!,0
scrpack.065.3489,65,3489,12,!!!,0
scrpack.065.3499,65,3499,36,Shobu! Kokujo!#cr0Bucketman!,1
scrpack.065.3507,65,3507,28,M-Master Hakuoh...,0
scrpack.065.3512,65,3512,28,Mimi! Stay with me!,0
scrpack.065.3525,65,3525,56,Damn it...#cr0If only I'd gotten here sooner...,1
scrpack.065.3529,65,3529,44,Heh heh heh... They entertained me.,0
scrpack.065.3538,65,3538,28,!#cr0Who's there?!,1
scrpack.065.3542,65,3542,28,Heh heh... I am...,0
scrpack.065.3589,65,3589,16,Xenon.,0
scrpack.065.3605,65,3605,24,You're Xenon!,0
scrpack.065.3609,65,3609,52,"Indeed. I've been waiting for you, Hakuoh.",0
scrpack.065.3613,65,3613,64,"While I waited for you,#cr0I sampled a few appetizers.",1
scrpack.065.3617,65,3617,68,"You'll pay for what you did to everyone!#cr0Duel me, Xenon!",1
scrpack.065.3621,65,3621,104,"Don't be so impatient, Hakuoh.#cr0You have a long life ahead of you.#cr0A very, very long one.",2
scrpack.065.3630,65,3630,40,What...?#cr0What do you mean?,1
scrpack.065.3639,65,3639,44,This is the origin of D.M. Cards...,0
scrpack.065.3643,65,3643,32,The Primordial Card!!,0
scrpack.065.3652,65,3652,56,The Primordial Card...#cr0So you really had it!,1
scrpack.065.3656,65,3656,104,"Sacrifice a creature to the Primordial Card,#cr0and a D.M. Card bearing its abilities is born.",1
scrpack.065.3665,65,3665,84,I won't let you!#cr0I'll protect every life#cr0from your selfish desires!,2
scrpack.065.3669,65,3669,24,Heh heh heh...,0
scrpack.065.3673,65,3673,28,What's so funny?!,0
scrpack.065.3677,65,3677,76,The Primordial Card does not turn#cr0only creatures into D.M. Cards.,1
scrpack.065.3681,65,3681,64,It can grant power far beyond#cr0that of any creature.,1
scrpack.065.3690,65,3690,48,Power far beyond that of creatures...?,0
scrpack.065.3694,65,3694,84,Yes.#cr0The power to draw out a card's strength#cr0and command it at will.,2
scrpack.065.3698,65,3698,72,Only one who possesses that ability#cr0is a fitting sacrifice.,1
scrpack.065.3702,65,3702,36,N-No... You can't mean...,0
scrpack.065.3706,65,3706,24,Yes. A duelist!,0
scrpack.065.3710,65,3710,56,A great duelist can command#cr0any card at will.,1
scrpack.065.3714,65,3714,104,"Sacrifice a duelist,#cr0and an ultimate card capable of ruling#cr0all other cards will be born!",2
scrpack.065.3718,65,3718,52,You monster...#cr0I won't let you do this!,1
scrpack.065.3743,65,3743,36,What?!#cr0When did you...?,1
scrpack.065.3747,65,3747,52,"You said you'd protect every life, Hakuoh...",0
scrpack.065.3752,65,3752,64,Then protect this one!#cr0Protect yourself!#cr0Go on!,2
scrpack.065.3757,65,3757,24,Ngh! L-Let go!,0
scrpack.065.3761,65,3761,24,Master Hakuoh!,0
scrpack.065.3765,65,3765,104,Hakuoh! You will be reborn as a card#cr0and begin a second life as my servant!#cr0Wahahahahaha!,2
scrpack.065.3770,65,3770,16,Pigiya!,0
scrpack.065.3812,65,3812,24,Xenon's Chamber,0
scrpack.065.3822,65,3822,24,Master Hakuoh!,0
scrpack.065.3831,65,3831,36,Mimi...#cr0D-Did I survive?,1
scrpack.065.3835,65,3835,20,Hm? A card?,0
scrpack.065.3849,65,3849,24,W-What is this?!,0
scrpack.065.3853,65,3853,48,/sw25/!#cr0/sw25/ is inside the card?!,1
scrpack.065.3863,65,3863,20,N-Nngh...,0
scrpack.065.3868,65,3868,52,The Primordial Card I finally obtained...,0
scrpack.065.3872,65,3872,44,...has become a worthless card...,0
scrpack.065.3886,65,3886,40,Xenon... what did you just say?,0
scrpack.065.3890,65,3890,56,Hakuoh!#cr0Losing your friend must be painful.,1
scrpack.065.3894,65,3894,40,But my sorrow is greater still.,0
scrpack.065.3898,65,3898,84,"I was on the verge of obtaining#cr0the ultimate card, and you stopped me!",1
scrpack.065.3902,65,3902,40,Can you comprehend my anguish?!,0
scrpack.065.3906,65,3906,48,Can you comprehend my disappointment?!,0
scrpack.065.3910,65,3910,36,Can you comprehend my rage?!,0
scrpack.065.3914,65,3914,72,Of course not.#cr0A common fool like you could never understand.,1
scrpack.065.3920,65,3920,48,"Is that all you have to say, Xenon...?",0
scrpack.065.3924,65,3924,48,I have nothing more to discuss with you!,0
scrpack.065.3935,65,3935,24,"Duel me, Xenon!",0
scrpack.065.3944,65,3944,20,Very well...,0
scrpack.065.3980,65,3980,48,Hakuoh! Pay for the pain you caused me!!,0
scrpack.065.4147,65,4147,20,Xenon Castle,0
scrpack.065.4175,65,4175,24,Xenon's Chamber,0
scrpack.065.4216,65,4216,24,Xenon's Chamber,0
scrpack.065.4226,65,4226,92,"Fool.#cr0Had you quietly become a card,#cr0you could have avoided this suffering.",2
scrpack.065.4232,65,4232,44,Ngh...#cr0I-I'm not finished yet...,1
scrpack.065.4242,65,4242,52,Very well!#cr0This time I will finish you!,1
scrpack.065.4249,65,4249,20,Duel again?,0
scrpack.065.4263,65,4263,36,I'm sorry...#cr0/sw25/...,1
scrpack.065.4310,65,4310,24,Xenon's Chamber,0
scrpack.065.4320,65,4320,56,"Gah! Curse you...#cr0You dare defeat me, Hakuoh!",1
scrpack.065.4324,65,4324,12,...,0
scrpack.065.4328,65,4328,104,"The ultimate card is gone,#cr0and mana control has been lost.#cr0This world will soon perish.",2
scrpack.065.4332,65,4332,36,"Regret your victory, Hakuoh!",0
scrpack.065.4347,65,4347,28,We... beat him...,0
scrpack.065.4351,65,4351,64,We won the duel...#cr0But I don't feel happy at all...,1
scrpack.065.4355,65,4355,36,Is that because I was gone?,0
scrpack.065.4359,65,4359,28,Y-Yeah...#cr0Huh?,1
scrpack.065.4377,65,4377,20,It's /sw25/!,0
scrpack.065.4382,65,4382,88,"When you defeated Xenon, Master Hakuoh,#cr0the Primordial Card lost its power!",1
scrpack.065.4386,65,4386,44,That's how I escaped from the card.,0
scrpack.065.4395,65,4395,68,Thank goodness...#cr0Thank goodness you're really okay...,1
scrpack.065.4404,65,4404,36,"I'm glad for you, Hakuoh.",0
scrpack.065.4414,65,4414,44,Master Hakuoh really is the best!,0
scrpack.065.4424,65,4424,28,"Well done, Hakuoh!",0
scrpack.065.4434,65,4434,52,Hmph. I suppose I'll praise you this once.,0
scrpack.065.4447,65,4447,104,"With the Primordial Card's power gone,#cr0this world's mana balance#cr0is rapidly recovering.",2
scrpack.065.4455,65,4455,56,Really?#cr0Then this world won't be destroyed.,1
scrpack.065.4465,65,4465,28,"Master Hakuoh, look!",0
scrpack.065.4506,65,4506,28,That's our world!,0
scrpack.065.4510,65,4510,120,Mana is flowing from this world into yours#cr0to restore the balance.#cr0Ride that flow and you can return home.,2
scrpack.065.4520,65,4520,44,All right! Hurry before it closes!,0
scrpack.065.4533,65,4533,32,Wait! Master Hakuoh...,0
scrpack.065.4541,65,4541,24,Tch. That idiot.,0
scrpack.065.4556,65,4556,36,"Hakuoh, what are you doing?!",0
scrpack.065.4569,65,4569,16,Hurry!,0
scrpack.065.4582,65,4582,28,Go on without me!,0
scrpack.065.4590,65,4590,24,Master Hakuoh...,0
scrpack.065.4599,65,4599,32,"/sw25/, this is goodbye!",0
scrpack.065.4608,65,4608,60,"We weren't together long,#cr0but I had a great time!",1
scrpack.065.4612,65,4612,36,Thank you for everything!,0
scrpack.065.4620,65,4620,72,"I had a wonderful time too.#cr0Master Hakuoh, please take this!",1
scrpack.065.4628,65,4628,64,It's the Primordial Card.#cr0My soul remains inside it.,1
scrpack.065.4633,65,4633,56,Thanks. I'll treasure it#cr0as if it were you!,1
scrpack.065.4643,65,4643,32,"Goodbye, Master Hakuoh.",0
scrpack.065.4647,65,4647,16,Goodbye!,0
scrpack.065.4651,65,4651,20,Goodbye...,0
scrpack.066.0015,66,15,20,Duel Plaza,0
scrpack.066.0025,66,25,36,Look! The hole is closing!,0
scrpack.066.0031,66,31,44,But Master Hakuoh still hasn't...,0
scrpack.066.0042,66,42,12,!,0
scrpack.066.0052,66,52,24,Master Hakuoh!,0
scrpack.066.0063,66,63,20,What is it?,0
scrpack.066.0073,66,73,32,When did you get here?!,0
scrpack.066.0083,66,83,64,We thought you got left behind#cr0in the other world!,1
scrpack.066.0092,66,92,96,"What happened to all of you?#cr0You went in before me,#cr0but somehow arrived after me.",2
scrpack.066.0101,66,101,80,I see.#cr0We arrived in the reverse order#cr0from the way we entered.,2
scrpack.066.0110,66,110,52,"Oh, right.#cr0I did get back before Shobu.",1
scrpack.066.0119,66,119,32,I see. That explains it.,0
scrpack.066.0128,66,128,36,Huh? What's with that card?,0
scrpack.066.0137,66,137,12,Hm?,0
scrpack.066.0141,66,141,56,There's a picture#cr0on the Primordial Card...?,1
scrpack.066.0145,66,145,64,I see...#cr0/sw25/'s soul really is#cr0inside that card.,2
scrpack.066.0149,66,149,24,Master Hakuoh.,0
scrpack.066.0158,66,158,12,Hm?,0
scrpack.066.0167,66,167,24,What's wrong?,0
scrpack.066.0171,66,171,60,I could have sworn#cr0I just heard /sw25/'s voice...,1
scrpack.066.0175,66,175,56,"You really were our savior,#cr0Master Hakuoh.",1
scrpack.066.0185,66,185,48,"...No, /sw25/.#cr0I'm nothing like that.",1
scrpack.066.0189,66,189,20,I'm Hakuoh.,0
scrpack.066.0198,66,198,28,Just... your friend.,0
scrpack.067.0129,67,129,32,Xenon Castle - Entrance,0
scrpack.067.0139,67,139,32,So this is Xenon Castle.,0
scrpack.067.0143,67,143,68,It's much bigger than the Duel Temple#cr0where I once lived.,1
scrpack.067.0153,67,153,60,I don't like it.#cr0Hiding in a place like this...,1
scrpack.067.0163,67,163,32,How do we get inside?,0
scrpack.067.0173,67,173,40,Xenon Castle has five gates...,0
scrpack.067.0195,67,195,24,Fortress Ruins,0
scrpack.067.0205,67,205,80,There are five Card Guardians.#cr0We have to defeat all five at once.,1
scrpack.067.0209,67,209,48,"Otherwise, the Guardians will revive.",0
scrpack.067.0231,67,231,32,Xenon Castle - Entrance,0
scrpack.067.0242,67,242,108,Just like Yu said.#cr0We each have to defeat one Guardian#cr0and break the seals at the same time.,2
scrpack.067.0252,67,252,32,So that's how it works.,0
scrpack.067.0262,67,262,16,Indeed.,0
scrpack.067.0291,67,291,32,Xenon Castle - Entrance,0
scrpack.067.0301,67,301,60,Don't worry. We're true duelists.#cr0We'll succeed.,1
scrpack.067.0305,67,305,36,"That's right, Master Hakuoh!",0
scrpack.067.0337,67,337,32,Xenon Castle - Entrance,0
scrpack.067.0347,67,347,20,Let's go!,0
scrpack.067.0377,67,377,36,Xenon Castle - Light Gate,0
scrpack.067.0392,67,392,36,So this is the Light Gate...,0
scrpack.067.0406,67,406,120,"I am the one who commands the power of Light.#cr0If you seek my power,#cr0show me strength greater than my own.",2
scrpack.067.0420,67,420,48,Gladly.#cr0I'll show you my true power!,1
scrpack.067.0433,67,433,76,I am a reflection of your own heart.#cr0Can you overcome yourself?,1
scrpack.067.0437,67,437,12,...,0
scrpack.067.0471,67,471,28,Then let us begin!!,0
scrpack.067.0638,67,638,36,Xenon Castle - Light Gate,0
scrpack.067.0683,67,683,36,Xenon Castle - Light Gate,0
scrpack.067.0693,67,693,52,"Well done, wielder of Light.#cr0Farewell.",1
scrpack.067.0712,67,712,68,"All right, I did it.#cr0I hope everyone else is doing well.",1
scrpack.067.0742,67,742,36,Xenon Castle - Light Gate,0
scrpack.067.0783,67,783,36,Xenon Castle - Light Gate,0
scrpack.067.0793,67,793,60,You are not yet worthy to wield Light.#cr0Farewell.,1
scrpack.067.0797,67,797,48,"I failed...#cr0Everyone, I'm sorry...",1
scrpack.067.0807,67,807,36,Xenon Castle - Water Gate,0
scrpack.067.0821,67,821,36,So this is the Water Gate.,0
scrpack.067.0835,67,835,120,"I am the one who commands the power of Water.#cr0If you seek my power,#cr0show me strength greater than my own.",2
scrpack.067.0849,67,849,60,I'll show you the true power#cr0of Duel Girl Mimi!!,1
scrpack.067.0862,67,862,76,I am a reflection of your own heart.#cr0Can you overcome yourself?,1
scrpack.067.0866,67,866,16,Uh-oh...,0
scrpack.067.0900,67,900,28,Then let us begin!!,0
scrpack.067.1067,67,1067,36,Xenon Castle - Water Gate,0
scrpack.067.1112,67,1112,36,Xenon Castle - Water Gate,0
scrpack.067.1122,67,1122,52,"Well done, wielder of Water.#cr0Farewell.",1
scrpack.067.1141,67,1141,80,"Yay! I did it, Master Hakuoh! ♪#cr0Mimi just clobbered that Guardian!",1
scrpack.067.1171,67,1171,20,Xenon Castle,0
scrpack.067.1212,67,1212,36,Xenon Castle - Water Gate,0
scrpack.067.1222,67,1222,60,You are not yet worthy to wield Water.#cr0Farewell.,1
scrpack.067.1226,67,1226,40,No way...#cr0This can't be...,1
scrpack.067.1236,67,1236,36,Xenon Castle - Nature Gate,0
scrpack.067.1250,67,1250,36,So this is the Nature Gate.,0
scrpack.067.1264,67,1264,120,"I am the one who commands the power of Nature.#cr0If you seek my power,#cr0show me strength greater than my own.",2
scrpack.067.1278,67,1278,44,"All right, let's do this!#cr0Hi-yah!",1
scrpack.067.1291,67,1291,76,I am a reflection of your own heart.#cr0Can you overcome yourself?,1
scrpack.067.1325,67,1325,28,Then let us begin!!,0
scrpack.067.1492,67,1492,36,Xenon Castle - Nature Gate,0
scrpack.067.1537,67,1537,36,Xenon Castle - Nature Gate,0
scrpack.067.1547,67,1547,52,"Well done, wielder of Nature.#cr0Farewell.",1
scrpack.067.1566,67,1566,68,"All right, I did it.#cr0I hope everyone else is doing well.",1
scrpack.067.1596,67,1596,36,Xenon Castle - Nature Gate,0
scrpack.067.1637,67,1637,36,Xenon Castle - Nature Gate,0
scrpack.067.1647,67,1647,60,You are not yet worthy to wield Nature.#cr0Farewell.,1
scrpack.067.1651,67,1651,48,"D-Darn it...#cr0Everyone, I'm sorry...",1
scrpack.067.1665,67,1665,32,Xenon Castle - Fire Gate,0
scrpack.067.1675,67,1675,36,So this is the Fire Gate.,0
scrpack.067.1689,67,1689,120,"I am the one who commands the power of Fire.#cr0If you seek my power,#cr0show me strength greater than my own.",2
scrpack.067.1703,67,1703,52,You got it!#cr0I'll show you a real duel!,1
scrpack.067.1716,67,1716,76,I am a reflection of your own heart.#cr0Can you overcome yourself?,1
scrpack.067.1750,67,1750,28,Then let us begin!!,0
scrpack.067.1917,67,1917,32,Xenon Castle - Fire Gate,0
scrpack.067.1962,67,1962,32,Xenon Castle - Fire Gate,0
scrpack.067.1972,67,1972,48,"Well done, wielder of Fire.#cr0Farewell.",1
scrpack.067.1991,67,1991,20,All right!,0
scrpack.067.2021,67,2021,20,Xenon Castle,0
scrpack.067.2062,67,2062,32,Xenon Castle - Fire Gate,0
scrpack.067.2072,67,2072,60,You are not yet worthy to wield Fire.#cr0Farewell.,1
scrpack.067.2076,67,2076,44,"D-Damn it...#cr0Everyone, sorry...",1
scrpack.067.2086,67,2086,36,Xenon Castle - Darkness Gate,0
scrpack.067.2100,67,2100,40,So this is the Darkness Gate...,0
scrpack.067.2114,67,2114,124,"I am the one who commands the power of Darkness.#cr0If you seek my power,#cr0show me strength greater than my own.",2
scrpack.067.2128,67,2128,28,Fine. I'll show you.,0
scrpack.067.2141,67,2141,76,I am a reflection of your own heart.#cr0Can you overcome yourself?,1
scrpack.067.2175,67,2175,28,Then let us begin!!,0
scrpack.067.2342,67,2342,36,Xenon Castle - Darkness Gate,0
scrpack.067.2389,67,2389,36,Xenon Castle - Darkness Gate,0
scrpack.067.2399,67,2399,52,"Well done, wielder of Darkness.#cr0Farewell.",1
scrpack.067.2418,67,2418,68,Some Darkness Guardian.#cr0That was easy!#cr0Hyahahahaha!,2
scrpack.067.2449,67,2449,36,Xenon Castle - Darkness Gate,0
scrpack.067.2490,67,2490,36,Xenon Castle - Darkness Gate,0
scrpack.067.2500,67,2500,64,You are not yet worthy to wield Darkness.#cr0Farewell.,1
scrpack.067.2504,67,2504,20,D-Damn it!!,0
scrpack.067.2509,67,2509,40,Tch. Let's fall back for now...,0
scrpack.067.2520,67,2520,32,Tch. We'll try again!,0
scrpack.067.2531,67,2531,24,Remember this!,0
scrpack.067.2542,67,2542,40,Damn... We'll have to try again.,0
scrpack.067.2553,67,2553,32,Damn it! Remember this!,0
scrpack.067.2572,67,2572,36,Xenon Castle - Darkness Gate,0
scrpack.067.2607,67,2607,44,The seal broke. The others won too.,0
scrpack.067.2611,67,2611,60,I'll get there first#cr0and take Xenon down myself!,1
scrpack.067.2656,67,2656,32,Xenon Castle - Interior,0
scrpack.067.2695,67,2695,12,!,0
scrpack.067.2699,67,2699,16,Boss!,0
scrpack.067.2725,67,2725,60,"Damn it, what is this?!#cr0Xenon's right there...",1
scrpack.067.2755,67,2755,24,Xenon's Chamber,0
scrpack.067.2771,67,2771,32,"Everyone, you're okay!",0
scrpack.067.2784,67,2784,56,"I'm so glad to see you again, Master Hakuoh! ♪",0
scrpack.067.2788,67,2788,24,That was easy!,0
scrpack.067.2797,67,2797,36,H-Huh?#cr0Where's Kokujo?,1
scrpack.067.2806,67,2806,32,Come to think of it...,0
scrpack.067.2815,67,2815,24,No way he'd...,0
scrpack.067.2819,67,2819,68,You have done well to come this far.#cr0You have my praise.,1
scrpack.067.2828,67,2828,24,Who's there?!,0
scrpack.067.2832,67,2832,24,My name is...,0
scrpack.067.2883,67,2883,16,Xenon.,0
scrpack.067.2901,67,2901,16,Xenon.,0
scrpack.067.2905,67,2905,20,So you're...,0
scrpack.067.2914,67,2914,44,So you finally showed yourself...,0
scrpack.067.2918,67,2918,24,Heh heh heh...,0
scrpack.067.2927,67,2927,100,"Hey, Xenon!#cr0Japan's number-one duelist, Shobu Kirifuda,#cr0is taking you on! Let's go!!",2
scrpack.067.2931,67,2931,36,Very well.#cr0True duelist.,1
scrpack.067.2952,67,2952,20,"Wait, Shobu!",0
scrpack.067.2956,67,2956,36,What's he rushing in for?!,0
scrpack.067.2965,67,2965,44,"Damn it, Kokujo still isn't here.",0
scrpack.067.2998,67,2998,44,"Here I come!#cr0Shields, deploy!!",1
scrpack.067.3042,67,3042,32,Xenon Castle - Interior,0
scrpack.067.3058,67,3058,68,That shaking...#cr0Did the battle with Xenon already start?,1
scrpack.067.3062,67,3062,20,B-Boss...,0
scrpack.067.3078,67,3078,52,Damn it!#cr0Xenon was supposed to be mine...,1
scrpack.067.3084,67,3084,68,I came here to beat him#cr0and become the strongest duelist.,1
scrpack.067.3088,67,3088,44,And now I can't even fight him...?,0
scrpack.067.3099,67,3099,36,"Boss, step back a little.",0
scrpack.067.3108,67,3108,32,What are you planning?,0
scrpack.067.3117,67,3117,20,Just watch.,0
scrpack.067.3126,67,3126,16,Ow...,0
scrpack.067.3137,67,3137,32,...What are you doing?,0
scrpack.067.3150,67,3150,84,A runt like you can't break these bars.#cr0You'll only hurt yourself. Stop.,1
scrpack.067.3162,67,3162,48,"But you want to fight, don't you, Boss?",0
scrpack.067.3171,67,3171,20,Of course.,0
scrpack.067.3181,67,3181,48,Then I'm just doing#cr0what I can do.,1
scrpack.067.3194,67,3194,48,What you can do?#cr0It's useless. Stop.,1
scrpack.067.3200,67,3200,28,I'm doing it anyway.,0
scrpack.067.3208,67,3208,32,"You broke my seal, Boss.",0
scrpack.067.3212,67,3212,32,That was an accident.,0
scrpack.067.3218,67,3218,36,You gave me the name /sw25/.,0
scrpack.067.3231,67,3231,12,...,0
scrpack.067.3237,67,3237,84,You even said you wouldn't forget me#cr0after you went back to your world.,1
scrpack.067.3245,67,3245,12,...,0
scrpack.067.3251,67,3251,76,"So when you're in trouble,#cr0I can't just stand here and watch...",1
scrpack.067.3255,67,3255,32,My pride won't allow it!,0
scrpack.067.3293,67,3293,32,The bars vanished...?,0
scrpack.067.3302,67,3302,76,"Huh...?#cr0Heh. I don't know what happened,#cr0but it worked out!",2
scrpack.067.3311,67,3311,12,...,0
scrpack.067.3320,67,3320,32,"I owe you one, /sw25/.",0
scrpack.067.3329,67,3329,44,"Then let's take Xenon down, Boss.",0
scrpack.067.3338,67,3338,48,Pay GARDE back#cr0for sealing me away!,1
scrpack.067.3347,67,3347,36,...Hmph. Fine.#cr0Let's go!,1
scrpack.067.3356,67,3356,20,"Right, Boss!",0
scrpack.067.3388,67,3388,24,Xenon's Chamber,0
scrpack.067.3404,67,3404,40,It's awfully quiet in here...,0
scrpack.067.3409,67,3409,12,!,0
scrpack.067.3419,67,3419,40,"What, everybody got taken out?",0
scrpack.067.3423,67,3423,44,Heh heh heh... They entertained me.,0
scrpack.067.3427,67,3427,24,Who's there?!,0
scrpack.067.3431,67,3431,28,Heh heh... I am...,0
scrpack.067.3478,67,3478,16,Xenon.,0
scrpack.067.3494,67,3494,24,So you're Xenon!,0
scrpack.067.3498,67,3498,64,"Indeed. I've been waiting for you,#cr0Kyoshiro Kokujo.",1
scrpack.067.3502,67,3502,64,"While I waited for you,#cr0I sampled a few appetizers.",1
scrpack.067.3506,67,3506,60,Hmph. Keep talking.#cr0You'll be dead soon enough.,1
scrpack.067.3510,67,3510,112,"Don't be so impatient, Kyoshiro Kokujo.#cr0You have a long life ahead of you.#cr0A very, very long one.",2
scrpack.067.3519,67,3519,44,What the hell are you talking about?,0
scrpack.067.3528,67,3528,44,This is the origin of D.M. Cards...,0
scrpack.067.3532,67,3532,32,The Primordial Card!!,0
scrpack.067.3541,67,3541,60,What?! That white card#cr0is the Primordial Card?!,1
scrpack.067.3545,67,3545,76,Yes. Any life absorbed by this card#cr0is reborn as a new D.M. Card.,1
scrpack.067.3554,67,3554,64,"Now that I think about it,#cr0Yu Fua mentioned this...",1
scrpack.067.3558,67,3558,112,"Sacrifice a creature to the Primordial Card,#cr0and you get a D.M. Card#cr0with that creature's power.",2
scrpack.067.3567,67,3567,80,"Interesting!#cr0I'll crush you and take that card!#cr0Duel me, Xenon!",2
scrpack.067.3571,67,3571,104,You have already proven yourself worthy#cr0of becoming my ultimate card.#cr0There is no need.,2
scrpack.067.3575,67,3575,44,Hmph. You're not making any sense...,0
scrpack.067.3579,67,3579,76,The Primordial Card does not turn#cr0only creatures into D.M. Cards.,1
scrpack.067.3583,67,3583,64,It can grant power far beyond#cr0that of any creature.,1
scrpack.067.3592,67,3592,44,Power far beyond that of creatures?,0
scrpack.067.3596,67,3596,84,Yes.#cr0The power to draw out a card's strength#cr0and command it at will.,2
scrpack.067.3600,67,3600,72,Only one who possesses that ability#cr0is a fitting sacrifice.,1
scrpack.067.3604,67,3604,44,Oh...#cr0So what you're saying is...,1
scrpack.067.3608,67,3608,24,Yes. A duelist!,0
scrpack.067.3612,67,3612,56,A great duelist can command#cr0any card at will.,1
scrpack.067.3616,67,3616,104,"Sacrifice a duelist,#cr0and an ultimate card capable of ruling#cr0all other cards will be born!",2
scrpack.067.3620,67,3620,68,Then I'll sacrifice you#cr0to the Primordial Card myself!,1
scrpack.067.3624,67,3624,36,"Too slow, Kyoshiro Kokujo!",0
scrpack.067.3646,67,3646,48,What?!#cr0You caught me that easily...?,1
scrpack.067.3651,67,3651,40,What are you doing?!#cr0Let go!,1
scrpack.067.3655,67,3655,16,Boss!,0
scrpack.067.3659,67,3659,48,Kokujo!#cr0You will be reborn as a card.,1
scrpack.067.3663,67,3663,64,Begin your second life as my servant!#cr0Wahahahahaha!,1
scrpack.067.3668,67,3668,36,Damn it!#cr0Let go of me!,1
scrpack.067.3673,67,3673,16,Pigiya!,0
scrpack.067.3710,67,3710,20,Xenon Castle,0
scrpack.067.3725,67,3725,16,Hm...?,0
scrpack.067.3729,67,3729,52,...I'm alive?#cr0What the hell happened...?,1
scrpack.067.3734,67,3734,12,Hm?,0
scrpack.067.3747,67,3747,28,This is... /sw25/?,0
scrpack.067.3751,67,3751,64,You protected me...?#cr0And got turned into a card...,1
scrpack.067.3761,67,3761,20,N-Nngh...,0
scrpack.067.3766,67,3766,52,The Primordial Card I finally obtained...,0
scrpack.067.3770,67,3770,44,...has become a worthless card...,0
scrpack.067.3784,67,3784,32,Xenon... you bastard!,0
scrpack.067.3788,67,3788,64,Kyoshiro Kokujo!#cr0Losing your friend must be painful.,1
scrpack.067.3792,67,3792,40,But my sorrow is greater still.,0
scrpack.067.3796,67,3796,84,"I was on the verge of obtaining#cr0the ultimate card, and you stopped me!",1
scrpack.067.3800,67,3800,40,Can you comprehend my anguish?!,0
scrpack.067.3804,67,3804,48,Can you comprehend my disappointment?!,0
scrpack.067.3808,67,3808,36,Can you comprehend my rage?!,0
scrpack.067.3812,67,3812,72,Of course not.#cr0A common fool like you could never understand.,1
scrpack.067.3818,67,3818,40,Is that all you have to say?!,0
scrpack.067.3822,67,3822,52,I've only got one thing#cr0to say to you...,1
scrpack.067.3833,67,3833,60,I'm going to crush you!#cr0Get your deck out! Duel!,1
scrpack.067.3842,67,3842,20,Very well...,0
scrpack.067.3878,67,3878,60,Kyoshiro Kokujo!#cr0Pay for the pain you caused me!!,1
scrpack.067.4045,67,4045,20,Xenon Castle,0
scrpack.067.4073,67,4073,24,Xenon's Chamber,0
scrpack.067.4114,67,4114,24,Xenon's Chamber,0
scrpack.067.4124,67,4124,92,"Fool.#cr0Had you quietly become a card,#cr0you could have avoided this suffering.",2
scrpack.067.4130,67,4130,44,Guh...#cr0B-But I'm not dead yet...,1
scrpack.067.4140,67,4140,56,"This time I'll finish you,#cr0Kyoshiro Kokujo!",1
scrpack.067.4147,67,4147,20,Duel again?,0
scrpack.067.4161,67,4161,36,T-Too strong...#cr0/sw25/...,1
scrpack.067.4208,67,4208,24,Xenon's Chamber,0
scrpack.067.4218,67,4218,68,"Gah! Curse you...#cr0You dare defeat me, Kyoshiro Kokujo!",1
scrpack.067.4222,67,4222,12,...,0
scrpack.067.4226,67,4226,104,"The ultimate card is gone,#cr0and mana control has been lost.#cr0This world will soon perish.",2
scrpack.067.4230,67,4230,48,"Regret your victory, Kyoshiro Kokujo!",0
scrpack.067.4234,67,4234,72,"Don't say my name with that filthy mouth!#cr0Go to hell, Xenon!",1
scrpack.067.4244,67,4244,72,"Damn it... I won the duel,#cr0so why do I feel this lousy...?",1
scrpack.067.4248,67,4248,40,"Is it because I'm gone, Boss?",0
scrpack.067.4264,67,4264,24,?!#cr0/sw25/!,1
scrpack.067.4275,67,4275,92,"When you beat Xenon,#cr0the Primordial Card lost its power.#cr0That's how I got out!",2
scrpack.067.4284,67,4284,40,"I'm glad you're okay, Kokujo.",0
scrpack.067.4294,67,4294,32,"Congratulations, Kokujo.",0
scrpack.067.4304,67,4304,36,"I'm happy for you, Kokujo.",0
scrpack.067.4314,67,4314,28,"Well done, Kokujo!",0
scrpack.067.4327,67,4327,92,"With the Primordial Card gone,#cr0this world's mana balance#cr0is recovering fast.",2
scrpack.067.4335,67,4335,56,Really?#cr0Then this world won't be destroyed.,1
scrpack.067.4345,67,4345,28,"Master Hakuoh, look!",0
scrpack.067.4378,67,4378,28,That's our world!,0
scrpack.067.4382,67,4382,112,Mana is flowing from this world into yours#cr0to restore the balance.#cr0Ride it and you can go home.,2
scrpack.067.4391,67,4391,56,All right!#cr0Everyone hurry before it closes!,1
scrpack.067.4404,67,4404,24,Wait! Kokujo...,0
scrpack.067.4412,67,4412,36,"Kokujo, what are you doing?!",0
scrpack.067.4427,67,4427,16,Hurry!,0
scrpack.067.4440,67,4440,28,Go on without me!,0
scrpack.067.4448,67,4448,24,"Kokujo, hurry!",0
scrpack.067.4462,67,4462,32,"/sw25/, this is goodbye.",0
scrpack.067.4470,67,4470,16,Boss...,0
scrpack.067.4478,67,4478,56,Take this with you.#cr0It's the Primordial Card.,1
scrpack.067.4482,67,4482,80,Think of it as me.#cr0A little of my soul#cr0is still inside the card.,2
scrpack.067.4486,67,4486,24,...I'll take it.,0
scrpack.067.4496,67,4496,24,"Take care, Boss!",0
scrpack.067.4500,67,4500,16,See ya.,0
scrpack.067.4504,67,4504,24,...Take care.,0
scrpack.068.0015,68,15,20,Duel Plaza,0
scrpack.068.0025,68,25,36,Look! The hole is closing!,0
scrpack.068.0031,68,31,36,But Kokujo still hasn't...,0
scrpack.068.0042,68,42,12,!,0
scrpack.068.0052,68,52,16,Kokujo!,0
scrpack.068.0063,68,63,16,What?,0
scrpack.068.0073,68,73,32,When did you get here?!,0
scrpack.068.0083,68,83,64,We thought you got left behind#cr0in the other world!,1
scrpack.068.0092,68,92,96,"What were you idiots doing?#cr0You went in before me,#cr0but somehow got back after me.",2
scrpack.068.0101,68,101,84,That's it!#cr0We arrived in the reverse order#cr0from the way we entered.,2
scrpack.068.0110,68,110,52,"Oh, right.#cr0I did get back before Hakuoh.",1
scrpack.068.0114,68,114,40,I see. So that's it.#cr0Later.,1
scrpack.068.0123,68,123,24,"Wait, Kokujo.",0
scrpack.068.0127,68,127,80,"Now that we're back,#cr0I've got no reason to keep hanging around you.",1
scrpack.068.0136,68,136,56,Don't forget.#cr0We were enemies to begin with.,1
scrpack.068.0145,68,145,44,"Wrong, Kokujo!#cr0We're not enemies.",1
scrpack.068.0149,68,149,24,We're rivals.,0
scrpack.068.0158,68,158,68,"Rivals, huh...#cr0Heh. Think whatever you want.#cr0See ya.",2
scrpack.068.0170,68,170,16,Boss.,0
scrpack.068.0179,68,179,24,Hm?#cr0/sw25/?,1
scrpack.068.0188,68,188,68,What's this?#cr0There's an image on the Primordial Card...?,1
scrpack.068.0192,68,192,52,So /sw25/'s soul really is#cr0inside it...,1
scrpack.068.0196,68,196,40,"Try being honest for once, Boss.",0
scrpack.068.0205,68,205,16,Hmph...,0
scrpack.068.0209,68,209,32,Mind your own business.,0
scrpack.069.0129,69,129,32,Xenon Castle - Entrance,0
scrpack.069.0139,69,139,32,So this is Xenon Castle.,0
scrpack.069.0143,69,143,68,It's much bigger than the Duel Temple#cr0where I once lived.,1
scrpack.069.0153,69,153,60,I don't like it.#cr0Hiding in a place like this...,1
scrpack.069.0163,69,163,32,How do we get inside?,0
scrpack.069.0173,69,173,40,Xenon Castle has five gates...,0
scrpack.069.0195,69,195,24,Fortress Ruins,0
scrpack.069.0205,69,205,80,There are five Card Guardians.#cr0We have to defeat all five at once.,1
scrpack.069.0209,69,209,48,"Otherwise, the Guardians will revive.",0
scrpack.069.0231,69,231,32,Xenon Castle - Entrance,0
scrpack.069.0242,69,242,108,Just like Yu said.#cr0We each have to defeat one Guardian#cr0and break the seals at the same time.,2
scrpack.069.0252,69,252,32,So that's how it works.,0
scrpack.069.0262,69,262,16,Indeed.,0
scrpack.069.0291,69,291,32,Xenon Castle - Entrance,0
scrpack.069.0301,69,301,60,Don't worry. We're true duelists.#cr0We'll succeed.,1
scrpack.069.0305,69,305,36,"That's right, Master Hakuoh!",0
scrpack.069.0337,69,337,32,Xenon Castle - Entrance,0
scrpack.069.0347,69,347,28,"Everyone, let's go!",0
scrpack.069.0377,69,377,36,Xenon Castle - Light Gate,0
scrpack.069.0392,69,392,36,So this is the Light Gate...,0
scrpack.069.0406,69,406,120,"I am the one who commands the power of Light.#cr0If you seek my power,#cr0show me strength greater than my own.",2
scrpack.069.0420,69,420,48,Gladly.#cr0I'll show you my true power!,1
scrpack.069.0433,69,433,76,I am a reflection of your own heart.#cr0Can you overcome yourself?,1
scrpack.069.0437,69,437,12,...,0
scrpack.069.0471,69,471,28,Then let us begin!!,0
scrpack.069.0638,69,638,36,Xenon Castle - Light Gate,0
scrpack.069.0683,69,683,36,Xenon Castle - Light Gate,0
scrpack.069.0693,69,693,52,"Well done, wielder of Light.#cr0Farewell.",1
scrpack.069.0712,69,712,68,"All right, I did it.#cr0I hope everyone else is doing well.",1
scrpack.069.0742,69,742,36,Xenon Castle - Light Gate,0
scrpack.069.0783,69,783,36,Xenon Castle - Light Gate,0
scrpack.069.0793,69,793,60,You are not yet worthy to wield Light.#cr0Farewell.,1
scrpack.069.0797,69,797,48,"I failed...#cr0Everyone, I'm sorry...",1
scrpack.069.0807,69,807,36,Xenon Castle - Darkness Gate,0
scrpack.069.0821,69,821,40,So this is the Darkness Gate...,0
scrpack.069.0835,69,835,124,"I am the one who commands the power of Darkness.#cr0If you seek my power,#cr0show me strength greater than my own.",2
scrpack.069.0849,69,849,28,Fine. I'll show you.,0
scrpack.069.0862,69,862,76,I am a reflection of your own heart.#cr0Can you overcome yourself?,1
scrpack.069.0896,69,896,28,Then let us begin!!,0
scrpack.069.1063,69,1063,36,Xenon Castle - Darkness Gate,0
scrpack.069.1108,69,1108,36,Xenon Castle - Darkness Gate,0
scrpack.069.1118,69,1118,52,"Well done, wielder of Darkness.#cr0Farewell.",1
scrpack.069.1137,69,1137,68,Some Darkness Guardian.#cr0That was easy!#cr0Hyahahahaha!,2
scrpack.069.1167,69,1167,36,Xenon Castle - Darkness Gate,0
scrpack.069.1208,69,1208,36,Xenon Castle - Darkness Gate,0
scrpack.069.1218,69,1218,64,You are not yet worthy to wield Darkness.#cr0Farewell.,1
scrpack.069.1222,69,1222,20,D-Damn it!!,0
scrpack.069.1232,69,1232,36,Xenon Castle - Nature Gate,0
scrpack.069.1246,69,1246,36,So this is the Nature Gate.,0
scrpack.069.1260,69,1260,120,"I am the one who commands the power of Nature.#cr0If you seek my power,#cr0show me strength greater than my own.",2
scrpack.069.1274,69,1274,44,"All right, let's do this!#cr0Hi-yah!",1
scrpack.069.1287,69,1287,76,I am a reflection of your own heart.#cr0Can you overcome yourself?,1
scrpack.069.1321,69,1321,28,Then let us begin!!,0
scrpack.069.1488,69,1488,36,Xenon Castle - Nature Gate,0
scrpack.069.1533,69,1533,36,Xenon Castle - Nature Gate,0
scrpack.069.1543,69,1543,52,"Well done, wielder of Nature.#cr0Farewell.",1
scrpack.069.1562,69,1562,68,"All right, I did it.#cr0I hope everyone else is doing well.",1
scrpack.069.1592,69,1592,36,Xenon Castle - Nature Gate,0
scrpack.069.1633,69,1633,36,Xenon Castle - Nature Gate,0
scrpack.069.1643,69,1643,60,You are not yet worthy to wield Nature.#cr0Farewell.,1
scrpack.069.1647,69,1647,48,"D-Darn it...#cr0Everyone, I'm sorry...",1
scrpack.069.1661,69,1661,32,Xenon Castle - Fire Gate,0
scrpack.069.1671,69,1671,36,So this is the Fire Gate.,0
scrpack.069.1685,69,1685,120,"I am the one who commands the power of Fire.#cr0If you seek my power,#cr0show me strength greater than my own.",2
scrpack.069.1699,69,1699,52,You got it!#cr0I'll show you a real duel!,1
scrpack.069.1712,69,1712,76,I am a reflection of your own heart.#cr0Can you overcome yourself?,1
scrpack.069.1746,69,1746,28,Then let us begin!!,0
scrpack.069.1913,69,1913,32,Xenon Castle - Fire Gate,0
scrpack.069.1958,69,1958,32,Xenon Castle - Fire Gate,0
scrpack.069.1968,69,1968,48,"Well done, wielder of Fire.#cr0Farewell.",1
scrpack.069.1987,69,1987,20,All right!,0
scrpack.069.2017,69,2017,20,Xenon Castle,0
scrpack.069.2058,69,2058,32,Xenon Castle - Fire Gate,0
scrpack.069.2068,69,2068,60,You are not yet worthy to wield Fire.#cr0Farewell.,1
scrpack.069.2072,69,2072,44,"D-Damn it...#cr0Everyone, sorry...",1
scrpack.069.2082,69,2082,36,Xenon Castle - Water Gate,0
scrpack.069.2096,69,2096,36,So this is the Water Gate.,0
scrpack.069.2110,69,2110,120,"I am the one who commands the power of Water.#cr0If you seek my power,#cr0show me strength greater than my own.",2
scrpack.069.2124,69,2124,60,I'll show you the true power#cr0of Duel Girl Mimi!!,1
scrpack.069.2137,69,2137,76,I am a reflection of your own heart.#cr0Can you overcome yourself?,1
scrpack.069.2141,69,2141,16,Uh-oh...,0
scrpack.069.2175,69,2175,28,Then let us begin!!,0
scrpack.069.2342,69,2342,36,Xenon Castle - Water Gate,0
scrpack.069.2389,69,2389,36,Xenon Castle - Water Gate,0
scrpack.069.2399,69,2399,52,"Well done, wielder of Water.#cr0Farewell.",1
scrpack.069.2418,69,2418,80,"Yay! I did it, Master Hakuoh! ♪#cr0Mimi just clobbered that Guardian!",1
scrpack.069.2449,69,2449,20,Xenon Castle,0
scrpack.069.2490,69,2490,36,Xenon Castle - Water Gate,0
scrpack.069.2500,69,2500,60,You are not yet worthy to wield Water.#cr0Farewell.,1
scrpack.069.2504,69,2504,40,No way...#cr0This can't be...,1
scrpack.069.2509,69,2509,40,Tch. Let's fall back for now...,0
scrpack.069.2520,69,2520,32,Tch. We'll try again!,0
scrpack.069.2531,69,2531,24,Remember this!,0
scrpack.069.2542,69,2542,40,Damn... We'll have to try again.,0
scrpack.069.2553,69,2553,32,Damn it! Remember this!,0
scrpack.069.2572,69,2572,36,Xenon Castle - Water Gate,0
scrpack.069.2607,69,2607,48,The seal broke! Everyone else won too!,0
scrpack.069.2660,69,2660,32,Xenon Castle - Interior,0
scrpack.069.2682,69,2682,28,Where is everybody?,0
scrpack.069.2707,69,2707,20,!#cr0Oh no!,1
scrpack.069.2711,69,2711,32,Mimi!#cr0Are you okay?,1
scrpack.069.2720,69,2720,44,I'm fine. These bars are nothing...,0
scrpack.069.2724,69,2724,28,Twilight Hell Fist!,0
scrpack.069.2736,69,2736,68,It didn't even move...#cr0Everyone else is fighting Xenon...,1
scrpack.069.2745,69,2745,112,"If once isn't enough,#cr0I'll keep hitting it until it breaks!#cr0Twilight Hell Hundred-Fist Barrage!!",2
scrpack.069.2775,69,2775,24,Xenon's Chamber,0
scrpack.069.2791,69,2791,32,"Everyone, you're okay!",0
scrpack.069.2804,69,2804,24,That was easy!,0
scrpack.069.2808,69,2808,68,That loser was supposed to be a Guardian?#cr0What a joke.,1
scrpack.069.2817,69,2817,32,H-Huh?#cr0Where's Mimi?,1
scrpack.069.2826,69,2826,32,Come to think of it...,0
scrpack.069.2835,69,2835,28,She's not here...,0
scrpack.069.2839,69,2839,68,You have done well to come this far.#cr0You have my praise.,1
scrpack.069.2848,69,2848,24,Who's there?!,0
scrpack.069.2852,69,2852,24,My name is...,0
scrpack.069.2903,69,2903,16,Xenon.,0
scrpack.069.2921,69,2921,20,So you're...,0
scrpack.069.2930,69,2930,44,So you finally showed yourself...,0
scrpack.069.2934,69,2934,24,Heh heh heh...,0
scrpack.069.2943,69,2943,80,"The Black Reaper, Kyoshiro Kokujo,#cr0will be your opponent! Come on!",1
scrpack.069.2947,69,2947,36,Very well.#cr0True duelist.,1
scrpack.069.2968,69,2968,24,"Wait, Kokujo!",0
scrpack.069.2972,69,2972,32,Why's he rushing in?!,0
scrpack.069.2981,69,2981,40,"Damn it, Mimi still isn't here.",0
scrpack.069.3014,69,3014,44,"Here I come!#cr0Shields, deploy!!",1
scrpack.069.3058,69,3058,32,Xenon Castle - Interior,0
scrpack.069.3068,69,3068,52,Ow...#cr0I can't even make a fist anymore...,1
scrpack.069.3072,69,3072,28,Mimi! Are you okay?!,0
scrpack.069.3081,69,3081,28,"Y-Yeah, I'm fine!",0
scrpack.069.3091,69,3091,60,That shaking...#cr0Did the battle with Xenon start?,1
scrpack.069.3095,69,3095,28,W-What do I do...?,0
scrpack.069.3106,69,3106,20,Everyone...,0
scrpack.069.3130,69,3130,12,...,0
scrpack.069.3137,69,3137,16,/sw25/?,0
scrpack.069.3156,69,3156,16,/sw25/?!,0
scrpack.069.3166,69,3166,16,Ow...,0
scrpack.069.3181,69,3181,20,Hyaaaah!!,0
scrpack.069.3194,69,3194,116,"What are you doing, /sw25/?!#cr0Even my Twilight Hell Fist couldn't break it!#cr0You'll only hurt yourself!",2
scrpack.069.3208,69,3208,36,But...#cr0I can't just stop.,1
scrpack.069.3212,69,3212,64,"Everyone is fighting, right?#cr0Then I'm fighting too!",1
scrpack.069.3225,69,3225,40,"/sw25/!#cr0Stop! Please, stop!",1
scrpack.069.3231,69,3231,64,"When we first met,#cr0you freed me from my cage, Mimi.",1
scrpack.069.3244,69,3244,12,...,0
scrpack.069.3250,69,3250,40,Now it's my turn#cr0to free you.,1
scrpack.069.3263,69,3263,52,"You don't have to do this!#cr0Please, stop!",1
scrpack.069.3269,69,3269,52,You won this town's freedom#cr0from Benny.,1
scrpack.069.3273,69,3273,100,You've given freedom to so many people.#cr0So now I'm going to#cr0give freedom back to you.,2
scrpack.069.3281,69,3281,84,"Then you'll go home,#cr0and I'll be lonely...#cr0But even so... even so...",2
scrpack.069.3292,69,3292,20,Please...,0
scrpack.069.3302,69,3302,36,I'm going to set Mimi free!!,0
scrpack.069.3311,69,3311,20,No! Stop!!,0
scrpack.069.3351,69,3351,32,The bars vanished...?,0
scrpack.069.3360,69,3360,24,"Wait, /sw25/!",0
scrpack.069.3369,69,3369,20,...Right...,0
scrpack.069.3378,69,3378,32,"Stay with me, /sw25/!",0
scrpack.069.3389,69,3389,52,"I'm okay.#cr0I'm still a dragon, after all.",1
scrpack.069.3398,69,3398,64,"More importantly, hurry!#cr0Everyone is fighting Xenon!",1
scrpack.069.3407,69,3407,76,"Right! Let's go, /sw25/!#cr0We'll free this whole world from Xenon!",1
scrpack.069.3439,69,3439,24,Xenon's Chamber,0
scrpack.069.3455,69,3455,36,Everyone!#cr0Are you okay?!,1
scrpack.069.3465,69,3465,12,!!!,0
scrpack.069.3475,69,3475,48,Master Hakuoh! Kokujo! Shobu! Bucketman!,0
scrpack.069.3483,69,3483,28,They're all down...,0
scrpack.069.3492,69,3492,36,Because I was too late...?,0
scrpack.069.3496,69,3496,44,Heh heh heh... They entertained me.,0
scrpack.069.3500,69,3500,24,Who's there?!,0
scrpack.069.3504,69,3504,28,Heh heh... I am...,0
scrpack.069.3552,69,3552,16,Xenon.,0
scrpack.069.3568,69,3568,24,You're Xenon!,0
scrpack.069.3572,69,3572,60,"Indeed. I've been waiting for you,#cr0Twilight Mimi.",1
scrpack.069.3576,69,3576,64,"While I waited for you,#cr0I sampled a few appetizers.",1
scrpack.069.3580,69,3580,72,You'll pay for what you did to everyone!#cr0Prepare yourself!,1
scrpack.069.3584,69,3584,112,"Don't be so impatient, Twilight Mimi.#cr0You have a long life ahead of you.#cr0A very, very long one.",2
scrpack.069.3593,69,3593,28,What do you mean?,0
scrpack.069.3602,69,3602,44,This is the origin of D.M. Cards...,0
scrpack.069.3606,69,3606,32,The Primordial Card!!,0
scrpack.069.3615,69,3615,16,W-What?!,0
scrpack.069.3619,69,3619,76,Yes. Any life absorbed by this card#cr0is reborn as a new D.M. Card.,1
scrpack.069.3628,69,3628,60,"Now that I think about it,#cr0Yu mentioned this...",1
scrpack.069.3632,69,3632,116,"Sacrifice a creature to the Primordial Card,#cr0and a D.M. Card bearing its abilities#cr0will be created.",2
scrpack.069.3636,69,3636,40,So Yu Fua told you. Heh heh...,0
scrpack.069.3645,69,3645,28,What's so funny?!,0
scrpack.069.3649,69,3649,32,Yu Fua is my fiancee.,0
scrpack.069.3659,69,3659,36,N-No...#cr0That can't be...,1
scrpack.069.3676,69,3676,44,Bucketman?!#cr0Hey! Stay with me!,1
scrpack.069.3680,69,3680,124,"Originally, I abducted her as bait#cr0to keep Benny chasing after me.#cr0But I took a liking to her, so I kept her.",2
scrpack.069.3684,69,3684,108,"It was magnificent!#cr0Terrified by my power, she knelt before me#cr0and swore to become my wife!",2
scrpack.069.3693,69,3693,88,"After everything you've done,#cr0you'd better be ready for what's coming, Xenon!",1
scrpack.069.3697,69,3697,76,Get your deck out!#cr0Twilight Mimi is challenging you to a duel!,1
scrpack.069.3701,69,3701,104,You have already proven yourself worthy#cr0of becoming my ultimate card.#cr0There is no need.,2
scrpack.069.3705,69,3705,52,Enough talk!#cr0Get your deck out already!,1
scrpack.069.3709,69,3709,76,The Primordial Card does not turn#cr0only creatures into D.M. Cards.,1
scrpack.069.3713,69,3713,64,It can grant power far beyond#cr0that of any creature.,1
scrpack.069.3722,69,3722,48,Power far beyond that of creatures...?,0
scrpack.069.3726,69,3726,84,Yes.#cr0The power to draw out a card's strength#cr0and command it at will.,2
scrpack.069.3730,69,3730,72,Only one who possesses that ability#cr0is a fitting sacrifice.,1
scrpack.069.3734,69,3734,32,No... You don't mean...,0
scrpack.069.3738,69,3738,24,Yes. A duelist!,0
scrpack.069.3742,69,3742,56,A great duelist can command#cr0any card at will.,1
scrpack.069.3746,69,3746,104,"Sacrifice a duelist,#cr0and an ultimate card capable of ruling#cr0all other cards will be born!",2
scrpack.069.3750,69,3750,24,Y-You monster...,0
scrpack.069.3754,69,3754,44,"What do you think,#cr0Twilight Mimi?",1
scrpack.069.3776,69,3776,56,What?! When did you get behind me?!#cr0Let go!,1
scrpack.069.3781,69,3781,44,Aaaah!#cr0What are you doing?! Stop!,1
scrpack.069.3785,69,3785,16,Mimi!,0
scrpack.069.3789,69,3789,56,Twilight Mimi!#cr0You will be reborn as a card.,1
scrpack.069.3793,69,3793,64,Begin your second life as my servant!#cr0Wahahahahaha!,1
scrpack.069.3798,69,3798,20,No! Stop!!,0
scrpack.069.3803,69,3803,16,Pigiya!,0
scrpack.069.3845,69,3845,24,Xenon's Chamber,0
scrpack.069.3855,69,3855,16,Mimi!,0
scrpack.069.3863,69,3863,44,Master Hakuoh...#cr0D-Did I survive?,1
scrpack.069.3867,69,3867,16,H-Hey...,0
scrpack.069.3881,69,3881,20,/sw25/...,0
scrpack.069.3885,69,3885,52,No...#cr0She's been turned into a card...,1
scrpack.069.3894,69,3894,40,"/sw25/!#cr0Please, answer me!!",1
scrpack.069.3904,69,3904,20,N-Nngh...,0
scrpack.069.3909,69,3909,52,The Primordial Card I finally obtained...,0
scrpack.069.3913,69,3913,44,...has become a worthless card...,0
scrpack.069.3925,69,3925,52,Xenon!#cr0You...#cr0I'll never forgive you!,2
scrpack.069.3929,69,3929,64,Twilight Mimi!#cr0Losing your friend must be painful.,1
scrpack.069.3933,69,3933,40,But my sorrow is greater still.,0
scrpack.069.3937,69,3937,84,"I was on the verge of obtaining#cr0the ultimate card, and you stopped me!",1
scrpack.069.3941,69,3941,40,Can you comprehend my anguish?!,0
scrpack.069.3945,69,3945,48,Can you comprehend my disappointment?!,0
scrpack.069.3949,69,3949,36,Can you comprehend my rage?!,0
scrpack.069.3953,69,3953,72,Of course not.#cr0A common fool like you could never understand.,1
scrpack.069.3972,69,3972,24,Quit whining!,0
scrpack.069.3976,69,3976,88,Xenon!#cr0You toy with people's bodies and hearts#cr0for your own amusement...,2
scrpack.069.3980,69,3980,96,You trample on what people treasure#cr0and laugh at them!#cr0I'll never forgive that!,2
scrpack.069.3984,69,3984,104,Our freedom!#cr0The freedom to protect what matters to us!#cr0GARDE will never take that away!,2
scrpack.069.3995,69,3995,44,Get your deck ready. We're dueling!,0
scrpack.069.4004,69,4004,20,Very well...,0
scrpack.069.4040,69,4040,60,Twilight Mimi!#cr0Pay for the pain you caused me!!,1
scrpack.069.4209,69,4209,20,Xenon Castle,0
scrpack.069.4237,69,4237,24,Xenon's Chamber,0
scrpack.069.4279,69,4279,24,Xenon's Chamber,0
scrpack.069.4289,69,4289,92,"Fool.#cr0Had you quietly become a card,#cr0you could have avoided this suffering.",2
scrpack.069.4295,69,4295,44,Guh...#cr0I-I'm not finished yet...,1
scrpack.069.4305,69,4305,52,Very well!#cr0This time I will finish you!,1
scrpack.069.4309,69,4309,20,Duel again?,0
scrpack.069.4323,69,4323,36,I'm sorry...#cr0/sw25/...,1
scrpack.069.4370,69,4370,24,Xenon's Chamber,0
scrpack.069.4380,69,4380,64,"Gah! Curse you...#cr0You dare defeat me, Twilight Mimi!",1
scrpack.069.4384,69,4384,12,...,0
scrpack.069.4388,69,4388,104,"The ultimate card is gone,#cr0and mana control has been lost.#cr0This world will soon perish.",2
scrpack.069.4392,69,4392,44,"Regret your victory, Twilight Mimi!!",0
scrpack.069.4402,69,4402,20,We... won...,0
scrpack.069.4412,69,4412,56,"...#cr0Even after winning, I just feel empty...",1
scrpack.069.4416,69,4416,36,Is that because I'm gone?,0
scrpack.069.4420,69,4420,16,Yeah...,0
scrpack.069.4429,69,4429,24,Wait... what?,0
scrpack.069.4448,69,4448,16,/sw25/!,0
scrpack.069.4453,69,4453,96,"When you defeated Xenon,#cr0the Primordial Card lost its power!#cr0That's how I got out!",2
scrpack.069.4462,69,4462,36,Really?!#cr0Thank goodness!,1
scrpack.069.4471,69,4471,32,"I'm glad for you, Mimi.",0
scrpack.069.4481,69,4481,32,"Congratulations, Mimi.",0
scrpack.069.4491,69,4491,24,"Well done, Mimi!",0
scrpack.069.4501,69,4501,52,Hmph. I suppose I'll praise you this once.,0
scrpack.069.4514,69,4514,92,"With the Primordial Card gone,#cr0this world's mana balance#cr0is recovering fast.",2
scrpack.069.4522,69,4522,56,Really?#cr0Then this world won't be destroyed.,1
scrpack.069.4532,69,4532,28,"Master Hakuoh, look!",0
scrpack.069.4573,69,4573,28,That's our world!,0
scrpack.069.4577,69,4577,112,Mana is flowing from this world into yours#cr0to restore the balance.#cr0Ride it and you can go home.,2
scrpack.069.4586,69,4586,56,All right!#cr0Everyone hurry before it closes!,1
scrpack.069.4599,69,4599,24,Wait! Mimi...,0
scrpack.069.4607,69,4607,24,Tch. That idiot.,0
scrpack.069.4622,69,4622,36,"Mimi, what are you doing?!",0
scrpack.069.4635,69,4635,16,Hurry!,0
scrpack.069.4648,69,4648,28,Go on without me!,0
scrpack.069.4656,69,4656,20,"Hurry, Mimi!",0
scrpack.069.4665,69,4665,32,"/sw25/, this is goodbye!",0
scrpack.069.4674,69,4674,64,"We weren't together long,#cr0but I had a wonderful time!",1
scrpack.069.4682,69,4682,52,"Me too! I had fun too!#cr0Mimi, take this!",1
scrpack.069.4690,69,4690,72,It's the Primordial Card.#cr0My soul still remains inside it.,1
scrpack.069.4695,69,4695,64,"Thanks. I'll treasure it#cr0as if it were you, /sw25/!",1
scrpack.069.4705,69,4705,24,"Goodbye, Mimi.",0
scrpack.069.4709,69,4709,16,Goodbye!,0
scrpack.069.4713,69,4713,20,Goodbye...,0
scrpack.070.0019,70,19,20,Duel Plaza,0
scrpack.070.0029,70,29,36,Look! The hole is closing!,0
scrpack.070.0035,70,35,32,But Mimi still hasn't...,0
scrpack.070.0046,70,46,12,!,0
scrpack.070.0056,70,56,16,Mimi!,0
scrpack.070.0067,70,67,20,You called?,0
scrpack.070.0077,70,77,32,When did you get here?!,0
scrpack.070.0087,70,87,64,We thought you got left behind#cr0in the other world!,1
scrpack.070.0096,70,96,96,"What were you guys doing?#cr0You went in before me,#cr0but somehow showed up after me.",2
scrpack.070.0105,70,105,84,That's it!#cr0We arrived in the reverse order#cr0from the way we entered.,2
scrpack.070.0114,70,114,52,"Oh, right.#cr0I did get back before Shobu.",1
scrpack.070.0123,70,123,32,I see. That explains it.,0
scrpack.070.0132,70,132,36,Mimi doesn't get it at all!,0
scrpack.070.0141,70,141,24,Hee hee hee...,0
scrpack.070.0145,70,145,16,Mimi.,0
scrpack.070.0154,70,154,24,Huh?#cr0What?,1
scrpack.070.0163,70,163,24,What's wrong?,0
scrpack.070.0167,70,167,52,I thought I just heard#cr0/sw25/'s voice...,1
scrpack.070.0176,70,176,28,"Mimi, that card...",0
scrpack.070.0180,70,180,52,Huh?#cr0Oh!#cr0There's a picture on it...,2
scrpack.070.0184,70,184,56,Right...#cr0/sw25/'s soul is inside that card.,1
scrpack.070.0188,70,188,80,"All the freedom you gave me, Mimi...#cr0I'll treasure every bit of it.",1
scrpack.070.0197,70,197,20,...Yeah! ♪,0
scrpack.070.0201,70,201,36,What're you grinning about?,0
scrpack.070.0210,70,210,32,Hmm... I dunno exactly.,0
scrpack.070.0220,70,220,48,It just feels like a happy ending! ♪,0
scrpack.071.0129,71,129,32,Xenon Castle - Entrance,0
scrpack.071.0139,71,139,32,So this is Xenon Castle!,0
scrpack.071.0143,71,143,68,It's much bigger than the Duel Temple#cr0where I once lived.,1
scrpack.071.0153,71,153,60,I don't like it.#cr0Hiding in a place like this...,1
scrpack.071.0163,71,163,32,How do we get inside?,0
scrpack.071.0173,71,173,40,Xenon Castle has five gates...,0
scrpack.071.0195,71,195,24,Fortress Ruins,0
scrpack.071.0205,71,205,80,There are five Card Guardians.#cr0We have to defeat all five at once.,1
scrpack.071.0209,71,209,48,"Otherwise, the Guardians will revive.",0
scrpack.071.0231,71,231,32,Xenon Castle - Entrance,0
scrpack.071.0242,71,242,108,Just like Yu said.#cr0We each have to defeat one Guardian#cr0and break the seals at the same time.,2
scrpack.071.0252,71,252,32,So that's how it works.,0
scrpack.071.0262,71,262,16,Indeed.,0
scrpack.071.0291,71,291,32,Xenon Castle - Entrance,0
scrpack.071.0301,71,301,60,Don't worry. We're true duelists.#cr0We'll succeed.,1
scrpack.071.0305,71,305,36,"That's right, Master Hakuoh!",0
scrpack.071.0337,71,337,32,Xenon Castle - Entrance,0
scrpack.071.0347,71,347,28,"Everyone, let's go!",0
scrpack.071.0377,71,377,36,Xenon Castle - Light Gate,0
scrpack.071.0392,71,392,36,So this is the Light Gate...,0
scrpack.071.0406,71,406,120,"I am the one who commands the power of Light.#cr0If you seek my power,#cr0show me strength greater than my own.",2
scrpack.071.0420,71,420,48,Gladly.#cr0I'll show you my true power!,1
scrpack.071.0433,71,433,76,I am a reflection of your own heart.#cr0Can you overcome yourself?,1
scrpack.071.0437,71,437,12,...,0
scrpack.071.0471,71,471,28,Then let us begin!!,0
scrpack.071.0638,71,638,36,Xenon Castle - Light Gate,0
scrpack.071.0683,71,683,36,Xenon Castle - Light Gate,0
scrpack.071.0693,71,693,52,"Well done, wielder of Light.#cr0Farewell.",1
scrpack.071.0712,71,712,68,"All right, I did it.#cr0I hope everyone else is doing well.",1
scrpack.071.0742,71,742,36,Xenon Castle - Light Gate,0
scrpack.071.0783,71,783,36,Xenon Castle - Light Gate,0
scrpack.071.0793,71,793,60,You are not yet worthy to wield Light.#cr0Farewell.,1
scrpack.071.0797,71,797,48,"I failed...#cr0Everyone, I'm sorry...",1
scrpack.071.0807,71,807,36,Xenon Castle - Water Gate,0
scrpack.071.0821,71,821,36,So this is the Water Gate.,0
scrpack.071.0835,71,835,120,"I am the one who commands the power of Water.#cr0If you seek my power,#cr0show me strength greater than my own.",2
scrpack.071.0849,71,849,60,I'll show you the true power#cr0of Duel Girl Mimi!!,1
scrpack.071.0862,71,862,76,I am a reflection of your own heart.#cr0Can you overcome yourself?,1
scrpack.071.0866,71,866,16,Uh-oh...,0
scrpack.071.0900,71,900,28,Then let us begin!!,0
scrpack.071.1067,71,1067,36,Xenon Castle - Water Gate,0
scrpack.071.1112,71,1112,36,Xenon Castle - Water Gate,0
scrpack.071.1122,71,1122,52,"Well done, wielder of Water.#cr0Farewell.",1
scrpack.071.1141,71,1141,80,"Yay! I did it, Master Hakuoh! ♪#cr0Mimi just clobbered that Guardian!",1
scrpack.071.1171,71,1171,20,Xenon Castle,0
scrpack.071.1212,71,1212,36,Xenon Castle - Water Gate,0
scrpack.071.1222,71,1222,60,You are not yet worthy to wield Water.#cr0Farewell.,1
scrpack.071.1226,71,1226,40,No way...#cr0This can't be...,1
scrpack.071.1236,71,1236,36,Xenon Castle - Darkness Gate,0
scrpack.071.1250,71,1250,40,So this is the Darkness Gate...,0
scrpack.071.1264,71,1264,124,"I am the one who commands the power of Darkness.#cr0If you seek my power,#cr0show me strength greater than my own.",2
scrpack.071.1278,71,1278,28,Fine. I'll show you.,0
scrpack.071.1291,71,1291,76,I am a reflection of your own heart.#cr0Can you overcome yourself?,1
scrpack.071.1325,71,1325,28,Then let us begin!!,0
scrpack.071.1492,71,1492,36,Xenon Castle - Darkness Gate,0
scrpack.071.1537,71,1537,36,Xenon Castle - Darkness Gate,0
scrpack.071.1547,71,1547,52,"Well done, wielder of Darkness.#cr0Farewell.",1
scrpack.071.1566,71,1566,68,Some Darkness Guardian.#cr0That was easy!#cr0Hyahahahaha!,2
scrpack.071.1596,71,1596,36,Xenon Castle - Darkness Gate,0
scrpack.071.1637,71,1637,36,Xenon Castle - Darkness Gate,0
scrpack.071.1647,71,1647,64,You are not yet worthy to wield Darkness.#cr0Farewell.,1
scrpack.071.1651,71,1651,20,D-Damn it!!,0
scrpack.071.1661,71,1661,36,Xenon Castle - Nature Gate,0
scrpack.071.1675,71,1675,36,So this is the Nature Gate.,0
scrpack.071.1689,71,1689,120,"I am the one who commands the power of Nature.#cr0If you seek my power,#cr0show me strength greater than my own.",2
scrpack.071.1703,71,1703,44,"All right, let's do this!#cr0Hi-yah!",1
scrpack.071.1716,71,1716,76,I am a reflection of your own heart.#cr0Can you overcome yourself?,1
scrpack.071.1750,71,1750,28,Then let us begin!!,0
scrpack.071.1917,71,1917,36,Xenon Castle - Nature Gate,0
scrpack.071.1962,71,1962,36,Xenon Castle - Nature Gate,0
scrpack.071.1972,71,1972,52,"Well done, wielder of Nature.#cr0Farewell.",1
scrpack.071.1991,71,1991,68,"All right, I did it.#cr0I hope everyone else is doing well.",1
scrpack.071.2021,71,2021,36,Xenon Castle - Nature Gate,0
scrpack.071.2062,71,2062,36,Xenon Castle - Nature Gate,0
scrpack.071.2072,71,2072,60,You are not yet worthy to wield Nature.#cr0Farewell.,1
scrpack.071.2076,71,2076,48,"D-Darn it...#cr0Everyone, I'm sorry...",1
scrpack.071.2090,71,2090,32,Xenon Castle - Fire Gate,0
scrpack.071.2100,71,2100,36,So this is the Fire Gate.,0
scrpack.071.2114,71,2114,120,"I am the one who commands the power of Fire.#cr0If you seek my power,#cr0show me strength greater than my own.",2
scrpack.071.2128,71,2128,52,You got it!#cr0I'll show you a real duel!,1
scrpack.071.2141,71,2141,76,I am a reflection of your own heart.#cr0Can you overcome yourself?,1
scrpack.071.2175,71,2175,28,Then let us begin!!,0
scrpack.071.2342,71,2342,32,Xenon Castle - Fire Gate,0
scrpack.071.2389,71,2389,32,Xenon Castle - Fire Gate,0
scrpack.071.2399,71,2399,48,"Well done, wielder of Fire.#cr0Farewell.",1
scrpack.071.2413,71,2413,44,How's that? That's my real power!,0
scrpack.071.2444,71,2444,32,Xenon Castle - Fire Gate,0
scrpack.071.2485,71,2485,32,Xenon Castle - Fire Gate,0
scrpack.071.2495,71,2495,60,You are not yet worthy to wield Fire.#cr0Farewell.,1
scrpack.071.2499,71,2499,44,"D-Damn it...#cr0Everyone, sorry...",1
scrpack.071.2504,71,2504,40,Tch. Let's fall back for now...,0
scrpack.071.2514,71,2514,32,Tch. We'll try again!,0
scrpack.071.2524,71,2524,24,Remember this!,0
scrpack.071.2534,71,2534,40,Damn... We'll have to try again.,0
scrpack.071.2544,71,2544,32,Damn it! Remember this!,0
scrpack.071.2561,71,2561,32,Xenon Castle - Fire Gate,0
scrpack.071.2596,71,2596,64,The seal is broken!#cr0Everyone else must have won too!,1
scrpack.071.2649,71,2649,32,Xenon Castle - Interior,0
scrpack.071.2671,71,2671,44,I need to catch up with everyone...,0
scrpack.071.2696,71,2696,16,Gyaaah!,0
scrpack.071.2700,71,2700,20,?!#cr0Oh no!,1
scrpack.071.2725,71,2725,24,Xenon's Chamber,0
scrpack.071.2741,71,2741,32,"Everyone, you're okay!",0
scrpack.071.2754,71,2754,56,"I'm so glad to see you again, Master Hakuoh! ♪",0
scrpack.071.2758,71,2758,68,That loser was supposed to be a Guardian?#cr0What a joke.,1
scrpack.071.2767,71,2767,32,Huh?#cr0Where's Shobu?,1
scrpack.071.2776,71,2776,32,Come to think of it...,0
scrpack.071.2785,71,2785,32,Did something happen...?,0
scrpack.071.2789,71,2789,68,You have done well to come this far.#cr0You have my praise.,1
scrpack.071.2798,71,2798,24,Who's there?!,0
scrpack.071.2802,71,2802,24,My name is...,0
scrpack.071.2853,71,2853,16,Xenon.,0
scrpack.071.2871,71,2871,20,So you're...,0
scrpack.071.2880,71,2880,40,So you finally show yourself...,0
scrpack.071.2884,71,2884,24,Heh heh heh...,0
scrpack.071.2893,71,2893,80,"The Black Reaper, Kyoshiro Kokujo,#cr0will be your opponent! Come on!",1
scrpack.071.2897,71,2897,36,Very well.#cr0True duelist.,1
scrpack.071.2918,71,2918,24,"Wait, Kokujo!",0
scrpack.071.2922,71,2922,36,What's he rushing in for?!,0
scrpack.071.2931,71,2931,32,Shobu still isn't here!,0
scrpack.071.2963,71,2963,28,"Shields, deploy!!",0
scrpack.071.3002,71,3002,32,Xenon Castle - Interior,0
scrpack.071.3018,71,3018,36,Whoa!#cr0What's happening?!,1
scrpack.071.3027,71,3027,56,No way...#cr0Did the battle with Xenon start?!,1
scrpack.071.3037,71,3037,52,"Everyone...#cr0Hey, /sw25/! Do something!",1
scrpack.071.3046,71,3046,36,What do you expect me to do?,0
scrpack.071.3050,71,3050,64,"That's it! You breathe fire, right?#cr0Melt these bars!",1
scrpack.071.3059,71,3059,60,They're not chocolate!#cr0I can't just melt them!,1
scrpack.071.3063,71,3063,48,Then grow huge!#cr0Boom! Giant dragon!,1
scrpack.071.3068,71,3068,84,Grrr!#cr0Quit asking for impossible stuff!#cr0Why don't you do something?!,2
scrpack.071.3072,71,3072,24,What'd you say?!,0
scrpack.071.3076,71,3076,44,"This is no time to fight, you two!",0
scrpack.071.3082,71,3082,28,?!#cr0Who's there?!,1
scrpack.071.3094,71,3094,44,"Nice to meet you, Shobu Kirifuda.",0
scrpack.071.3108,71,3108,56,You're Dragon Mask!#cr0What are you doing here?!,1
scrpack.071.3112,71,3112,40,I have some business with Xenon.,0
scrpack.071.3116,71,3116,12,...,0
scrpack.071.3125,71,3125,56,Stand back.#cr0I'm going to break these bars!,1
scrpack.071.3129,71,3129,36,Dragon Shout - Full Power!!,0
scrpack.071.3164,71,3164,52,A-Amazing...#cr0He blew the bars apart...,1
scrpack.071.3178,71,3178,48,"Thanks, Dragon Mask.#cr0You saved us!",1
scrpack.071.3182,71,3182,52,Thank me after Xenon is beaten.#cr0Let's go!,1
scrpack.071.3186,71,3186,16,Yeah!,0
scrpack.071.3219,71,3219,24,Xenon's Chamber,0
scrpack.071.3235,71,3235,36,Everyone!#cr0Sorry I'm late!,1
scrpack.071.3239,71,3239,12,!!!,0
scrpack.071.3249,71,3249,40,Hakuoh! Kokujo! Mimi! Bucketman!,0
scrpack.071.3253,71,3253,68,"They're all down...#cr0D-Damn it, because I was too late...",1
scrpack.071.3257,71,3257,44,Heh heh heh... They entertained me.,0
scrpack.071.3261,71,3261,24,Who's there?!,0
scrpack.071.3265,71,3265,28,Heh heh... I am...,0
scrpack.071.3312,71,3312,16,Xenon.,0
scrpack.071.3328,71,3328,24,You're Xenon!,0
scrpack.071.3332,71,3332,64,"Indeed. I've been waiting for you,#cr0Shobu Kirifuda.",1
scrpack.071.3336,71,3336,92,"While I waited, I sampled a few appetizers.#cr0Sadly, they were no challenge at all.",1
scrpack.071.3340,71,3340,68,"You'll pay for what you did to everyone!#cr0Duel me, Xenon!",1
scrpack.071.3344,71,3344,112,"Don't be so impatient, Shobu Kirifuda.#cr0You have a long life ahead of you.#cr0A very, very long one.",2
scrpack.071.3353,71,3353,40,What...?#cr0What do you mean?,1
scrpack.071.3362,71,3362,44,This is the origin of D.M. Cards...,0
scrpack.071.3366,71,3366,32,The Primordial Card!!,0
scrpack.071.3375,71,3375,40,T-That's the Primordial Card...!,0
scrpack.071.3384,71,3384,36,"I knew you had it, Xenon!",0
scrpack.071.3388,71,3388,40,"Hm? Well, well. A rare guest.",0
scrpack.071.3392,71,3392,64,"Unfortunately,#cr0I don't have time to entertain you.",1
scrpack.071.3416,71,3416,20,Gwaaaah!!,0
scrpack.071.3428,71,3428,20,Dragon Mask!,0
scrpack.071.3432,71,3432,44,Damn... I knew it wouldn't work...,0
scrpack.071.3436,71,3436,68,This is no place for someone#cr0whose power has been sealed.,1
scrpack.071.3440,71,3440,100,"Offer a sacrifice to the Primordial Card,#cr0and a D.M. Card bearing its abilities is born.",1
scrpack.071.3444,71,3444,112,I seek the ultimate card.#cr0That requires the ultimate sacrifice.#cr0I have no interest in the weak.,2
scrpack.071.3448,71,3448,72,What are you talking about?!#cr0There aren't any creatures here!,1
scrpack.071.3452,71,3452,24,Heh heh heh...,0
scrpack.071.3456,71,3456,28,What's so funny?!,0
scrpack.071.3460,71,3460,76,The Primordial Card does not turn#cr0only creatures into D.M. Cards.,1
scrpack.071.3464,71,3464,100,"Depending on the sacrifice,#cr0the card can gain power far beyond#cr0that of any creature.",2
scrpack.071.3468,71,3468,48,Power far beyond that of creatures...?,0
scrpack.071.3472,71,3472,84,Yes.#cr0The power to draw out a card's strength#cr0and command it at will.,2
scrpack.071.3476,71,3476,72,Only one who possesses that ability#cr0is a fitting sacrifice.,1
scrpack.071.3485,71,3485,36,N-No... You can't mean...,0
scrpack.071.3489,71,3489,24,Yes. A duelist!,0
scrpack.071.3493,71,3493,56,A great duelist can command#cr0any card at will.,1
scrpack.071.3497,71,3497,104,"Sacrifice a duelist,#cr0and an ultimate card capable of ruling#cr0all other cards will be born!",2
scrpack.071.3506,71,3506,40,You monster!#cr0I won't let you!,1
scrpack.071.3510,71,3510,80,And now I've found a duelist#cr0worthy of becoming the ultimate card!,1
scrpack.071.3532,71,3532,44,Aaaah!#cr0What are you doing?! Stop!,1
scrpack.071.3536,71,3536,16,Shobu!,0
scrpack.071.3540,71,3540,56,Shobu Kirifuda!#cr0You will be reborn as a card.,1
scrpack.071.3545,71,3545,64,Begin your second life as my servant!#cr0Wahahahahaha!,1
scrpack.071.3549,71,3549,20,No! Stop!!,0
scrpack.071.3554,71,3554,16,Pigiya!,0
scrpack.071.3590,71,3590,24,Xenon's Chamber,0
scrpack.071.3605,71,3605,24,D-Did I survive?,0
scrpack.071.3614,71,3614,44,Huh? There's a card on the ground.,0
scrpack.071.3627,71,3627,48,/sw25/?!#cr0/sw25/ is inside the card?!,1
scrpack.071.3636,71,3636,44,/sw25/...#cr0You protected me...?,1
scrpack.071.3646,71,3646,20,N-Nngh...,0
scrpack.071.3650,71,3650,52,The Primordial Card I finally obtained...,0
scrpack.071.3654,71,3654,44,...has become a worthless card...,0
scrpack.071.3668,71,3668,40,"Xenon, I'll never forgive you!!",0
scrpack.071.3672,71,3672,64,Shobu Kirifuda!#cr0Losing your friend must be painful.,1
scrpack.071.3676,71,3676,40,But my sorrow is greater still.,0
scrpack.071.3680,71,3680,84,"I was on the verge of obtaining#cr0the ultimate card, and you stopped me!",1
scrpack.071.3684,71,3684,40,Can you comprehend my anguish?!,0
scrpack.071.3688,71,3688,48,Can you comprehend my disappointment?!,0
scrpack.071.3692,71,3692,36,Can you comprehend my rage?!,0
scrpack.071.3696,71,3696,72,Of course not.#cr0A common fool like you could never understand.,1
scrpack.071.3700,71,3700,24,Quit whining!,0
scrpack.071.3704,71,3704,32,I'm going to crush you.,0
scrpack.071.3713,71,3713,44,Get your deck ready. We're dueling!,0
scrpack.071.3722,71,3722,20,Very well...,0
scrpack.071.3758,71,3758,60,Shobu Kirifuda!#cr0Pay for the pain you caused me!!,1
scrpack.071.3925,71,3925,20,Xenon Castle,0
scrpack.071.3953,71,3953,24,Xenon's Chamber,0
scrpack.071.3994,71,3994,24,Xenon's Chamber,0
scrpack.071.4004,71,4004,92,"Fool.#cr0Had you quietly become a card,#cr0you could have avoided this suffering.",2
scrpack.071.4010,71,4010,44,Guh...#cr0I-I'm not finished yet...,1
scrpack.071.4015,71,4015,44,"Now I'll finish you, Shobu Kirifuda.",0
scrpack.071.4022,71,4022,20,Duel again?,0
scrpack.071.4036,71,4036,28,"S-Sorry, /sw25/...",0
scrpack.071.4082,71,4082,24,Xenon's Chamber,0
scrpack.071.4092,71,4092,64,"Gah! Curse you...#cr0You dare defeat me, Shobu Kirifuda!",1
scrpack.071.4096,71,4096,12,...,0
scrpack.071.4100,71,4100,104,"The ultimate card is gone,#cr0and mana control has been lost.#cr0This world will soon perish.",2
scrpack.071.4104,71,4104,48,"Regret your victory, Shobu Kirifuda!!",0
scrpack.071.4119,71,4119,28,We... beat him...,0
scrpack.071.4123,71,4123,72,"Damn it... We won the duel,#cr0but I don't feel happy at all...",1
scrpack.071.4127,71,4127,36,Is that because I was gone?,0
scrpack.071.4131,71,4131,28,Y-Yeah...#cr0Huh?,1
scrpack.071.4149,71,4149,20,It's /sw25/!,0
scrpack.071.4154,71,4154,68,"When you beat Xenon,#cr0the Primordial Card lost its power!",1
scrpack.071.4163,71,4163,44,That's how I got out of the card.,0
scrpack.071.4167,71,4167,40,Really?!#cr0Yaaay! We did it!!!,1
scrpack.071.4176,71,4176,32,"I'm glad for you, Shobu.",0
scrpack.071.4186,71,4186,32,"Congratulations, Shobu.",0
scrpack.071.4196,71,4196,28,"Well done, Shobu!",0
scrpack.071.4206,71,4206,52,Hmph. I suppose I'll praise you this once.,0
scrpack.071.4219,71,4219,92,"With the Primordial Card gone,#cr0this world's mana balance#cr0is recovering fast.",2
scrpack.071.4223,71,4223,56,Really?#cr0Then this world won't be destroyed.,1
scrpack.071.4227,71,4227,52,Now I can finally return#cr0to my true form!,1
scrpack.071.4253,71,4253,24,Xenon's Chamber,0
scrpack.071.4264,71,4264,44,Whoa...#cr0You were a huge dragon?!,1
scrpack.071.4268,71,4268,36,"Thank you, Shobu Kirifuda.",0
scrpack.071.4272,71,4272,72,"Thanks to you,#cr0the seal placed upon us#cr0has been broken.",2
scrpack.071.4276,71,4276,12,Us?,0
scrpack.071.4280,71,4280,24,Look behind you.,0
scrpack.071.4314,71,4314,24,Xenon's Chamber,0
scrpack.071.4342,71,4342,40,D-Dad?!#cr0Dragon Mask was you?!,1
scrpack.071.4346,71,4346,40,"It's been a long time, Shobu.",0
scrpack.071.4350,71,4350,44,Dad...#cr0What are you doing here?!,1
scrpack.071.4354,71,4354,124,"Xenon summoned me to this world.#cr0He sealed my power when we fought,#cr0and I've wandered this world ever since.",2
scrpack.071.4358,71,4358,28,"I missed you, Dad!",0
scrpack.071.4362,71,4362,84,"Ever since I learned you'd been summoned here,#cr0I've been watching you.",1
scrpack.071.4371,71,4371,40,"You've grown stronger, Shobu.",0
scrpack.071.4380,71,4380,36,Heh...#cr0Of course I have!,1
scrpack.071.4392,71,4392,28,"Master Hakuoh, look!",0
scrpack.071.4431,71,4431,72,That's our world!#cr0Everyone hurry#cr0before the rift closes!,2
scrpack.071.4481,71,4481,44,"Shobu, what are you doing? Hurry!",0
scrpack.071.4496,71,4496,64,"Come on, Dad. Let's go home.#cr0Mom's waiting for us.",1
scrpack.071.4505,71,4505,52,"I'm sorry, but I can't leave this world yet.",0
scrpack.071.4514,71,4514,40,Why not?!#cr0Come home with me!,1
scrpack.071.4518,71,4518,76,"If this world falls into GARDE's hands,#cr0they'll abuse its mana.",1
scrpack.071.4522,71,4522,56,"If that happens,#cr0your world will suffer too.",1
scrpack.071.4526,71,4526,80,"I can't return until GARDE is destroyed.#cr0Please understand, Shobu.",1
scrpack.071.4530,71,4530,60,I'll help Shori return home#cr0as soon as possible.,1
scrpack.071.4539,71,4539,12,...,0
scrpack.071.4543,71,4543,56,"Okay, Dad.#cr0/sw25/, take care of him for me!",1
scrpack.071.4547,71,4547,96,"I will.#cr0Shobu Kirifuda, in thanks for saving#cr0this world and me, take this card.",2
scrpack.071.4556,71,4556,64,It's the Primordial Card.#cr0My soul remains inside it.,1
scrpack.071.4565,71,4565,32,"Whoa! Thanks, /sw25/!",0
scrpack.071.4569,71,4569,24,"Wait, you two!",0
scrpack.071.4578,71,4578,28,"W-What is it, Dad?",0
scrpack.071.4582,71,4582,56,That card is dangerous.#cr0I'll hold on to it.,1
scrpack.071.4591,71,4591,44,No way!#cr0It's my memory of /sw25/!,1
scrpack.071.4600,71,4600,28,"Then duel me, Shobu!",0
scrpack.071.4609,71,4609,36,What?!#cr0A duel with Dad?!,1
scrpack.071.4613,71,4613,88,That's right.#cr0Show Shori Kirifuda#cr0that you're worthy to carry that card!,2
scrpack.071.4617,71,4617,12,...,0
scrpack.071.4621,71,4621,48,"What's wrong, Shobu?#cr0Getting scared?",1
scrpack.071.4630,71,4630,56,...A duel with Dad...#cr0This is like a dream!,1
scrpack.071.4639,71,4639,52,"Come on, Dad!#cr0Don't you dare hold back!",1
scrpack.071.4643,71,4643,64,We don't have much time.#cr0One duel only. No rematch.,1
scrpack.071.4679,71,4679,56,Shobu! Witness the skill#cr0of Shori Kirifuda!,1
scrpack.071.4846,71,4846,20,Xenon Castle,0
scrpack.071.4891,71,4891,24,Xenon's Chamber,0
scrpack.071.4901,71,4901,72,"That was a fine duel, Shobu.#cr0I can trust you with that card.",1
scrpack.071.4910,71,4910,20,Xenon Castle,0
scrpack.071.4951,71,4951,24,Xenon's Chamber,0
scrpack.071.4961,71,4961,44,Darn it!#cr0Dad really is strong!,1
scrpack.071.4965,71,4965,60,Don't sell yourself short.#cr0You played well too.,1
scrpack.071.4974,71,4974,16,Really?,0
scrpack.071.4978,71,4978,48,Really.#cr0The Primordial Card is yours.,1
scrpack.071.4982,71,4982,28,Huh?#cr0But I lost.,1
scrpack.071.4986,71,4986,96,I told you.#cr0I wanted to see whether you were worthy#cr0to carry the Primordial Card.,2
scrpack.071.4990,71,4990,64,"Win or lose,#cr0you fought proudly#cr0as a true duelist.",2
scrpack.071.4994,71,4994,36,So the card belongs to you.,0
scrpack.071.5004,71,5004,16,Dad...,0
scrpack.071.5008,71,5008,120,"That was the greatest duel, Dad!#cr0I'll keep this card as a memory of this world#cr0and treasure it forever!",2
scrpack.071.5016,71,5016,112,"Go, Shobu. The mana is stabilizing.#cr0Once it fully settles,#cr0the path back to your world will close.",2
scrpack.071.5020,71,5020,12,...,0
scrpack.071.5029,71,5029,44,"Got it!#cr0Dad, /sw25/, take care!",1
scrpack.071.5033,71,5033,16,Shobu!,0
scrpack.071.5037,71,5037,48,You are...#cr0...the ...est ...uel...,1
scrpack.071.5048,71,5048,48,"Dad, I can't hear you!#cr0Dad! Daaaaad!",1
scrpack.072.0015,72,15,20,Duel Plaza,0
scrpack.072.0025,72,25,36,Look! The hole is closing!,0
scrpack.072.0031,72,31,36,But Shobu still hasn't...,0
scrpack.072.0042,72,42,20,Shobuuuu!,0
scrpack.072.0053,72,53,20,You called?,0
scrpack.072.0063,72,63,12,Huh?,0
scrpack.072.0073,72,73,32,When did you get here?!,0
scrpack.072.0082,72,82,64,We thought you got left behind#cr0in the other world!,1
scrpack.072.0091,72,91,96,"What were you guys doing?#cr0You went in before me,#cr0but somehow showed up after me.",2
scrpack.072.0100,72,100,84,That's it!#cr0We arrived in the reverse order#cr0from the way we entered.,2
scrpack.072.0109,72,109,60,"Oh, right.#cr0I did get back before Master Hakuoh.",1
scrpack.072.0118,72,118,32,I see. That explains it.,0
scrpack.072.0127,72,127,48,Huh?#cr0I have no idea what's going on!,1
scrpack.072.0136,72,136,24,Hee hee hee...,0
scrpack.072.0140,72,140,40,"Shobu, what's with that card?",0
scrpack.072.0150,72,150,12,Hm?,0
scrpack.072.0159,72,159,60,Whoa! There's a picture#cr0on the Primordial Card!,1
scrpack.072.0168,72,168,60,Right...#cr0/sw25/'s soul really is#cr0inside it.,2
scrpack.072.0172,72,172,20,...Shobu.,0
scrpack.072.0176,72,176,12,Hm?,0
scrpack.072.0180,72,180,52,I thought I just heard#cr0/sw25/'s voice...,1
scrpack.072.0184,72,184,36,Those were Shori's words.,0
scrpack.072.0188,72,188,44,He said you're the greatest duelist.,0
scrpack.072.0192,72,192,28,Dad said that...?,0
scrpack.072.0205,72,205,52,...Shobu?#cr0What are you grinning about?,1
scrpack.072.0209,72,209,16,Nothing.,0
scrpack.072.0220,72,220,76,All right!#cr0We're finally back!#cr0Let's celebrate with a duel!,2
scrpack.073.0026,73,26,48,This is stupid!#cr0I'm done with this.,1
scrpack.073.0035,73,35,32,You!#cr0Obey my orders!,1
scrpack.073.0039,73,39,72,I don't take orders from someone#cr0dumber than me.#cr0See ya.,2
scrpack.073.0044,73,44,68,Y-You worthless creature!!#cr0Are you calling me stupid?!,1
scrpack.073.0048,73,48,12,Yep.,0
scrpack.073.0053,73,53,52,W-What?!#cr0You're just some weak creature!,1
scrpack.073.0057,73,57,28,W-What did you say?!,0
scrpack.073.0080,73,80,36,"Hey, you two!#cr0Grab him!",1
scrpack.073.0084,73,84,20,No thanks.,0
scrpack.073.0089,73,89,44,What are you doing?!#cr0Hurry up!,1
scrpack.073.0093,73,93,40,Why don't you do it yourself?,0
scrpack.073.0098,73,98,40,Grrrr...#cr0You two as well?!,1
scrpack.073.0102,73,102,36,"Your time is over, Jamira.",0
scrpack.073.0112,73,112,28,What did you say?!,0
scrpack.073.0116,73,116,60,"Oh, looks like quitting time.#cr0Another boring day.",1
scrpack.073.0122,73,122,40,"Let's go home, let's go home.",0
scrpack.073.0131,73,131,80,You idiots!#cr0Do you know what'll happen if the boss hears about this?!,1
scrpack.073.0161,73,161,52,Looks like they're turning on each other.,0
scrpack.073.0170,73,170,52,This is our chance while they're distracted.,0
scrpack.073.0179,73,179,40,"All right, let's sneak inside.",0
scrpack.073.0189,73,189,32,"Everybody, follow me.",0
scrpack.073.0211,73,211,36,Tiptoe... sneak... creep...,0
scrpack.073.0230,73,230,48,"Hey, you!#cr0What are you doing there?!",1
scrpack.073.0234,73,234,16,A-Ah...,0
scrpack.073.0242,73,242,24,They found us!,0
scrpack.073.0276,73,276,24,That idiot...,0
scrpack.073.0289,73,289,56,Tch! Then we'll have to force our way through!,0
scrpack.073.0300,73,300,24,Jamira! Duel me!,0
scrpack.073.0309,73,309,16,Duel!,0
scrpack.073.0313,73,313,44,Oh? You sure you want to say that?,0
scrpack.073.0327,73,327,16,What?,0
scrpack.073.0336,73,336,76,I've got a special duelist on my side.#cr0Don't come crying later.,1
scrpack.073.0345,73,345,28,A special duelist?,0
scrpack.073.0354,73,354,16,Special?,0
scrpack.073.0359,73,359,52,Nyoro!#cr0Allow me to introduce Lady Yu Fua!,1
scrpack.073.0373,73,373,16,W-What?!,0
scrpack.073.0393,73,393,40,"It's been a while, Bucketman.",0
scrpack.073.0397,73,397,36,Yu!!#cr0Is that really you?!,1
scrpack.073.0401,73,401,48,Yes. I'm Yu.#cr0Xenon's loyal servant.,1
scrpack.073.0415,73,415,52,"Xenon?!#cr0What are you talking about, Yu?",1
scrpack.073.0419,73,419,76,Leave GARDE and come back.#cr0We can live happily together again.,1
scrpack.073.0423,73,423,44,Hmph. What are you talking about?,0
scrpack.073.0427,73,427,120,You really think a member of the Fua family#cr0and a Trash Bucket like you#cr0could ever live happily together?,2
scrpack.073.0431,73,431,40,Yu... what's happened to you?,0
scrpack.073.0435,73,435,44,I'm sick of you following me around.,0
scrpack.073.0439,73,439,68,That's why I came here:#cr0to settle this once and for all.,1
scrpack.073.0448,73,448,20,Duel me!!,0
scrpack.073.0452,73,452,52,No. I don't have any reason to fight you.,0
scrpack.073.0456,73,456,40,Maybe you don't.#cr0But I do.,1
scrpack.073.0496,73,496,88,I'll make sure you never follow me again#cr0by sending you to the next world!,1
scrpack.073.0663,73,663,24,Jamirak Fortress,0
scrpack.073.0700,73,700,24,Jamirak Fortress,0
scrpack.073.0721,73,721,20,Aaaaaaaaah!!,0
scrpack.073.0730,73,730,28,Yu! Are you okay?!,0
scrpack.073.0741,73,741,28,...#cr0Bucketman?,1
scrpack.073.0750,73,750,40,You're awake! Thank goodness.,0
scrpack.073.0756,73,756,28,What... was I doing?,0
scrpack.073.0765,73,765,40,Nothing. You didn't do anything.,0
scrpack.073.0774,73,774,52,I see...#cr0I'm glad I got to see you again.,1
scrpack.073.0807,73,807,36,Tch. The drug wore off...,0
scrpack.073.0812,73,812,20,I knew it!,0
scrpack.073.0818,73,818,16,Knew it!,0
scrpack.073.0822,73,822,84,"Damn it!#cr0I'll pay you back someday!#cr0Watch yourself in the dark, nyoro!",2
scrpack.073.0854,73,854,24,Jamira got away!,0
scrpack.073.0858,73,858,16,He did!,0
scrpack.073.0874,73,874,40,Huh? Where did everybody go?!,0
scrpack.073.0883,73,883,28,They're coming back!,0
scrpack.073.0908,73,908,20,Bucketman!,0
scrpack.073.0914,73,914,52,This place is about to blow!#cr0Get out now!,1
scrpack.073.0931,73,931,24,"Yu, let's go!",0
scrpack.073.0939,73,939,28,"Okay, Bucketman! ♪",0
scrpack.073.0945,73,945,32,"Ah, it's almost time.",0
scrpack.073.0950,73,950,16,KABOOM!!,0
scrpack.073.0968,73,968,24,Fortress Ruins,0
scrpack.073.1000,73,1000,60,All right.#cr0This fortress won't be usable anymore.,1
scrpack.073.1009,73,1009,56,"Thank you, everyone.#cr0You came to save me. ♪",1
scrpack.073.1027,73,1027,24,Jamirak Fortress,0
scrpack.073.1058,73,1058,24,Jamirak Fortress,0
scrpack.073.1083,73,1083,68,"Wahahahaha!#cr0Someone like you could never beat Yu, nyoro!",1
scrpack.073.1087,73,1087,48,"Oh? You're still alive, Trash Bucket.",0
scrpack.073.1091,73,1091,56,"Yu, what happened to you?!#cr0Snap out of it!",1
scrpack.073.1100,73,1100,64,No... stop following me...#cr0This time I'll finish you!,1
scrpack.073.1104,73,1104,20,Duel again?,0
scrpack.074.0019,74,19,92,Me Bolshack Dragon.#cr0Dragon tribe strong.#cr0Bolshack Dragon strongest. Strong.,2
scrpack.074.0024,74,24,96,Me Bolshack Dragon.#cr0Fire Civilization strong.#cr0Bolshack Dragon strongest. Strong.,2
scrpack.074.0029,74,29,88,Me Bolshack Dragon.#cr0This town strong.#cr0Bolshack Dragon strongest. Strong.,2
scrpack.074.0034,74,34,84,Me Bolshack Dragon.#cr0Breakfast weak.#cr0Bolshack Dragon strongest. Strong.,2
scrpack.074.0039,74,39,84,Me Bolshack Dragon.#cr0Lunch strong.#cr0Bolshack Dragon strongest. Strong.,2
scrpack.074.0044,74,44,96,Me Bolshack Dragon.#cr0Dinner strongest. Strong.#cr0Bolshack Dragon strongest. Strong.,2
scrpack.074.0059,74,59,96,Hyaaah!!#cr0Don't look down on me just because I'm Common!#cr0I'm gonna evolve someday!,2
scrpack.074.0064,74,64,96,Hyaaah!!#cr0Don't look down on me just because I'm tiny!#cr0I'm gonna evolve someday!,2
scrpack.074.0069,74,69,72,"Listen up!!#cr0Whatever you do, don't put me in the mana zone!",1
scrpack.074.0084,74,84,52,Woo-hoo!#cr0Gasoline runs through my veins!,1
scrpack.074.0088,74,88,44,Engine at full throttle!#cr0Yeeaah!!,1
scrpack.074.0093,74,93,64,Woo-hoo!#cr0The Fire Civilization doesn't need cowards!,1
scrpack.074.0097,74,97,76,Run from the enemy and I'll brand some guts into you!#cr0Yeeaah!!,1
scrpack.074.0102,74,102,60,Woo-hoo!#cr0Nothing beats a hose for siphoning gas!,1
scrpack.074.0106,74,106,68,"Sometimes I swallow some, and that's great too!#cr0Yahoo!!",1
scrpack.074.0111,74,111,64,Woo-hoo!#cr0I've got the highest blood pressure in Fire!,1
scrpack.074.0115,74,115,64,My nosebleeds shoot farther than anybody's!#cr0Yahoo!!,1
scrpack.074.0120,74,120,48,Woo-hoo!#cr0Who cares about defense?!,1
scrpack.074.0124,74,124,56,The best defense is more offense!!#cr0Yahoo!!,1
scrpack.074.0138,74,138,32,"Wait, Kokujo! Duel me!",0
scrpack.074.0151,74,151,24,Out of my way.,0
scrpack.074.0163,74,163,12,Ow!,0
scrpack.074.0177,74,177,28,Whoa! That's cold.,0
scrpack.075.0019,75,19,136,"Ha-ha! When you're in trouble, call Dio Raios!#cr0My ability drags friend and foe to the grave!#cr0Now choose which ally dies!",2
scrpack.075.0023,75,23,52,Whoa?! There aren't any enemies or allies!,0
scrpack.075.0027,75,27,28,Then it's pointless.,0
scrpack.075.0035,75,35,136,"Ha-ha! When you're in trouble, call Dio Raios!#cr0My ability drags friend and foe to the grave!#cr0Now choose which ally dies!",2
scrpack.075.0039,75,39,20,Whoa?! Me?!,0
scrpack.075.0043,75,43,20,Why meee?!,0
scrpack.075.0051,75,51,136,"Ha-ha! When you're in trouble, call Dio Raios!#cr0My ability drags friend and foe to the grave!#cr0Now choose which ally dies!",2
scrpack.075.0055,75,55,44,"Whoa?! If Ash is here, that means...",0
scrpack.075.0059,75,59,24,It's me again?!,0
scrpack.075.0067,75,67,136,"Ha-ha! When you're in trouble, call Dio Raios!#cr0My ability drags friend and foe to the grave!#cr0Now choose which ally dies!",2
scrpack.075.0071,75,71,44,Whoa?! Don't look at me like that!!,0
scrpack.075.0075,75,75,16,Aaaah!!!,0
scrpack.075.0093,75,93,52,Here we go!#cr0Aim for the stratosphere!!,1
scrpack.075.0098,75,98,72,"Rocket boosters, full blast!#cr0Let's set a new speed record!!",1
scrpack.075.0103,75,103,56,This new powered suit isn't very comfortable.,0
scrpack.075.0108,75,108,88,Underestimate a weakling and you'll regret it!#cr0A phoenix is going to descend!,1
scrpack.075.0113,75,113,24,Flying is fun!,0
scrpack.075.0127,75,127,32,"Wait, Kokujo! Duel me!",0
scrpack.075.0140,75,140,12,...,0
scrpack.075.0154,75,154,12,Huh?,0
scrpack.076.0125,76,125,24,Fortress Ruins,0
scrpack.076.0137,76,137,64,Thank you for rescuing me.#cr0I'll help however I can.,1
scrpack.076.0146,76,146,36,What do you want to know?,0
scrpack.076.0180,76,180,88,"GARDE is after the Primordial Card,#cr0the card from which D.M. Cards originate.",1
scrpack.076.0184,76,184,116,"Offer a creature as a sacrifice,#cr0and it becomes a D.M. Card#cr0that carries that creature's abilities.",2
scrpack.076.0197,76,197,80,"I see. Sacrifice a powerful creature,#cr0and you get a powerful card.",1
scrpack.076.0206,76,206,52,So it really could make the ultimate card.,0
scrpack.076.0215,76,215,64,I wonder what creature#cr0they intend to sacrifice...,1
scrpack.076.0227,76,227,68,"The world's balance has tipped heavily#cr0toward ""release.""",1
scrpack.076.0231,76,231,44,The Primordial Card is the cause.,0
scrpack.076.0235,76,235,88,The unstable Primordial Card is now pouring out#cr0mana that nobody can control.,1
scrpack.076.0239,76,239,108,"There are two ways to stop it:#cr0seal the card again,#cr0or fully break the seal and control it.",2
scrpack.076.0243,76,243,44,GARDE intends to take control of it.,0
scrpack.076.0256,76,256,120,"Then another way to look at it is this:#cr0if someone controls the card, the mana stabilizes.#cr0Which means...",2
scrpack.076.0265,76,265,36,GARDE would save the world?!,0
scrpack.076.0274,76,274,28,"Technically, yes.",0
scrpack.076.0278,76,278,68,They might indeed stop the world#cr0from being destroyed.,1
scrpack.076.0282,76,282,52,But the world would be guided toward evil.,0
scrpack.076.0286,76,286,76,And that evil would eventually spread#cr0into your world as well...,1
scrpack.076.0290,76,290,44,We have to prevent that at any cost.,0
scrpack.076.0311,76,311,100,Then we should break the Primordial Card's seal#cr0and guide its power in a good direction.,1
scrpack.076.0315,76,315,56,Exactly.#cr0That's what I want all of you to do.,1
scrpack.076.0319,76,319,32,What do we need to do?,0
scrpack.076.0323,76,323,112,"Do what you believe is right.#cr0With a good heart,#cr0the power will naturally be guided the right way.",2
scrpack.076.0332,76,332,44,So basically: do whatever we want.,0
scrpack.076.0336,76,336,68,"That's not exactly wrong,#cr0but you make it sound terrible.",1
scrpack.076.0345,76,345,32,"Well, what can I say?",0
scrpack.076.0354,76,354,36,That wasn't a compliment.,0
scrpack.076.0368,76,368,100,The Primordial Card is sealed in a land#cr0that belongs to none of the five civilizations.,1
scrpack.076.0372,76,372,68,"To break its seal,#cr0you must defeat the Card Guardians.",1
scrpack.076.0376,76,376,60,But there is one thing you must be careful about.,0
scrpack.076.0380,76,380,80,There are five Card Guardians.#cr0You have to defeat all five at once.,1
scrpack.076.0384,76,384,48,"Otherwise, the Guardians will revive.",0
scrpack.076.0397,76,397,40,That sounds extremely difficult.,0
scrpack.076.0417,76,417,32,Shori did it alone...,0
scrpack.076.0426,76,426,20,My dad did?,0
scrpack.076.0430,76,430,24,That's right.,0
scrpack.076.0439,76,439,64,"There you go again, talking like you saw it yourself.",0
scrpack.076.0443,76,443,40,Because I fought alongside him!,0
scrpack.076.0452,76,452,28,Here we go again.,0
scrpack.076.0461,76,461,44,Hey!#cr0You still don't believe me?!,1
scrpack.076.0472,76,472,52,Doing it alone may be impossible for us...,0
scrpack.076.0480,76,480,100,"But if all five of us work together,#cr0I'm sure we can do it.#cr0Right, Master Hakuoh? ♪",2
scrpack.076.0489,76,489,48,"Yes, exactly!#cr0Good thinking, Mimi.",1
scrpack.076.0494,76,494,48,Yay!#cr0Master Hakuoh praised Mimi! ♪,1
scrpack.076.0515,76,515,24,I don't know.,0
scrpack.076.0528,76,528,20,...I see.,0
scrpack.076.0532,76,532,32,But I've heard a rumor.,0
scrpack.076.0536,76,536,112,"In exchange for saving the world,#cr0Shori Kirifuda had his abilities#cr0as a true duelist sealed away.",2
scrpack.076.0540,76,540,80,They say Shori Kirifuda is traveling the world#cr0to break that seal.,1
scrpack.076.0550,76,550,52,Dad's traveling?#cr0I wonder where he is.,1
scrpack.076.0554,76,554,32,I don't know where...,0
scrpack.076.0574,76,574,68,See?#cr0Even Yu says so.#cr0How about believing me for once?,2
scrpack.076.0587,76,587,104,"The Primordial Card is protected by five Guardians:#cr0Fire, Light, Darkness, Water, and Nature.",1
scrpack.076.0591,76,591,84,They say the five Guardians change appearance#cr0depending on who sees them.,1
scrpack.076.0595,76,595,72,"Defeat all five at once,#cr0or they'll revive.#cr0Be careful.",2
scrpack.076.0602,76,602,64,The Savior is the legendary duelist#cr0Shori Kirifuda.,1
scrpack.076.0615,76,615,20,What?! Dad?,0
scrpack.076.0619,76,619,128,"Yes. He saved this world once before.#cr0Now that another crisis is coming,#cr0everyone is waiting for someone like him.",2
scrpack.076.0628,76,628,48,Wasn't Hakuoh supposed to be the Savior?,0
scrpack.076.0637,76,637,48,Whew. I feel a little less pressure now.,0
scrpack.076.0641,76,641,92,But nobody knows where Shori Kirifuda is.#cr0So you'll have to act as the Savior.,1
scrpack.076.0650,76,650,64,I could never do what a legendary duelist like him did.,0
scrpack.076.0659,76,659,40,But you have friends beside you.,0
scrpack.076.0667,76,667,72,"That's right, Master Hakuoh.#cr0Let's do our best together! ♪",1
scrpack.076.0689,76,689,16,See you.,0
scrpack.076.0708,76,708,36,"Oh, right. Take this card.",0
scrpack.076.0726,76,726,48,Whoa!#cr0This dragon looks almost alive.,1
scrpack.076.0735,76,735,20,No way...!,0
scrpack.076.0749,76,749,124,"Yes. This dragon was a victim of the Primordial Card.#cr0A little wild and temperamental,#cr0but really a good kid.",2
scrpack.076.0753,76,753,44,But now this is all that's left...,0
scrpack.076.0757,76,757,76,Please! Avenge this dragon#cr0that was forcibly reborn as a card.,1
scrpack.076.0784,76,784,60,"Hey, nice card.#cr0This dragon looks almost alive.",1
scrpack.076.0793,76,793,20,No way...!,0
scrpack.076.0807,76,807,124,"Yes. This dragon was a victim of the Primordial Card.#cr0A little wild and temperamental,#cr0but really a good kid.",2
scrpack.076.0811,76,811,44,But now this is all that's left...,0
scrpack.076.0815,76,815,76,Please! Avenge this dragon#cr0that was forcibly reborn as a card.,1
scrpack.076.0822,76,822,24,"Wait, Bucketman.",0
scrpack.076.0826,76,826,16,What?,0
scrpack.076.0830,76,830,36,I'm not the Yu you know...,0
scrpack.076.0839,76,839,12,Huh?,0
scrpack.076.0843,76,843,84,I'm the Yu from this world.#cr0The Yu you know is back in your own world.,1
scrpack.076.0852,76,852,32,Yeah. I know that much.,0
scrpack.076.0861,76,861,44,Then why...?#cr0Why did you save me?,1
scrpack.076.0870,76,870,36,I'm not the Yu you know...,0
scrpack.076.0874,76,874,80,Real or not doesn't matter.#cr0I want both versions of Yu to be happy.,1
scrpack.076.0878,76,878,72,"That's just like you, Bucketman.#cr0But I can never be happy.",1
scrpack.076.0882,76,882,36,Huh?#cr0What do you mean?,1
scrpack.076.0886,76,886,52,Because this world doesn't have a Bucketman.,0
scrpack.076.0890,76,890,28,Then I'll stay here.,0
scrpack.076.0894,76,894,52,Will you stay forever?#cr0And never go back?,1
scrpack.076.0903,76,903,28,Uh... well... um...,0
scrpack.076.0912,76,912,60,"Heh... that was selfish of me.#cr0Sorry, Bucketman.",1
scrpack.076.0936,76,936,64,It's a good card.#cr0And this dragon looks almost alive.,1
scrpack.076.0945,76,945,20,No way...!,0
scrpack.076.0959,76,959,124,"Yes. This dragon was a victim of the Primordial Card.#cr0A little wild and temperamental,#cr0but really a good kid.",2
scrpack.076.0963,76,963,44,But now this is all that's left...,0
scrpack.076.0967,76,967,76,Please! Avenge this dragon#cr0that was forcibly reborn as a card.,1
scrpack.076.0994,76,994,64,"Wow, nice card.#cr0And this dragon looks almost alive.",1
scrpack.076.1003,76,1003,20,No way...!,0
scrpack.076.1017,76,1017,124,"Yes. This dragon was a victim of the Primordial Card.#cr0A little wild and temperamental,#cr0but really a good kid.",2
scrpack.076.1021,76,1021,44,But now this is all that's left...,0
scrpack.076.1025,76,1025,76,Please! Avenge this dragon#cr0that was forcibly reborn as a card.,1
scrpack.076.1052,76,1052,60,Huh. Nice card.#cr0This dragon looks almost alive.,1
scrpack.076.1061,76,1061,28,This can't be...!,0
scrpack.076.1075,76,1075,124,"Yes. This dragon was a victim of the Primordial Card.#cr0A little wild and temperamental,#cr0but really a good kid.",2
scrpack.076.1079,76,1079,44,But now this is all that's left...,0
scrpack.076.1083,76,1083,76,Please! Avenge this dragon#cr0that was forcibly reborn as a card.,1
scrpack.076.1143,76,1143,36,"Wait, Kokujo!#cr0Duel me!!",1
scrpack.076.1152,76,1152,12,...,0
scrpack.076.1161,76,1161,84,"Come on, Kokujo. Duel me!#cr0Come on! Please!#cr0Come on, come on, come on!",2
scrpack.076.1169,76,1169,44,Looks like he didn't learn anything.,0
scrpack.076.1178,76,1178,48,I should have finished him after all...,0
scrpack.076.1187,76,1187,28,"Come on, duel me!",0
scrpack.076.1205,76,1205,24,Jamirak Fortress,0
scrpack.077.0018,77,18,80,A special tournament is underway with free entry!#cr0Come on and join!,1
scrpack.077.0022,77,22,32,Enter the tournament?,0
scrpack.077.0043,77,43,36,"Hey, you're entering too?",0
scrpack.077.0047,77,47,56,Shobu!#cr0So you got thrown into this world too!,1
scrpack.077.0056,77,56,56,Yeah!#cr0A whole world of D.M. Cards is amazing!,1
scrpack.077.0060,77,60,24,Same old Shobu.,0
scrpack.077.0064,77,64,40,I can't wait for the tournament!,0
scrpack.077.0073,77,73,40,Yeah! Let's both do our best!,0
scrpack.077.0252,77,252,20,Battle Arena,0
scrpack.077.0272,77,272,48,"Hey, Bucketman.#cr0How'd your match go?",1
scrpack.077.0281,77,281,40,"A huge win for me, of course!",0
scrpack.077.0644,77,644,48,Hey.#cr0You're facing Dragon Mask next!,1
scrpack.077.0653,77,653,48,So I finally get to face Dragon Mask.,0
scrpack.077.0662,77,662,72,"Yeah, I wonder what he's like.#cr0Man, I wanna duel Dragon Mask!",1
scrpack.077.0695,77,695,20,Battle Arena,0
scrpack.077.0720,77,720,28,"Hey, is that Benny?!",0
scrpack.077.0729,77,729,84,"I'll sneak up from behind, grab him,#cr0and make him tell me where Yu is.",1
scrpack.077.0740,77,740,80,Damn that Dragon Mask guy!#cr0I'll get revenge for losing in round one!,1
scrpack.077.0749,77,749,28,"Oops, almost time...",0
scrpack.077.0758,77,758,68,"Be-la-la-la!#cr0Hurry up and get here, Dragon Maaaask! ♪",1
scrpack.077.0774,77,774,28,"Damn, he got away.",0
scrpack.077.0778,77,778,56,Still...#cr0Benny's plotting something again.,1
scrpack.077.0789,77,789,40,The semifinal is about to begin!,0
scrpack.077.0808,77,808,60,What are you doing?#cr0The semifinal is starting.,1
scrpack.077.0813,77,813,36,But we can't ignore Benny...,0
scrpack.077.0822,77,822,68,No choice. The semifinal can wait.#cr0Let's go after Benny!,1
scrpack.077.0831,77,831,20,Battle Arena,0
scrpack.077.0858,77,858,28,"Hey, is that Benny?!",0
scrpack.077.0867,77,867,84,"I'll sneak up from behind, grab him,#cr0and make him tell me where Yu is.",1
scrpack.077.0878,77,878,80,Damn that Dragon Mask guy!#cr0I'll get revenge for losing in round one!,1
scrpack.077.0887,77,887,28,"Oops, almost time...",0
scrpack.077.0896,77,896,68,"Be-la-la-la!#cr0Hurry up and get here, Dragon Maaaask! ♪",1
scrpack.077.0912,77,912,28,"Damn, he got away.",0
scrpack.077.0916,77,916,56,Still...#cr0Benny's plotting something again.,1
scrpack.077.0925,77,925,64,"All right!#cr0Let's go, /sw25/!#cr0We're chasing Benny!",2
scrpack.077.0934,77,934,16,Right!,0
scrpack.077.0950,77,950,56,"Hey, you're entering too?#cr0This should be fun!",1
scrpack.077.0959,77,959,56,Shobu!#cr0So you were sent to this world too.,1
scrpack.077.0968,77,968,56,Yeah!#cr0A whole world of D.M. Cards is amazing!,1
scrpack.077.0977,77,977,36,"You haven't changed, Shobu.",0
scrpack.077.0981,77,981,40,I can't wait for the tournament!,0
scrpack.077.0990,77,990,44,I'm looking forward to dueling you.,0
scrpack.077.1168,77,1168,20,Battle Arena,0
scrpack.077.1188,77,1188,48,"Hey, Hakuoh.#cr0How did your match go?",1
scrpack.077.1197,77,1197,16,I won.,0
scrpack.077.1560,77,1560,44,Hey. You're facing Dragon Mask next.,0
scrpack.077.1569,77,1569,92,"At last, I face the famous Dragon Mask.#cr0I wonder what kind of duel he'll fight.",1
scrpack.077.1602,77,1602,20,Battle Arena,0
scrpack.077.1627,77,1627,52,Hm? Is that Benny?#cr0What is he doing here?,1
scrpack.077.1638,77,1638,80,Damn that Dragon Mask guy!#cr0I'll get revenge for losing in round one!,1
scrpack.077.1647,77,1647,28,"Oops, almost time...",0
scrpack.077.1656,77,1656,68,"Be-la-la-la!#cr0Hurry up and get here, Dragon Maaaask! ♪",1
scrpack.077.1672,77,1672,44,Benny is plotting something again.,0
scrpack.077.1683,77,1683,40,The semifinal is about to begin!,0
scrpack.077.1701,77,1701,64,What are you doing?#cr0The semifinal is about to begin.,1
scrpack.077.1706,77,1706,44,But we have to deal with Benny...,0
scrpack.077.1715,77,1715,68,No choice. The semifinal can wait.#cr0Let's go after Benny!,1
scrpack.077.1724,77,1724,20,Battle Arena,0
scrpack.077.1751,77,1751,52,Hm? Is that Benny?#cr0What is he doing here?,1
scrpack.077.1762,77,1762,80,Damn that Dragon Mask guy!#cr0I'll get revenge for losing in round one!,1
scrpack.077.1771,77,1771,28,"Oops, almost time...",0
scrpack.077.1780,77,1780,68,"Be-la-la-la!#cr0Hurry up and get here, Dragon Maaaask! ♪",1
scrpack.077.1796,77,1796,44,Benny is plotting something again.,0
scrpack.077.1805,77,1805,40,"All right, let's go after Benny!",0
scrpack.077.1823,77,1823,56,"Hey, you're entering too?#cr0This should be fun!",1
scrpack.077.1832,77,1832,60,Shobu!#cr0I'm glad you made it to this world too!,1
scrpack.077.1841,77,1841,56,Yeah!#cr0A whole world of D.M. Cards is amazing!,1
scrpack.077.1850,77,1850,52,This must be like a dream come true for you.,0
scrpack.077.1854,77,1854,68,Yeah! Seeing Bolshack Dragon in person#cr0was incredible!,1
scrpack.077.1863,77,1863,40,You're as predictable as ever.,0
scrpack.077.1867,77,1867,40,I can't wait for the tournament!,0
scrpack.077.1871,77,1871,68,All right! Duel Girl Mimi#cr0is taking this tournament! ♪,1
scrpack.077.2049,77,2049,20,Battle Arena,0
scrpack.077.2069,77,2069,44,"Hey, Mimi.#cr0How'd your match go?",1
scrpack.077.2078,77,2078,32,"Mimi won, of course! ♪",0
scrpack.077.2441,77,2441,48,Hey.#cr0You're facing Dragon Mask next!,1
scrpack.077.2450,77,2450,52,"Finally, Dragon Mask!#cr0This'll be fun! ♪",1
scrpack.077.2459,77,2459,72,"Yeah, I wonder what he's like.#cr0Man, I wanna duel Dragon Mask!",1
scrpack.077.2468,77,2468,56,Wait a second.#cr0Are you telling me to lose?!,1
scrpack.077.2501,77,2501,20,Battle Arena,0
scrpack.077.2526,77,2526,28,"Hey, is that Benny?!",0
scrpack.077.2535,77,2535,68,I'll sneak up on Benny#cr0and give him a Twilight Hell Fist!,1
scrpack.077.2546,77,2546,80,Damn that Dragon Mask guy!#cr0I'll get revenge for losing in round one!,1
scrpack.077.2555,77,2555,28,"Oops, almost time...",0
scrpack.077.2564,77,2564,68,"Be-la-la-la!#cr0Hurry up and get here, Dragon Maaaask! ♪",1
scrpack.077.2580,77,2580,48,"Aww, I almost had him and he got away...",0
scrpack.077.2584,77,2584,56,Still...#cr0Benny's plotting something again.,1
scrpack.077.2595,77,2595,40,The semifinal is about to begin!,0
scrpack.077.2614,77,2614,64,What are you doing?#cr0The semifinal's about to start.,1
scrpack.077.2619,77,2619,44,Buuut we have to deal with Benny...,0
scrpack.077.2628,77,2628,68,Fine. The semifinal can wait.#cr0We're going after Benny!,1
scrpack.077.2637,77,2637,20,Battle Arena,0
scrpack.077.2664,77,2664,28,"Hey, is that Benny?!",0
scrpack.077.2673,77,2673,68,I'll sneak up on Benny#cr0and give him a Twilight Hell Fist!,1
scrpack.077.2684,77,2684,80,Damn that Dragon Mask guy!#cr0I'll get revenge for losing in round one!,1
scrpack.077.2693,77,2693,28,"Oops, almost time...",0
scrpack.077.2702,77,2702,68,"Be-la-la-la!#cr0Hurry up and get here, Dragon Maaaask! ♪",1
scrpack.077.2718,77,2718,48,"Aww, I almost had him and he got away...",0
scrpack.077.2722,77,2722,56,Still...#cr0Benny's plotting something again.,1
scrpack.077.2731,77,2731,40,All right! Let's go after Benny!,0
scrpack.077.2747,77,2747,56,"Hey, you're entering too?#cr0This should be fun!",1
scrpack.077.2756,77,2756,64,Shobu Kirifuda!#cr0You were thrown into this world too!,1
scrpack.077.2765,77,2765,56,Yeah!#cr0A whole world of D.M. Cards is amazing!,1
scrpack.077.2774,77,2774,88,Hmph.#cr0Enjoy yourself while you can.#cr0I'll show you plenty of hell later.,2
scrpack.077.2783,77,2783,32,I'm not losing either!,0
scrpack.077.2961,77,2961,20,Battle Arena,0
scrpack.077.2981,77,2981,44,"Hey, Kokujo.#cr0How'd your match go?",1
scrpack.077.2990,77,2990,40,Hyahahaha!#cr0Isn't it obvious?!,1
scrpack.077.3353,77,3353,48,Hey.#cr0You're facing Dragon Mask next!,1
scrpack.077.3386,77,3386,20,Battle Arena,0
scrpack.077.3411,77,3411,56,That's Benny.#cr0What the hell is he doing here?,1
scrpack.077.3422,77,3422,80,Damn that Dragon Mask guy!#cr0I'll get revenge for losing in round one!,1
scrpack.077.3431,77,3431,28,"Oops, almost time...",0
scrpack.077.3440,77,3440,68,"Be-la-la-la!#cr0Hurry up and get here, Dragon Maaaask! ♪",1
scrpack.077.3456,77,3456,48,That bastard's plotting something again.,0
scrpack.077.3468,77,3468,40,The semifinal is about to begin!,0
scrpack.077.3485,77,3485,40,Looks like it's almost my turn.,0
scrpack.077.3494,77,3494,72,I'll beat Dragon Mask until he screams and cries.#cr0Hyahahaha!,1
scrpack.077.3498,77,3498,64,"But Boss, isn't Benny supposed#cr0to meet Dragon Mask?",1
scrpack.077.3507,77,3507,12,...,0
scrpack.077.3511,77,3511,60,You sure about this?#cr0Benny might steal your prey.,1
scrpack.077.3520,77,3520,20,Tch. Fine.,0
scrpack.077.3524,77,3524,16,Then...,0
scrpack.077.3528,77,3528,76,Dragon Mask is mine.#cr0Benny will regret trying to steal my prey!,1
scrpack.077.3537,77,3537,40,Let's go!#cr0We're after Benny!!,1
scrpack.077.3546,77,3546,20,Battle Arena,0
scrpack.077.3573,77,3573,56,That's Benny.#cr0What the hell is he doing here?,1
scrpack.077.3584,77,3584,80,Damn that Dragon Mask guy!#cr0I'll get revenge for losing in round one!,1
scrpack.077.3593,77,3593,28,"Oops, almost time...",0
scrpack.077.3602,77,3602,68,"Be-la-la-la!#cr0Hurry up and get here, Dragon Maaaask! ♪",1
scrpack.077.3618,77,3618,48,That bastard's plotting something again.,0
scrpack.077.3627,77,3627,68,Boss!#cr0I've got a bad feeling!#cr0Let's go after Benny!!,2
scrpack.077.3636,77,3636,44,Hmph. I don't care.#cr0Leave him.,1
scrpack.077.3645,77,3645,16,Gaaah!,0
scrpack.077.3654,77,3654,48,"Boss, come on...#cr0Let's follow him.",1
scrpack.077.3659,77,3659,16,Move it.,0
scrpack.077.3663,77,3663,68,"Come to think of it,#cr0I heard Benny's with GARDE too...",1
scrpack.077.3670,77,3670,32,"Just a rumor, though...",0
scrpack.077.3679,77,3679,36,I'm going to destroy GARDE!!,0
scrpack.077.3688,77,3688,24,That's my Boss!!,0
scrpack.077.3692,77,3692,20,Let's go!,0
scrpack.077.3705,77,3705,48,How do you change your mind that fast?!,0
scrpack.077.3715,77,3715,52,Here are the special tournament brackets!,0
scrpack.077.3751,77,3751,44,Looks like we'll meet in the final.,0
scrpack.077.3760,77,3760,44,You'd better make it to the final!,0
scrpack.077.3777,77,3777,52,Of course!#cr0You'd better not lose either!,1
scrpack.077.3791,77,3791,36,Yeah. See you in the final!,0
scrpack.077.3805,77,3805,40,You'd better make it there too.,0
scrpack.077.3819,77,3819,64,Lucky you.#cr0Looks like you'll survive until the final.,1
scrpack.077.3828,77,3828,76,"Then, one step from victory,#cr0I'll crush you myself.#cr0Hyahahaha!",2
scrpack.077.3863,77,3863,20,Battle Arena,0
scrpack.077.3873,77,3873,24,"Round 1, begin!",0
scrpack.077.3903,77,3903,20,Battle Arena,0
scrpack.077.3912,77,3912,28,Just as expected.,0
scrpack.077.3921,77,3921,64,"By the way, Benny lost.#cr0His opponent was Dragon Mask.",1
scrpack.077.3925,77,3925,44,I wonder what kind of duelist he is.,0
scrpack.077.3938,77,3938,32,What?!#cr0Benny's here?!,1
scrpack.077.3947,77,3947,56,All right!#cr0I'll make him tell me where Yu is!,1
scrpack.077.3957,77,3957,80,He defeated Benny...#cr0I'm looking forward to seeing what he's like.,1
scrpack.077.3967,77,3967,16,Benny?!,0
scrpack.077.3976,77,3976,96,"Don't tell me he's targeting this continent too,#cr0not just the Water Civilization...",1
scrpack.077.3986,77,3986,52,"Whoever he is, I'll crush him.#cr0Hyahahaha!",1
scrpack.077.4022,77,4022,20,Battle Arena,0
scrpack.077.4032,77,4032,20,Tough luck.,0
scrpack.077.4041,77,4041,68,"By the way, Benny lost.#cr0To someone called Dragon Mask.",1
scrpack.077.4045,77,4045,44,I wonder what kind of duelist he is.,0
scrpack.077.4062,77,4062,32,What?!#cr0Benny's here?!,1
scrpack.077.4071,77,4071,56,All right!#cr0I'll make him tell me where Yu is!,1
scrpack.077.4085,77,4085,64,He beat Benny...#cr0I'd really like to see how he duels.,1
scrpack.077.4099,77,4099,16,Benny?!,0
scrpack.077.4108,77,4108,96,"Don't tell me he's targeting this continent too,#cr0not just the Water Civilization...",1
scrpack.077.4122,77,4122,108,Hmph. I don't really care...#cr0But watching someone else's duel once in a while#cr0might be useful.,2
scrpack.077.4159,77,4159,20,Battle Arena,0
scrpack.077.4169,77,4169,24,"Round 2, begin!",0
scrpack.077.4200,77,4200,20,Battle Arena,0
scrpack.077.4222,77,4222,20,Battle Arena,0
scrpack.077.4232,77,4232,52,"Kabutomaru,#cr0I heard Dragon Mask beat you.",1
scrpack.077.4236,77,4236,52,Yeah...#cr0That guy's no ordinary duelist.,1
scrpack.077.4245,77,4245,32,Maybe you're just weak.,0
scrpack.077.4254,77,4254,16,What?!,0
scrpack.077.4263,77,4263,48,Hmph.#cr0I'll crush Dragon Mask myself.,1
scrpack.077.4299,77,4299,20,Battle Arena,0
scrpack.077.4309,77,4309,24,"Round 3, begin!",0
scrpack.077.4340,77,4340,20,Battle Arena,0
scrpack.077.4359,77,4359,20,Battle Arena,0
scrpack.077.4369,77,4369,44,Didn't expect George to lose too.,0
scrpack.077.4385,77,4385,20,Battle Arena,0
scrpack.077.4395,77,4395,44,Didn't expect George to lose too.,0
scrpack.077.4404,77,4404,68,"Then Dragon Mask will be in the final.#cr0Man, I can't wait!",1
scrpack.077.4445,77,4445,24,Go after Benny.,0
scrpack.077.4466,77,4466,32,Let's go after Benny!,0
scrpack.077.4487,77,4487,32,We're going after Benny.,0
scrpack.077.4508,77,4508,32,Let's go rough Benny up.,0
scrpack.077.4535,77,4535,20,Battle Arena,0
scrpack.077.4573,77,4573,20,Battle Arena,0
scrpack.077.4610,77,4610,20,Battle Arena,0
scrpack.077.4651,77,4651,20,Battle Arena,0
scrpack.078.0041,78,41,52,"Be-la-la-la!#cr0You're late, Dragon Mask.",1
scrpack.078.0050,78,50,32,"That's enough, Benny!",0
scrpack.078.0059,78,59,16,Yeah!,0
scrpack.078.0068,78,68,48,Be-laaa?!#cr0What are YOU doing here?!,1
scrpack.078.0082,78,82,32,Where did you take Yu?!,0
scrpack.078.0091,78,91,44,Where was it again?#cr0I dunnooo!,1
scrpack.078.0100,78,100,48,Don't play dumb!#cr0Tell me the truth!!,1
scrpack.078.0109,78,109,16,Yeah!,0
scrpack.078.0118,78,118,48,"Like I'd tell you even if I knew, moron!",0
scrpack.078.0122,78,122,68,"Fine, then duel me!#cr0If I win, you tell me where Yu is!",1
scrpack.078.0126,78,126,48,"Then if I win,#cr0you give up on Yu Fua.",1
scrpack.078.0140,78,140,24,Uh... that's...,0
scrpack.078.0149,78,149,68,Whatever.#cr0I'll play with you until Dragon Mask gets here.,1
scrpack.078.0185,78,185,36,"Hey, Trash Bucket! Duel me!",0
scrpack.078.0352,78,352,24,Ultimate Canyon,0
scrpack.078.0387,78,387,24,Ultimate Canyon,0
scrpack.078.0411,78,411,56,"Damn it!#cr0You cheated, didn't you?!#cr0Grrr!",2
scrpack.078.0415,78,415,32,Now tell me where Yu is.,0
scrpack.078.0420,78,420,16,Click!,0
scrpack.078.0439,78,439,48,Click?#cr0Did anyone else hear a click?,1
scrpack.078.0448,78,448,48,Yeah.#cr0It came from under your feet.,1
scrpack.078.0457,78,457,12,Yep!,0
scrpack.078.0461,78,461,24,Under my feet?,0
scrpack.078.0470,78,470,24,Right under you!,0
scrpack.078.0479,78,479,16,Aaaagh!,0
scrpack.078.0485,78,485,16,KABOOM!,0
scrpack.078.0531,78,531,52,Ugh... He got blasted clear out of here...,0
scrpack.078.0543,78,543,36,That was an excellent duel.,0
scrpack.078.0557,78,557,24,Ah! You are...?!,0
scrpack.078.0592,78,592,40,"Bucketman, would you duel me?",0
scrpack.078.0759,78,759,24,Ultimate Canyon,0
scrpack.078.0796,78,796,24,Ultimate Canyon,0
scrpack.078.0819,78,819,48,Excellent.#cr0Shobu has good friends.,1
scrpack.078.0834,78,834,32,What did you just say?,0
scrpack.078.0838,78,838,28,He said something?,0
scrpack.078.0853,78,853,60,Nothing.#cr0I still need more training.#cr0Farewell.,2
scrpack.078.0873,78,873,24,Ultimate Canyon,0
scrpack.078.0923,78,923,24,Ultimate Canyon,0
scrpack.078.0933,78,933,28,A complete defeat.,0
scrpack.078.0937,78,937,96,You've got real talent.#cr0I can't afford to slack off.#cr0I need even more training.,2
scrpack.078.0941,78,941,24,Then farewell.,0
scrpack.078.0961,78,961,24,Ultimate Canyon,0
scrpack.078.1010,78,1010,24,Ultimate Canyon,0
scrpack.078.1020,78,1020,36,"Grrr... Benny, you got me!!",0
scrpack.078.1024,78,1024,68,Bwahahaha!#cr0Look at Trash Bucket now!#cr0Serves you right!,2
scrpack.078.1055,78,1055,52,"Be-la-la-la!#cr0You're late, Dragon Mask.",1
scrpack.078.1069,78,1069,32,Benny!#cr0That's enough!,1
scrpack.078.1078,78,1078,48,Be-laaa?!#cr0What are YOU doing here?!,1
scrpack.078.1087,78,1087,68,Whatever.#cr0I'll play with you until Dragon Mask gets here.,1
scrpack.078.1123,78,1123,24,Hey! Let's duel!,0
scrpack.078.1290,78,1290,24,Ultimate Canyon,0
scrpack.078.1325,78,1325,24,Ultimate Canyon,0
scrpack.078.1349,78,1349,56,"Damn it!#cr0You cheated, didn't you?!#cr0Grrr!",2
scrpack.078.1354,78,1354,16,Click!,0
scrpack.078.1373,78,1373,48,Click?#cr0Did anyone else hear a click?,1
scrpack.078.1382,78,1382,24,"Yes, definitely.",0
scrpack.078.1391,78,1391,40,Clearly from beneath your feet.,0
scrpack.078.1395,78,1395,24,Under my feet?,0
scrpack.078.1404,78,1404,20,Definitely!,0
scrpack.078.1413,78,1413,16,Aaaagh!,0
scrpack.078.1419,78,1419,16,KABOOM!,0
scrpack.078.1466,78,1466,64,You planted a bomb?#cr0You're as underhanded as ever.,1
scrpack.078.1477,78,1477,36,That was an excellent duel.,0
scrpack.078.1491,78,1491,24,Ah! You are...?!,0
scrpack.078.1526,78,1526,36,"Hakuoh, would you duel me?",0
scrpack.078.1693,78,1693,24,Ultimate Canyon,0
scrpack.078.1730,78,1730,24,Ultimate Canyon,0
scrpack.078.1753,78,1753,48,Excellent.#cr0Shobu has good friends.,1
scrpack.078.1767,78,1767,32,Hm?#cr0What did you say?,1
scrpack.078.1781,78,1781,60,Nothing.#cr0I still need more training.#cr0Farewell.,2
scrpack.078.1801,78,1801,24,Ultimate Canyon,0
scrpack.078.1851,78,1851,24,Ultimate Canyon,0
scrpack.078.1861,78,1861,28,A complete defeat...,0
scrpack.078.1865,78,1865,96,You've got real talent.#cr0I can't afford to slack off.#cr0I need even more training.,2
scrpack.078.1869,78,1869,24,Then farewell.,0
scrpack.078.1889,78,1889,24,Ultimate Canyon,0
scrpack.078.1924,78,1924,24,Ultimate Canyon,0
scrpack.078.1948,78,1948,36,"Grrr... Benny, you cheated!!",0
scrpack.078.1952,78,1952,80,Bwahahaha! Even the White Knight looks pathetic!#cr0Serves you right!,1
scrpack.078.1980,78,1980,52,"Be-la-la-la!#cr0You're late, Dragon Mask.",1
scrpack.078.1994,78,1994,32,Benny!#cr0That's enough!,1
scrpack.078.2003,78,2003,48,Be-laaa?!#cr0What are YOU doing here?!,1
scrpack.078.2007,78,2007,80,I'm not letting you get away#cr0with whatever scheme you're planning!,1
scrpack.078.2016,78,2016,92,"Scheme?!#cr0That's a false accusation, idiot!#cr0I haven't even done anything yet!",2
scrpack.078.2020,78,2020,52,Stopping evil before it starts is important!,0
scrpack.078.2029,78,2029,124,"Then the lovely duelist of justice,#cr0Twilight Mimi, will defeat Benny right now#cr0for the sake of world peace!",2
scrpack.078.2038,78,2038,40,"Woo-hoo!#cr0Go get him, Mimi!",1
scrpack.078.2047,78,2047,32,Say whatever you want...,0
scrpack.078.2051,78,2051,76,You'll make good warm-up#cr0before Dragon Mask arrives!#cr0Come on!,2
scrpack.078.2060,78,2060,36,"Prepare yourself, Benny!!",0
scrpack.078.2096,78,2096,20,Be-la-la-la!,0
scrpack.078.2263,78,2263,24,Ultimate Canyon,0
scrpack.078.2298,78,2298,24,Ultimate Canyon,0
scrpack.078.2322,78,2322,56,"Damn it!#cr0You cheated, didn't you?!#cr0Grrr!",2
scrpack.078.2327,78,2327,16,Click!,0
scrpack.078.2347,78,2347,48,Click?#cr0Did anyone else hear a click?,1
scrpack.078.2356,78,2356,36,Yeah. I heard it clearly.,0
scrpack.078.2365,78,2365,44,It came from right under your feet.,0
scrpack.078.2369,78,2369,24,Under my feet?,0
scrpack.078.2378,78,2378,24,That's right!,0
scrpack.078.2387,78,2387,16,Aaaagh!,0
scrpack.078.2393,78,2393,16,KABOOM!,0
scrpack.078.2440,78,2440,32,Ah!#cr0Benny got away!,1
scrpack.078.2444,78,2444,52,Running away is the one thing he's good at.,0
scrpack.078.2455,78,2455,36,That was an excellent duel.,0
scrpack.078.2469,78,2469,24,Ah! You are...?!,0
scrpack.078.2504,78,2504,32,"Mimi, would you duel me?",0
scrpack.078.2671,78,2671,24,Ultimate Canyon,0
scrpack.078.2708,78,2708,24,Ultimate Canyon,0
scrpack.078.2731,78,2731,48,Excellent.#cr0Shobu has good friends.,1
scrpack.078.2745,78,2745,32,Hm?#cr0What did you say?,1
scrpack.078.2759,78,2759,60,Nothing.#cr0I still need more training.#cr0Farewell.,2
scrpack.078.2779,78,2779,24,Ultimate Canyon,0
scrpack.078.2829,78,2829,24,Ultimate Canyon,0
scrpack.078.2839,78,2839,28,A complete defeat...,0
scrpack.078.2843,78,2843,96,You've got real talent.#cr0I can't afford to slack off.#cr0I need even more training.,2
scrpack.078.2847,78,2847,24,Then farewell.,0
scrpack.078.2867,78,2867,24,Ultimate Canyon,0
scrpack.078.2916,78,2916,24,Ultimate Canyon,0
scrpack.078.2926,78,2926,36,"Grrr... Benny, you got me!",0
scrpack.078.2930,78,2930,76,Bwahahaha!#cr0Look at the Lovely Duelist now!#cr0Serves you right!,2
scrpack.078.2961,78,2961,52,"Be-la-la-la!#cr0You're late, Dragon Mask.",1
scrpack.078.2975,78,2975,32,Benny!#cr0That's enough!,1
scrpack.078.2984,78,2984,48,Be-laaa?!#cr0What are YOU doing here?!,1
scrpack.078.2988,78,2988,48,Shut up!#cr0I came here to crush you!,1
scrpack.078.2997,78,2997,28,Crush me?#cr0Pfft!,1
scrpack.078.3001,78,3001,36,I'll beat you right back!,0
scrpack.078.3037,78,3037,24,Hey! Let's duel!,0
scrpack.078.3204,78,3204,24,Ultimate Canyon,0
scrpack.078.3239,78,3239,24,Ultimate Canyon,0
scrpack.078.3263,78,3263,56,"Damn it!#cr0You cheated, didn't you?!#cr0Grrr!",2
scrpack.078.3267,78,3267,52,Hyahahaha!#cr0Your little schemes end here!,1
scrpack.078.3272,78,3272,16,Click!,0
scrpack.078.3291,78,3291,48,Click?#cr0Did anyone else hear a click?,1
scrpack.078.3300,78,3300,16,Yeah.,0
scrpack.078.3309,78,3309,40,Clearly from under your feet.,0
scrpack.078.3313,78,3313,24,Under my feet?,0
scrpack.078.3322,78,3322,20,Definitely!,0
scrpack.078.3331,78,3331,16,Aaaagh!,0
scrpack.078.3337,78,3337,16,KABOOM!,0
scrpack.078.3386,78,3386,40,"Hmph. Blew yourself up, did you?",0
scrpack.078.3397,78,3397,36,That was an excellent duel.,0
scrpack.078.3411,78,3411,16,You?!,0
scrpack.078.3420,78,3420,36,"Kokujo, would you duel me?",0
scrpack.078.3429,78,3429,40,Hmph. I'll tear you apart too!!,0
scrpack.078.3464,78,3464,28,Come. Let's duel!,0
scrpack.078.3631,78,3631,24,Ultimate Canyon,0
scrpack.078.3668,78,3668,24,Ultimate Canyon,0
scrpack.078.3691,78,3691,48,Excellent.#cr0Shobu has good friends.,1
scrpack.078.3706,78,3706,16,What?!,0
scrpack.078.3720,78,3720,60,Nothing.#cr0I still need more training.#cr0Farewell.,2
scrpack.078.3740,78,3740,24,Ultimate Canyon,0
scrpack.078.3777,78,3777,24,Ultimate Canyon,0
scrpack.078.3800,78,3800,16,Damn it!,0
scrpack.078.3804,78,3804,96,You've got real talent.#cr0I can't afford to slack off.#cr0I need even more training.,2
scrpack.078.3808,78,3808,24,Then farewell.,0
scrpack.078.3828,78,3828,24,Ultimate Canyon,0
scrpack.078.3873,78,3873,24,Ultimate Canyon,0
scrpack.078.3883,78,3883,40,Grrr... You cheating bastard!!,0
scrpack.078.3887,78,3887,80,Bwahahaha! Even the Black Reaper looks pathetic!#cr0Serves you right!,1
scrpack.079.0032,79,32,28,"Hey, where'd you go?",0
scrpack.079.0036,79,36,52,"Nowhere special...#cr0Hey, is that a trophy?",1
scrpack.079.0045,79,45,48,Congratulations. You won the tournament.,0
scrpack.079.0054,79,54,12,Yep!,0
scrpack.079.0058,79,58,16,Yeah.,0
scrpack.079.0072,79,72,36,You don't look very happy.,0
scrpack.079.0082,79,82,88,I never got to duel Dragon Mask.#cr0Winning like this doesn't feel good at all.,1
scrpack.079.0091,79,91,68,Then how about we hold the final right here?#cr0You and me.,1
scrpack.079.0100,79,100,16,Yeah!,0
scrpack.079.0136,79,136,44,"All right, Bucketman! Let's duel!",0
scrpack.079.0303,79,303,20,Battle Arena,0
scrpack.079.0352,79,352,20,Battle Arena,0
scrpack.079.0362,79,362,28,"Man, you're strong.",0
scrpack.079.0371,79,371,64,"By the way,#cr0do you know how to get back to our world?",1
scrpack.079.0375,79,375,48,No.#cr0But I know I can't do it alone.,1
scrpack.079.0384,79,384,80,"All right, I've decided!#cr0I'm coming with you.#cr0That's okay, right?",2
scrpack.079.0397,79,397,44,Shobu Kirifuda joined your party.,0
scrpack.079.0418,79,418,20,Battle Arena,0
scrpack.079.0454,79,454,20,Battle Arena,0
scrpack.079.0464,79,464,60,I'm still feeling restless.#cr0Let's duel again!!,1
scrpack.079.0468,79,468,20,Duel again?,0
scrpack.079.0499,79,499,28,"Hey, where'd you go?",0
scrpack.079.0503,79,503,56,"Oh, nowhere special.#cr0Wait, is that a trophy?",1
scrpack.079.0512,79,512,44,"Congratulations on winning, Shobu.",0
scrpack.079.0516,79,516,16,Yeah.,0
scrpack.079.0525,79,525,36,You don't seem very happy.,0
scrpack.079.0535,79,535,88,I never got to duel Dragon Mask.#cr0Winning like this doesn't feel good at all.,1
scrpack.079.0544,79,544,52,Then how about we hold the final right here?,0
scrpack.079.0553,79,553,16,Yeah!,0
scrpack.079.0588,79,588,32,"All right, let's duel!",0
scrpack.079.0755,79,755,20,Battle Arena,0
scrpack.079.0800,79,800,20,Battle Arena,0
scrpack.079.0810,79,810,28,"Man, you're strong.",0
scrpack.079.0819,79,819,64,"By the way,#cr0do you know how to get back to our world?",1
scrpack.079.0823,79,823,48,No.#cr0But I know I can't do it alone.,1
scrpack.079.0832,79,832,80,"All right, I've decided!#cr0I'm coming with you.#cr0That's okay, right?",2
scrpack.079.0845,79,845,44,Shobu Kirifuda joined your party.,0
scrpack.079.0866,79,866,20,Battle Arena,0
scrpack.079.0902,79,902,20,Battle Arena,0
scrpack.079.0912,79,912,60,I'm still feeling restless.#cr0Let's duel again!!,1
scrpack.079.0916,79,916,20,Duel again?,0
scrpack.079.0947,79,947,28,"Hey, where'd you go?",0
scrpack.079.0951,79,951,52,"Nowhere special...#cr0Hey, is that a trophy?",1
scrpack.079.0960,79,960,52,"Wow, Shobu!#cr0Congratulations on winning!",1
scrpack.079.0964,79,964,16,Yeah.,0
scrpack.079.0973,79,973,36,You don't look very happy.,0
scrpack.079.0983,79,983,88,I never got to duel Dragon Mask.#cr0Winning like this doesn't feel good at all.,1
scrpack.079.0992,79,992,48,Then how about we hold the final here?,0
scrpack.079.1001,79,1001,16,Yeah!,0
scrpack.079.1036,79,1036,32,"All right, let's duel!",0
scrpack.079.1203,79,1203,20,Battle Arena,0
scrpack.079.1248,79,1248,20,Battle Arena,0
scrpack.079.1258,79,1258,28,"Man, you're strong.",0
scrpack.079.1267,79,1267,64,"By the way,#cr0do you know how to get back to our world?",1
scrpack.079.1271,79,1271,60,No idea at all.#cr0But I know I can't do it alone.,1
scrpack.079.1280,79,1280,80,"All right, I've decided!#cr0I'm coming with you.#cr0That's okay, right?",2
scrpack.079.1293,79,1293,44,Shobu Kirifuda joined your party.,0
scrpack.079.1314,79,1314,20,Battle Arena,0
scrpack.079.1350,79,1350,20,Battle Arena,0
scrpack.079.1360,79,1360,60,I'm still feeling restless.#cr0Let's duel again!!,1
scrpack.079.1364,79,1364,20,Duel again?,0
scrpack.079.1399,79,1399,28,"Hey, where'd you go?",0
scrpack.079.1403,79,1403,60,Just something I had to do.#cr0...#cr0So you won.,2
scrpack.079.1407,79,1407,16,Yeah.,0
scrpack.079.1411,79,1411,40,"You don't look too happy, Boss.",0
scrpack.079.1421,79,1421,88,I never got to duel Dragon Mask.#cr0Winning like this doesn't feel good at all.,1
scrpack.079.1430,79,1430,72,"Then how about a final right here?#cr0You against Shobu, Boss.",1
scrpack.079.1439,79,1439,16,Yeah!,0
scrpack.079.1448,79,1448,20,Fine by me.,0
scrpack.079.1484,79,1484,40,"All right, Kokujo! Let's duel!",0
scrpack.079.1651,79,1651,20,Battle Arena,0
scrpack.079.1700,79,1700,20,Battle Arena,0
scrpack.079.1710,79,1710,28,"Man, you're strong.",0
scrpack.079.1719,79,1719,64,"By the way,#cr0do you know how to get back to our world?",1
scrpack.079.1723,79,1723,48,No.#cr0But I know I can't do it alone.,1
scrpack.079.1732,79,1732,80,"All right, I've decided!#cr0I'm coming with you.#cr0That's okay, right?",2
scrpack.079.1745,79,1745,44,Shobu Kirifuda joined your party.,0
scrpack.079.1763,79,1763,44,Amazing! What an incredible duel!,0
scrpack.079.1776,79,1776,32,Hm? You were watching?,0
scrpack.079.1780,79,1780,16,Yeah.,0
scrpack.079.1789,79,1789,44,Duel me!#cr0Please! I'm begging you!,1
scrpack.079.1798,79,1798,52,"Aw, man...#cr0Fine, I'll give you a match.",1
scrpack.079.1807,79,1807,52,Not you.#cr0I mean the guy dressed in black.,1
scrpack.079.1816,79,1816,16,Geh...,0
scrpack.079.1821,79,1821,32,"Kokujo, he means you.",0
scrpack.079.1833,79,1833,68,So you're Kokujo?#cr0I'm Ikki Shishido. Nice to meet you!,1
scrpack.079.1842,79,1842,36,"Come on, Kokujo! Duel me!",0
scrpack.079.1851,79,1851,12,No.,0
scrpack.079.1862,79,1862,24,"Let's go, Shobu.",0
scrpack.079.1907,79,1907,64,"Hey, wait up.#cr0You could at least give him one duel.",1
scrpack.079.1916,79,1916,76,I don't have time to play with him.#cr0I've got GARDE to destroy.,1
scrpack.079.1925,79,1925,24,Yeah... I guess.,0
scrpack.079.1934,79,1934,20,Battle Arena,0
scrpack.079.1970,79,1970,20,Battle Arena,0
scrpack.079.1980,79,1980,60,I'm still feeling restless.#cr0Let's duel again!!,1
scrpack.079.1984,79,1984,20,Duel again?,0
scrpack.080.0118,80,118,24,Bolshack Plaza,0
scrpack.081.0009,81,9,44,A special tournament is underway.,0
scrpack.081.0014,81,14,32,Nothing in particular.,0
scrpack.081.0020,81,20,36,What do you want to know?,0
scrpack.081.0050,81,50,120,"This town lies on the edge of the Fire Civilization.#cr0The climate is mild, and it's a very comfortable place.",1
scrpack.081.0065,81,65,64,How is this comfortable?!#cr0It's so hot I'm gonna die!,1
scrpack.081.0069,81,69,112,"Don't be so picky.#cr0If you have time to notice the heat,#cr0you're doing better than most places here.",2
scrpack.081.0073,81,73,80,There are plenty of places#cr0where you'd die before you even felt hot.,1
scrpack.081.0082,81,82,100,"Fine, I can deal with the heat.#cr0But why is Bolshack Dragon here?#cr0And why am I here?!",2
scrpack.081.0087,81,87,56,What?!#cr0Could you be...? Come a little closer.,1
scrpack.081.0096,81,96,60,"H-Hey, what are you doing?!#cr0Ha ha! That tickles!",1
scrpack.081.0100,81,100,52,"Hmm...#cr0I see, I see.#cr0Very interesting.",2
scrpack.081.0109,81,109,48,"Man, that tickled.#cr0What was that for?",1
scrpack.081.0113,81,113,44,It seems you aren't from this world.,0
scrpack.081.0123,81,123,16,?????,0
scrpack.081.0127,81,127,80,"You may have guessed already,#cr0but this is the world of D.M. Cards.",1
scrpack.081.0131,81,131,84,Things that would be mere fantasy#cr0in your world can become reality here.,1
scrpack.081.0135,81,135,108,"That is the power of mana.#cr0With enough mana, even the wildest fantasy#cr0can take physical form.",2
scrpack.081.0139,81,139,48,C-Can you explain that a little simpler?,0
scrpack.081.0143,81,143,68,Your world has no mana.#cr0That is why it has no creatures.,1
scrpack.081.0147,81,147,68,This world has mana.#cr0That is why creatures exist here.,1
scrpack.081.0151,81,151,20,Understand?,0
scrpack.081.0160,81,160,32,Uh... I kinda get it.,0
scrpack.081.0183,81,183,28,So why am I here?,0
scrpack.081.0187,81,187,24,I don't know.,0
scrpack.081.0196,81,196,16,Oh...,0
scrpack.081.0200,81,200,104,But I can tell you this.#cr0Someone from another world appearing here#cr0is an omen of danger.,2
scrpack.081.0209,81,209,52,An omen of danger...#cr0What kind of danger?,1
scrpack.081.0213,81,213,120,Another major disturbance must be occurring#cr0at the boundary between the two worlds.#cr0This is very serious.,2
scrpack.081.0217,81,217,48,Two worlds?#cr0I don't get any of this.,1
scrpack.081.0221,81,221,48,GARDE...#cr0This must be their doing.,1
scrpack.081.0225,81,225,32,GARDE?#cr0What's that?,1
scrpack.081.0229,81,229,48,GARDE rules this world through dueling.,0
scrpack.081.0233,81,233,52,Through dueling?#cr0You can really do that?,1
scrpack.081.0237,81,237,64,"As I told you,#cr0this world is overflowing with mana.",1
scrpack.081.0241,81,241,80,The damage caused by a duel here#cr0is nothing like it is in your world.,1
scrpack.081.0245,81,245,72,"Win enough duels,#cr0and ruling this world is not impossible.",1
scrpack.081.0249,81,249,12,...,0
scrpack.081.0253,81,253,124,GARDE is always searching for true duelists#cr0to increase its own power.#cr0Perhaps that is why you were summoned.,2
scrpack.081.0258,81,258,20,W-What...?,0
scrpack.081.0271,81,271,96,"D.M. Cards.#cr0The world's most thrilling card game.#cr0At least, for ordinary people...",2
scrpack.081.0286,81,286,12,...,0
scrpack.081.0290,81,290,68,"But to a true duelist,#cr0D.M. Cards mean something more.",1
scrpack.081.0294,81,294,28,A true duelist...,0
scrpack.081.0298,81,298,112,A vast power that can scorch the heavens#cr0and shatter the earth.#cr0They say even gods bow before it.,2
scrpack.081.0302,81,302,48,D.M. Cards are the source of that power.,0
scrpack.081.0311,81,311,44,Isn't that a little exaggerated...?,0
scrpack.081.0315,81,315,68,You should know already#cr0what a true duel really means...,1
scrpack.081.0324,81,324,12,...,0
scrpack.081.0328,81,328,92,"D.M. Cards wield tremendous power#cr0even in your world,#cr0where mana has vanished.",2
scrpack.081.0332,81,332,108,"What do you think would happen#cr0if that power were unleashed here,#cr0where mana is everywhere?",2
scrpack.081.0341,81,341,16,No idea.,0
scrpack.081.0345,81,345,84,The power would be far beyond anything#cr0you have seen in your own world.,1
scrpack.081.0354,81,354,40,They really get that powerful?,0
scrpack.081.0358,81,358,128,"If two powerful duelists fought seriously,#cr0the results could be catastrophic.#cr0Even the winner might not be safe.",2
scrpack.081.0362,81,362,44,Then what am I supposed to do...?,0
scrpack.081.0366,81,366,80,You'll have to hold back your power.#cr0What? You don't like that idea?,1
scrpack.081.0375,81,375,84,A duel is serious business...#cr0I always fight with everything I've got!,1
scrpack.081.0379,81,379,56,I knew you'd say that.#cr0Then how about this?,1
scrpack.081.0388,81,388,84,"Whoa! Armor!#cr0That is so cool!#cr0All right, I'm gonna duel in this thing!",2
scrpack.081.0392,81,392,84,Not yet.#cr0You'll have to wait a little longer.#cr0What's with that look?,2
scrpack.081.0401,81,401,20,Come on...,0
scrpack.081.0405,81,405,104,"Be patient. It isn't finished yet.#cr0Give me a little more time.#cr0When it's done, it's yours.",2
scrpack.081.0414,81,414,28,Really?! Awesome!,0
scrpack.081.0438,81,438,36,Dad!#cr0Dad!!#cr0DAAAAD!!,2
scrpack.081.0442,81,442,44,Calm down!#cr0I'm not your father.,1
scrpack.081.0451,81,451,44,"Do you know my dad, Shori Kirifuda?!",0
scrpack.081.0455,81,455,24,Shori Kirifuda?,0
scrpack.081.0464,81,464,80,He's an amazing rush duelist#cr0who has the same kind of... vibe as me.,1
scrpack.081.0468,81,468,56,An amazing rush duelist#cr0who smells like you?,1
scrpack.081.0477,81,477,28,I didn't say smell!,0
scrpack.081.0481,81,481,36,So what about this duelist?,0
scrpack.081.0490,81,490,84,"Whatever.#cr0He's my dad, and I heard#cr0he used to come here all the time.",2
scrpack.081.0494,81,494,32,"Hmm. Yes, I know him.",0
scrpack.081.0503,81,503,20,Y-You do?!,0
scrpack.081.0507,81,507,48,But I haven't seen him for about a year.,0
scrpack.081.0511,81,511,48,What?!#cr0But Toru said he just saw him!,1
scrpack.081.0515,81,515,104,That was Shoji Kirishima.#cr0They dress similarly.#cr0He is probably imitating Shori Kirifuda.,2
scrpack.081.0524,81,524,44,What...?#cr0S-So that wasn't Dad...,1
scrpack.081.0536,81,536,80,"He used to come here often,#cr0but I haven't seen him for about a year.",1
scrpack.081.0541,81,541,84,Who knows?#cr0We belong to this world.#cr0We don't know how to reach yours.,2
scrpack.081.0555,81,555,44,"Come on, there has to be some way!",0
scrpack.081.0559,81,559,76,"Don't make such a pathetic face.#cr0You have D.M. Cards, don't you?",1
scrpack.081.0569,81,569,16,?????,0
scrpack.081.0573,81,573,68,"As I've said, the power of D.M. Cards#cr0is beyond measure.",1
scrpack.081.0577,81,577,84,Gather more cards and keep dueling.#cr0I'm sure a path will eventually open.,1
scrpack.081.0601,81,601,40,"Hey, isn't the armor done yet?",0
scrpack.081.0605,81,605,40,Not yet. Wait a little longer.,0
scrpack.081.0609,81,609,88,Why not visit the plaza while you wait?#cr0There was an interesting shop there.,1
scrpack.081.0635,81,635,40,"Hey, isn't the armor done yet?",0
scrpack.081.0639,81,639,60,What?#cr0The armor has been finished for some time.,1
scrpack.081.0648,81,648,16,Really?!,0
scrpack.081.0652,81,652,84,I asked Rekuta to give it to you.#cr0Looks like you two missed each other.,1
scrpack.081.0661,81,661,44,Oh...#cr0Guess I'll go look for him.,1
scrpack.081.0674,81,674,116,"The armor was just completed.#cr0I asked Rekuta to bring it to you,#cr0but it seems you missed each other.",2
scrpack.081.0689,81,689,40,"Hey, isn't the armor done yet?",0
scrpack.081.0693,81,693,72,It's almost finished.#cr0Go walk around for a while until then.,1
scrpack.081.0704,81,704,120,"That armor protects you not only from#cr0the power of D.M. Cards,#cr0but from many kinds of attacks and damage.",2
scrpack.081.0709,81,709,72,"Ah, you finally got the armor.#cr0I was wondering what happened.",1
scrpack.081.0723,81,723,36,Jamira made it a real pain.,0
scrpack.081.0727,81,727,120,"As I've told you, the power of D.M. Cards#cr0is beyond measure.#cr0That armor should help in the duels ahead.",2
scrpack.081.0736,81,736,48,Great!#cr0Then I can duel at full power!,1
scrpack.081.0740,81,740,120,"That armor protects you not only from#cr0the power of D.M. Cards,#cr0but from many kinds of attacks and damage.",2
scrpack.081.0748,81,748,124,"And while you're wearing the armor,#cr0you can use the Teleportation Grounds#cr0to travel to other civilizations.",2
scrpack.081.0757,81,757,16,Really?,0
scrpack.081.0767,81,767,28,I'll take you there.,0
scrpack.081.0776,81,776,100,"All right!#cr0/sw25/, let's go to the Teleportation Grounds!#cr0This is getting exciting!",2
scrpack.081.0790,81,790,68,"Originally, people like us#cr0did not exist in this world.",1
scrpack.081.0794,81,794,172,"Several years ago, the wall between dimensions broke.#cr0Thoughts from another world began taking physical form#cr0here. That's how people like us came to exist.",2
scrpack.081.0799,81,799,44,You could call us clones of souls.,0
scrpack.081.0814,81,814,12,Huh?,0
scrpack.081.0818,81,818,76,The me in this world and the me in yours#cr0are different people.,1
scrpack.081.0827,81,827,48,"Oh, so you just look like someone else.",0
scrpack.081.0831,81,831,76,"...#cr0Yes, something like that.#cr0(Though that's not really it...)",2
scrpack.081.0840,81,840,80,Then there could be another me somewhere?!#cr0Whoa! I wanna meet him!,1
scrpack.081.0844,81,844,76,"There should be.#cr0But for some reason,#cr0I've never met him...",2
scrpack.081.0853,81,853,28,"Aw, that's boring.",0
scrpack.081.0875,81,875,96,I saw some amazing ruins#cr0at the Teleportation Grounds.#cr0How do you make them work?,2
scrpack.081.0879,81,879,24,I don't know.,0
scrpack.081.0888,81,888,16,Oh...,0
scrpack.081.0899,81,899,88,I just heard that something strange#cr0is happening in the Water Civilization.,1
scrpack.081.0913,81,913,64,!!#cr0Rei must have made her move#cr0to defeat Benny!,2
scrpack.081.0922,81,922,56,"What's wrong, Mimi?#cr0Why the sudden outburst?",1
scrpack.081.0926,81,926,32,Because Rei...#cr0Ah!,1
scrpack.081.0931,81,931,32,"S-Sorry, Master Hakuoh.",0
scrpack.081.0940,81,940,68,"But my heart still belongs#cr0only to you, Master Hakuoh! ♪",1
scrpack.081.0944,81,944,12,??,0
scrpack.081.0953,81,953,72,"I don't really get it,#cr0but if Mimi's worried, let's all go!",1
scrpack.081.0967,81,967,52,I thought I heard a girl's voice earlier.,0
scrpack.081.0973,81,973,116,"Sounds like there was trouble at the fortress.#cr0If you're going to sneak in,#cr0now may be your chance.",2
scrpack.081.0982,81,982,36,What do you want to know?,0
scrpack.081.0994,81,994,68,So GARDE really was behind#cr0this entire chain of events.,1
scrpack.081.1007,81,1007,108,There is supposed to be a place#cr0where the Primordial Cards are sealed.#cr0How do we get there?,2
scrpack.081.1011,81,1011,48,Hmm... I've never heard of such a place.,0
scrpack.081.1015,81,1015,64,"Benny might know.#cr0After all, he's a member of GARDE.",1
scrpack.081.1024,81,1024,88,I see.#cr0GARDE probably knows more about#cr0the Primordial Cards than we do.,2
scrpack.081.1028,81,1028,44,"Unfortunately, that's probably true.",0
scrpack.081.1041,81,1041,88,Rumor says Benny was seen near the lab.#cr0He may be plotting something again.,1
scrpack.081.1054,81,1054,36,He seriously never learns...,0
scrpack.081.1058,81,1058,36,Would you go take a look?,0
scrpack.081.1071,81,1071,80,"Come to think of it, Shori Kirifuda#cr0stopped by while you were gone.",1
scrpack.081.1084,81,1084,24,What?! Really?!,0
scrpack.081.1088,81,1088,40,He said you've gotten stronger.,0
scrpack.081.1097,81,1097,48,"What?!#cr0Where have you been, Dad...?",1
scrpack.082.0034,82,34,72,Hold it!#cr0I hear you've been snooping around#cr0about Yu Fua.,2
scrpack.082.0043,82,43,28,Oh? And what of it?,0
scrpack.082.0052,82,52,36,You're wasting your time.,0
scrpack.082.0061,82,61,100,"Jamirak Fortress is impregnable.#cr0No matter how many of you come,#cr0you'll never take it.",2
scrpack.082.0070,82,70,24,Which means...,0
scrpack.082.0079,82,79,40,Yu is inside Jamirak Fortress?,0
scrpack.082.0089,82,89,16,Uh...,0
scrpack.082.0098,82,98,56,Grrr!#cr0Tricking someone into talking is dirty!,1
scrpack.082.0107,82,107,52,You volunteered that information yourself...,0
scrpack.082.0112,82,112,20,Shut uuuup!,0
scrpack.082.0151,82,151,40,You coward! Prepare yourself!,0
scrpack.082.0319,82,319,24,Bolshack Plaza,0
scrpack.082.0353,82,353,24,Bolshack Plaza,0
scrpack.082.0371,82,371,64,Damn it!#cr0Why do I always get stuck with this part?!,1
scrpack.082.0380,82,380,28,You'll pay for this!,0
scrpack.082.0398,82,398,48,"Damn, that took longer than I expected.",0
scrpack.082.0406,82,406,20,Let's hurry.,0
scrpack.082.0414,82,414,32,"Yes, Master Hakuoh! ♪",0
scrpack.082.0422,82,422,16,Hmph.,0
scrpack.082.0430,82,430,20,"Hang on, Yu!",0
scrpack.082.0474,82,474,80,We can't waste time either.#cr0We need to hurry back to the fortress.,1
scrpack.082.0483,82,483,56,Nyoro!#cr0The final battle is at the fortress!,1
scrpack.082.0503,82,503,24,Bolshack Plaza,0
scrpack.082.0540,82,540,24,Bolshack Plaza,0
scrpack.082.0550,82,550,44,Wahahaha!#cr0I won! I actually won!,1
scrpack.082.0559,82,559,60,"Easy, easy!#cr0I don't feel like I can lose today!",1
scrpack.082.0563,82,563,64,Come on!#cr0I'll take you on as many times as you want!,1
scrpack.082.0567,82,567,20,Duel again?,0
scrpack.084.0118,84,118,24,Ultimate Canyon,0
scrpack.084.0166,84,166,100,So you're the strongest duelist I've heard about.#cr0Then prove you can master this card.,1
scrpack.084.0172,84,172,112,The strongest card belongs with the strongest duelist.#cr0Master that card and become a true champion!,1
scrpack.085.0026,85,26,48,This is stupid!#cr0I'm done with this.,1
scrpack.085.0035,85,35,32,You!#cr0Obey my orders!,1
scrpack.085.0039,85,39,72,I don't take orders from someone#cr0dumber than me.#cr0See ya.,2
scrpack.085.0044,85,44,68,Y-You worthless creature!!#cr0Are you calling me stupid?!,1
scrpack.085.0048,85,48,12,Yep.,0
scrpack.085.0053,85,53,52,W-What?!#cr0You're just some weak creature!,1
scrpack.085.0057,85,57,28,W-What did you say?!,0
scrpack.085.0080,85,80,36,"Hey, you two!#cr0Grab him!",1
scrpack.085.0084,85,84,20,No thanks.,0
scrpack.085.0089,85,89,44,What are you doing?!#cr0Hurry up!,1
scrpack.085.0093,85,93,40,Why don't you do it yourself?,0
scrpack.085.0098,85,98,40,Grrrr...#cr0You two as well?!,1
scrpack.085.0102,85,102,36,"Your time is over, Jamira.",0
scrpack.085.0112,85,112,28,What did you say?!,0
scrpack.085.0116,85,116,60,"Oh, looks like quitting time.#cr0Another boring day.",1
scrpack.085.0122,85,122,40,"Let's go home, let's go home.",0
scrpack.085.0131,85,131,80,You idiots!#cr0Do you know what'll happen if the boss hears about this?!,1
scrpack.085.0161,85,161,52,Looks like they're turning on each other.,0
scrpack.085.0170,85,170,56,This is our chance while their guard is down.,0
scrpack.085.0180,85,180,64,I'll act as the decoy.#cr0Use the opening to rescue Yu.,1
scrpack.085.0184,85,184,36,Understood. Leave it to us.,0
scrpack.085.0195,85,195,28,Then let's begin.,0
scrpack.085.0322,85,322,16,Nyoro?!,0
scrpack.085.0339,85,339,48,"Hey, you!#cr0What are you doing there?!",1
scrpack.085.0345,85,345,36,"Oh no, I've been spotted!",0
scrpack.085.0353,85,353,52,"Master Hakuoh, that was a little obvious...",0
scrpack.085.0362,85,362,48,Nyorororo!#cr0Nobody escapes my eyes!,1
scrpack.085.0371,85,371,24,No choice now.,0
scrpack.085.0380,85,380,48,"Jamira, let's settle this.#cr0Duel me.",1
scrpack.085.0384,85,384,44,Oh? You sure you want to say that?,0
scrpack.085.0398,85,398,16,What?,0
scrpack.085.0407,85,407,68,I've got a teacher on my side.#cr0Don't come crying later.,1
scrpack.085.0421,85,421,20,A teacher?,0
scrpack.085.0426,85,426,44,"Nyoro!#cr0Teacher, if you please!",1
scrpack.085.0451,85,451,32,Yeah!#cr0Leave it to me!,1
scrpack.085.0455,85,455,16,You?!,0
scrpack.085.0464,85,464,44,Hey! So you're the famous Hakuoh!,0
scrpack.085.0504,85,504,28,"Duel me, right here.",0
scrpack.085.0671,85,671,24,Jamirak Fortress,0
scrpack.085.0708,85,708,24,Jamirak Fortress,0
scrpack.085.0732,85,732,16,Mkyu...,0
scrpack.085.0740,85,740,44,You didn't live up to your boasting.,0
scrpack.085.0749,85,749,84,"Damn it!#cr0I'll get you back someday!#cr0Watch yourself in the dark, nyoro!",2
scrpack.085.0758,85,758,24,"Wait, Jamira!",0
scrpack.085.0774,85,774,24,He got away...,0
scrpack.085.0783,85,783,76,I wonder how everyone else is doing.#cr0They should be back soon.,1
scrpack.085.0788,85,788,16,KABOOM!!,0
scrpack.085.0804,85,804,24,Fortress Ruins,0
scrpack.085.0831,85,831,48,Sounds like they're making quite a mess.,0
scrpack.085.0841,85,841,68,There!#cr0Everyone's coming back.#cr0Looks like it worked.,2
scrpack.085.0873,85,873,32,Yay!#cr0We rescued Yu!,1
scrpack.085.0882,85,882,20,I'm glad.,0
scrpack.085.0891,85,891,28,"Thank you, everyone.",0
scrpack.085.0909,85,909,24,Jamirak Fortress,0
scrpack.085.0940,85,940,24,Jamirak Fortress,0
scrpack.085.0964,85,964,88,"Wahahahaha...#cr0There's no way someone like you#cr0can beat my teacher, nyoro!",2
scrpack.085.0968,85,968,32,Impossible... I lost?,0
scrpack.085.0977,85,977,24,Another duel!,0
scrpack.085.0981,85,981,56,Hmph.#cr0It won't matter how many times you try.,1
scrpack.085.0985,85,985,20,Duel again?,0
scrpack.086.0048,86,48,28,There are patrols.,0
scrpack.086.0052,86,52,52,We can't possibly go in through the front.,0
scrpack.086.0056,86,56,52,We'll have to sneak in from somewhere else.,0
scrpack.086.0090,86,90,72,Kokujo! I finally found you.#cr0Running away isn't very manly!,1
scrpack.086.0094,86,94,12,?!,0
scrpack.086.0103,86,103,44,Keep it down!#cr0They'll find us!,1
scrpack.086.0112,86,112,60,What?#cr0I don't have time for weaklings like you.,1
scrpack.086.0137,86,137,76,Did you just call the Lovely Duelist#cr0Twilight Mimi a weakling?!,1
scrpack.086.0146,86,146,44,Ow!#cr0You hit me out of nowhere!,1
scrpack.086.0150,86,150,72,"You're like Garan, the Rush-Rage Punk!#cr0Definitely a weakling!",1
scrpack.086.0154,86,154,40,Hey! What are you doing there?,0
scrpack.086.0163,86,163,92,Garan the Rush-Rage Punk?!#cr0That's awful!#cr0Don't compare me to that weakling!,2
scrpack.086.0167,86,167,36,I asked what you're doing!,0
scrpack.086.0171,86,171,40,Shut up!#cr0Weakling! Weakling!,1
scrpack.086.0194,86,194,28,Don't ignore me!!,0
scrpack.086.0198,86,198,16,Oh...,0
scrpack.086.0202,86,202,16,Garan?!,0
scrpack.086.0206,86,206,68,"You jerks sure called me a weakling#cr0a lot, didn't you?!",1
scrpack.086.0210,86,210,16,Did we?,0
scrpack.086.0214,86,214,24,D-Don't know...,0
scrpack.086.0247,86,247,32,Tch. What a nuisance.,0
scrpack.086.0251,86,251,36,We should pull back for now.,0
scrpack.086.0255,86,255,20,Agreed...,0
scrpack.086.0285,86,285,16,Plaza,0
scrpack.086.0304,86,304,56,Great. Somebody really messed this up for us.,0
scrpack.086.0313,86,313,28,Who's 'somebody'?,0
scrpack.086.0322,86,322,36,Do I really have to say it?,0
scrpack.086.0326,86,326,28,But he started it!,0
scrpack.086.0345,86,345,96,Damn it. That idiot kept following us around.#cr0Our infiltration failed because of him.,1
scrpack.086.0349,86,349,56,We'll wait for another opening and try again.,0
scrpack.086.0397,86,397,52,Damn...#cr0The patrols are even tighter now.,1
scrpack.086.0407,86,407,32,This is Mimi's fault.,0
scrpack.086.0415,86,415,36,What?! How is this my fault?,0
scrpack.086.0425,86,425,36,Let's regroup at the shop.,0
scrpack.086.0452,86,452,48,This is stupid!#cr0I'm done with this.,1
scrpack.086.0461,86,461,32,You!#cr0Obey my orders!,1
scrpack.086.0465,86,465,72,I don't take orders from someone#cr0dumber than me.#cr0See ya.,2
scrpack.086.0470,86,470,68,Y-You worthless creature!!#cr0Are you calling me stupid?!,1
scrpack.086.0474,86,474,12,Yep.,0
scrpack.086.0479,86,479,52,W-What?!#cr0You're just some weak creature!,1
scrpack.086.0483,86,483,28,W-What did you say?!,0
scrpack.086.0506,86,506,36,"Hey, you two!#cr0Grab him!",1
scrpack.086.0510,86,510,20,No thanks.,0
scrpack.086.0515,86,515,44,What are you doing?!#cr0Hurry up!,1
scrpack.086.0519,86,519,40,Why don't you do it yourself?,0
scrpack.086.0524,86,524,40,Grrrr...#cr0You two as well?!,1
scrpack.086.0528,86,528,36,"Your time is over, Jamira.",0
scrpack.086.0538,86,538,28,What did you say?!,0
scrpack.086.0542,86,542,60,"Oh, looks like quitting time.#cr0Another boring day.",1
scrpack.086.0548,86,548,40,"Let's go home, let's go home.",0
scrpack.086.0557,86,557,80,You idiots!#cr0Do you know what'll happen if the boss hears about this?!,1
scrpack.086.0587,86,587,52,Looks like they're turning on each other.,0
scrpack.086.0596,86,596,56,This is our chance while their guard is down.,0
scrpack.086.0605,86,605,60,I'll be the decoy.#cr0Use the opening to rescue Yu.,1
scrpack.086.0619,86,619,36,"Wait, that's dangerous...",0
scrpack.086.0624,86,624,28,He's already gone...,0
scrpack.086.0633,86,633,36,He never listens to anyone.,0
scrpack.086.0748,86,748,16,Nyoro?!,0
scrpack.086.0765,86,765,48,"Hey, you!#cr0What are you doing there?!",1
scrpack.086.0771,86,771,32,Tch. They spotted me.,0
scrpack.086.0780,86,780,48,Nyorororo!#cr0Nobody escapes my eyes!,1
scrpack.086.0789,86,789,24,No choice now.,0
scrpack.086.0798,86,798,40,"Let's settle this here, Jamira.",0
scrpack.086.0806,86,806,44,"Boss, tear this snake brat apart!",0
scrpack.086.0810,86,810,44,Oh? You sure you want to say that?,0
scrpack.086.0824,86,824,16,What?,0
scrpack.086.0833,86,833,68,I've got a teacher on my side.#cr0Don't come crying later.,1
scrpack.086.0847,86,847,20,A teacher?,0
scrpack.086.0852,86,852,44,"Nyoro!#cr0Teacher, if you please!",1
scrpack.086.0877,86,877,32,Yeah!#cr0Leave it to me!,1
scrpack.086.0881,86,881,20,Who are you?,0
scrpack.086.0890,86,890,48,"I finally caught up with you, Kokujo.",0
scrpack.086.0894,86,894,24,Ikki Shishido?!,0
scrpack.086.0898,86,898,56,"Never thought I'd get to duel you here, Kokujo.",0
scrpack.086.0907,86,907,76,"Surprised, Kokujo?#cr0I know you've been running away from this guy.",1
scrpack.086.0916,86,916,12,...,0
scrpack.086.0925,86,925,80,He wasn't running.#cr0He was just ignoring him because he's annoying...,1
scrpack.086.0929,86,929,68,"What's wrong? Scared?#cr0Go on, run away!#cr0Hyahahahaha...",2
scrpack.086.0933,86,933,12,...,0
scrpack.086.0942,86,942,36,"You've got it rough, Boss...",0
scrpack.086.0958,86,958,32,You were with GARDE?!,0
scrpack.086.0967,86,967,76,I don't care about GARDE.#cr0I just want to duel strong opponents!,1
scrpack.086.0976,86,976,44,"So Kokujo,#cr0duel me right here.",1
scrpack.086.0985,86,985,16,Fine.,0
scrpack.086.0989,86,989,12,Yes!,0
scrpack.086.0998,86,998,88,But understand this first:#cr0I will never forgive anyone#cr0who helps GARDE.,2
scrpack.086.1002,86,1002,44,I don't care what their reason is.,0
scrpack.086.1006,86,1006,12,...,0
scrpack.086.1010,86,1010,68,Got that?#cr0I'm going to crush you with everything I have!,1
scrpack.086.1019,86,1019,100,I'll cut you to pieces#cr0until blood flowers bloom across this land.#cr0Prepare yourself!,2
scrpack.086.1028,86,1028,60,"Unfortunately,#cr0you're the one going down, Kokujo!",1
scrpack.086.1068,86,1068,20,Let's go!,0
scrpack.086.1235,86,1235,24,Jamirak Fortress,0
scrpack.086.1287,86,1287,24,Jamirak Fortress,0
scrpack.086.1297,86,1297,16,Grrr...,0
scrpack.086.1301,86,1301,24,Hmph. All talk.,0
scrpack.086.1310,86,1310,84,"Damn it!#cr0I'll get you back someday!#cr0Watch yourself in the dark, nyoro!",2
scrpack.086.1321,86,1321,24,"Wait, Jamira!",0
scrpack.086.1327,86,1327,24,He got away...,0
scrpack.086.1336,86,1336,52,Now it's your turn.#cr0Ready for the end?,1
scrpack.086.1345,86,1345,80,"Yes.#cr0That was the greatest duel I've ever had, Kokujo.#cr0Thank you.",2
scrpack.086.1354,86,1354,16,What?!,0
scrpack.086.1363,86,1363,44,Thank me?!#cr0Don't screw with me!,1
scrpack.086.1367,86,1367,116,"Writhe in frustration over your defeat!#cr0Regret your stupidity!#cr0Tremble in fear of death, you bastard!",2
scrpack.086.1371,86,1371,84,"Still, I've never felt this excited in a duel before.#cr0Thank you, Kokujo.",1
scrpack.086.1379,86,1379,76,"He's scared but trying to hide it.#cr0Look, his legs are shaking.",1
scrpack.086.1383,86,1383,104,Of course I'm scared...#cr0But I'm grateful to Kokujo#cr0for giving me such an incredible duel.,2
scrpack.086.1392,86,1392,76,Hmph.#cr0It's been a while since I've seen#cr0a duelist this stupid.,2
scrpack.086.1401,86,1401,36,This is the end!!#cr0Die!!,1
scrpack.086.1412,86,1412,16,Aaaah!,0
scrpack.086.1450,86,1450,12,...,0
scrpack.086.1459,86,1459,44,"Why didn't you finish him off, Boss?",0
scrpack.086.1463,86,1463,32,Hmph. My hand slipped.,0
scrpack.086.1469,86,1469,16,Oh...,0
scrpack.086.1479,86,1479,92,Think he'll be okay?#cr0He's totally frozen up.#cr0Looks like that really shook him.,2
scrpack.086.1490,86,1490,36,What happened to the others?,0
scrpack.086.1499,86,1499,44,They should be back any minute now.,0
scrpack.086.1504,86,1504,16,KABOOM!!,0
scrpack.086.1521,86,1521,24,Fortress Ruins,0
scrpack.086.1549,86,1549,36,They're making quite a mess.,0
scrpack.086.1559,86,1559,68,There!#cr0Everyone's back.#cr0Looks like they pulled it off.,2
scrpack.086.1591,86,1591,32,Yay!#cr0We rescued Yu!,1
scrpack.086.1600,86,1600,40,Being the decoy was worth it.,0
scrpack.086.1609,86,1609,28,"Thank you, everyone.",0
scrpack.086.1627,86,1627,24,Jamirak Fortress,0
scrpack.086.1658,86,1658,24,Jamirak Fortress,0
scrpack.086.1680,86,1680,88,"Wahahahaha...#cr0There's no way someone like you#cr0can beat my teacher, nyoro!",2
scrpack.086.1684,86,1684,52,You idiot!#cr0Now you've really made me mad!,1
scrpack.086.1693,86,1693,24,Another duel!,0
scrpack.086.1701,86,1701,36,"Boss, keep them busy for us.",0
scrpack.086.1710,86,1710,24,I know. Shut up.,0
scrpack.086.1719,86,1719,16,Right...,0
scrpack.086.1728,86,1728,56,Hmph.#cr0It won't matter how many times you try.,1
scrpack.086.1732,86,1732,20,Duel again?,0
scrpack.087.0026,87,26,48,This is stupid!#cr0I'm done with this.,1
scrpack.087.0035,87,35,32,You!#cr0Obey my orders!,1
scrpack.087.0039,87,39,72,I don't take orders from someone#cr0dumber than me.#cr0See ya.,2
scrpack.087.0044,87,44,68,Y-You worthless creature!!#cr0Are you calling me stupid?!,1
scrpack.087.0048,87,48,12,Yep.,0
scrpack.087.0053,87,53,52,W-What?!#cr0You're just some weak creature!,1
scrpack.087.0057,87,57,28,W-What did you say?!,0
scrpack.087.0080,87,80,36,"Hey, you two!#cr0Grab him!",1
scrpack.087.0084,87,84,20,No thanks.,0
scrpack.087.0089,87,89,44,What are you doing?!#cr0Hurry up!,1
scrpack.087.0093,87,93,40,Why don't you do it yourself?,0
scrpack.087.0098,87,98,40,Grrrr...#cr0You two as well?!,1
scrpack.087.0102,87,102,36,"Your time is over, Jamira.",0
scrpack.087.0112,87,112,28,What did you say?!,0
scrpack.087.0116,87,116,60,"Oh, looks like quitting time.#cr0Another boring day.",1
scrpack.087.0122,87,122,40,"Let's go home, let's go home.",0
scrpack.087.0131,87,131,80,You idiots!#cr0Do you know what'll happen if the boss hears about this?!,1
scrpack.087.0161,87,161,52,Looks like they're turning on each other.,0
scrpack.087.0170,87,170,76,This is our chance while their guard is down.#cr0Let's sneak inside.,1
scrpack.087.0179,87,179,60,I'll be the decoy.#cr0Use the opening to rescue Yu!,1
scrpack.087.0192,87,192,40,"Mimi, that's too dangerous...",0
scrpack.087.0197,87,197,32,She's already gone...,0
scrpack.087.0207,87,207,40,Same reckless Mimi as always.,0
scrpack.087.0229,87,229,36,Tiptoe... sneak... creep...,0
scrpack.087.0245,87,245,48,"Hey, you!#cr0What are you doing there?!",1
scrpack.087.0277,87,277,24,That idiot...,0
scrpack.087.0281,87,281,60,What are you doing?!#cr0You got caught way too fast!,1
scrpack.087.0295,87,295,60,Tch! Then we'll just have to force our way through!,0
scrpack.087.0306,87,306,48,Jamira! Duel Girl Mimi challenges you!,0
scrpack.087.0310,87,310,44,Oh? You sure you want to say that?,0
scrpack.087.0319,87,319,12,Huh?,0
scrpack.087.0328,87,328,68,I've got a teacher on my side.#cr0Don't come crying later.,1
scrpack.087.0337,87,337,20,A teacher?,0
scrpack.087.0342,87,342,44,"Nyoro!#cr0Teacher, if you please!",1
scrpack.087.0362,87,362,32,Yeah!#cr0Leave it to me!,1
scrpack.087.0366,87,366,24,Who are you?!,0
scrpack.087.0375,87,375,48,Hey! So you're the famous Twilight Mimi!,0
scrpack.087.0414,87,414,28,"Duel me, right here.",0
scrpack.087.0581,87,581,24,Jamirak Fortress,0
scrpack.087.0618,87,618,24,Jamirak Fortress,0
scrpack.087.0642,87,642,16,Mkyu...,0
scrpack.087.0650,87,650,60,Well?!#cr0Now you know how strong Duel Girl Mimi is!,1
scrpack.087.0659,87,659,84,"Damn it!#cr0I'll get you back someday!#cr0Watch yourself in the dark, nyoro!",2
scrpack.087.0680,87,680,20,"Hey, wait!",0
scrpack.087.0690,87,690,20,Honestly...,0
scrpack.087.0695,87,695,44,I wonder if everyone else succeeded.,0
scrpack.087.0714,87,714,16,Mimi!,0
scrpack.087.0718,87,718,32,Bucketman!#cr0And Yu!,1
scrpack.087.0722,87,722,44,Thank goodness.#cr0You're both safe.,1
scrpack.087.0731,87,731,32,Bucketman rescued me.,0
scrpack.087.0740,87,740,12,Yay!,0
scrpack.087.0749,87,749,32,"Ah, it's almost time.",0
scrpack.087.0758,87,758,24,"Heh heh, right.",0
scrpack.087.0773,87,773,52,Huh?#cr0Why is everyone covering their ears?,1
scrpack.087.0778,87,778,16,KABOOM!!,0
scrpack.087.0801,87,801,24,Fortress Ruins,0
scrpack.087.0832,87,832,60,All right.#cr0This fortress won't be usable anymore.,1
scrpack.087.0842,87,842,36,"Huh?#cr0What's wrong, Mimi?",1
scrpack.087.0847,87,847,36,M-My ears are riiinging...,0
scrpack.087.0865,87,865,24,Jamirak Fortress,0
scrpack.087.0910,87,910,24,Jamirak Fortress,0
scrpack.087.0920,87,920,88,"Wahahahaha...#cr0There's no way someone like you#cr0can beat my teacher, nyoro!",2
scrpack.087.0924,87,924,40,No way...#cr0Twilight Mimi lost?,1
scrpack.087.0933,87,933,24,One more duel!,0
scrpack.087.0937,87,937,56,Hmph.#cr0It won't matter how many times you try.,1
scrpack.087.0941,87,941,20,Duel again?,0
scrpack.088.0026,88,26,48,This is stupid!#cr0I'm done with this.,1
scrpack.088.0035,88,35,32,You!#cr0Obey my orders!,1
scrpack.088.0039,88,39,72,I don't take orders from someone#cr0dumber than me.#cr0See ya.,2
scrpack.088.0044,88,44,68,Y-You worthless creature!!#cr0Are you calling me stupid?!,1
scrpack.088.0048,88,48,12,Yep.,0
scrpack.088.0053,88,53,52,W-What?!#cr0You're just some weak creature!,1
scrpack.088.0057,88,57,28,W-What did you say?!,0
scrpack.088.0080,88,80,36,"Hey, you two!#cr0Grab him!",1
scrpack.088.0084,88,84,20,No thanks.,0
scrpack.088.0089,88,89,44,What are you doing?!#cr0Hurry up!,1
scrpack.088.0093,88,93,40,Why don't you do it yourself?,0
scrpack.088.0098,88,98,40,Grrrr...#cr0You two as well?!,1
scrpack.088.0102,88,102,36,"Your time is over, Jamira.",0
scrpack.088.0112,88,112,28,What did you say?!,0
scrpack.088.0116,88,116,60,"Oh, looks like quitting time.#cr0Another boring day.",1
scrpack.088.0122,88,122,40,"Let's go home, let's go home.",0
scrpack.088.0131,88,131,80,You idiots!#cr0Do you know what'll happen if the boss hears about this?!,1
scrpack.088.0161,88,161,52,Looks like they're turning on each other.,0
scrpack.088.0170,88,170,76,This is our chance while their guard is down.#cr0Let's sneak inside.,1
scrpack.088.0179,88,179,28,"All right, Shobu.",0
scrpack.088.0188,88,188,16,What?,0
scrpack.088.0193,88,193,24,You go first.,0
scrpack.088.0202,88,202,32,"Sure, leave it to me!",0
scrpack.088.0224,88,224,36,Tiptoe... sneak... creep...,0
scrpack.088.0243,88,243,48,"Hey, you!#cr0What are you doing there?!",1
scrpack.088.0281,88,281,24,That was fast!,0
scrpack.088.0285,88,285,24,That idiot...,0
scrpack.088.0289,88,289,60,What are you doing?!#cr0You got caught way too fast!,1
scrpack.088.0306,88,306,16,Shut up.,0
scrpack.088.0317,88,317,48,Fine! We'll just force our way through!,0
scrpack.088.0328,88,328,32,"Hey, Jamira!#cr0Duel me!",1
scrpack.088.0332,88,332,44,Oh? You sure you want to say that?,0
scrpack.088.0341,88,341,68,I've got a teacher on my side.#cr0Don't come crying later.,1
scrpack.088.0350,88,350,20,A teacher?,0
scrpack.088.0355,88,355,44,"Nyoro!#cr0Teacher, if you please!",1
scrpack.088.0375,88,375,32,Yeah!#cr0Leave it to me!,1
scrpack.088.0379,88,379,16,You?!,0
scrpack.088.0388,88,388,52,Hey! So you're the famous Shobu Kirifuda!,0
scrpack.088.0427,88,427,28,"Duel me, right here.",0
scrpack.088.0594,88,594,24,Jamirak Fortress,0
scrpack.088.0631,88,631,24,Jamirak Fortress,0
scrpack.088.0655,88,655,16,Mkyu...,0
scrpack.088.0663,88,663,28,Well?! Now you know!,0
scrpack.088.0672,88,672,84,"Damn it!#cr0I'll get you back someday!#cr0Watch yourself in the dark, nyoro!",2
scrpack.088.0693,88,693,32,Hey! Jamira got away!,0
scrpack.088.0709,88,709,36,Huh? Where'd everybody go?!,0
scrpack.088.0718,88,718,40,Whatever! Let's go rescue Yu!,0
scrpack.088.0742,88,742,20,You called?,0
scrpack.088.0746,88,746,32,Whoa! Why are you here?!,0
scrpack.088.0755,88,755,32,Bucketman rescued me.,0
scrpack.088.0764,88,764,60,We rescued her while you were busy dueling.#cr0Yay!,1
scrpack.088.0773,88,773,44,Wait... did you use me as the decoy?,0
scrpack.088.0782,88,782,20,Pretty much.,0
scrpack.088.0791,88,791,24,That's awful!,0
scrpack.088.0800,88,800,32,"Ah, it's almost time.",0
scrpack.088.0809,88,809,16,Yeah.,0
scrpack.088.0829,88,829,52,Huh?#cr0Why is everyone covering their ears?,1
scrpack.088.0834,88,834,16,KABOOM!!,0
scrpack.088.0852,88,852,24,Fortress Ruins,0
scrpack.088.0883,88,883,60,All right.#cr0This fortress won't be usable anymore.,1
scrpack.088.0893,88,893,36,"Huh?#cr0What's wrong, Shobu?",1
scrpack.088.0898,88,898,36,M-My ears are riiinging...,0
scrpack.088.0916,88,916,24,Jamirak Fortress,0
scrpack.088.0947,88,947,24,Jamirak Fortress,0
scrpack.088.0971,88,971,88,"Wahahahaha...#cr0There's no way someone like you#cr0can beat my teacher, nyoro!",2
scrpack.088.0975,88,975,20,D-Damn it!,0
scrpack.088.0984,88,984,24,Another duel!,0
scrpack.088.0988,88,988,56,Hmph.#cr0It won't matter how many times you try.,1
scrpack.088.0992,88,992,20,Duel again?,0
scrpack.089.0137,89,137,24,Bolshack Plaza,0
scrpack.089.0172,89,172,56,Where am I...?#cr0The sky is completely red...,1
scrpack.089.0181,89,181,40,Hakuoh!#cr0Mimi!#cr0Bucketman!,2
scrpack.089.0197,89,197,60,"Damn, nobody's here...#cr0Where did everybody go?",1
scrpack.089.0213,89,213,28,What was that cry?!,0
scrpack.089.0239,89,239,28,B-Bolshack Dragon!,0
scrpack.089.0250,89,250,20,A-Amazing!,0
scrpack.089.0284,89,284,52,Now it's a real Gigappi!#cr0It's so cute!,1
scrpack.089.0303,89,303,80,This is incredible!#cr0So cool!#cr0I wish everybody could see this...,2
scrpack.089.0332,89,332,16,WHAM!,0
scrpack.089.0336,89,336,16,Whoa!,0
scrpack.089.0340,89,340,16,Pigi!,0
scrpack.089.0350,89,350,12,Ow!,0
scrpack.089.0361,89,361,44,Pigi!#cr0Watch where you're going!,1
scrpack.089.0371,89,371,40,"What are you, some tiny dragon?",0
scrpack.089.0376,89,376,36,Pigi!#cr0You called me tiny!,1
scrpack.089.0385,89,385,24,What? It's true.,0
scrpack.089.0390,89,390,76,Pigi!!#cr0That's the thing I'm most sensitive about!#cr0Take this!,2
scrpack.089.0404,89,404,28,"Whoa! Hot, hot, hot!",0
scrpack.089.0408,89,408,52,Pigi!#cr0Apologize or I'll roast you black!,1
scrpack.089.0412,89,412,40,"Hot! Hot! Sorry, okay? Sorry!",0
scrpack.089.0425,89,425,44,Fine. I'll let you off this time.,0
scrpack.089.0434,89,434,104,"Man, that was rough.#cr0I've never seen a creature like you.#cr0What am I supposed to call you?",2
scrpack.089.0443,89,443,52,I've got a great name:#cr0Bolblaze Dragon!,1
scrpack.089.0447,89,447,76,Bolblaze?#cr0That doesn't really suit you.#cr0You feel more like...,2
scrpack.089.0466,89,466,16,/sw25/!,0
scrpack.089.0470,89,470,56,"/sw25/... /sw25/...#cr0Hmm.#cr0Yeah, that'll do.",2
scrpack.089.0474,89,474,72,Huh. You accepted that pretty easily...#cr0I'm Shobu Kirifuda.,1
scrpack.089.0483,89,483,36,"/sw25/, nice to meet you!",0
scrpack.089.0487,89,487,88,Shobu Kirifuda?#cr0Hmm... I've heard that name somewhere.#cr0And that scent...,2
scrpack.089.0496,89,496,44,"So, /sw25/,#cr0where exactly are we?",1
scrpack.089.0507,89,507,72,There are real creatures everywhere!#cr0This can't be my world.,1
scrpack.089.0511,89,511,48,Here?#cr0This is the Fire Civilization.,1
scrpack.089.0515,89,515,68,The Fire Civilization?#cr0How is it different from my world?,1
scrpack.089.0519,89,519,60,How should I know?#cr0I've never been to your world.,1
scrpack.089.0523,89,523,60,I see...#cr0And all my friends disappeared too...,1
scrpack.089.0527,89,527,96,Then let's go to the shop.#cr0Someone there might know something#cr0about your world.,2
scrpack.089.0531,89,531,20,The shop?,0
scrpack.089.0535,89,535,48,Yeah.#cr0A shop that sells D.M. Cards.,1
scrpack.089.0544,89,544,84,What?! There are D.M. Card shops here too?!#cr0Let's go! Go go go go go!!,1
scrpack.089.0548,89,548,40,All right. I'll take you there.,0
scrpack.089.0552,89,552,84,Woo-hoo! This is exciting!#cr0Maybe they have cards I've never seen before!,1
scrpack.089.0593,89,593,24,Bolshack Plaza,0
scrpack.089.0651,89,651,24,Bolshack Plaza,0
scrpack.089.0683,89,683,56,"Originally, only creatures lived in this world.",0
scrpack.089.0687,89,687,16,Huh...,0
scrpack.089.0691,89,691,92,"But after a tear opened in space,#cr0people like you began appearing in the towns...",1
scrpack.089.0695,89,695,24,A tear in space?,0
scrpack.089.0699,89,699,92,"You said your name was Shobu Kirifuda, right?#cr0Are you related to Shori Kirifuda?",1
scrpack.089.0709,89,709,12,Huh?,0
scrpack.089.0713,89,713,84,"When that tear nearly destroyed this world,#cr0Shori fought to protect it.",1
scrpack.089.0722,89,722,48,R-Really?!#cr0Dad's been in this world?!,1
scrpack.089.0726,89,726,68,So you are Shori's kid...#cr0No wonder you smell the same.,1
scrpack.089.0730,89,730,40,"/sw25/,#cr0you've met my dad?",1
scrpack.089.0734,89,734,44,"Yeah.#cr0More than that, I even...",1
scrpack.089.0738,89,738,32,Where did you meet him?!,0
scrpack.089.0742,89,742,64,...At the shop.#cr0But I don't know if he's there now.,1
scrpack.089.0746,89,746,44,Then I might find Dad at the shop!!,0
scrpack.089.0778,89,778,36,Hey! Is that...#cr0D-Dad?!,1
scrpack.089.0787,89,787,20,Wait! Daaad!,0
scrpack.089.0802,89,802,52,"H-Hey, Shobu!#cr0The shop's the other way!",1
scrpack.089.0839,89,839,28,"Wait for me, Dad!",0
scrpack.089.0871,89,871,16,Whoa!,0
scrpack.089.0875,89,875,16,Whoa!,0
scrpack.089.0883,89,883,16,Ow...,0
scrpack.089.0887,89,887,32,Ah! Dad's getting away!,0
scrpack.089.0906,89,906,68,Hold it.#cr0You run into someone and don't even apologize?,1
scrpack.089.0915,89,915,32,"Sorry, Toru!#cr0Later!",1
scrpack.089.0924,89,924,48,Not so fast.#cr0You're going to duel me.,1
scrpack.089.0929,89,929,40,"Move, Toru!#cr0I'm in a hurry!!",1
scrpack.089.0933,89,933,80,"So am I.#cr0I've been dying to test my new deck.#cr0Come on, let's duel.",2
scrpack.089.0937,89,937,48,Move!#cr0Dad's getting away!#cr0Daaad!,2
scrpack.089.0979,89,979,28,Damn it! Dad's gone.,0
scrpack.089.0992,89,992,36,"Toru, this is your fault!",0
scrpack.089.0996,89,996,64,"Hmph. Dad this, Dad that.#cr0What are you yelling about?",1
scrpack.089.1006,89,1006,72,Forget that.#cr0Are you dueling me or not?#cr0Make up your mind!,2
scrpack.089.1010,89,1010,64,"Right now, finding Dad is more important than dueling!",0
scrpack.089.1020,89,1020,104,"Oh, really...?#cr0Then if you beat me,#cr0maybe I'll tell you something about Shori Kirifuda.",2
scrpack.089.1030,89,1030,40,"What...?#cr0Seriously, Toru?!",1
scrpack.089.1034,89,1034,36,Sure.#cr0If you can win...,1
scrpack.089.1044,89,1044,52,"All right! Then I accept!#cr0Let's go, Toru!",1
scrpack.089.1079,89,1079,24,"Come on, Shobu!",0
scrpack.089.1246,89,1246,24,Bolshack Plaza,0
scrpack.089.1293,89,1293,24,Bolshack Plaza,0
scrpack.089.1303,89,1303,20,"I win, Toru.",0
scrpack.089.1307,89,1307,64,Damn it...#cr0My ultimate deck was finally complete...,1
scrpack.089.1311,89,1311,84,"That was an awesome deck, Toru.#cr0Great duel!#cr0That was seriously fun!",2
scrpack.089.1321,89,1321,104,Shobu... you really are something.#cr0A promise is a promise.#cr0I'll tell you about your dad.,2
scrpack.089.1331,89,1331,24,"Please, Toru!",0
scrpack.089.1335,89,1335,48,"Shobu. Your father, Shori Kirifuda...",0
scrpack.089.1339,89,1339,16,Gulp...,0
scrpack.089.1343,89,1343,108,Apparently he's always coming and going from the shop.#cr0I saw him there just a little while ago.,1
scrpack.089.1353,89,1353,24,"Really, Toru?!",0
scrpack.089.1357,89,1357,40,"Yeah, but whether he's really...",0
scrpack.089.1367,89,1367,112,Hmph. He's already gone.#cr0I didn't even get to tell him#cr0I don't know if that was the real Shori...,2
scrpack.089.1390,89,1390,16,Daaad!,0
scrpack.089.1404,89,1404,12,Ngh!,0
scrpack.089.1410,89,1410,24,What's wrong?,0
scrpack.089.1414,89,1414,112,That duel did incredible damage...#cr0No doubt about it. D.M. Cards are more powerful here.#cr0But why?,2
scrpack.089.1431,89,1431,24,Bolshack Plaza,0
scrpack.089.1476,89,1476,24,Bolshack Plaza,0
scrpack.089.1486,89,1486,24,"I win, Shobu.",0
scrpack.089.1490,89,1490,60,Damn it...#cr0I never thought I'd lose to Toru...,1
scrpack.089.1501,89,1501,56,What's wrong?#cr0You're unbelievably weak today.,1
scrpack.089.1511,89,1511,88,"But that was an awesome deck, Toru.#cr0Great duel!#cr0That was seriously fun!",2
scrpack.089.1515,89,1515,112,"Shobu... you really are something.#cr0Fine. Since I got the win,#cr0I'll tell you about Shori Kirifuda.",2
scrpack.089.1525,89,1525,36,"Really?!#cr0Please, Toru!",1
scrpack.089.1529,89,1529,48,"Shobu. Your father, Shori Kirifuda...",0
scrpack.089.1533,89,1533,16,Gulp...,0
scrpack.089.1537,89,1537,108,Apparently he's always coming and going from the shop.#cr0I saw him there just a little while ago.,1
scrpack.089.1547,89,1547,24,"Really, Toru?!",0
scrpack.089.1551,89,1551,40,"Yeah, but whether he's really...",0
scrpack.089.1561,89,1561,112,Hmph. He's already gone.#cr0I didn't even get to tell him#cr0I don't know if that was the real Shori...,2
scrpack.089.1584,89,1584,16,Daaad!,0
scrpack.089.1598,89,1598,12,Ngh!,0
scrpack.089.1604,89,1604,24,What's wrong?,0
scrpack.089.1608,89,1608,112,That duel did incredible damage...#cr0No doubt about it. D.M. Cards are more powerful here.#cr0But why?,2
scrpack.090.0020,90,20,108,"I couldn't find Dad, and the armor isn't ready yet...#cr0Guess I'll look around town for a while.",1
scrpack.090.0024,90,24,40,Sure.#cr0I'll show you around.,1
scrpack.090.0035,90,35,68,There aren't any people around at all...#cr0What's going on?,1
scrpack.090.0039,90,39,92,This was originally a world of creatures.#cr0Every human you see here is a duelist.,1
scrpack.090.0104,90,104,28,What are you doing?,0
scrpack.090.0146,90,146,108,"Step right up! The legendary Dragon Cutie Card,#cr0idol of the Fire Civilization!#cr0Only 10,000 DP!",2
scrpack.090.0164,90,164,24,Hm? That's...,0
scrpack.090.0173,90,173,64,Hey!#cr0He's making fake cards of me and selling them!,1
scrpack.090.0184,90,184,60,"With this card,#cr0you'll never lose another duel!",1
scrpack.090.0197,90,197,16,Kintaro!,0
scrpack.090.0206,90,206,16,Shobu?!,0
scrpack.090.0210,90,210,56,I'll show you what I think of that fake card!,0
scrpack.090.0224,90,224,48,"Whoa! Hot, hot!#cr0What're you doing?!",1
scrpack.090.0235,90,235,32,You got sent here too?,0
scrpack.090.0244,90,244,72,"Aaaagh, my card...#cr0I was gonna make a fortune with that...",1
scrpack.090.0248,90,248,48,It's your fault for making fake cards!,0
scrpack.090.0257,90,257,72,"What'd you say, runt?!#cr0This all started because you ran away!",1
scrpack.090.0261,90,261,84,What?!#cr0You put me on display like some attraction!#cr0I'll burn you next!,2
scrpack.090.0289,90,289,16,Aaaah!!,0
scrpack.090.0338,90,338,36,"Both of you, stop fighting!",0
scrpack.090.0347,90,347,52,"Then how about you pay for the card, Shobu?",0
scrpack.090.0357,90,357,40,"All right!#cr0Kintaro, duel me!",1
scrpack.090.0366,90,366,64,A duel with you?#cr0What's that got to do with anything?,1
scrpack.090.0375,90,375,44,"If you win, I'll pay for the card!",0
scrpack.090.0379,90,379,20,R-Really?!,0
scrpack.090.0388,90,388,80,"But if you lose,#cr0you forget about the card money.#cr0Deal, Kintaro?",2
scrpack.090.0397,90,397,36,You've got yourself a duel!,0
scrpack.090.0432,90,432,28,"Get ready, Shobu!",0
scrpack.090.0599,90,599,24,Bolshack Plaza,0
scrpack.090.0645,90,645,24,Bolshack Plaza,0
scrpack.090.0655,90,655,16,Kyuuu...,0
scrpack.090.0665,90,665,72,"Don't take it personally, Kintaro.#cr0I always duel seriously.",1
scrpack.090.0669,90,669,84,I-I lost...#cr0I was going to use the money#cr0to buy medicine for Mom...,2
scrpack.090.0679,90,679,32,What? Your mom is sick?,0
scrpack.090.0683,90,683,72,Yeah...#cr0I couldn't afford her medicine.#cr0That's why I...,2
scrpack.090.0691,90,691,48,I think I did something pretty awful...,0
scrpack.090.0696,90,696,36,That was an amazing duel!,0
scrpack.090.0700,90,700,20,It moved me!,0
scrpack.090.0713,90,713,16,Whoa?!,0
scrpack.090.0720,90,720,24,U-Ugh...#cr0Hm?,1
scrpack.090.0730,90,730,28,"Money! Money, money!",0
scrpack.090.0765,90,765,108,"Kintaro, everyone was moved#cr0by how seriously you dueled.#cr0They all chipped in for the medicine.",2
scrpack.090.0774,90,774,52,Everybody... thank you! Thank you so much!,0
scrpack.090.0779,90,779,32,"Hang in there, Kintaro!",0
scrpack.090.0789,90,789,32,That's a lot of money.,0
scrpack.090.0793,90,793,36,Now I can finally help Mom.,0
scrpack.090.0802,90,802,28,"I'm glad, Kintaro.",0
scrpack.090.0819,90,819,68,"Hey, you.#cr0Who gave you permission to set up shop here?",1
scrpack.090.0823,90,823,20,Permission?,0
scrpack.090.0841,90,841,28,Who are you guys?!,0
scrpack.090.0845,90,845,12,...,0
scrpack.090.0849,90,849,84,You know what happens#cr0when you do business without permission.#cr0Right?,2
scrpack.090.0857,90,857,16,Yeah.,0
scrpack.090.0870,90,870,32,Ow!#cr0What the hell?!,1
scrpack.090.0874,90,874,36,We'll be taking this money.,0
scrpack.090.0878,90,878,20,Taking it.,0
scrpack.090.0882,90,882,20,Let's go.,0
scrpack.090.0886,90,886,16,Yeah.,0
scrpack.090.0901,90,901,24,H-Hey!#cr0Wait!,1
scrpack.090.0905,90,905,24,"Shobu, don't!",0
scrpack.090.0910,90,910,48,"What are you doing?!#cr0Let go, Kintaro!",1
scrpack.090.0922,90,922,60,They're too dangerous.#cr0Those guys are GARDE...,1
scrpack.090.0931,90,931,16,GARDE?!,0
scrpack.090.0935,90,935,96,"I hate it, but in this town... in this world...#cr0you can't survive if you oppose them.",1
scrpack.090.0944,90,944,16,What?!,0
scrpack.090.0953,90,953,56,But everyone gave that money#cr0to help Kintaro!,1
scrpack.090.0957,90,957,44,We just have to call it bad luck.,0
scrpack.090.0961,90,961,68,"What the hell is GARDE?!#cr0Damn it, I can't forgive them!",1
scrpack.090.0965,90,965,92,"Well, I'll just forget all about this...#cr0and go find another way to make money...",1
scrpack.090.0974,90,974,16,H-Hey...,0
scrpack.090.0978,90,978,32,"See you around, Shobu...",0
scrpack.090.0988,90,988,24,"Wait, Kintaro...",0
scrpack.090.0998,90,998,48,Damn it!#cr0How can anyone accept this?!,1
scrpack.090.1018,90,1018,24,Bolshack Plaza,0
scrpack.090.1060,90,1060,24,Bolshack Plaza,0
scrpack.090.1070,90,1070,20,Yes! I won!,0
scrpack.090.1074,90,1074,44,Damn it...#cr0I lost to Kintaro...,1
scrpack.090.1083,90,1083,40,"Shobu, about that card money...",0
scrpack.090.1093,90,1093,44,I know. A promise is a promise...,0
scrpack.090.1102,90,1102,56,All right!#cr0Now I can buy Mom's medicine...,1
scrpack.090.1112,90,1112,32,What? Your mom is sick?,0
scrpack.090.1121,90,1121,72,Yeah...#cr0I couldn't afford her medicine.#cr0That's why I...,2
scrpack.090.1129,90,1129,48,I think I did something pretty awful...,0
scrpack.090.1134,90,1134,36,That was an amazing duel!,0
scrpack.090.1138,90,1138,20,It moved me!,0
scrpack.090.1151,90,1151,16,Whoa?!,0
scrpack.090.1158,90,1158,24,U-Ugh...#cr0Hm?,1
scrpack.090.1168,90,1168,28,"Money! Money, money!",0
scrpack.090.1203,90,1203,108,"Kintaro, everyone was moved#cr0by how seriously you dueled.#cr0They all chipped in for the medicine.",2
scrpack.090.1212,90,1212,52,Everybody... thank you! Thank you so much!,0
scrpack.090.1217,90,1217,32,"Hang in there, Kintaro!",0
scrpack.090.1227,90,1227,32,That's a lot of money.,0
scrpack.090.1231,90,1231,36,Now I can finally help Mom.,0
scrpack.090.1240,90,1240,28,"I'm glad, Kintaro.",0
scrpack.090.1257,90,1257,68,"Hey, you.#cr0Who gave you permission to set up shop here?",1
scrpack.090.1261,90,1261,20,Permission?,0
scrpack.090.1279,90,1279,28,Who are you guys?!,0
scrpack.090.1283,90,1283,12,...,0
scrpack.090.1287,90,1287,84,You know what happens#cr0when you do business without permission.#cr0Right?,2
scrpack.090.1295,90,1295,16,Yeah.,0
scrpack.090.1308,90,1308,32,Ow!#cr0What the hell?!,1
scrpack.090.1312,90,1312,36,We'll be taking this money.,0
scrpack.090.1316,90,1316,20,Taking it.,0
scrpack.090.1320,90,1320,20,Let's go.,0
scrpack.090.1324,90,1324,16,Yeah.,0
scrpack.090.1339,90,1339,24,H-Hey!#cr0Wait!,1
scrpack.090.1343,90,1343,24,"Shobu, don't!",0
scrpack.090.1348,90,1348,48,"What are you doing?!#cr0Let go, Kintaro!",1
scrpack.090.1360,90,1360,60,They're too dangerous.#cr0Those guys are GARDE...,1
scrpack.090.1369,90,1369,16,GARDE?!,0
scrpack.090.1373,90,1373,96,"I hate it, but in this town... in this world...#cr0you can't survive if you oppose them.",1
scrpack.090.1382,90,1382,16,What?!,0
scrpack.090.1391,90,1391,56,But everyone gave that money#cr0to help Kintaro!,1
scrpack.090.1395,90,1395,44,We just have to call it bad luck.,0
scrpack.090.1399,90,1399,68,"What the hell is GARDE?!#cr0Damn it, I can't forgive them!",1
scrpack.090.1403,90,1403,92,"Well, I'll just forget all about this...#cr0and go find another way to make money...",1
scrpack.090.1412,90,1412,16,H-Hey...,0
scrpack.090.1416,90,1416,32,"See you around, Shobu...",0
scrpack.090.1426,90,1426,24,"Wait, Kintaro...",0
scrpack.090.1436,90,1436,48,Damn it!#cr0How can anyone accept this?!,1
scrpack.091.0017,91,17,36,Rekuta is in this world too.,0
scrpack.091.0021,91,21,100,"Come to think of it, I heard GARDE#cr0has been making copies of duelists one after another.",1
scrpack.091.0030,91,30,68,"Pfft, seriously?#cr0A copy of Rekuta would still be weak.",1
scrpack.091.0063,91,63,28,Where did Rekuta go?,0
scrpack.091.0070,91,70,16,Heeey!,0
scrpack.091.0085,91,85,36,"Where are you, Rekutaaa?!",0
scrpack.091.0126,91,126,28,Hm? Is that Rekuta?,0
scrpack.091.0135,91,135,24,Hey! Over here!!,0
scrpack.091.0169,91,169,16,Rekuta!,0
scrpack.091.0203,91,203,20,J-Jamira!,0
scrpack.091.0207,91,207,32,"Glad you came, Rekuta.",0
scrpack.091.0225,91,225,28,Jamira's here too...,0
scrpack.091.0259,91,259,40,Armor? Pretty bold for Rekuta!,0
scrpack.091.0263,91,263,36,Stop! That's Shobu's armor!,0
scrpack.091.0272,91,272,32,Hyah-hyah-hyah! Yoink!,0
scrpack.091.0284,91,284,36,!!#cr0Stop! Give it back!,1
scrpack.091.0288,91,288,56,Now the armor belongs to me!#cr0Hyah-ha-ha-ha!,1
scrpack.091.0292,91,292,52,"Give it back!#cr0C-Come on, give it back!",1
scrpack.091.0306,91,306,16,Rekuta!!,0
scrpack.091.0316,91,316,16,Shobu?!,0
scrpack.091.0326,91,326,64,"That's low, Jamira.#cr0Stealing somebody else's armor?",1
scrpack.091.0340,91,340,24,You saw that?!,0
scrpack.091.0344,91,344,16,Yeah.,0
scrpack.091.0348,91,348,28,"I'm sorry, Shobu.",0
scrpack.091.0357,91,357,60,Idiot!#cr0You don't have anything to apologize for!,1
scrpack.091.0361,91,361,16,...Okay.,0
scrpack.091.0368,91,368,52,"Jamira, you'll pay for picking on Rekuta!",0
scrpack.091.0377,91,377,44,"W-What, Shobu?#cr0You wanna fight?",1
scrpack.091.0386,91,386,40,That's my armor. Give it back!,0
scrpack.091.0395,91,395,64,"No way!#cr0With this armor, I can enter the tournament!",1
scrpack.091.0399,91,399,20,Tournament?,0
scrpack.091.0408,91,408,52,"If you want it back,#cr0beat me in a duel!",1
scrpack.091.0417,91,417,48,"Fine...#cr0Jamira, I'm taking you down!!",1
scrpack.091.0462,91,462,40,Nyoro!#cr0The armor is mine!!,1
scrpack.091.0629,91,629,24,Bolshack Plaza,0
scrpack.091.0674,91,674,24,Bolshack Plaza,0
scrpack.091.0684,91,684,28,"How's that, Jamira?!",0
scrpack.091.0688,91,688,48,Daaamn it!#cr0How did this deck lose?!,1
scrpack.091.0692,91,692,36,I'm taking my armor back!,0
scrpack.091.0714,91,714,72,D-Damn you!#cr0You won't get away with humiliating me like this!,1
scrpack.091.0735,91,735,16,Heh-heh!,0
scrpack.091.0740,91,740,24,"I'm glad, Shobu.",0
scrpack.091.0749,91,749,32,"Hey, put the armor on!",0
scrpack.091.0753,91,753,40,"Yeah, good idea!#cr0Let's see...",1
scrpack.091.0764,91,764,32,"You look awesome, Shobu!",0
scrpack.091.0768,91,768,60,All right!#cr0Now I can duel without holding back!,1
scrpack.091.0788,91,788,24,Bolshack Plaza,0
scrpack.091.0819,91,819,24,Bolshack Plaza,0
scrpack.091.0840,91,840,96,Wahahahahaha!#cr0You're a hundred years too early#cr0to beat me with that lousy deck!,2
scrpack.091.0844,91,844,68,Damn it!#cr0There's no way I should've lost to that deck!,1
scrpack.091.0852,91,852,16,Shobu!,0
scrpack.091.0861,91,861,32,"What's wrong, Rekuta?",0
scrpack.091.0880,91,880,40,Shobu!#cr0Jamira was cheating!,1
scrpack.091.0884,91,884,16,What?!,0
scrpack.091.0893,91,893,36,Tch. Guess the secret's out.,0
scrpack.091.0902,91,902,72,"Jamira, you're rotten to the core!#cr0Duel me fair and square!",1
scrpack.091.0906,91,906,80,"Fine...#cr0But if you really beat me,#cr0GARDE will have its eye on you!",2
scrpack.091.0915,91,915,60,I don't care!#cr0I'll beat every last one of them!,1
scrpack.091.0924,91,924,40,Nyoro! Don't come crying later!,0
scrpack.091.0928,91,928,20,Duel again?,0
scrpack.092.0014,92,14,40,Whoa...#cr0What is this thing?,1
scrpack.092.0018,92,18,68,You can't use it.#cr0Only the Ancient Races can operate it.,1
scrpack.092.0027,92,27,24,Ancient Races?,0
scrpack.092.0031,92,31,24,That's right.,0
scrpack.092.0035,92,35,56,"Goblin, aren't you one of those Ancient Races?",0
scrpack.092.0039,92,39,32,No. I cannot operate it.,0
scrpack.092.0043,92,43,16,Oh...,0
scrpack.092.0068,92,68,68,"Still, this thing is amazing.#cr0I wonder how you use it.",1
scrpack.092.0083,92,83,68,"Still, this thing is amazing.#cr0I wonder how you use it.",1
scrpack.092.0087,92,87,96,"You can't use it.#cr0Only an Ancient Race can.#cr0For example, the one standing there.",2
scrpack.092.0096,92,96,36,What? /sw25/ can operate it?,0
scrpack.092.0100,92,100,16,Indeed.,0
scrpack.092.0109,92,109,40,I didn't tell you until now...,0
scrpack.092.0118,92,118,16,Why not?,0
scrpack.092.0122,92,122,88,I needed to see whether you were strong enough#cr0to survive the battles ahead.,1
scrpack.092.0131,92,131,16,I see...,0
scrpack.092.0140,92,140,36,"But Shobu, you'll be fine.",0
scrpack.092.0149,92,149,44,All right! You'll take me with you!,0
scrpack.092.0163,92,163,32,Then I'll activate it.,0
scrpack.092.0206,92,206,36,Whoa!#cr0This is awesome!,1
scrpack.092.0215,92,215,28,"All right, let's go!",0
scrpack.092.0238,92,238,16,Waaait!,0
scrpack.092.0247,92,247,20,What now?,0
scrpack.092.0254,92,254,140,Teleportation through this device is too dangerous#cr0for an unprotected human body.#cr0You'll need something to shield yourself.,2
scrpack.092.0263,92,263,48,Something to protect me...#cr0The armor!,1
scrpack.092.0272,92,272,36,"This should do it, right?",0
scrpack.092.0276,92,276,24,Yes. Be careful.,0
scrpack.093.0016,93,16,40,"Hey, isn't the armor ready yet?",0
scrpack.093.0020,93,20,60,What?#cr0The armor has been finished for some time.,1
scrpack.093.0029,93,29,16,Really?!,0
scrpack.093.0033,93,33,84,"I asked Rekuta to give it to you,#cr0but it seems you two missed each other.",1
scrpack.093.0042,93,42,48,I see...#cr0Then I'll go look for him.,1
scrpack.096.0126,96,126,28,Hakuoh - Darkness,0
scrpack.097.0126,97,126,24,Hakuoh - Final,0
scrpack.098.0126,98,126,24,Resistance Event,0
scrpack.099.0126,99,126,24,Rescue Yu Fua,0
scrpack.100.0126,100,126,24,Hakuoh - Fire,0
scrpack.101.0126,101,126,24,Hakuoh - Nature,0
scrpack.102.0126,102,126,24,Hakuoh - Water,0
scrpack.107.0126,107,126,24,Kokujo - Final,0
scrpack.108.0126,108,126,24,Resistance Event,0
scrpack.109.0126,109,126,24,Rescue Yu Fua,0
scrpack.110.0126,110,126,24,Kokujo - Fire,0
scrpack.111.0126,111,126,24,Kokujo - Light,0
scrpack.112.0126,112,126,24,Kokujo - Nature,0
scrpack.113.0126,113,126,24,Kokujo - Water,0
scrpack.114.0014,114,14,84,Welcome to the Palace of Light.#cr0What think you of the Light Civilization?,1
scrpack.114.0022,114,22,48,It's peaceful. Seems like a nice place.,0
scrpack.114.0030,114,30,16,Yeah.,0
scrpack.114.0034,114,34,56,"It is all thanks to our Savior,#cr0Lord Hakuoh.",1
scrpack.114.0048,114,48,36,What?!#cr0Hakuoh is here?!,1
scrpack.114.0057,114,57,52,And he's the Savior...?#cr0What's going on?,1
scrpack.114.0061,114,61,128,"By the pure heart of the Savior#cr0who appeared with the light,#cr0our civilization shines more beautifully than ever.",2
scrpack.114.0075,114,75,80,"If he appeared with that light,#cr0it must be the Hakuoh from our world.",1
scrpack.114.0089,114,89,80,All right! Let's find Hakuoh#cr0and figure out how to get home together!,1
scrpack.114.0095,114,95,40,"Now then, what dost thou seek?",0
scrpack.114.0110,114,110,24,What's a Savior?,0
scrpack.114.0118,114,118,20,What is it?,0
scrpack.114.0122,114,122,32,One who shall save us.,0
scrpack.114.0126,114,126,28,Save you from what?,0
scrpack.114.0130,114,130,20,What is it?,0
scrpack.114.0134,114,134,28,...#cr0I know not.,1
scrpack.114.0143,114,143,28,You don't know...?,0
scrpack.114.0147,114,147,116,"Knowing would change nothing for me.#cr0Were I capable of saving everyone,#cr0I would be the Savior myself.",2
scrpack.114.0154,114,154,36,Lord Hakuoh is our Savior.,0
scrpack.114.0163,114,163,60,I want to see Hakuoh.#cr0Will you take me to him?,1
scrpack.114.0167,114,167,20,I cannot.,0
scrpack.114.0176,114,176,20,Why not?!,0
scrpack.114.0184,114,184,16,Why?!,0
scrpack.114.0188,114,188,24,I cannot answer.,0
scrpack.114.0197,114,197,36,Please. Let me see Hakuoh.,0
scrpack.114.0206,114,206,16,Please.,0
scrpack.114.0210,114,210,20,I cannot.,0
scrpack.114.0219,114,219,20,Cheapskate!,0
scrpack.114.0228,114,228,16,Yeah!,0
scrpack.114.0242,114,242,64,Then at least tell Hakuoh#cr0that I want to talk to him.,1
scrpack.114.0246,114,246,24,I must refuse.,0
scrpack.114.0255,114,255,60,Why?!#cr0You could at least pass along a message.,1
scrpack.114.0259,114,259,52,There are no exceptions.#cr0Please leave.,1
scrpack.114.0268,114,268,68,Fine! Be stubborn!#cr0Now I'm definitely going to see him!,1
scrpack.114.0276,114,276,20,Let's go!,0
scrpack.114.0282,114,282,48,You desire so badly to see Lord Hakuoh?,0
scrpack.114.0296,114,296,24,Who's there?!,0
scrpack.114.0300,114,300,128,"We are the True Four Guardians,#cr0protectors of Lord Hakuoh.#cr0If you wish to see him, pass over our defeated bodies.",2
scrpack.114.0314,114,314,28,True Four Guardians?,0
scrpack.114.0318,114,318,92,Come to the Hall of the True Four Guardians.#cr0We shall await you.#cr0Ha ha ha...,2
scrpack.114.0334,114,334,120,"Defeat the True Four Guardians,#cr0and you will be permitted to see Lord Hakuoh.#cr0Their hall lies that way.",2
scrpack.114.0338,114,338,52,Go to the Hall of the True Four Guardians?,0
scrpack.115.0150,115,150,24,First Chamber,0
scrpack.115.0168,115,168,40,So this is the first chamber.,0
scrpack.115.0172,115,172,24,Looks like it.,0
scrpack.115.0193,115,193,88,"I have awaited you, Great Bucketman.#cr0First, you shall face Mikuni the Swift.",1
scrpack.115.0228,115,228,36,"Now, let us duel with honor!",0
scrpack.115.0395,115,395,24,First Chamber,0
scrpack.115.0436,115,436,24,First Chamber,0
scrpack.115.0446,115,446,40,Mikuni's lifelong disgrace...,0
scrpack.115.0455,115,455,44,Go!#cr0The next duelist awaits you.,1
scrpack.115.0487,115,487,24,First Chamber,0
scrpack.115.0524,115,524,24,First Chamber,0
scrpack.115.0534,115,534,64,You let your guard down.#cr0I'll face you again anytime.,1
scrpack.115.0538,115,538,20,Duel again?,0
scrpack.115.0556,115,556,24,Second Chamber,0
scrpack.115.0581,115,581,16,Kintaro?,0
scrpack.115.0585,115,585,92,"Yep! Thanks to you,#cr0I made it into the Four Guardians.#cr0I'll give it my best!",2
scrpack.115.0619,115,619,20,Here I come!,0
scrpack.115.0786,115,786,24,Second Chamber,0
scrpack.115.0827,115,827,24,Second Chamber,0
scrpack.115.0837,115,837,32,You're mighty strong.,0
scrpack.115.0846,115,846,44,Can't be helped.#cr0Go on through.,1
scrpack.115.0878,115,878,24,Second Chamber,0
scrpack.115.0915,115,915,24,Second Chamber,0
scrpack.115.0925,115,925,52,No good.#cr0I can't let you pass like that.,1
scrpack.115.0929,115,929,20,Duel again?,0
scrpack.115.0948,115,948,24,Third Chamber,0
scrpack.115.0973,115,973,100,"Ah, thou hast arrived.#cr0Then the great Benny shall duel thee.#cr0Consider thyself honored.",2
scrpack.115.0982,115,982,24,Just kidding!,0
scrpack.115.0991,115,991,40,Benny?!#cr0Why are you here?!,1
scrpack.115.1000,115,1000,16,Shut up!,0
scrpack.115.1004,115,1004,72,I don't wanna be part of some stupid#cr0True Four Guardians...,1
scrpack.115.1013,115,1013,44,But Hakuoh practically begged me.,0
scrpack.115.1022,115,1022,52,Shut up!#cr0You're telling me where Yu is!,1
scrpack.115.1031,115,1031,52,Heh-heh!#cr0Beat me and maybe I'll tell you!,1
scrpack.115.1065,115,1065,40,Let the bloodbath show begin!,0
scrpack.115.1232,115,1232,24,Third Chamber,0
scrpack.115.1273,115,1273,24,Third Chamber,0
scrpack.115.1283,115,1283,44,And we're done.#cr0Now get moving.,1
scrpack.115.1296,115,1296,36,Wait! Tell me where Yu is!,0
scrpack.115.1304,115,1304,16,Tell us!,0
scrpack.115.1308,115,1308,44,I'll tell you after you meet Hakuoh.,0
scrpack.115.1317,115,1317,16,......,0
scrpack.115.1326,115,1326,40,What's with that look?!#cr0Grrr!,1
scrpack.115.1330,115,1330,60,I'm serious!#cr0Meet Hakuoh and I'll give Yu back!,1
scrpack.115.1344,115,1344,36,...Fine. I'll believe you.,0
scrpack.115.1358,115,1358,48,"But if you're lying, you'll regret it!",0
scrpack.115.1362,115,1362,20,You will!,0
scrpack.115.1374,115,1374,36,Good luck in the next one.,0
scrpack.115.1392,115,1392,28,He said good luck.,0
scrpack.115.1396,115,1396,64,"Yeah, I heard him.#cr0It's weird hearing Benny say that.",1
scrpack.115.1405,115,1405,84,"Maybe he really changed.#cr0If so, he might actually tell us where Yu is.",1
scrpack.115.1426,115,1426,52,"Heh heh... I need you to win,#cr0Bucketman.",1
scrpack.115.1458,115,1458,24,Third Chamber,0
scrpack.115.1495,115,1495,24,Third Chamber,0
scrpack.115.1505,115,1505,88,Be-la-la-la!#cr0You're gonna keep trying until you win anyway.#cr0So hurry up.,2
scrpack.115.1514,115,1514,24,I'm a busy guy!,0
scrpack.115.1518,115,1518,20,Duel again?,0
scrpack.115.1537,115,1537,24,Fourth Chamber,0
scrpack.115.1562,115,1562,56,I never imagined anyone would make it this far.,0
scrpack.115.1571,115,1571,32,Your journey ends here.,0
scrpack.115.1580,115,1580,48,I will defend this chamber at any cost.,0
scrpack.115.1614,115,1614,24,All for love...,0
scrpack.115.1781,115,1781,24,Fourth Chamber,0
scrpack.115.1822,115,1822,24,Fourth Chamber,0
scrpack.115.1832,115,1832,44,It seems my love was insufficient.,0
scrpack.115.1846,115,1846,40,Hakuoh's chamber is beyond here.,0
scrpack.115.1864,115,1864,16,Wait.,0
scrpack.115.1873,115,1873,20,What now?,0
scrpack.115.1881,115,1881,12,Hm?,0
scrpack.115.1885,115,1885,40,No.#cr0I cannot let you pass.,1
scrpack.115.1894,115,1894,72,Why?!#cr0I won the duel!#cr0I'm going through no matter what!,2
scrpack.115.1903,115,1903,16,/sw25/!,0
scrpack.115.1908,115,1908,16,Pigi.,0
scrpack.115.1926,115,1926,44,What are you doing?!#cr0Let me go!,1
scrpack.115.1930,115,1930,44,Aagh! Your snot got in my mouth!!,0
scrpack.115.1939,115,1939,40,Sorry.#cr0I have to see Hakuoh.,1
scrpack.115.1970,115,1970,24,Fourth Chamber,0
scrpack.115.2007,115,2007,24,Fourth Chamber,0
scrpack.115.2017,115,2017,48,"Unfortunately, you lack sufficient love.",0
scrpack.115.2021,115,2021,20,Duel again?,0
scrpack.116.0121,116,121,24,Chamber of Light,0
scrpack.116.0147,116,147,32,"Hakuoh, what's wrong?",0
scrpack.116.0153,116,153,60,There's no point talking to Lord Hakuoh right now.,0
scrpack.116.0162,116,162,32,Aizen! What's going on?,0
scrpack.116.0175,116,175,44,Let's see... where should I begin?,0
scrpack.116.0180,116,180,40,Anything else you want to ask?,0
scrpack.116.0191,116,191,72,"We don't know why,#cr0but he's been like this for several days.",1
scrpack.116.0195,116,195,56,As though he's dreaming...#cr0completely dazed.,1
scrpack.116.0201,116,201,72,Lord Hakuoh is the emotional pillar#cr0of the people of Light.,1
scrpack.116.0210,116,210,112,"With a great disaster approaching,#cr0revealing his condition would only#cr0increase the people's fear.",2
scrpack.116.0214,116,214,48,And GARDE would exploit that weakness.,0
scrpack.116.0223,116,223,60,Do you understand?#cr0We must protect this secret.,1
scrpack.116.0229,116,229,116,The True Four Guardians were formed#cr0to strengthen Lord Hakuoh's sacred image#cr0and protect his secret.,2
scrpack.116.0233,116,233,64,"We couldn't contact Mimi,#cr0so Kintaro took her place.",1
scrpack.116.0237,116,237,84,"Thus the True Four Guardians became#cr0myself, Mikuni, Kintaro, and Maki.",1
scrpack.116.0250,116,250,40,Maki?#cr0What happened to Benny?,1
scrpack.116.0254,116,254,80,"Benny...?#cr0Come to think of it, he was once one of the Four Guardians.",1
scrpack.116.0268,116,268,56,But remember all the terrible things he's done.,0
scrpack.116.0272,116,272,60,We could never welcome someone like him as an ally.,0
scrpack.116.0283,116,283,32,But I just dueled Benny.,0
scrpack.116.0293,116,293,36,What?!#cr0What do you mean?,1
scrpack.116.0319,116,319,56,"Bucketman, so you made it this far after all.",0
scrpack.116.0336,116,336,60,Remember! Do not speak of Lord Hakuoh's condition.,0
scrpack.116.0342,116,342,16,I know.,0
scrpack.116.0349,116,349,20,He knows.,0
scrpack.116.0369,116,369,76,"If it was Bucketman,#cr0couldn't we have told him from the start?",1
scrpack.116.0373,116,373,64,"Perhaps.#cr0By the way, Mikuni,#cr0have you seen Maki?",2
scrpack.116.0377,116,377,12,No.,0
scrpack.116.0381,116,381,68,Nobody was in the Third Chamber.#cr0I assumed he was here.,1
scrpack.116.0402,116,402,60,I saaaw it! I saaaw it!#cr0I saw Hakuoh's secret!,1
scrpack.116.0406,116,406,16,Benny!,0
scrpack.116.0419,116,419,68,"Thanks for leading me straight to Hakuoh,#cr0Bucketmaaaan!",1
scrpack.116.0423,116,423,16,Damn it!,0
scrpack.116.0427,116,427,84,"With Hakuoh like this,#cr0the Light Civilization is finished!#cr0Ha ha ha!",2
scrpack.116.0436,116,436,44,Benny!#cr0What did you do to Maki?,1
scrpack.116.0440,116,440,28,No idea.#cr0Later!,1
scrpack.116.0455,116,455,84,Damn it. I was stupid to trust Benny...#cr0And he was my best lead to Yu...,1
scrpack.116.0459,116,459,32,But Hakuoh comes first.,0
scrpack.116.0472,116,472,56,We have tried everything.#cr0Nothing has worked.,1
scrpack.116.0486,116,486,48,"All right!#cr0Hakuoh, I'm dueling you!",1
scrpack.116.0490,116,490,16,Duel!,0
scrpack.116.0500,116,500,60,That's insane!#cr0He can't duel in this condition!,1
scrpack.116.0513,116,513,24,Here. Your deck.,0
scrpack.116.0517,116,517,16,......,0
scrpack.116.0526,116,526,36,"Let's go, Hakuoh!#cr0Duel!",1
scrpack.116.0545,116,545,16,......,0
scrpack.116.0712,116,712,24,Chamber of Light,0
scrpack.116.0757,116,757,24,Chamber of Light,0
scrpack.116.0769,116,769,16,Ugh...,0
scrpack.116.0780,116,780,32,"What's wrong, everyone?",0
scrpack.116.0788,116,788,36,We're the ones asking that!,0
scrpack.116.0797,116,797,88,That's right... I was given some medicine.#cr0It made my consciousness fade...,1
scrpack.116.0806,116,806,44,Medicine?#cr0So Benny was behind it!,1
scrpack.116.0814,116,814,20,That jerk.,0
scrpack.116.0836,116,836,52,What is going on?#cr0This is far too noisy.,1
scrpack.116.0846,116,846,48,"Your Majesty, Lord Hakuoh has awakened.",0
scrpack.116.0850,116,850,16,What?!,0
scrpack.116.0869,116,869,32,"Hakuoh, how do you feel?",0
scrpack.116.0878,116,878,108,My head is still a little hazy...#cr0But I don't need any more medicine.#cr0I'm fully rested now.,2
scrpack.116.0887,116,887,16,I-I see.,0
scrpack.116.0896,116,896,52,Your Majesty.#cr0I intend to go with them.,1
scrpack.116.0905,116,905,24,I will miss you.,0
scrpack.116.0914,116,914,80,I will miss you too.#cr0I wish we could have stayed together longer...,1
scrpack.116.0918,116,918,44,But there are people who need me.,0
scrpack.116.0927,116,927,36,"Oh, and please release Maki.",0
scrpack.116.0936,116,936,28,How did you know...?,0
scrpack.116.0945,116,945,92,So I was right.#cr0Please.#cr0There is no longer any reason to keep him confined.,2
scrpack.116.0954,116,954,28,Then... farewell.,0
scrpack.116.0973,116,973,32,What was all that about?,0
scrpack.116.0982,116,982,32,Her Majesty was lonely.,0
scrpack.116.0993,116,993,12,??,0
scrpack.116.0997,116,997,28,Perhaps I was too...,0
scrpack.116.1001,116,1001,32,I don't get it at all.,0
scrpack.116.1009,116,1009,20,Me neither.,0
scrpack.116.1018,116,1018,76,That's all right.#cr0Come on. Let's work together to return home.,1
scrpack.116.1032,116,1032,36,Hakuoh joined your party.,0
scrpack.116.1053,116,1053,24,Chamber of Light,0
scrpack.116.1095,116,1095,24,Chamber of Light,0
scrpack.116.1105,116,1105,36,You lost to sleepy Hakuoh.,0
scrpack.116.1109,116,1109,48,That just shows how strong Hakuoh is.,0
scrpack.116.1113,116,1113,20,Nice excuse.,0
scrpack.116.1117,116,1117,20,Duel again?,0
scrpack.116.1129,116,1129,80,Grrr!#cr0I'll duel Hakuoh as many times as it takes#cr0to wake him up!,2
scrpack.116.1136,116,1136,40,Let's go adjust the deck first.,0
scrpack.117.0016,117,16,56,I... DESTROY...break#cr0ENEMIES... DESTROY...out,1
scrpack.117.0021,117,21,112,ALERT STATUS... DEFCON 3...break#cr0WORLD... IN DANGEROUS CONDITION...break#cr0CAUSE... UNKNOWN...out,2
scrpack.117.0026,117,26,120,DANGER... APPROACHING...break#cr0BUT... DESTRUCTION TARGET... UNSET...break#cr0WHAT... SHOULD I DESTROY?...over,2
scrpack.117.0046,117,46,116,You appear to be tourists.#cr0Take care not to collapse in awe#cr0at the wonders of the Light Civilization.,2
scrpack.117.0051,117,51,112,Should we rejoice that a Savior has appeared?#cr0Or lament that we need one?#cr0That is the question.,2
scrpack.117.0056,117,56,64,"Well, well, our Savior.#cr0Has the world been saved yet?",1
scrpack.117.0064,117,64,64,Am I the only one#cr0who thinks that sounded sarcastic?,1
scrpack.118.0014,118,14,52,"Gonna pick on me?#cr0You are, aren't you?",1
scrpack.118.0019,118,19,52,Knew it.#cr0I'm the weakest creature around.,1
scrpack.118.0024,118,24,56,A prophecy!#cr0Everyone's going to pick on me!,1
scrpack.118.0039,118,39,120,Seek the path! A Seeker's duty.#cr0The Light Civilization is a union#cr0of perfect races with ironclad defense.,2
scrpack.118.0043,118,43,48,Therefore:#cr0we alone stand supreme.,1
scrpack.118.0048,118,48,40,Seek the path! A Seeker's duty.,0
scrpack.118.0052,118,52,88,The Water Civilization is home to schemers#cr0who spread unrest and confusion.,1
scrpack.118.0056,118,56,40,Thus:#cr0exploit every opening.,1
scrpack.118.0061,118,61,40,Seek the path! A Seeker's duty.,0
scrpack.118.0065,118,65,116,The Fire Civilization is a fighting force#cr0built for one-hit kills.#cr0Defense isn't in their vocabulary.,2
scrpack.118.0069,118,69,48,Thus:#cr0offense is the best offense!,1
scrpack.118.0074,118,74,40,Seek the path! A Seeker's duty.,0
scrpack.118.0078,118,78,80,The Darkness Civilization is a murderous host#cr0unafraid even of death.,1
scrpack.118.0082,118,82,44,"Thus:#cr0live to die, die to live.",1
scrpack.118.0087,118,87,40,Seek the path! A Seeker's duty.,0
scrpack.118.0091,118,91,84,The Nature Civilization uses abundant mana#cr0to manifest enormous power.,1
scrpack.118.0095,118,95,52,Thus:#cr0all things begin and end with mana.,1
scrpack.118.0100,118,100,40,Seek the path! A Seeker's duty.,0
scrpack.118.0104,118,104,60,D.M. Cards symbolize#cr0the laws of the universe.,1
scrpack.118.0108,118,108,64,Those who decipher their text#cr0gain ultimate wisdom.,1
scrpack.118.0123,118,123,52,"Hey!#cr0You think I don't look Light, huh?",1
scrpack.118.0127,118,127,32,You don't? Then fine.,0
scrpack.118.0132,118,132,48,"Hey!#cr0You think my face is lumpy, huh?",1
scrpack.118.0136,118,136,32,You don't? Then fine.,0
scrpack.118.0141,118,141,48,"Hey!#cr0You think my face is huge, huh?",1
scrpack.118.0145,118,145,32,You don't? Then fine.,0
scrpack.118.0150,118,150,48,"Hey!#cr0You think I'd taste awful, huh?",1
scrpack.118.0154,118,154,32,You don't? Then fine.,0
scrpack.119.0012,119,12,76,Her Majesty and the Savior#cr0are almost like a real mother and son.,1
scrpack.119.0017,119,17,128,"Her Majesty has changed.#cr0She pays little attention to the realm of Light now,#cr0devoting all her time to the Savior.",2
scrpack.120.0119,120,119,24,Palace of Light,0
scrpack.121.0118,121,118,28,Holy Amethyst Plaza,0
scrpack.121.0159,121,159,20,Hold it!!,0
scrpack.121.0177,121,177,28,Pigiya!#cr0No way!,1
scrpack.121.0196,121,196,84,Damn it!#cr0I'm not letting the Savior get that dragon!#cr0Jamira daaash!!,2
scrpack.121.0239,121,239,16,Pigiya!,0
scrpack.121.0243,121,243,44,Gotcha!#cr0Give up and stay still!,1
scrpack.121.0256,121,256,24,Pigiya! Pigiya!,0
scrpack.121.0261,121,261,80,"Nyoro!#cr0Once I have this thing,#cr0I won't have to fear any Savior!",2
scrpack.121.0270,121,270,40,"Excuse me, may I ask something?",0
scrpack.121.0283,121,283,32,What?! I'm busy here!,0
scrpack.121.0287,121,287,48,I heard a dragon was seen around here...,0
scrpack.121.0296,121,296,24,"Wait, Jamira?!",0
scrpack.121.0310,121,310,20,Gah! Hakuoh!,0
scrpack.121.0319,121,319,76,You were sent here too?#cr0Are you well?#cr0What are you doing now?,2
scrpack.121.0328,121,328,72,N-N-Nothing!#cr0There isn't any dragon here!#cr0Ha... ha ha ha!,2
scrpack.121.0333,121,333,24,Pugi!#cr0Pugiii!,1
scrpack.121.0342,121,342,32,Hm? What was that sound?,0
scrpack.121.0346,121,346,44,Nothing!#cr0Y-You're hearing things!,1
scrpack.121.0350,121,350,48,Anyway...#cr0h-how about a quick duel?!,1
scrpack.121.0354,121,354,24,Pigigigigi...,0
scrpack.121.0372,121,372,20,A-Aaaaaah!,0
scrpack.121.0382,121,382,52,I see...#cr0So that's what was happening.,1
scrpack.121.0391,121,391,32,Damn it!#cr0It got away!,1
scrpack.121.0400,121,400,64,Jamira!#cr0Why were you trying to capture that dragon?,1
scrpack.121.0409,121,409,64,Hyahahahaha!#cr0To crush the Savior who opposes GARDE!,1
scrpack.121.0419,121,419,16,GARDE?!,0
scrpack.121.0423,121,423,60,"That's right!#cr0What, did the name GARDE scare you?",1
scrpack.121.0432,121,432,48,"No...#cr0Jamira, I can't overlook this.",1
scrpack.121.0441,121,441,40,W-What?#cr0You wanna duel me?,1
scrpack.121.0450,121,450,48,Yes.#cr0I have to defeat you completely.,1
scrpack.121.0459,121,459,64,Hah! Don't get cocky!#cr0I'm not afraid of dueling you!,1
scrpack.121.0470,121,470,40,(Can I win? This is Hakuoh...),0
scrpack.121.0480,121,480,44,(N-No way! Absolutely impossible!),0
scrpack.121.0490,121,490,48,"B-Besides, the dragon already ran off!",0
scrpack.121.0494,121,494,36,Are you trying to run away?,0
scrpack.121.0504,121,504,60,"(But if I run now, what'll everyone say later...?)",0
scrpack.121.0508,121,508,32,(Agh... what do I do?),0
scrpack.121.0512,121,512,36,Come on. Prepare your deck.,0
scrpack.121.0516,121,516,44,"(Fine! Whatever happens, happens!)",0
scrpack.121.0526,121,526,36,"Damn it! Duel me, Hakuoh!",0
scrpack.121.0560,121,560,20,Here I come!,0
scrpack.121.0741,121,741,72,"I'll prove that win wasn't a fluke!#cr0Duel me again, Hakuoh!",1
scrpack.121.0745,121,745,20,Duel again?,0
scrpack.121.0756,121,756,28,Holy Amethyst Plaza,0
scrpack.121.0801,121,801,28,Holy Amethyst Plaza,0
scrpack.121.0817,121,817,16,Guhhh!,0
scrpack.121.0830,121,830,40,(Damn it... I knew I'd lose...),0
scrpack.121.0834,121,834,100,"They call me the Savior, whether I like it or not.#cr0I can't lose to someone from GARDE.",1
scrpack.121.0844,121,844,40,W-What?!#cr0You're the Savior?!,1
scrpack.121.0853,121,853,72,That was a good duel.#cr0Now leave GARDE#cr0and come with us.,2
scrpack.121.0862,121,862,60,Idiot! Why would I join you?!#cr0R-Remember this!,1
scrpack.121.0876,121,876,20,Jamira...,0
scrpack.121.0882,121,882,20,He's gone...,0
scrpack.121.0905,121,905,112,Looks like the dragon left too...#cr0I'll head back to the shop.#cr0Maybe the armor is finished by now.,2
scrpack.121.0928,121,928,36,That guy... is the Savior?!,0
scrpack.121.0948,121,948,28,Holy Amethyst Plaza,0
scrpack.121.0989,121,989,28,Holy Amethyst Plaza,0
scrpack.121.1005,121,1005,40,I-I won...#cr0I beat Hakuoh...,1
scrpack.121.1009,121,1009,40,I-Impossible... my trump card...,0
scrpack.121.1018,121,1018,84,Wah... wah... WAHAHAHAHAHA!#cr0I won! I beat Hakuoh!#cr0I did it! I did it!!,2
scrpack.121.1022,121,1022,76,"I couldn't feel the cards at all...#cr0No, that can't be right. Why?",1
scrpack.121.1031,121,1031,80,"Man, I'm glad I kept dueling...#cr0Now GARDE will have to respect me!",1
scrpack.121.1040,121,1040,84,"All right!#cr0I'll prove that win wasn't a fluke!#cr0Duel me again, Hakuoh!",2
scrpack.121.1044,121,1044,20,Duel again?,0
scrpack.122.0012,122,12,44,A special tournament is underway.,0
scrpack.122.0016,122,16,32,Nothing in particular.,0
scrpack.122.0021,122,21,36,What do you want to know?,0
scrpack.122.0043,122,43,136,"This is the Light Civilization's greatest city,#cr0also called the ""Diamond of Heaven.""#cr0The entire city floats in the sky.",2
scrpack.122.0058,122,58,36,What an incredible city...,0
scrpack.122.0062,122,62,52,"Indeed, and this city is... hm?!#cr0Wait!",1
scrpack.122.0074,122,74,24,W-What's wrong?,0
scrpack.122.0078,122,78,52,Could you be...?#cr0Come a little closer.,1
scrpack.122.0082,122,82,16,Y-Yes...,0
scrpack.122.0094,122,94,52,"Hmm...#cr0I see, I see.#cr0Very interesting.",2
scrpack.122.0100,122,100,24,What's wrong?,0
scrpack.122.0104,122,104,44,It seems you aren't from this world.,0
scrpack.122.0109,122,109,12,Huh?,0
scrpack.122.0113,122,113,80,"You may have guessed already,#cr0but this is the world of D.M. Cards.",1
scrpack.122.0117,122,117,84,Things that would be mere fantasy#cr0in your world can become reality here.,1
scrpack.122.0121,122,121,108,"That is the power of mana.#cr0With enough mana, even the wildest fantasy#cr0can take physical form.",2
scrpack.122.0125,122,125,20,Meaning...?,0
scrpack.122.0129,122,129,68,Your world has no mana.#cr0That is why it has no creatures.,1
scrpack.122.0133,122,133,68,This world has mana.#cr0That is why creatures exist here.,1
scrpack.122.0137,122,137,20,Understand?,0
scrpack.122.0161,122,161,36,Then why am I in this world?,0
scrpack.122.0165,122,165,24,I don't know.,0
scrpack.122.0174,122,174,16,I see...,0
scrpack.122.0178,122,178,104,But I can tell you this.#cr0Someone from another world appearing here#cr0is an omen of danger.,2
scrpack.122.0187,122,187,60,An omen of danger...#cr0What exactly is happening?,1
scrpack.122.0191,122,191,120,Another major disturbance must be occurring#cr0at the boundary between the two worlds.#cr0This is very serious.,2
scrpack.122.0195,122,195,20,Two worlds?,0
scrpack.122.0199,122,199,48,GARDE...#cr0This must be their doing.,1
scrpack.122.0209,122,209,16,GARDE?!,0
scrpack.122.0213,122,213,48,GARDE rules this world through dueling.,0
scrpack.122.0217,122,217,52,Through dueling?#cr0Is that really possible?,1
scrpack.122.0221,122,221,64,"As I told you,#cr0this world is overflowing with mana.",1
scrpack.122.0225,122,225,80,The damage caused by a duel here#cr0is nothing like it is in your world.,1
scrpack.122.0229,122,229,72,"Win enough duels,#cr0and ruling this world is not impossible.",1
scrpack.122.0238,122,238,28,That's terrible...,0
scrpack.122.0242,122,242,124,GARDE is always searching for true duelists#cr0to increase its own power.#cr0Perhaps that is why you were summoned.,2
scrpack.122.0252,122,252,20,W-What...?,0
scrpack.122.0277,122,277,68,"Originally, people like us#cr0did not exist in this world.",1
scrpack.122.0281,122,281,172,"Several years ago, the wall between dimensions broke.#cr0Thoughts from another world began taking physical form#cr0here. That's how people like us came to exist.",2
scrpack.122.0286,122,286,44,You could call us clones of souls.,0
scrpack.122.0290,122,290,24,Which means...,0
scrpack.122.0294,122,294,76,The me in this world and the me in yours#cr0are different people.,1
scrpack.122.0298,122,298,52,Then could there be another me somewhere?,0
scrpack.122.0302,122,302,76,"There should be.#cr0But for some reason,#cr0I've never met him...",2
scrpack.122.0316,122,316,108,Calling it a legend isn't quite right.#cr0People only started talking about it#cr0a few years ago.,2
scrpack.122.0321,122,321,120,They say this person commands a dragon#cr0and saves the world through the power of cards.#cr0That's all I know.,2
scrpack.122.0334,122,334,20,A dragon?,0
scrpack.122.0338,122,338,92,Yes. A powerful Ancient Race.#cr0It should become the Savior's trusted companion.,1
scrpack.122.0362,122,362,104,"The world's most thrilling card game.#cr0At least, that's what it is#cr0to ordinary people...",2
scrpack.122.0367,122,367,12,...,0
scrpack.122.0371,122,371,68,"But to a true duelist,#cr0D.M. Cards mean something more.",1
scrpack.122.0375,122,375,112,A vast power that can scorch the heavens#cr0and shatter the earth.#cr0They say even gods bow before it.,2
scrpack.122.0379,122,379,48,D.M. Cards are the source of that power.,0
scrpack.122.0383,122,383,36,That sounds exaggerated...,0
scrpack.122.0387,122,387,68,You should know already#cr0what a true duel really means...,1
scrpack.122.0391,122,391,92,"D.M. Cards wield tremendous power#cr0even in your world,#cr0where mana has vanished.",2
scrpack.122.0395,122,395,108,"Imagine what would happen#cr0if that power were unleashed here,#cr0in a world overflowing with mana.",2
scrpack.122.0404,122,404,40,I see. So that's how it works...,0
scrpack.122.0408,122,408,128,"If two powerful duelists fought seriously,#cr0the results could be catastrophic.#cr0Even the winner might not survive.",2
scrpack.122.0418,122,418,72,Even the winner can be in danger...#cr0Then what should we do?,1
scrpack.122.0422,122,422,84,It should not be a serious problem.#cr0True duelists rarely face each other.,1
scrpack.122.0431,122,431,32,I wouldn't be so sure.,0
scrpack.122.0435,122,435,92,"Hmm, true...#cr0To protect duelists from that danger,#cr0I've prepared something.",2
scrpack.122.0444,122,444,16,Armor?,0
scrpack.122.0448,122,448,84,"Yes.#cr0For the Savior, I should make it#cr0a bit more presentable first.",2
scrpack.122.0457,122,457,92,"With that, I should be able#cr0to duel without holding back.#cr0I'm counting on you.",2
scrpack.122.0461,122,461,92,Why not walk around while I finish it?#cr0I heard someone saw a dragon in the plaza.,1
scrpack.122.0476,122,476,92,Why not walk around while I finish it?#cr0I heard someone saw a dragon in the plaza.,1
scrpack.122.0481,122,481,104,"That armor protects you not only from D.M. Cards,#cr0but from many kinds of attacks and damage.",1
scrpack.122.0499,122,499,48,Well? Over your summoning sickness yet?,0
scrpack.122.0534,122,534,84,Who knows?#cr0We belong to this world.#cr0We don't know how to reach yours.,2
scrpack.122.0538,122,538,28,...I suppose not.,0
scrpack.122.0542,122,542,36,Still... I have a feeling.,0
scrpack.122.0551,122,551,16,Really?!,0
scrpack.122.0555,122,555,36,The key lies in D.M. Cards.,0
scrpack.122.0564,122,564,20,D.M. Cards?,0
scrpack.122.0568,122,568,68,"As I've said,#cr0the power of D.M. Cards is beyond measure.",1
scrpack.122.0572,122,572,84,Gather more cards and keep dueling.#cr0I'm sure a path will eventually open.,1
scrpack.122.0585,122,585,88,I just heard that something strange#cr0is happening in the Water Civilization.,1
scrpack.122.0599,122,599,64,!!#cr0Rei must have made her move#cr0to defeat Benny!,2
scrpack.122.0609,122,609,56,"What's wrong, Mimi?#cr0Why the sudden outburst?",1
scrpack.122.0613,122,613,32,Because Rei...#cr0Ah!,1
scrpack.122.0618,122,618,32,"S-Sorry, Master Hakuoh.",0
scrpack.122.0627,122,627,68,"But my heart still belongs#cr0only to you, Master Hakuoh! ♪",1
scrpack.122.0631,122,631,12,??,0
scrpack.122.0640,122,640,72,"I don't really get it,#cr0but if Mimi's worried, let's all go!",1
scrpack.122.0653,122,653,64,I heard GARDE took away#cr0a cute young girl earlier.,1
scrpack.122.0657,122,657,40,It might have been little Yu.,0
scrpack.122.0672,122,672,24,What?! Really?!,0
scrpack.122.0676,122,676,104,"I don't know where exactly,#cr0but I heard they took her somewhere#cr0in the Fire Civilization.",2
scrpack.122.0690,122,690,52,"All right!#cr0Let's go find her, everyone!",1
scrpack.122.0708,122,708,36,What do you want to know?,0
scrpack.122.0720,122,720,68,So GARDE really was behind#cr0this entire chain of events.,1
scrpack.122.0733,122,733,108,There is supposed to be a place#cr0where the Primordial Cards are sealed.#cr0How do we get there?,2
scrpack.122.0737,122,737,48,Hmm... I've never heard of such a place.,0
scrpack.122.0741,122,741,64,"Benny might know.#cr0After all, he's a member of GARDE.",1
scrpack.122.0750,122,750,88,I see.#cr0GARDE probably knows more about#cr0the Primordial Cards than we do.,2
scrpack.122.0754,122,754,44,"Unfortunately, that's probably true.",0
scrpack.122.0768,122,768,88,Rumor says Benny was seen near the lab.#cr0He may be plotting something again.,1
scrpack.122.0781,122,781,36,He seriously never learns...,0
scrpack.122.0785,122,785,36,Would you go take a look?,0
scrpack.122.0799,122,799,80,"Come to think of it, Shori Kirifuda#cr0stopped by while you were gone.",1
scrpack.122.0812,122,812,24,What?! Really?!,0
scrpack.122.0816,122,816,40,He said you've gotten stronger.,0
scrpack.122.0825,122,825,48,"What?!#cr0Where have you been, Dad...?",1
scrpack.123.0010,123,10,64,"Savior, welcome back.#cr0Her Majesty will be pleased.",1
scrpack.123.0049,123,49,24,First Chamber,0
scrpack.123.0059,123,59,92,Lord Hakuoh!#cr0Is it true that Her Majesty#cr0was the one giving you the medicine?,2
scrpack.123.0068,123,68,28,How did you know?,0
scrpack.123.0078,123,78,80,Maki told me.#cr0I cannot believe Her Majesty#cr0would do such a thing.,2
scrpack.123.0082,123,82,52,Yet I do not believe Maki was lying either.,0
scrpack.123.0091,123,91,124,"It is true that Her Majesty gave me the medicine.#cr0But she had her reasons.#cr0Mikuni, please take care of her.",2
scrpack.123.0095,123,95,96,"Of course. If Lord Hakuoh asks it,#cr0I will protect Her Majesty with all my strength.",1
scrpack.123.0133,123,133,24,Second Chamber,0
scrpack.123.0143,123,143,76,So Her Majesty really drugged Lord Hakuoh.#cr0That's terrifying...,1
scrpack.123.0147,123,147,60,"Kintaro,#cr0please don't speak badly of Her Majesty.",1
scrpack.123.0151,123,151,80,And that's not all.#cr0She locked Maki up after he learned the truth.,1
scrpack.123.0160,123,160,16,Kintaro!,0
scrpack.123.0164,123,164,20,But still...,0
scrpack.123.0173,123,173,44,There was simply a misunderstanding.,0
scrpack.123.0201,123,201,24,Third Chamber,0
scrpack.123.0211,123,211,24,Nobody's here.,0
scrpack.123.0248,123,248,24,Fourth Chamber,0
scrpack.123.0258,123,258,24,Where is Maki?,0
scrpack.123.0262,123,262,48,"After telling us the truth,#cr0he left.",1
scrpack.123.0275,123,275,44,I'd be mad too.#cr0He was locked up.,1
scrpack.123.0285,123,285,44,I'd be mad too.#cr0He was locked up.,1
scrpack.123.0295,123,295,44,I'd be mad too.#cr0He was locked up.,1
scrpack.123.0305,123,305,44,I'd be mad too.#cr0He was locked up.,1
scrpack.123.0310,123,310,64,He didn't seem bothered at all#cr0about being confined.,1
scrpack.123.0314,123,314,64,He seemed to understand Her Majesty's reasons.#cr0But...,1
scrpack.123.0323,123,323,12,But?,0
scrpack.123.0327,123,327,96,He couldn't stand the synthetic food.#cr0In the middle of breakfast he suddenly yelled-,1
scrpack.123.0336,123,336,24,"""I WANT MEAT!!""",0
scrpack.123.0345,123,345,56,Then he ran off toward the Nature Civilization.,0
scrpack.123.0354,123,354,40,Ha ha... that's Maki for you.,0
scrpack.123.0367,123,367,36,Ran off? We're in the sky.,0
scrpack.123.0377,123,377,36,Ran off? We're in the sky.,0
scrpack.123.0387,123,387,36,Ran off? We're in the sky.,0
scrpack.123.0397,123,397,36,Ran off? We're in the sky.,0
scrpack.123.0407,123,407,16,Uh...,0
scrpack.123.0416,123,416,32,Come to think of it...,0
scrpack.123.0420,123,420,16,......,0
scrpack.123.0424,123,424,16,......,0
scrpack.123.0433,123,433,40,"Eh, he'll be fine.#cr0It's Maki.",1
scrpack.123.0442,123,442,32,Probably.#cr0Ha ha ha...,1
scrpack.123.0480,123,480,24,Chamber of Light,0
scrpack.123.0490,123,490,72,"Hakuoh, forgive me.#cr0I simply couldn't bear#cr0to let you go.",2
scrpack.123.0494,123,494,60,I understand.#cr0I wanted to stay by your side too.,1
scrpack.123.0503,123,503,16,Truly?,0
scrpack.123.0507,123,507,84,"But I have something I must do.#cr0I am the Savior, even if only in name.",1
scrpack.123.0514,123,514,48,Yes.#cr0Then this is the least I can do.,1
scrpack.123.0518,123,518,28,Please take this.,0
scrpack.123.0527,123,527,20,This is...!,0
scrpack.123.0531,123,531,84,A card passed down through the royal family.#cr0I know you can master it.,1
scrpack.123.0542,123,542,20,Thank you.,0
scrpack.123.0551,123,551,64,"Your Majesty,#cr0there are a few things I'd like to ask.",1
scrpack.123.0555,123,555,36,What would you like to know?,0
scrpack.123.0560,123,560,40,Anything else you want to ask?,0
scrpack.123.0586,123,586,64,I wronged Maki.#cr0I don't know how I can apologize...,1
scrpack.123.0590,123,590,52,He doesn't seem particularly upset about it.,0
scrpack.123.0594,123,594,20,Even so...,0
scrpack.123.0603,123,603,56,I'll speak to him too.#cr0Please don't worry.,1
scrpack.123.0612,123,612,52,"Thank you, Hakuoh.#cr0You are a kind child.",1
scrpack.123.0622,123,622,112,This world exists through a balance#cr0between forces that release mana#cr0and forces that control it.,2
scrpack.123.0626,123,626,80,"The condition of those two forces#cr0is called the ""World's Balance.""",1
scrpack.123.0630,123,630,32,The World's Balance...,0
scrpack.123.0634,123,634,88,"Yes.#cr0It is also called the ""Will of the World""#cr0or the ""Spinner of Fate.""",2
scrpack.123.0638,123,638,100,"If the World's Balance tips too far toward control,#cr0the release of mana is suppressed.",1
scrpack.123.0642,123,642,92,"Eventually mana disappears,#cr0and many miracles are lost-#cr0just as in your world.",2
scrpack.123.0646,123,646,64,If the World's Balance tips too far toward release...,0
scrpack.123.0650,123,650,92,"Uncontrolled mana floods the world,#cr0until this entire world becomes pure energy.",1
scrpack.123.0654,123,654,80,And now the World's Balance#cr0has begun tipping sharply toward release.,1
scrpack.123.0661,123,661,104,This is one of the Light Civilization's greatest secrets.#cr0Promise me you will tell no one.,1
scrpack.123.0665,123,665,20,I promise.,0
scrpack.123.0669,123,669,84,Keeping the city of Light in the sky#cr0requires enormous amounts of mana.,1
scrpack.123.0673,123,673,84,So the amount of mana directly affects#cr0the city's altitude and stability.,1
scrpack.123.0682,123,682,88,"I see! By watching the city,#cr0we can tell the state of the World's Balance.",1
scrpack.123.0686,123,686,100,"Exactly.#cr0If it tips toward control, the city descends.#cr0If it tips toward release...",2
scrpack.123.0701,123,701,36,Whoa! The city just shook!,0
scrpack.123.0710,123,710,48,That can't be...#cr0But I felt it too...,1
scrpack.123.0721,123,721,36,"It stopped quickly, though.",0
scrpack.123.0730,123,730,40,Your Majesty?#cr0You look pale.,1
scrpack.123.0739,123,739,112,"I'm fine. Let us continue.#cr0If the Balance tips toward release,#cr0the city's flight becomes unstable.",2
scrpack.123.0748,123,748,24,Like just now?,0
scrpack.123.0752,123,752,12,Yes.,0
scrpack.123.0761,123,761,120,But never before has the instability#cr0become strong enough to feel physically.#cr0This is extremely dangerous.,2
scrpack.123.0772,123,772,100,"By observing the city of Light,#cr0you can tell what is happening to the World's Balance.",1
scrpack.123.0776,123,776,100,"If it tips toward control, the city descends.#cr0If it tips toward release, the city rises.",1
scrpack.123.0786,123,786,108,"I don't know.#cr0If he still has not appeared#cr0while the world faces another crisis, perhaps...",2
scrpack.123.0802,123,802,24,No way! Not Dad!,0
scrpack.123.0812,123,812,32,There must be a reason.,0
scrpack.123.0817,123,817,76,What reason could matter more#cr0than the world being in danger?!,1
scrpack.123.0840,123,840,64,"Farewell, Hakuoh.#cr0I look forward to seeing you again.",1
scrpack.123.0855,123,855,84,A Savior is a duelist said to appear#cr0when disaster threatens the world.,1
scrpack.123.0859,123,859,80,They command a dragon#cr0and save the world through the power of cards.,1
scrpack.123.0863,123,863,36,Isn't that just a legend?,0
scrpack.123.0867,123,867,72,"Several years ago,#cr0a duelist suddenly appeared in this world.",1
scrpack.123.0871,123,871,52,His duels overflowed with tremendous power.,0
scrpack.123.0875,123,875,116,"He befriended a dragon#cr0and used cards to save many people.#cr0Eventually, everyone called him the Savior.",2
scrpack.123.0879,123,879,84,"Hakuoh, you also appeared suddenly#cr0and wielded unusually powerful duels.",1
scrpack.123.0883,123,883,76,"You are surely a Savior too,#cr0just like that man-Shori Kirifuda.",1
scrpack.123.0893,123,893,52,Shori Kirifuda?!#cr0That's Shobu's father!,1
scrpack.123.0903,123,903,40,What?!#cr0Dad was the Savior?!,1
scrpack.123.0950,123,950,24,Chamber of Light,0
scrpack.123.0960,123,960,24,"Welcome, Hakuoh.",0
scrpack.123.0964,123,964,64,"Your Majesty,#cr0there are a few things I'd like to ask.",1
scrpack.123.0968,123,968,36,What would you like to know?,0
scrpack.123.1007,123,1007,24,Chamber of Light,0
scrpack.123.1017,123,1017,24,"Welcome, Hakuoh.",0
scrpack.123.1021,123,1021,64,"Your Majesty,#cr0there are a few things I'd like to ask.",1
scrpack.123.1025,123,1025,36,What would you like to know?,0
scrpack.124.0137,124,137,24,Chamber of Light,0
scrpack.124.0177,124,177,56,Ugh...#cr0What happened...?#cr0Is everyone okay?,2
scrpack.124.0186,124,186,24,Huh? Everyone?,0
scrpack.124.0197,124,197,40,Shobu!#cr0Mimi!#cr0Bucketman!,2
scrpack.124.0213,124,213,32,Where did everyone go?,0
scrpack.124.0222,124,222,28,And where am I...?,0
scrpack.124.0226,124,226,20,Intruder!!,0
scrpack.124.0250,124,250,44,A creature?!#cr0What is going on?,1
scrpack.124.0254,124,254,52,Who are you?#cr0How did you get in here?!,1
scrpack.124.0263,124,263,88,My name is Hakuoh.#cr0I don't know how I got here either.#cr0Where exactly am I?,2
scrpack.124.0267,124,267,88,Playing dumb only makes you more suspicious!#cr0Are you one of their agents?!,1
scrpack.124.0276,124,276,32,Their agents?#cr0Whose?,1
scrpack.124.0282,124,282,76,Still pretending ignorance?#cr0You cannot talk your way out of this!,1
scrpack.124.0286,124,286,32,What is all this noise?,0
scrpack.124.0290,124,290,24,O radiant Queen!,0
scrpack.124.0327,124,327,60,"M-Mother?!#cr0No, impossible...#cr0Am I dreaming?",2
scrpack.124.0337,124,337,84,"Radiant Queen,#cr0I found this suspicious person in the Chamber of Light.",1
scrpack.124.0341,124,341,44,Then you were keeping proper watch.,0
scrpack.124.0345,124,345,32,"Yes, my radiant Queen.",0
scrpack.124.0349,124,349,36,You there. State your name.,0
scrpack.124.0358,124,358,28,My name is Hakuoh.,0
scrpack.124.0362,124,362,96,Ha... kuoh...#cr0And he appeared suddenly in the Chamber of Light...#cr0Could it be...?,2
scrpack.124.0371,124,371,32,He may be the Savior!,0
scrpack.124.0382,124,382,40,"What?!#cr0Yes... yes, perhaps!",1
scrpack.124.0391,124,391,28,The Savior?#cr0Me?!,1
scrpack.124.0401,124,401,68,"Forgive me, Savior.#cr0Please pardon my repeated rudeness.",1
scrpack.124.0410,124,410,72,He may not be the Savior.#cr0But a duel will reveal the truth.,1
scrpack.124.0419,124,419,84,I will determine whether you are the true Savior#cr0by dueling you myself.,1
scrpack.124.0423,124,423,44,What...?#cr0This is rather sudden...,1
scrpack.124.0427,124,427,28,Prepare yourself.,0
scrpack.124.0436,124,436,16,......,0
scrpack.124.0445,124,445,32,Very well. Let's begin!,0
scrpack.124.0479,124,479,36,"Hakuoh, do not hold back!",0
scrpack.124.0646,124,646,24,Chamber of Light,0
scrpack.124.0694,124,694,24,Chamber of Light,0
scrpack.124.0704,124,704,72,"He defeated our radiant Queen,#cr0who had never lost a duel...",1
scrpack.124.0708,124,708,64,...Such strength.#cr0You truly seem to be the Savior.,1
scrpack.124.0717,124,717,76,"Are you hurt?#cr0For some reason, the cards are unusually powerful.",1
scrpack.124.0721,124,721,40,I'm fine.#cr0Please don't worry.,1
scrpack.124.0731,124,731,32,But I am no Savior...,0
scrpack.124.0735,124,735,36,"Savior, I have a request.",0
scrpack.124.0744,124,744,36,A request?#cr0What is it?,1
scrpack.124.0753,124,753,56,Please use your power#cr0to save us from GARDE.,1
scrpack.124.0767,124,767,16,GARDE?!,0
scrpack.124.0771,124,771,84,Yes.#cr0GARDE uses the power of Darkness#cr0and seeks to destroy the world.,2
scrpack.124.0775,124,775,60,Destroy GARDE#cr0and restore peace to this world.,1
scrpack.124.0784,124,784,112,"Your Majesty,#cr0if there is something I can do, I will help.#cr0If it can bring peace to this world...",2
scrpack.124.0794,124,794,60,"A true Savior has appeared!#cr0Rejoice, everyone!",1
scrpack.124.0804,124,804,48,Please rest here in the palace tonight.,0
scrpack.124.0917,124,917,28,The next morning...,0
scrpack.124.1040,124,1040,24,Chamber of Light,0
scrpack.124.1050,124,1050,32,"Good morning, Savior.",0
scrpack.124.1054,124,1054,24,Good morning.,0
scrpack.124.1058,124,1058,28,Did you sleep well?,0
scrpack.124.1067,124,1067,60,"Yes, thank you.#cr0But I should leave immediately.",1
scrpack.124.1076,124,1076,16,I see...,0
scrpack.124.1088,124,1088,32,Then take this with you.,0
scrpack.124.1097,124,1097,20,What is it?,0
scrpack.124.1101,124,1101,84,A card passed down through the royal family.#cr0I know you can master it.,1
scrpack.124.1112,124,1112,20,Thank you.,0
scrpack.124.1116,124,1116,84,"If you run into trouble,#cr0visit the shop.#cr0I'm sure a path will open.",2
scrpack.124.1125,124,1125,20,Understood.,0
scrpack.124.1129,124,1129,44,Savior... bring peace to the world.,0
scrpack.124.1133,124,1133,72,"Being called Savior feels strange.#cr0Please, call me Hakuoh.",1
scrpack.124.1137,124,1137,72,"Then farewell, Hakuoh.#cr0I look forward to seeing you again.",1
scrpack.124.1146,124,1146,48,(It feels like Mother is calling me...),0
scrpack.124.1163,124,1163,24,Chamber of Light,0
scrpack.124.1209,124,1209,24,Chamber of Light,0
scrpack.124.1219,124,1219,20,He lost...,0
scrpack.124.1223,124,1223,52,Ngh...#cr0Why do the cards feel so powerful?,1
scrpack.124.1227,124,1227,72,How dare you falsely claim the Savior's name!#cr0Feel our wrath!,1
scrpack.124.1241,124,1241,16,Wait!,0
scrpack.124.1256,124,1256,28,M-My radiant Queen.,0
scrpack.124.1260,124,1260,72,That duel carried a power#cr0unlike anything I have felt before.,1
scrpack.124.1264,124,1264,36,Then he truly is the Savior!,0
scrpack.124.1268,124,1268,44,Yet something is holding him back.,0
scrpack.124.1281,124,1281,24,Holding me back?,0
scrpack.124.1285,124,1285,76,Cast away your doubt.#cr0Have confidence in yourself as the Savior.,1
scrpack.124.1294,124,1294,32,But I am no Savior...,0
scrpack.125.0022,125,22,64,"Hey! Let go!#cr0If you don't, I'll beat you senseless!",1
scrpack.125.0028,125,28,40,No! I'd rather die than let go!,0
scrpack.125.0033,125,33,72,This is for the Savior!#cr0If you still refuse to release it...,1
scrpack.125.0043,125,43,32,"Divine Wrath, activate!!",0
scrpack.125.0077,125,77,56,"Damn it!#cr0Fine, we'll settle this with a duel!",1
scrpack.125.0086,125,86,40,Oh? You think you can beat me?,0
scrpack.125.0090,125,90,20,Let's go!!,0
scrpack.125.0109,125,109,32,?!#cr0W-What's going on?,1
scrpack.125.0118,125,118,32,Savior! Perfect timing.,0
scrpack.125.0127,125,127,40,Please stop calling me Savior.,0
scrpack.125.0131,125,131,60,"Don't be so fussy.#cr0Anyway, the armor is finished.",1
scrpack.125.0141,125,141,72,Really?#cr0Then I can finally duel safely.#cr0Let me try it on.,2
scrpack.125.0152,125,152,24,"Wait, Hakuoh!",0
scrpack.125.0161,125,161,24,W-What is it?,0
scrpack.125.0165,125,165,20,Oh! Toru!,0
scrpack.125.0174,125,174,60,Heh heh. You're the Savior?#cr0Don't make me laugh!,1
scrpack.125.0178,125,178,24,Toru! How rude.,0
scrpack.125.0187,125,187,72,"Hakuoh, I'll decide whether you're a real Savior.#cr0Duel me!",1
scrpack.125.0196,125,196,48,That's sudden.#cr0Do you have a reason?,1
scrpack.125.0200,125,200,48,I don't need to explain.#cr0Now duel me!,1
scrpack.125.0204,125,204,48,All right.#cr0The winner gets the armor.,1
scrpack.125.0210,125,210,20,Seriously?!,0
scrpack.125.0219,125,219,44,Then I have no choice.#cr0I accept.,1
scrpack.125.0258,125,258,28,"Here I come, Hakuoh!",0
scrpack.125.0425,125,425,12,Shop,0
scrpack.125.0469,125,469,12,Shop,0
scrpack.125.0479,125,479,52,Ngh...#cr0So that's the Savior's strength...,1
scrpack.125.0491,125,491,64,"You've improved a lot, Toru.#cr0That was a good duel.",1
scrpack.125.0495,125,495,52,Indeed! A splendid duel from both of you.,0
scrpack.125.0499,125,499,48,"But Toru,#cr0why did you need the armor?",1
scrpack.125.0503,125,503,56,I thought I'd become the Savior in your place.,0
scrpack.125.0512,125,512,44,I see.#cr0You probably could have.,1
scrpack.125.0521,125,521,44,Hmph. If only you hadn't shown up...,0
scrpack.125.0530,125,530,64,But that wasn't the only reason#cr0you challenged me.,1
scrpack.125.0534,125,534,76,"Sharp as ever.#cr0But you already know the other reason,#cr0Savior.",2
scrpack.125.0538,125,538,60,...I understand.#cr0I promise I'll save this world.,1
scrpack.125.0542,125,542,36,"I'm counting on you, Hakuoh.",0
scrpack.125.0560,125,560,48,"Now, the armor is yours.#cr0Try it on.",1
scrpack.125.0570,125,570,28,Perfect. It fits.,0
scrpack.125.0574,125,574,56,Wonderful.#cr0You truly look like the Savior.,1
scrpack.125.0578,125,578,92,You're ready now.#cr0Visit the other civilizations#cr0and learn about this world.,2
scrpack.125.0582,125,582,64,"To reach them,#cr0use the Teleportation Grounds ahead.",1
scrpack.125.0586,125,586,36,Understood. I'll go there.,0
scrpack.125.0590,125,590,20,Take care.,0
scrpack.125.0601,125,601,12,Shop,0
scrpack.125.0644,125,644,12,Shop,0
scrpack.125.0657,125,657,40,I-Impossible... my trump card...,0
scrpack.125.0662,125,662,68,Are you really the Savior?#cr0Are you even really Hakuoh?,1
scrpack.125.0670,125,670,40,Hmm... could he be an impostor?,0
scrpack.125.0679,125,679,76,"I couldn't feel the cards at all...#cr0No, that can't be right. Why?",1
scrpack.125.0683,125,683,80,"Hakuoh, perhaps you yourself#cr0are suffering from summoning sickness.",1
scrpack.125.0693,125,693,16,What?!,0
scrpack.125.0697,125,697,100,"Duelist summoning sickness...#cr0If you were summoned from another world,#cr0it is possible.",2
scrpack.125.0701,125,701,128,"Even if your body seems fine,#cr0crossing worlds may temporarily prevent you#cr0from using your full dueling ability.",2
scrpack.125.0705,125,705,48,Hmph. Then I'll wait until it wears off.,0
scrpack.125.0714,125,714,24,"S-Sorry, Toru.",0
scrpack.125.0723,125,723,12,Shop,0
scrpack.125.0766,125,766,12,Shop,0
scrpack.125.0780,125,780,76,Hmph. Looks like the summoning sickness#cr0still hasn't worn off.,1
scrpack.125.0784,125,784,88,Beating you like this means nothing.#cr0Come back when you're yourself again.,1
scrpack.125.0793,125,793,24,"S-Sorry, Toru.",0
scrpack.125.0804,125,804,56,Thanks for waiting.#cr0This time I won't lose!,1
scrpack.125.0840,125,840,36,"Let's settle this, Hakuoh!",0
scrpack.126.0014,126,14,40,Amazing.#cr0How does it work?,1
scrpack.126.0018,126,18,56,You can't use it.#cr0Only the Ancient Races can.,1
scrpack.126.0022,126,22,24,Ancient Races?,0
scrpack.126.0026,126,26,24,That's right.,0
scrpack.126.0030,126,30,52,"Goblin, aren't you one of the Ancient Races?",0
scrpack.126.0034,126,34,32,No. I cannot operate it.,0
scrpack.126.0043,126,43,16,I see...,0
scrpack.126.0058,126,58,60,These ruins are incredible every time I see them.,0
scrpack.126.0062,126,62,92,"No matter how often you come, you cannot use them.#cr0Only the Ancient Races can.",1
scrpack.126.0079,126,79,16,Pigiya!,0
scrpack.126.0083,126,83,68,Ah! The one standing there#cr0is indeed an Ancient Race...,1
scrpack.126.0092,126,92,48,You're the dragon Jamira was chasing?,0
scrpack.126.0106,126,106,36,I have been waiting for you.,0
scrpack.126.0110,126,110,24,Are you hurt?,0
scrpack.126.0119,126,119,68,"No. Because you distracted Jamira,#cr0I was able to escape.",1
scrpack.126.0128,126,128,56,I taught Jamira a lesson.#cr0You're safe now.,1
scrpack.126.0137,126,137,68,"According to the old legend,#cr0may I accompany the Savior?",1
scrpack.126.0141,126,141,52,Gladly.#cr0Traveling with you sounds fun.,1
scrpack.126.0150,126,150,28,"Thank you, Savior.",0
scrpack.126.0159,126,159,64,Could you stop calling me Savior?#cr0My name is Hakuoh.,1
scrpack.126.0168,126,168,44,"...#cr0Understood, Master Hakuoh.",1
scrpack.126.0172,126,172,20,Thank you.,0
scrpack.126.0176,126,176,60,"Please call me whatever you wish,#cr0Master Hakuoh.",1
scrpack.126.0180,126,180,20,Let's see...,0
scrpack.126.0197,126,197,36,Then your name is /sw25/.,0
scrpack.126.0206,126,206,48,/sw25/...? #cr0What a wonderful name!,1
scrpack.126.0215,126,215,32,I'm glad you like it.,0
scrpack.126.0224,126,224,40,Then I will activate the ruins.,0
scrpack.126.0233,126,233,28,"Please do, /sw25/.",0
scrpack.126.0247,126,247,20,Pigiyaaa!!,0
scrpack.126.0281,126,281,56,There!#cr0Now we can travel wherever you wish.,1
scrpack.126.0305,126,305,16,Waaait!,0
scrpack.126.0309,126,309,136,Teleportation through this device is too dangerous#cr0for an unprotected human body.#cr0You need something to shield yourself.,2
scrpack.126.0314,126,314,40,Something to protect my body...,0
scrpack.126.0318,126,318,32,Do you have anything?,0
scrpack.126.0340,126,340,56,"I have armor.#cr0That should be enough, correct?",1
scrpack.126.0344,126,344,24,Yes. Be careful.,0
scrpack.126.0351,126,351,52,All right. First I'll put on the armor...,0
scrpack.126.0361,126,361,28,"Let's go, /sw25/!",0
scrpack.126.0369,126,369,28,"Yes, Master Hakuoh!",0
scrpack.126.0373,126,373,56,"Beyond that light,#cr0new duels are waiting...",1
scrpack.126.0377,126,377,28,"Yes, Master Hakuoh.",0
scrpack.126.0381,126,381,24,Then let's go.,0
scrpack.127.0014,127,14,84,Welcome to the Palace of Light.#cr0What think you of the Light Civilization?,1
scrpack.127.0026,127,26,36,Peaceful. Not a bad place.,0
scrpack.127.0030,127,30,56,"It is all thanks to our Savior,#cr0Lord Hakuoh.",1
scrpack.127.0044,127,44,32,What?! Hakuoh is here?!,0
scrpack.127.0053,127,53,64,And he's the Savior...?#cr0What the hell is going on?,1
scrpack.127.0057,127,57,128,"By the pure heart of the Savior#cr0who appeared with the light,#cr0our civilization shines more beautifully than ever.",2
scrpack.127.0061,127,61,80,"If he appeared with the light,#cr0it must be the Hakuoh from our world.",1
scrpack.127.0065,127,65,92,"Tch. I don't feel like it,#cr0but I'll go see him.#cr0He may know how to get home.",2
scrpack.127.0071,127,71,40,"Now then, what dost thou seek?",0
scrpack.127.0086,127,86,24,What's a Savior?,0
scrpack.127.0090,127,90,32,One who shall save us.,0
scrpack.127.0094,127,94,28,Save you from what?,0
scrpack.127.0098,127,98,28,...#cr0I know not.,1
scrpack.127.0107,127,107,28,You don't know...?,0
scrpack.127.0111,127,111,116,"Knowing would change nothing for me.#cr0Were I capable of saving everyone,#cr0I would be the Savior myself.",2
scrpack.127.0117,127,117,36,Lord Hakuoh is our Savior.,0
scrpack.127.0126,127,126,32,I'm seeing Hakuoh. Move.,0
scrpack.127.0130,127,130,20,I cannot.,0
scrpack.127.0139,127,139,28,What did you say?,0
scrpack.127.0143,127,143,24,I cannot answer.,0
scrpack.127.0152,127,152,32,You're in my way. Move.,0
scrpack.127.0156,127,156,20,I cannot.,0
scrpack.127.0165,127,165,12,Tch.,0
scrpack.127.0181,127,181,60,Then tell Hakuoh#cr0Kyoshiro Kokujo came to see him.,1
scrpack.127.0185,127,185,24,I must refuse.,0
scrpack.127.0194,127,194,76,What?! Don't screw with me.#cr0I ask nicely once and you get cocky.,1
scrpack.127.0198,127,198,52,There are no exceptions.#cr0Please leave.,1
scrpack.127.0207,127,207,20,What?! Move!,0
scrpack.127.0212,127,212,48,You desire so badly to see Lord Hakuoh?,0
scrpack.127.0228,127,228,24,Who's there?!,0
scrpack.127.0233,127,233,128,"We are the True Four Guardians,#cr0protectors of Lord Hakuoh.#cr0If you wish to see him, pass over our defeated bodies.",2
scrpack.127.0247,127,247,28,True Four Guardians?,0
scrpack.127.0251,127,251,92,Come to the Hall of the True Four Guardians.#cr0We shall await you.#cr0Ha ha ha...,2
scrpack.127.0267,127,267,120,"Defeat the True Four Guardians,#cr0and you will be permitted to see Lord Hakuoh.#cr0Their hall lies that way.",2
scrpack.127.0271,127,271,52,Go to the Hall of the True Four Guardians?,0
scrpack.128.0150,128,150,24,First Chamber,0
scrpack.128.0164,128,164,40,So this is the first chamber.,0
scrpack.128.0178,128,178,80,"I've been waiting, Kyoshiro Kokujo.#cr0First, you face Mikuni the Swift.",1
scrpack.128.0212,128,212,36,"Now, let us duel with honor!",0
scrpack.128.0379,128,379,24,First Chamber,0
scrpack.128.0420,128,420,24,First Chamber,0
scrpack.128.0430,128,430,40,Mikuni's lifelong disgrace...,0
scrpack.128.0439,128,439,44,Go!#cr0The next duelist awaits you.,1
scrpack.128.0471,128,471,24,First Chamber,0
scrpack.128.0508,128,508,24,First Chamber,0
scrpack.128.0518,128,518,64,You let your guard down.#cr0I'll face you again anytime.,1
scrpack.128.0522,128,522,20,Duel again?,0
scrpack.128.0541,128,541,24,Second Chamber,0
scrpack.128.0572,128,572,24,Kintaro? Hmph...,0
scrpack.128.0581,128,581,76,What's with that 'hmph'?!#cr0Keep mocking me and you'll regret it!,1
scrpack.128.0615,128,615,20,Here I come!,0
scrpack.128.0782,128,782,24,Second Chamber,0
scrpack.128.0823,128,823,24,Second Chamber,0
scrpack.128.0833,128,833,32,You're mighty strong.,0
scrpack.128.0842,128,842,44,Can't be helped.#cr0Go on through.,1
scrpack.128.0874,128,874,24,Second Chamber,0
scrpack.128.0911,128,911,24,Second Chamber,0
scrpack.128.0921,128,921,52,No good.#cr0I can't let you pass like that.,1
scrpack.128.0925,128,925,20,Duel again?,0
scrpack.128.0944,128,944,24,Third Chamber,0
scrpack.128.0969,128,969,100,"Ah, thou hast arrived.#cr0Then the great Benny shall duel thee.#cr0Consider thyself honored.",2
scrpack.128.0978,128,978,24,Just kidding!,0
scrpack.128.0987,128,987,36,Benny!#cr0Why are you here?!,1
scrpack.128.0996,128,996,16,Shut up!,0
scrpack.128.1000,128,1000,72,I don't wanna be part of some stupid#cr0True Four Guardians...,1
scrpack.128.1009,128,1009,44,But Hakuoh practically begged me.,0
scrpack.128.1018,128,1018,72,Hakuoh... how many times#cr0are you gonna let this guy fool you?,1
scrpack.128.1027,128,1027,48,Enough chatter!#cr0Let's get started!,1
scrpack.128.1061,128,1061,40,Let the bloodbath show begin!,0
scrpack.128.1228,128,1228,24,Third Chamber,0
scrpack.128.1269,128,1269,24,Third Chamber,0
scrpack.128.1279,128,1279,44,And we're done.#cr0Now get moving.,1
scrpack.128.1292,128,1292,76,You're letting me through way too easily.#cr0What are you plotting?,1
scrpack.128.1296,128,1296,16,Nothing!,0
scrpack.128.1305,128,1305,20,We'll see...,0
scrpack.128.1314,128,1314,40,What's with that look?!#cr0Grrr!,1
scrpack.128.1318,128,1318,60,"If you want harassment,#cr0I can give you plenty.",1
scrpack.128.1327,128,1327,40,Then I'm going ahead.#cr0See ya.,1
scrpack.128.1338,128,1338,36,Good luck in the next one.,0
scrpack.128.1356,128,1356,52,"Huh?#cr0He just told you good luck, Boss.",1
scrpack.128.1365,128,1365,48,Like he'd ever say that.#cr0Let's go.,1
scrpack.128.1369,128,1369,40,What?!#cr0He definitely said it!,1
scrpack.128.1390,128,1390,60,"Heh heh... I need you to win,#cr0Kyoshiro Kokujo.",1
scrpack.128.1422,128,1422,24,Third Chamber,0
scrpack.128.1459,128,1459,24,Third Chamber,0
scrpack.128.1469,128,1469,88,Be-la-la-la!#cr0You're gonna keep trying until you win anyway.#cr0So hurry up.,2
scrpack.128.1478,128,1478,24,I'm a busy guy!,0
scrpack.128.1482,128,1482,20,Duel again?,0
scrpack.128.1501,128,1501,24,Fourth Chamber,0
scrpack.128.1526,128,1526,56,I never imagined anyone would make it this far.,0
scrpack.128.1535,128,1535,32,Your journey ends here.,0
scrpack.128.1544,128,1544,48,I will defend this chamber at any cost.,0
scrpack.128.1578,128,1578,24,All for love...,0
scrpack.128.1745,128,1745,24,Fourth Chamber,0
scrpack.128.1786,128,1786,24,Fourth Chamber,0
scrpack.128.1796,128,1796,40,It seems you lacked enough love.,0
scrpack.128.1809,128,1809,40,Hakuoh's chamber is beyond here.,0
scrpack.128.1827,128,1827,16,Wait.,0
scrpack.128.1836,128,1836,20,"Move, Aizen!",0
scrpack.128.1840,128,1840,40,No.#cr0I cannot let you pass.,1
scrpack.128.1844,128,1844,32,Quit screwing around.,0
scrpack.128.1853,128,1853,16,/sw25/!,0
scrpack.128.1863,128,1863,20,You got it!,0
scrpack.128.1881,128,1881,44,What are you doing?!#cr0Let me go!,1
scrpack.128.1890,128,1890,28,Serves you right.,0
scrpack.128.1922,128,1922,24,Fourth Chamber,0
scrpack.128.1959,128,1959,24,Fourth Chamber,0
scrpack.128.1969,128,1969,48,"Unfortunately, you lack sufficient love.",0
scrpack.128.1973,128,1973,20,Duel again?,0
scrpack.129.0121,129,121,24,Chamber of Light,0
scrpack.129.0147,129,147,48,Hakuoh! What's with that blank stare?,0
scrpack.129.0153,129,153,52,There's no point talking to Lord Hakuoh now.,0
scrpack.129.0162,129,162,32,Aizen! What's going on?,0
scrpack.129.0175,129,175,44,Let's see... where should I begin?,0
scrpack.129.0184,129,184,40,Anything else you want to ask?,0
scrpack.129.0195,129,195,72,"We don't know why,#cr0but he's been like this for several days.",1
scrpack.129.0199,129,199,56,As though he's dreaming...#cr0completely dazed.,1
scrpack.129.0205,129,205,72,Lord Hakuoh is the emotional pillar#cr0of the people of Light.,1
scrpack.129.0214,129,214,112,"With a great disaster approaching,#cr0revealing his condition would only#cr0increase the people's fear.",2
scrpack.129.0218,129,218,48,And GARDE would exploit that weakness.,0
scrpack.129.0227,129,227,60,Do you understand?#cr0We must protect this secret.,1
scrpack.129.0233,129,233,116,The True Four Guardians were formed#cr0to strengthen Lord Hakuoh's sacred image#cr0and protect his secret.,2
scrpack.129.0237,129,237,64,"We couldn't contact Mimi,#cr0so Kintaro took her place.",1
scrpack.129.0241,129,241,84,"Thus the True Four Guardians became#cr0myself, Mikuni, Kintaro, and Maki.",1
scrpack.129.0254,129,254,40,?!#cr0What happened to Benny?,1
scrpack.129.0258,129,258,80,"Benny...?#cr0Come to think of it, he was once one of the Four Guardians.",1
scrpack.129.0272,129,272,56,But remember all the terrible things he's done.,0
scrpack.129.0276,129,276,60,We could never welcome someone like him as an ally.,0
scrpack.129.0287,129,287,60,"I dueled Benny.#cr0In the Third Chamber, I think.",1
scrpack.129.0297,129,297,80,What?!#cr0Maki should have been in the Third Chamber.#cr0What happened?,2
scrpack.129.0323,129,323,52,"Kyoshiro Kokujo, so you made it this far.",0
scrpack.129.0340,129,340,60,Remember! Do not speak of Lord Hakuoh's condition.,0
scrpack.129.0346,129,346,20,Who knows.,0
scrpack.129.0351,129,351,16,What?!,0
scrpack.129.0358,129,358,40,It's fine. I'll vouch for him.,0
scrpack.129.0378,129,378,52,"By the way, Mikuni,#cr0have you seen Maki?",1
scrpack.129.0382,129,382,12,No.,0
scrpack.129.0386,129,386,68,Nobody was in the Third Chamber.#cr0I thought he was here.,1
scrpack.129.0407,129,407,60,I saaaw it! I saaaw it!#cr0I saw Hakuoh's secret!,1
scrpack.129.0420,129,420,16,Benny!,0
scrpack.129.0424,129,424,52,"Thanks for leading me to Hakuoh,#cr0Kokujo!",1
scrpack.129.0428,129,428,48,Tch. So that's what this was about...,0
scrpack.129.0432,129,432,84,"With Hakuoh like this,#cr0the Light Civilization is finished!#cr0Ha ha ha!",2
scrpack.129.0441,129,441,44,Benny!#cr0What did you do to Maki?,1
scrpack.129.0445,129,445,28,No idea.#cr0Later!,1
scrpack.129.0460,129,460,28,Hmph. He got away.,0
scrpack.129.0464,129,464,60,Forget him. We need to do something about Hakuoh.,0
scrpack.129.0477,129,477,56,We have tried everything.#cr0Nothing has worked.,1
scrpack.129.0487,129,487,36,Hakuoh!#cr0I'm dueling you!,1
scrpack.129.0496,129,496,60,That's insane!#cr0He can't duel in this condition!,1
scrpack.129.0509,129,509,24,Here. Your deck.,0
scrpack.129.0513,129,513,16,......,0
scrpack.129.0522,129,522,36,"Let's go, Hakuoh!#cr0Duel!",1
scrpack.129.0541,129,541,16,......,0
scrpack.129.0708,129,708,24,Chamber of Light,0
scrpack.129.0753,129,753,24,Chamber of Light,0
scrpack.129.0768,129,768,16,Ugh...,0
scrpack.129.0779,129,779,32,"What's wrong, everyone?",0
scrpack.129.0787,129,787,40,What's wrong?#cr0That's my line.,1
scrpack.129.0796,129,796,88,That's right... I was given some medicine.#cr0It made my consciousness fade...,1
scrpack.129.0805,129,805,40,Medicine?#cr0So Benny did this.,1
scrpack.129.0824,129,824,52,What is going on?#cr0This is far too noisy.,1
scrpack.129.0834,129,834,48,"Your Majesty, Lord Hakuoh has awakened.",0
scrpack.129.0838,129,838,16,What?!,0
scrpack.129.0857,129,857,32,"Hakuoh, how do you feel?",0
scrpack.129.0866,129,866,108,My head is still a little hazy...#cr0But I don't need any more medicine.#cr0I'm fully rested now.,2
scrpack.129.0875,129,875,16,I-I see.,0
scrpack.129.0884,129,884,52,Your Majesty.#cr0I intend to go with them.,1
scrpack.129.0893,129,893,24,I will miss you.,0
scrpack.129.0902,129,902,64,I feel the same.#cr0I wish we could have stayed longer.,1
scrpack.129.0911,129,911,36,"Oh, and please release Maki.",0
scrpack.129.0920,129,920,28,How did you know...?,0
scrpack.129.0929,129,929,92,So I was right.#cr0Please.#cr0There is no longer any reason to keep him confined.,2
scrpack.129.0938,129,938,28,Then... farewell.,0
scrpack.129.0957,129,957,40,"Hey, what was all that about?",0
scrpack.129.0966,129,966,32,Her Majesty was lonely.,0
scrpack.129.0977,129,977,12,Huh?,0
scrpack.129.0981,129,981,28,Perhaps I was too...,0
scrpack.129.0990,129,990,16,Hmph.,0
scrpack.129.0999,129,999,76,That's all right.#cr0Come on. Let's work together to return home.,1
scrpack.129.1013,129,1013,36,Hakuoh joined your party.,0
scrpack.129.1034,129,1034,24,Chamber of Light,0
scrpack.129.1076,129,1076,24,Chamber of Light,0
scrpack.129.1086,129,1086,48,You lost.#cr0To an unconscious Hakuoh.,1
scrpack.129.1090,129,1090,72,Hmph. I couldn't go all out#cr0against someone in that state.,1
scrpack.129.1094,129,1094,28,"Wow, nice excuse.",0
scrpack.129.1098,129,1098,20,Duel again?,0
scrpack.129.1110,129,1110,52,Shut up!#cr0I'll duel him until he wakes up!,1
scrpack.129.1117,129,1117,48,Hmph.#cr0I'll go adjust my deck first.,1
scrpack.130.0014,130,14,84,Welcome to the Palace of Light.#cr0What think you of the Light Civilization?,1
scrpack.130.0022,130,22,48,It's beautiful!#cr0I love it here! ♪,1
scrpack.130.0026,130,26,56,"It is all thanks to our Savior,#cr0Lord Hakuoh.",1
scrpack.130.0035,130,35,64,What?! Master Hakuoh is here?!#cr0And he's the Savior?!,1
scrpack.130.0039,130,39,128,"By the pure heart of the Savior#cr0who appeared with the light,#cr0our civilization shines more beautifully than ever.",2
scrpack.130.0048,130,48,76,"If he appeared with the light,#cr0it has to be the Hakuoh I know.",1
scrpack.130.0057,130,57,72,Ahh! ♪#cr0We really are connected by the red string of fate! ♪,1
scrpack.130.0061,130,61,108,"Then obviously we have to go home together! ♪#cr0Wait for me, Master Hakuoh!#cr0Mimi is coming! ♪",2
scrpack.130.0066,130,66,40,"Now then, what dost thou seek?",0
scrpack.130.0081,130,81,24,What's a Savior?,0
scrpack.130.0085,130,85,32,One who shall save us.,0
scrpack.130.0089,130,89,28,Save you from what?,0
scrpack.130.0093,130,93,28,...#cr0I know not.,1
scrpack.130.0102,130,102,28,You don't know...?,0
scrpack.130.0106,130,106,116,"Knowing would change nothing for me.#cr0Were I capable of saving everyone,#cr0I would be the Savior myself.",2
scrpack.130.0112,130,112,36,Lord Hakuoh is our Savior.,0
scrpack.130.0121,130,121,80,"Excuse me, I need to see my Master Hakuoh.#cr0Can you let me through?",1
scrpack.130.0125,130,125,20,I cannot.,0
scrpack.130.0134,130,134,16,Why not?,0
scrpack.130.0138,130,138,24,I cannot answer.,0
scrpack.130.0148,130,148,64,Please let me see Master Hakuoh.#cr0Pretty please? ♪,1
scrpack.130.0152,130,152,20,I cannot.,0
scrpack.130.0161,130,161,12,Boo.,0
scrpack.130.0172,130,172,76,Then tell Master Hakuoh#cr0Mimi has something VERY important to say.,1
scrpack.130.0176,130,176,24,I must refuse.,0
scrpack.130.0185,130,185,60,Why?!#cr0You could at least pass along a message.,1
scrpack.130.0189,130,189,52,There are no exceptions.#cr0Please leave.,1
scrpack.130.0199,130,199,96,"You're impossible!#cr0Fine, I'll go see him myself.#cr0True love always has obstacles!",2
scrpack.130.0210,130,210,28,Twilight... Hell...,0
scrpack.130.0214,130,214,48,You desire so badly to see Lord Hakuoh?,0
scrpack.130.0225,130,225,24,Who are you?!,0
scrpack.130.0229,130,229,128,"We are the True Four Guardians,#cr0protectors of Lord Hakuoh.#cr0If you wish to see him, pass over our defeated bodies.",2
scrpack.130.0238,130,238,28,True Four Guardians?,0
scrpack.130.0242,130,242,92,Come to the Hall of the True Four Guardians.#cr0We shall await you.#cr0Ha ha ha...,2
scrpack.130.0246,130,246,100,"True Four Guardians, huh?#cr0You're talking to a former Four Guardian.#cr0This could be fun.",2
scrpack.130.0261,130,261,120,"Defeat the True Four Guardians,#cr0and you will be permitted to see Lord Hakuoh.#cr0Their hall lies that way.",2
scrpack.130.0265,130,265,52,Go to the Hall of the True Four Guardians?,0
scrpack.131.0150,131,150,24,First Chamber,0
scrpack.131.0164,131,164,40,So this is the first chamber.,0
scrpack.131.0178,131,178,80,"I've been waiting, Twilight Mimi.#cr0First, you face Mikuni the Swift.",1
scrpack.131.0182,131,182,96,Huh? I thought the True Four Guardians#cr0were something new.#cr0It's exactly the same!,2
scrpack.131.0216,131,216,36,"Now, let us duel with honor!",0
scrpack.131.0383,131,383,24,First Chamber,0
scrpack.131.0424,131,424,24,First Chamber,0
scrpack.131.0434,131,434,40,Mikuni's lifelong disgrace...,0
scrpack.131.0443,131,443,44,Go!#cr0The next duelist awaits you.,1
scrpack.131.0475,131,475,24,First Chamber,0
scrpack.131.0512,131,512,24,First Chamber,0
scrpack.131.0522,131,522,64,You let your guard down.#cr0I'll face you again anytime.,1
scrpack.131.0526,131,526,20,Duel again?,0
scrpack.131.0544,131,544,24,Second Chamber,0
scrpack.131.0569,131,569,20,Oh! Kintaro!,0
scrpack.131.0573,131,573,92,"Yep! Thanks to you,#cr0I made it into the Four Guardians.#cr0I'll give it my best!",2
scrpack.131.0582,131,582,96,Hey! I used to be second in the Four Guardians!#cr0Don't embarrass me with a lousy duel!,1
scrpack.131.0616,131,616,20,Here I come!,0
scrpack.131.0783,131,783,24,Second Chamber,0
scrpack.131.0824,131,824,24,Second Chamber,0
scrpack.131.0834,131,834,32,You're mighty strong.,0
scrpack.131.0843,131,843,44,Can't be helped.#cr0Go on through.,1
scrpack.131.0875,131,875,24,Second Chamber,0
scrpack.131.0912,131,912,24,Second Chamber,0
scrpack.131.0922,131,922,52,No good.#cr0I can't let you pass like that.,1
scrpack.131.0926,131,926,20,Duel again?,0
scrpack.131.0945,131,945,24,Third Chamber,0
scrpack.131.0970,131,970,100,"Ah, thou hast arrived.#cr0Then the great Benny shall duel thee.#cr0Consider thyself honored.",2
scrpack.131.0979,131,979,24,Just kidding!,0
scrpack.131.0988,131,988,88,Benny! Why are you here?!#cr0Was taking over the Water Civilization not enough?,1
scrpack.131.0997,131,997,16,Shut up!,0
scrpack.131.1001,131,1001,72,I don't wanna be part of some stupid#cr0True Four Guardians...,1
scrpack.131.1010,131,1010,44,But Hakuoh practically begged me.,0
scrpack.131.1019,131,1019,80,"Honestly, Master Hakuoh...#cr0How many times is he going to fool you?",1
scrpack.131.1023,131,1023,60,"Outside of dueling,#cr0he really can be hopeless.",1
scrpack.131.1033,131,1033,60,That's why he needs me with him! ♪#cr0Hee hee...,1
scrpack.131.1042,131,1042,48,Enough talking!#cr0Let's get started!,1
scrpack.131.1076,131,1076,40,Let the bloodbath show begin!,0
scrpack.131.1243,131,1243,24,Third Chamber,0
scrpack.131.1284,131,1284,24,Third Chamber,0
scrpack.131.1294,131,1294,44,And we're done.#cr0Now get moving.,1
scrpack.131.1307,131,1307,80,We're not done talking!#cr0Why did you take over the Water Civilization?,1
scrpack.131.1311,131,1311,20,No reason...,0
scrpack.131.1315,131,1315,20,Answer me!,0
scrpack.131.1324,131,1324,40,Grrr!#cr0Don't order me around!,1
scrpack.131.1328,131,1328,68,Are you passing or not?!#cr0Your beloved Hakuoh is waiting!,1
scrpack.131.1332,131,1332,76,Meet Hakuoh and I'll answer all your questions!#cr0Now get going!,1
scrpack.131.1341,131,1341,20,Fine! Fine!,0
scrpack.131.1350,131,1350,104,"But once I meet Master Hakuoh,#cr0you're telling me why you took over Water.#cr0Stay right here!",2
scrpack.131.1361,131,1361,52,"Fine, fine.#cr0Good luck in the next one.",1
scrpack.131.1379,131,1379,44,Huh?#cr0Did he just say good luck?,1
scrpack.131.1388,131,1388,24,Yeah. Creepy...,0
scrpack.131.1409,131,1409,56,"Heh heh... I need you to win,#cr0Twilight Mimi.",1
scrpack.131.1441,131,1441,24,Third Chamber,0
scrpack.131.1478,131,1478,24,Third Chamber,0
scrpack.131.1488,131,1488,88,Be-la-la-la!#cr0You're gonna keep trying until you win anyway.#cr0So hurry up.,2
scrpack.131.1497,131,1497,24,I'm a busy guy!,0
scrpack.131.1501,131,1501,20,Duel again?,0
scrpack.131.1520,131,1520,24,Fourth Chamber,0
scrpack.131.1545,131,1545,56,I never imagined anyone would make it this far.,0
scrpack.131.1554,131,1554,16,Too bad.,0
scrpack.131.1563,131,1563,48,I will defend this chamber at any cost.,0
scrpack.131.1597,131,1597,24,All for love...,0
scrpack.131.1764,131,1764,24,Fourth Chamber,0
scrpack.131.1805,131,1805,24,Fourth Chamber,0
scrpack.131.1815,131,1815,40,It seems you lacked enough love.,0
scrpack.131.1828,131,1828,48,Master Hakuoh is right beyond here...,0
scrpack.131.1846,131,1846,16,Wait.,0
scrpack.131.1855,131,1855,24,"Move, Aizen. ♪",0
scrpack.131.1859,131,1859,40,No.#cr0I cannot let you pass.,1
scrpack.131.1868,131,1868,72,Why?!#cr0I won the duel!#cr0I'm going through no matter what!,2
scrpack.131.1877,131,1877,16,/sw25/!,0
scrpack.131.1886,131,1886,16,Okaaay.,0
scrpack.131.1904,131,1904,44,What are you doing?!#cr0Let me go!,1
scrpack.131.1913,131,1913,56,"Sorry, Aizen.#cr0I have to see Master Hakuoh.",1
scrpack.131.1944,131,1944,24,Fourth Chamber,0
scrpack.131.1981,131,1981,24,Fourth Chamber,0
scrpack.131.1991,131,1991,48,"Unfortunately, you lack sufficient love.",0
scrpack.131.1995,131,1995,20,Duel again?,0
scrpack.132.0121,132,121,24,Chamber of Light,0
scrpack.132.0147,132,147,36,"Master Hakuoh, what's wrong?",0
scrpack.132.0153,132,153,60,There's no point talking to Lord Hakuoh right now.,0
scrpack.132.0162,132,162,40,Master Aizen! What's happening?!,0
scrpack.132.0175,132,175,44,Let's see... where should I begin?,0
scrpack.132.0180,132,180,40,Anything else you want to ask?,0
scrpack.132.0191,132,191,72,"We don't know why,#cr0but he's been like this for several days.",1
scrpack.132.0195,132,195,56,As though he's dreaming...#cr0completely dazed.,1
scrpack.132.0201,132,201,72,Lord Hakuoh is the emotional pillar#cr0of the people of Light.,1
scrpack.132.0210,132,210,112,"With a great disaster approaching,#cr0revealing his condition would only#cr0increase the people's fear.",2
scrpack.132.0214,132,214,48,And GARDE would exploit that weakness.,0
scrpack.132.0223,132,223,60,Do you understand?#cr0We must protect this secret.,1
scrpack.132.0229,132,229,116,The True Four Guardians were formed#cr0to strengthen Lord Hakuoh's sacred image#cr0and protect his secret.,2
scrpack.132.0233,132,233,64,"We couldn't contact Mimi,#cr0so Kintaro took her place.",1
scrpack.132.0237,132,237,84,"Thus the True Four Guardians became#cr0myself, Mikuni, Kintaro, and Maki.",1
scrpack.132.0250,132,250,36,Maki?#cr0Then where's Benny?,1
scrpack.132.0254,132,254,80,"Benny...?#cr0Come to think of it, he was once one of the Four Guardians.",1
scrpack.132.0268,132,268,56,But remember all the terrible things he's done.,0
scrpack.132.0272,132,272,60,We could never welcome someone like him as an ally.,0
scrpack.132.0283,132,283,28,But I dueled Benny.,0
scrpack.132.0293,132,293,36,What?!#cr0What do you mean?,1
scrpack.132.0319,132,319,40,"Mimi, so you made it this far.",0
scrpack.132.0332,132,332,60,Remember! Do not speak of Lord Hakuoh's condition.,0
scrpack.132.0339,132,339,16,I know.,0
scrpack.132.0358,132,358,52,"By the way, Mikuni,#cr0have you seen Maki?",1
scrpack.132.0362,132,362,12,No.,0
scrpack.132.0366,132,366,68,Nobody was in the Third Chamber.#cr0I assumed he was here.,1
scrpack.132.0387,132,387,60,I saaaw it! I saaaw it!#cr0I saw Hakuoh's secret!,1
scrpack.132.0391,132,391,16,Benny!,0
scrpack.132.0404,132,404,60,"Thanks for leading me to Hakuoh,#cr0Twilight Mimiii!",1
scrpack.132.0408,132,408,52,So THAT was your plan from the beginning!,0
scrpack.132.0412,132,412,84,"With Hakuoh like this,#cr0the Light Civilization is finished!#cr0Ha ha ha!",2
scrpack.132.0421,132,421,44,Benny!#cr0What did you do to Maki?,1
scrpack.132.0425,132,425,28,No idea.#cr0Later!,1
scrpack.132.0440,132,440,44,Ugh! I was an idiot to trust him...,0
scrpack.132.0444,132,444,40,But Master Hakuoh comes first.,0
scrpack.132.0457,132,457,56,We have tried everything.#cr0Nothing has worked.,1
scrpack.132.0467,132,467,48,All right!#cr0I'm dueling Master Hakuoh!,1
scrpack.132.0476,132,476,60,That's insane!#cr0He can't duel in this condition!,1
scrpack.132.0489,132,489,40,"Here, Master Hakuoh. Your deck.",0
scrpack.132.0493,132,493,16,......,0
scrpack.132.0502,132,502,40,"Come on, Master Hakuoh!#cr0Duel!",1
scrpack.132.0521,132,521,16,......,0
scrpack.132.0688,132,688,24,Chamber of Light,0
scrpack.132.0733,132,733,24,Chamber of Light,0
scrpack.132.0745,132,745,16,Ugh...,0
scrpack.132.0756,132,756,32,"What's wrong, everyone?",0
scrpack.132.0764,132,764,48,Thank goodness. You're yourself again.,0
scrpack.132.0773,132,773,88,That's right... I was given some medicine.#cr0It made my consciousness fade...,1
scrpack.132.0782,132,782,40,Medicine?!#cr0So Benny did this!,1
scrpack.132.0801,132,801,52,What is going on?#cr0This is far too noisy.,1
scrpack.132.0811,132,811,48,"Your Majesty, Lord Hakuoh has awakened.",0
scrpack.132.0815,132,815,16,What?!,0
scrpack.132.0834,132,834,32,"Hakuoh, how do you feel?",0
scrpack.132.0843,132,843,108,My head is still a little hazy...#cr0But I don't need any more medicine.#cr0I'm fully rested now.,2
scrpack.132.0852,132,852,16,I-I see.,0
scrpack.132.0861,132,861,52,Your Majesty.#cr0I intend to go with them.,1
scrpack.132.0870,132,870,24,I will miss you.,0
scrpack.132.0879,132,879,64,I feel the same.#cr0I wish we could have stayed longer.,1
scrpack.132.0883,132,883,44,But there are people who need me.,0
scrpack.132.0892,132,892,36,"Oh, and please release Maki.",0
scrpack.132.0901,132,901,28,How did you know...?,0
scrpack.132.0910,132,910,92,So I was right.#cr0Please.#cr0There is no longer any reason to keep him confined.,2
scrpack.132.0919,132,919,28,Then... farewell.,0
scrpack.132.0938,132,938,44,Master Hakuoh?#cr0What is going on?,1
scrpack.132.0947,132,947,32,Her Majesty was lonely.,0
scrpack.132.0958,132,958,12,Huh?,0
scrpack.132.0962,132,962,28,Perhaps I was too...,0
scrpack.132.0971,132,971,28,Mimi doesn't get it.,0
scrpack.132.0980,132,980,76,That's all right.#cr0Come on. Let's work together to return home.,1
scrpack.132.0994,132,994,36,Hakuoh joined your party.,0
scrpack.132.1015,132,1015,24,Chamber of Light,0
scrpack.132.1057,132,1057,24,Chamber of Light,0
scrpack.132.1067,132,1067,48,I lost...#cr0to an unconscious Hakuoh.,1
scrpack.132.1071,132,1071,52,That's just how amazing Master Hakuoh is!,0
scrpack.132.1075,132,1075,20,Nice excuse.,0
scrpack.132.1079,132,1079,20,Duel again?,0
scrpack.132.1091,132,1091,72,I'll duel Master Hakuoh again and again#cr0until he wakes up!,1
scrpack.132.1098,132,1098,40,I'll go adjust my deck first.,0
scrpack.133.0014,133,14,84,Welcome to the Palace of Light.#cr0What think you of the Light Civilization?,1
scrpack.133.0022,133,22,40,It's super peaceful. Nice place.,0
scrpack.133.0026,133,26,56,"It is all thanks to our Savior,#cr0Lord Hakuoh.",1
scrpack.133.0035,133,35,56,What?! Hakuoh is here?!#cr0And he's the Savior?!,1
scrpack.133.0039,133,39,128,"By the pure heart of the Savior#cr0who appeared with the light,#cr0our civilization shines more beautifully than ever.",2
scrpack.133.0048,133,48,80,"If he appeared with the light,#cr0it must be the Hakuoh from our world.",1
scrpack.133.0057,133,57,108,All right! We'll figure out how to get home together.#cr0Having Hakuoh around will be a huge help!,1
scrpack.133.0062,133,62,40,"Now then, what dost thou seek?",0
scrpack.133.0077,133,77,24,What's a Savior?,0
scrpack.133.0081,133,81,32,One who shall save us.,0
scrpack.133.0085,133,85,28,Save you from what?,0
scrpack.133.0089,133,89,28,...#cr0I know not.,1
scrpack.133.0098,133,98,28,You don't know...?,0
scrpack.133.0102,133,102,116,"Knowing would change nothing for me.#cr0Were I capable of saving everyone,#cr0I would be the Savior myself.",2
scrpack.133.0108,133,108,36,Lord Hakuoh is our Savior.,0
scrpack.133.0117,133,117,20,I cannot.,0
scrpack.133.0126,133,126,16,Why not?,0
scrpack.133.0130,133,130,24,I cannot answer.,0
scrpack.133.0134,133,134,28,Let me see Hakuoh.,0
scrpack.133.0138,133,138,20,I cannot.,0
scrpack.133.0142,133,142,28,Come on! Cheapskate!,0
scrpack.133.0153,133,153,52,Then tell Hakuoh#cr0I want to talk to him.,1
scrpack.133.0157,133,157,24,I must refuse.,0
scrpack.133.0166,133,166,60,Why not?#cr0You could at least pass along a message.,1
scrpack.133.0170,133,170,52,There are no exceptions.#cr0Please leave.,1
scrpack.133.0180,133,180,44,"Damn it! Fine, I'll see him myself.",0
scrpack.133.0184,133,184,48,You desire so badly to see Lord Hakuoh?,0
scrpack.133.0193,133,193,24,Who's there?!,0
scrpack.133.0197,133,197,128,"We are the True Four Guardians,#cr0protectors of Lord Hakuoh.#cr0If you wish to see him, pass over our defeated bodies.",2
scrpack.133.0206,133,206,28,True Four Guardians?,0
scrpack.133.0210,133,210,92,Come to the Hall of the True Four Guardians.#cr0We shall await you.#cr0Ha ha ha...,2
scrpack.133.0225,133,225,120,"Defeat the True Four Guardians,#cr0and you will be permitted to see Lord Hakuoh.#cr0Their hall lies that way.",2
scrpack.133.0229,133,229,52,Go to the Hall of the True Four Guardians?,0
scrpack.134.0150,134,150,24,First Chamber,0
scrpack.134.0164,134,164,40,So this is the first chamber.,0
scrpack.134.0178,134,178,80,"I've been waiting, Shobu Kirifuda.#cr0First, you face Mikuni the Swift.",1
scrpack.134.0212,134,212,36,"Now, let us duel with honor!",0
scrpack.134.0379,134,379,24,First Chamber,0
scrpack.134.0420,134,420,24,First Chamber,0
scrpack.134.0430,134,430,40,Mikuni's lifelong disgrace...,0
scrpack.134.0439,134,439,44,Go!#cr0The next duelist awaits you.,1
scrpack.134.0471,134,471,24,First Chamber,0
scrpack.134.0508,134,508,24,First Chamber,0
scrpack.134.0518,134,518,64,You let your guard down.#cr0I'll face you again anytime.,1
scrpack.134.0522,134,522,20,Duel again?,0
scrpack.134.0540,134,540,24,Second Chamber,0
scrpack.134.0565,134,565,16,Kintaro?,0
scrpack.134.0569,134,569,100,"Hey, Shobu!#cr0Thanks to you, I made it into the Four Guardians.#cr0I'll give it my best!",2
scrpack.134.0604,134,604,20,Here I come!,0
scrpack.134.0771,134,771,24,Second Chamber,0
scrpack.134.0812,134,812,24,Second Chamber,0
scrpack.134.0822,134,822,32,You're mighty strong.,0
scrpack.134.0831,134,831,44,Can't be helped.#cr0Go on through.,1
scrpack.134.0863,134,863,24,Second Chamber,0
scrpack.134.0900,134,900,24,Second Chamber,0
scrpack.134.0910,134,910,52,No good.#cr0I can't let you pass like that.,1
scrpack.134.0914,134,914,20,Duel again?,0
scrpack.134.0933,134,933,24,Third Chamber,0
scrpack.134.0958,134,958,100,"Ah, thou hast arrived.#cr0Then the great Benny shall duel thee.#cr0Consider thyself honored.",2
scrpack.134.0967,134,967,24,Just kidding!,0
scrpack.134.0976,134,976,36,Benny!#cr0Why are you here?!,1
scrpack.134.0985,134,985,16,Shut up!,0
scrpack.134.0989,134,989,72,I don't wanna be part of some stupid#cr0True Four Guardians...,1
scrpack.134.0998,134,998,44,But Hakuoh practically begged me.,0
scrpack.134.1007,134,1007,76,"Hakuoh, use your head!#cr0How many times is Benny gonna fool you?",1
scrpack.134.1017,134,1017,64,"Outside of dueling,#cr0Hakuoh can be seriously hopeless.",1
scrpack.134.1025,134,1025,28,You're one to talk.,0
scrpack.134.1034,134,1034,48,Enough chatter!#cr0Let's get started!,1
scrpack.134.1069,134,1069,40,Let the bloodbath show begin!,0
scrpack.134.1236,134,1236,24,Third Chamber,0
scrpack.134.1277,134,1277,24,Third Chamber,0
scrpack.134.1287,134,1287,44,And we're done.#cr0Now get moving.,1
scrpack.134.1300,134,1300,72,You're letting me through too easily.#cr0What are you plotting?,1
scrpack.134.1304,134,1304,16,Nothing!,0
scrpack.134.1308,134,1308,20,Staaare...,0
scrpack.134.1317,134,1317,40,What's with that look?!#cr0Grrr!,1
scrpack.134.1321,134,1321,68,"If you want me to mess with you,#cr0I can do that all day.",1
scrpack.134.1330,134,1330,24,Fine! I get it!,0
scrpack.134.1339,134,1339,36,I'm going ahead.#cr0See ya.,1
scrpack.134.1350,134,1350,36,Good luck in the next one.,0
scrpack.134.1368,134,1368,52,Huh?#cr0Did Benny just tell me good luck?,1
scrpack.134.1377,134,1377,52,No way Benny would say that.#cr0Let's go.,1
scrpack.134.1381,134,1381,32,Maybe I heard wrong...,0
scrpack.134.1402,134,1402,56,"Heh heh... I need you to win,#cr0Shobu Kirifuda.",1
scrpack.134.1434,134,1434,24,Third Chamber,0
scrpack.134.1471,134,1471,24,Third Chamber,0
scrpack.134.1481,134,1481,88,Be-la-la-la!#cr0You're gonna keep trying until you win anyway.#cr0So hurry up.,2
scrpack.134.1490,134,1490,24,I'm a busy guy!,0
scrpack.134.1494,134,1494,20,Duel again?,0
scrpack.134.1513,134,1513,24,Fourth Chamber,0
scrpack.134.1538,134,1538,56,I never imagined anyone would make it this far.,0
scrpack.134.1547,134,1547,32,Your journey ends here.,0
scrpack.134.1556,134,1556,48,I will defend this chamber at any cost.,0
scrpack.134.1590,134,1590,24,All for love...,0
scrpack.134.1757,134,1757,24,Fourth Chamber,0
scrpack.134.1798,134,1798,24,Fourth Chamber,0
scrpack.134.1808,134,1808,40,It seems you lacked enough love.,0
scrpack.134.1821,134,1821,40,Hakuoh's chamber is beyond here.,0
scrpack.134.1839,134,1839,16,Wait.,0
scrpack.134.1848,134,1848,44,"Move, Aizen.#cr0What's the problem?",1
scrpack.134.1852,134,1852,40,No.#cr0I cannot let you pass.,1
scrpack.134.1856,134,1856,64,"Why?!#cr0I won the duel!#cr0Damn it, I'm going through!",2
scrpack.134.1865,134,1865,16,/sw25/!,0
scrpack.134.1874,134,1874,16,Yeah!,0
scrpack.134.1892,134,1892,44,What are you doing?!#cr0Let me go!,1
scrpack.134.1901,134,1901,40,Sorry.#cr0I have to see Hakuoh.,1
scrpack.134.1932,134,1932,24,Fourth Chamber,0
scrpack.134.1969,134,1969,24,Fourth Chamber,0
scrpack.134.1979,134,1979,48,"Unfortunately, you lack sufficient love.",0
scrpack.134.1983,134,1983,20,Duel again?,0
scrpack.135.0121,135,121,24,Chamber of Light,0
scrpack.135.0147,135,147,32,"Hakuoh, what's wrong?",0
scrpack.135.0153,135,153,60,There's no point talking to Lord Hakuoh right now.,0
scrpack.135.0162,135,162,32,Aizen! What's going on?!,0
scrpack.135.0175,135,175,44,Let's see... where should I begin?,0
scrpack.135.0180,135,180,40,Anything else you want to ask?,0
scrpack.135.0191,135,191,72,"We don't know why,#cr0but he's been like this for several days.",1
scrpack.135.0195,135,195,56,As though he's dreaming...#cr0completely dazed.,1
scrpack.135.0201,135,201,72,Lord Hakuoh is the emotional pillar#cr0of the people of Light.,1
scrpack.135.0210,135,210,112,"With a great disaster approaching,#cr0revealing his condition would only#cr0increase the people's fear.",2
scrpack.135.0214,135,214,48,And GARDE would exploit that weakness.,0
scrpack.135.0223,135,223,60,Do you understand?#cr0We must protect this secret.,1
scrpack.135.0229,135,229,116,The True Four Guardians were formed#cr0to strengthen Lord Hakuoh's sacred image#cr0and protect his secret.,2
scrpack.135.0233,135,233,64,"We couldn't contact Mimi,#cr0so Kintaro took her place.",1
scrpack.135.0237,135,237,84,"Thus the True Four Guardians became#cr0myself, Mikuni, Kintaro, and Maki.",1
scrpack.135.0250,135,250,40,Maki?#cr0What happened to Benny?,1
scrpack.135.0254,135,254,80,"Benny...?#cr0Come to think of it, he was once one of the Four Guardians.",1
scrpack.135.0268,135,268,56,But remember all the terrible things he's done.,0
scrpack.135.0272,135,272,60,We could never welcome someone like him as an ally.,0
scrpack.135.0283,135,283,28,But I dueled Benny.,0
scrpack.135.0293,135,293,36,What?!#cr0What do you mean?,1
scrpack.135.0319,135,319,48,"Shobu Kirifuda, so you made it this far.",0
scrpack.135.0332,135,332,60,Remember! Do not speak of Lord Hakuoh's condition.,0
scrpack.135.0339,135,339,16,I know.,0
scrpack.135.0358,135,358,72,"If it was Shobu,#cr0couldn't we have told him from the start?",1
scrpack.135.0362,135,362,64,"Perhaps.#cr0By the way, Mikuni,#cr0have you seen Maki?",2
scrpack.135.0366,135,366,12,No.,0
scrpack.135.0370,135,370,68,Nobody was in the Third Chamber.#cr0I thought he was here.,1
scrpack.135.0391,135,391,60,I saaaw it! I saaaw it!#cr0I saw Hakuoh's secret!,1
scrpack.135.0395,135,395,16,Benny!,0
scrpack.135.0408,135,408,64,"Thanks for leading me to Hakuoh,#cr0Shobu Kirifudaaa!",1
scrpack.135.0412,135,412,16,Damn it!,0
scrpack.135.0416,135,416,84,"With Hakuoh like this,#cr0the Light Civilization is finished!#cr0Gahahahaha!",2
scrpack.135.0425,135,425,44,Benny!#cr0What did you do to Maki?,1
scrpack.135.0429,135,429,28,No idea.#cr0Later!,1
scrpack.135.0444,135,444,32,We have to help Hakuoh.,0
scrpack.135.0457,135,457,56,We have tried everything.#cr0Nothing has worked.,1
scrpack.135.0467,135,467,40,"All right!#cr0Hakuoh, duel me!",1
scrpack.135.0476,135,476,60,That's insane!#cr0He can't duel in this condition!,1
scrpack.135.0489,135,489,24,Here. Your deck.,0
scrpack.135.0493,135,493,16,......,0
scrpack.135.0502,135,502,36,"Let's go, Hakuoh!#cr0Duel!",1
scrpack.135.0521,135,521,16,......,0
scrpack.135.0688,135,688,24,Chamber of Light,0
scrpack.135.0733,135,733,24,Chamber of Light,0
scrpack.135.0745,135,745,16,Ugh...,0
scrpack.135.0756,135,756,32,"What's wrong, everyone?",0
scrpack.135.0764,135,764,36,We're the ones asking that!,0
scrpack.135.0773,135,773,88,That's right... I was given some medicine.#cr0It made my consciousness fade...,1
scrpack.135.0782,135,782,44,Medicine?#cr0So Benny was behind it!,1
scrpack.135.0801,135,801,52,What is going on?#cr0This is far too noisy.,1
scrpack.135.0811,135,811,48,"Your Majesty, Lord Hakuoh has awakened.",0
scrpack.135.0815,135,815,16,What?!,0
scrpack.135.0834,135,834,32,"Hakuoh, how do you feel?",0
scrpack.135.0843,135,843,108,My head is still a little hazy...#cr0But I don't need any more medicine.#cr0I'm fully rested now.,2
scrpack.135.0852,135,852,16,I-I see.,0
scrpack.135.0861,135,861,52,Your Majesty.#cr0I intend to go with them.,1
scrpack.135.0870,135,870,24,I will miss you.,0
scrpack.135.0879,135,879,80,I will miss you too.#cr0I wish we could have stayed together longer...,1
scrpack.135.0883,135,883,44,But there are people who need me.,0
scrpack.135.0892,135,892,36,"Oh, and please release Maki.",0
scrpack.135.0901,135,901,28,How did you know...?,0
scrpack.135.0910,135,910,92,So I was right.#cr0Please.#cr0There is no longer any reason to keep him confined.,2
scrpack.135.0919,135,919,28,Then... farewell.,0
scrpack.135.0938,135,938,40,What? I don't get any of this.,0
scrpack.135.0947,135,947,32,Her Majesty was lonely.,0
scrpack.135.0958,135,958,12,Huh?,0
scrpack.135.0962,135,962,28,Perhaps I was too...,0
scrpack.135.0966,135,966,32,I still don't get it.,0
scrpack.135.0975,135,975,76,That's all right.#cr0Come on. Let's work together to return home.,1
scrpack.135.0989,135,989,36,Hakuoh joined your party.,0
scrpack.135.1010,135,1010,24,Chamber of Light,0
scrpack.135.1052,135,1052,24,Chamber of Light,0
scrpack.135.1062,135,1062,68,"What are you doing, Shobu?!#cr0Hakuoh isn't even conscious!",1
scrpack.135.1066,135,1066,48,That just shows how strong Hakuoh is!,0
scrpack.135.1070,135,1070,36,I don't wanna hear excuses.,0
scrpack.135.1074,135,1074,20,Duel again?,0
scrpack.135.1086,135,1086,52,Shut up!#cr0I'll duel him until he wakes up!,1
scrpack.135.1093,135,1093,44,Let's adjust the deck and try again.,0
scrpack.137.1742,137,1742,56,Triggers when you go to the center of the world.,0
scrpack.140.0126,140,126,24,Mimi - Darkness,0
scrpack.142.0126,142,126,20,Mimi - Final,0
scrpack.143.0126,143,126,24,Resistance Event,0
scrpack.144.0126,144,126,24,Rescue Yu Fua,0
scrpack.145.0126,145,126,20,Mimi - Fire,0
scrpack.146.0126,146,126,20,Mimi - Light,0
scrpack.147.0126,147,126,24,Mimi - Nature,0
scrpack.148.0133,148,133,20,Deep Forest,0
scrpack.148.0170,148,170,16,Nnngh...,0
scrpack.148.0182,148,182,12,Gah!,0
scrpack.148.0197,148,197,48,Hah... hah... I thought I was dead...,0
scrpack.148.0217,148,217,24,Where am I...?,0
scrpack.148.0228,148,228,24,Where's Kokujo?,0
scrpack.148.0233,148,233,24,Hakuoh!#cr0Mimi!,1
scrpack.148.0241,148,241,16,Shobu!,0
scrpack.148.0252,148,252,28,Everybody's gone...,0
scrpack.148.0257,148,257,20,Bucketman?,0
scrpack.148.0261,148,261,12,Huh?,0
scrpack.148.0282,148,282,32,It is you!#cr0Bucketman!,1
scrpack.148.0291,148,291,40,Yu!!#cr0What are you doing here?,1
scrpack.148.0300,148,300,72,I heard a huge noise and came to look.#cr0Then I found you...,1
scrpack.148.0309,148,309,52,"Bucketman, I'm so happy to see you again!",0
scrpack.148.0318,148,318,20,"Me too, Yu!",0
scrpack.148.0353,148,353,20,Hee hee! ♪,0
scrpack.148.0380,148,380,12,Yay!,0
scrpack.148.0415,148,415,24,I missed you!,0
scrpack.148.0442,148,442,20,La-la-la! ♪,0
scrpack.148.0460,148,460,56,"But why are you here, Yu?#cr0And where are we?",1
scrpack.148.0473,148,473,12,...,0
scrpack.148.0477,148,477,32,"?#cr0What's wrong, Yu?",1
scrpack.148.0481,148,481,56,Bucketman...#cr0This is such a peaceful forest.,1
scrpack.148.0485,148,485,12,?,0
scrpack.148.0494,148,494,32,Yeah.#cr0It's beautiful.,1
scrpack.148.0503,148,503,60,"I know! Bucketman,#cr0let's live here together! ♪",1
scrpack.148.0512,148,512,72,"What...?#cr0Wait, Yu.#cr0I still want to know where we are...",2
scrpack.148.0526,148,526,12,...,0
scrpack.148.0530,148,530,48,Maybe we'll learn something in town...,0
scrpack.148.0534,148,534,16,Town?,0
scrpack.148.0538,148,538,12,Yes.,0
scrpack.148.0542,148,542,28,How do we get there?,0
scrpack.148.0546,148,546,12,...,0
scrpack.148.0555,148,555,40,"Let's go together, Bucketman. ♪",0
scrpack.148.0565,148,565,20,"Okay, Yu!",0
scrpack.148.0611,148,611,24,Center of Town,0
scrpack.148.0674,148,674,68,Whoa! Real creatures everywhere!#cr0What an amazing world!,1
scrpack.148.0680,148,680,76,"As long as we don't bother them,#cr0the creatures won't bother us.",1
scrpack.148.0684,148,684,20,"Oh, okay.",0
scrpack.148.0727,148,727,24,Center of Town,0
scrpack.148.0754,148,754,36,You two! Stop right there!,0
scrpack.148.0771,148,771,20,Who's there?,0
scrpack.148.0775,148,775,20,Who is it?,0
scrpack.148.0815,148,815,24,"Found you, Yu!",0
scrpack.148.0832,148,832,40,Bucketman...#cr0I'm scared...,1
scrpack.148.0838,148,838,28,It's okay. I'm here.,0
scrpack.148.0858,148,858,16,Y-You!!,0
scrpack.148.0868,148,868,52,Be-la-la!#cr0Long time no see! How ya been?,1
scrpack.148.0873,148,873,32,...Who are you again?,0
scrpack.148.0887,148,887,112,"Y-You bucket-headed idiot!!#cr0Don't tell me you forgot Benny Haha,#cr0the IQ-400 super-genius duelist!",2
scrpack.148.0900,148,900,40,B-Bucketman...#cr0That guy...,1
scrpack.148.0904,148,904,24,"Don't worry, Yu.",0
scrpack.148.0910,148,910,56,Gah! You bastard!#cr0Quit flirting with my Yu!,1
scrpack.148.0915,148,915,20,Your Yu?!,0
scrpack.148.0929,148,929,64,That's right!#cr0Yu swore she'd rule the world with me!,1
scrpack.148.0940,148,940,16,W-What?!,0
scrpack.148.0957,148,957,28,"Is that true, Yu?",0
scrpack.148.0961,148,961,16,...Yes.,0
scrpack.148.0966,148,966,64,"Be-la-la!#cr0Now, Bucketman,#cr0hand Yu over quietly.",2
scrpack.148.0977,148,977,12,No!,0
scrpack.148.0989,148,989,52,You trash bucket!!#cr0You dare disobey me?!,1
scrpack.148.0994,148,994,40,Of course!#cr0You tricked Yu!,1
scrpack.148.1000,148,1000,48,Damn you! You're really ticking me off!!,0
scrpack.148.1004,148,1004,60,When has honest Benny Haha#cr0ever tricked anybody?!,1
scrpack.148.1015,148,1015,84,"If you won't give her up,#cr0I'll just take her by force!#cr0Be-la-la-la!",2
scrpack.148.1025,148,1025,40,"Bring it on!#cr0Yu, stay back!",1
scrpack.148.1029,148,1029,44,"O-Okay.#cr0Be careful, Bucketman!",1
scrpack.148.1066,148,1066,40,"I'll crush you, Trash Bucket!!",0
scrpack.148.1233,148,1233,24,Center of Town,0
scrpack.148.1280,148,1280,24,Center of Town,0
scrpack.148.1290,148,1290,20,Gyeeeeh...,0
scrpack.148.1306,148,1306,32,"Yes!#cr0I did it, Yu!",1
scrpack.148.1317,148,1317,36,Huh? Yu?#cr0Where'd you go?,1
scrpack.148.1332,148,1332,16,Aaaah!,0
scrpack.148.1336,148,1336,12,?!,0
scrpack.148.1356,148,1356,24,"Bucketman, help!",0
scrpack.148.1366,148,1366,12,Yu!!,0
scrpack.148.1370,148,1370,32,We're taking this girl.,0
scrpack.148.1400,148,1400,56,"Be-la-la-la!#cr0You fell for it, Trash Bucket!",1
scrpack.148.1405,148,1405,76,What a suck-er! ♪#cr0I was just the decoy#cr0so they could grab Yu!,2
scrpack.148.1409,148,1409,24,Bucketmaaaan!!,0
scrpack.148.1413,148,1413,16,Yuuu!!,0
scrpack.148.1417,148,1417,64,"Robot, launch!#cr0Later, Trash Bucket!#cr0Be-la-la-la!",2
scrpack.148.1433,148,1433,40,"Yu, I promise I'll save you...",0
scrpack.148.1455,148,1455,24,Center of Town,0
scrpack.148.1500,148,1500,20,Deep Forest,0
scrpack.148.1510,148,1510,56,I-Impossible...#cr0The cards won't obey me...,1
scrpack.148.1514,148,1514,40,Then Yu is mine!#cr0Be-la-la-la!,1
scrpack.148.1533,148,1533,16,Aaaah!,0
scrpack.148.1543,148,1543,12,Yu!!,0
scrpack.148.1547,148,1547,24,"Bucketman, help!",0
scrpack.148.1551,148,1551,64,"Robot, launch!#cr0Later, Trash Bucket!#cr0Be-la-la-la!",2
scrpack.148.1555,148,1555,20,Bucketman!!,0
scrpack.148.1565,148,1565,16,Yuuu!!,0
scrpack.148.1577,148,1577,40,"Yu, I promise I'll save you...",0
scrpack.149.0032,149,32,28,Where is George...?,0
scrpack.149.0037,149,37,32,Hm? What's that sound?,0
scrpack.149.0050,149,50,36,It's coming from over there.,0
scrpack.149.0070,149,70,20,Deep Forest,0
scrpack.149.0084,149,84,28,Pigiya... pigiya...,0
scrpack.149.0088,149,88,24,What's wrong?,0
scrpack.149.0093,149,93,52,I'm caught in a trap...#cr0Please help me...,1
scrpack.149.0097,149,97,44,Okay. I'll get you out.#cr0Hang on.,1
scrpack.149.0103,149,103,28,What're you doing?!,0
scrpack.149.0114,149,114,60,I caught that thing!#cr0Stealing my catch is dirty!,1
scrpack.149.0118,149,118,40,What are you gonna do with it?,0
scrpack.149.0122,149,122,28,"Eat it, obviously.",0
scrpack.149.0132,149,132,20,E-Eat it?!,0
scrpack.149.0136,149,136,68,"Roast baby dragon...#cr0No, dragon sashimi...#cr0Or maybe...",2
scrpack.149.0149,149,149,24,Pigiyagiyagii!,0
scrpack.149.0160,149,160,40,That's cruel. You can't eat it.,0
scrpack.149.0164,149,164,52,Cruel?#cr0Don't you know the law of Nature?,1
scrpack.149.0168,149,168,32,The law?#cr0What law?,1
scrpack.149.0172,149,172,32,Grilled Meat Set Meal!,0
scrpack.149.0211,149,211,44,You mean survival of the fittest!,0
scrpack.149.0223,149,223,28,"Anyway, who are you?",0
scrpack.149.0227,149,227,76,"I'm Kabutomaru.#cr0Never seen you before, though.#cr0Who are you?",2
scrpack.149.0231,149,231,40,"Bucketman, wandering duelist!",0
scrpack.149.0235,149,235,80,"Then this is easy!#cr0Beat me in a duel,#cr0and you can have the dragon!",2
scrpack.149.0239,149,239,32,A duel?#cr0All right!,1
scrpack.149.0274,149,274,40,I'll show you the law of Nature!,0
scrpack.149.0442,149,442,20,Deep Forest,0
scrpack.149.0492,149,492,20,Deep Forest,0
scrpack.149.0502,149,502,28,V-victory!#cr0I won!,1
scrpack.149.0506,149,506,48,You're strong!#cr0That was a fun duel!,1
scrpack.149.0510,149,510,32,Your deck was great too.,0
scrpack.149.0514,149,514,56,A promise is a promise.#cr0The dragon's yours.,1
scrpack.149.0526,149,526,28,"Good for you, runt.",0
scrpack.149.0532,149,532,16,Pigiyaa!,0
scrpack.149.0537,149,537,48,"Hey, Kabutomaru,#cr0do you know George?",1
scrpack.149.0541,149,541,24,George?#cr0Nope.,1
scrpack.149.0545,149,545,52,Try the plaza.#cr0Somebody there might know.,1
scrpack.149.0549,149,549,44,"The plaza...#cr0Thanks, Kabutomaru.",1
scrpack.149.0553,149,553,64,Since I helped you...#cr0how about we split the dragon?,1
scrpack.149.0567,149,567,12,No.,0
scrpack.149.0571,149,571,24,Just the tail?,0
scrpack.149.0576,149,576,12,No.,0
scrpack.149.0580,149,580,20,Tch. Fine.,0
scrpack.149.0587,149,587,48,"I'm starving...#cr0Dabe, dabe, dabebe...",1
scrpack.149.0610,149,610,52,Pigiyaa!#cr0Never come back to this forest!,1
scrpack.149.0622,149,622,32,Thanks for saving me.,0
scrpack.149.0626,149,626,28,"Good for you, runt.",0
scrpack.149.0636,149,636,68,I'm not a runt!#cr0I'm Hulcoon Berga.#cr0Nice to meet you.,2
scrpack.149.0640,149,640,56,Hulcoon Berga?#cr0Never heard of that dragon.,1
scrpack.149.0644,149,644,28,You don't have to.,0
scrpack.149.0648,149,648,16,You...,0
scrpack.149.0652,149,652,16,What?,0
scrpack.149.0657,149,657,76,"Are you tasty?#cr0Come to think of it, I'm hungry too...#cr0Drool...",2
scrpack.149.0667,149,667,40,Y-You're gonna eat me!#cr0Pyaa!!,1
scrpack.149.0684,149,684,44,"Aw, it ran off...#cr0I was joking...",1
scrpack.149.0705,149,705,20,Deep Forest,0
scrpack.149.0751,149,751,20,Deep Forest,0
scrpack.149.0761,149,761,16,I win!,0
scrpack.149.0765,149,765,20,"Aw, I lost.",0
scrpack.149.0769,149,769,52,A deal's a deal.#cr0I'm taking the dragon.,1
scrpack.149.0774,149,774,32,Pigiya! Pigiya! Pigiyaa!,0
scrpack.149.0779,149,779,32,Heh heh! Feast tonight!,0
scrpack.149.0792,149,792,24,Pigiyagiyagii!,0
scrpack.149.0808,149,808,32,H-Hey! Stop struggling!,0
scrpack.149.0812,149,812,12,Now!,0
scrpack.149.0821,149,821,16,Pigiya!,0
scrpack.149.0833,149,833,28,W-Wait! It got away!,0
scrpack.149.0847,149,847,16,Whew...,0
scrpack.149.0857,149,857,60,"My dinner escaped!#cr0I'm mad now, so duel me again!",1
scrpack.149.0861,149,861,20,Duel again?,0
scrpack.149.0898,149,898,20,Here I go!,0
scrpack.149.1065,149,1065,20,Deep Forest,0
scrpack.149.1110,149,1110,20,Deep Forest,0
scrpack.149.1120,149,1120,28,V-victory!#cr0I won!,1
scrpack.149.1124,149,1124,48,You're strong!#cr0That was a fun duel!,1
scrpack.149.1134,149,1134,32,Your deck was great too.,0
scrpack.149.1138,149,1138,60,"The dragon escaped,#cr0but at least I got a duel.",1
scrpack.149.1142,149,1142,48,"Hey, Kabutomaru,#cr0do you know George?",1
scrpack.149.1146,149,1146,24,George?#cr0Nope.,1
scrpack.149.1150,149,1150,52,Try the plaza.#cr0Somebody there might know.,1
scrpack.149.1154,149,1154,44,"The plaza...#cr0Thanks, Kabutomaru.",1
scrpack.149.1158,149,1158,16,Dabebee!,0
scrpack.149.1180,149,1180,32,Thanks for saving me.,0
scrpack.149.1189,149,1189,20,Deep Forest,0
scrpack.149.1230,149,1230,20,Deep Forest,0
scrpack.149.1240,149,1240,16,I win!!,0
scrpack.149.1244,149,1244,28,"Aw, I lost again.",0
scrpack.149.1248,149,1248,68,That was the most fun I've had in ages!#cr0Let's duel again!,1
scrpack.149.1252,149,1252,20,Duel again?,0
scrpack.149.1261,149,1261,64,I don't have time for this.#cr0I need to find George.,1
scrpack.149.1267,149,1267,28,Wait!#cr0Duel me!,1
scrpack.149.1291,149,1291,20,Deep Forest,0
scrpack.149.1301,149,1301,68,"Hey, you're back!#cr0Dueling you is fun.#cr0Let's go again!",2
scrpack.149.1305,149,1305,20,Duel again?,0
scrpack.150.0025,150,25,48,He should be around here somewhere...,0
scrpack.150.0036,150,36,28,Where'd he go...?,0
scrpack.150.0044,150,44,20,"Hey, you!",0
scrpack.150.0060,150,60,64,Why have you been following#cr0the great George around?!,1
scrpack.150.0070,150,70,16,George!!,0
scrpack.150.0080,150,80,36,I've been looking for you!,0
scrpack.150.0090,150,90,60,"What, me?#cr0What does Bucketman want with George?",1
scrpack.150.0094,150,94,48,Dr. Root said I could use your armor...,0
scrpack.150.0098,150,98,20,Dr. Root?,0
scrpack.150.0102,150,102,16,Yeah.,0
scrpack.150.0112,150,112,12,...,0
scrpack.150.0122,150,122,80,You think dropping Dr. Root's name#cr0means I'll do whatever you want?,1
scrpack.150.0127,150,127,28,Don't mess with me!,0
scrpack.150.0137,150,137,112,"You've got nerve messing with George,#cr0Dr. Root's number-one disciple,#cr0the wandering dandy baby!",2
scrpack.150.0141,150,141,60,I'm not messing with you.#cr0Can I use the armor?,1
scrpack.150.0145,150,145,16,Nope.,0
scrpack.150.0149,150,149,12,...,0
scrpack.150.0159,150,159,68,Tell you what.#cr0Beat me in a duel and I'll let you use it.,1
scrpack.150.0169,150,169,16,Really?!,0
scrpack.150.0179,150,179,36,Yeah. I'm a man of my word.,0
scrpack.150.0189,150,189,24,"All right, duel!",0
scrpack.150.0223,150,223,28,No hard feelings.,0
scrpack.150.0391,150,391,28,Center of the World,0
scrpack.150.0436,150,436,28,Center of the World,0
scrpack.150.0452,150,452,44,"Tch, I lost.#cr0Do what you want!",1
scrpack.150.0457,150,457,36,Then can I use the armor?,0
scrpack.150.0461,150,461,16,Armor?,0
scrpack.150.0465,150,465,88,"Yeah, the armor.#cr0Dr. Root said you had one#cr0that would fit me perfectly.",2
scrpack.150.0469,150,469,28,Dr. Root said that?,0
scrpack.150.0473,150,473,36,Yep.#cr0So give it to me.,1
scrpack.150.0483,150,483,88,Why didn't you say that first?#cr0You made this way harder than it needed to be.,1
scrpack.150.0493,150,493,24,I did say it...,0
scrpack.150.0503,150,503,24,What was that?,0
scrpack.150.0513,150,513,32,Whatever. It's done now.,0
scrpack.150.0525,150,525,24,Here. Take it.,0
scrpack.150.0531,150,531,16,Thanks!,0
scrpack.150.0557,150,557,28,Center of the World,0
scrpack.150.0598,150,598,28,Center of the World,0
scrpack.150.0614,150,614,60,Hah! All talk.#cr0That was easier than baby food.,1
scrpack.150.0625,150,625,20,"Aw, I lost.",0
scrpack.150.0629,150,629,40,That wasn't even a real duel.,0
scrpack.150.0639,150,639,88,What was with that awful card play?#cr0You're supposed to be better than that.,1
scrpack.150.0643,150,643,12,...,0
scrpack.150.0653,150,653,60,"If that bothers you, come at me again, Bucketman!",0
scrpack.150.0657,150,657,20,Duel again?,0
scrpack.150.0670,150,670,36,Fine! I'll get serious too!,0
scrpack.150.0680,150,680,28,"Bring it on, George!",0
scrpack.150.0714,150,714,40,Show me what you've really got.,0
scrpack.150.0725,150,725,40,Idiot!#cr0Call yourself a man?!,1
scrpack.150.0748,150,748,28,Center of the World,0
scrpack.150.0754,150,754,40,"Oh, it's spineless Bucketman.",0
scrpack.150.0764,150,764,64,"You're gonna show me something decent this time, right?",0
scrpack.150.0768,150,768,20,Duel again?,0
scrpack.150.0948,150,948,28,Center of the World,0
scrpack.150.0964,150,964,44,"Come on, give me a break already.",0
scrpack.151.0014,151,14,44,This looks amazing. Can I use it?,0
scrpack.151.0018,151,18,60,You can't.#cr0Only the Ancient Races can operate it.,1
scrpack.151.0022,151,22,24,Ancient Races?,0
scrpack.151.0026,151,26,24,That's right.,0
scrpack.151.0030,151,30,44,Aren't you one of the Ancient Races?,0
scrpack.151.0034,151,34,32,No. I cannot operate it.,0
scrpack.151.0038,151,38,16,I see...,0
scrpack.151.0053,151,53,52,This place is amazing every time I see it.,0
scrpack.151.0057,151,57,84,"No matter how often you come,#cr0only the Ancient Races can operate this.",1
scrpack.151.0074,151,74,16,Pigiya!,0
scrpack.151.0078,151,78,68,Ah! The one standing there#cr0is indeed an Ancient Race...,1
scrpack.151.0082,151,82,40,You're that runt from before.,0
scrpack.151.0096,151,96,40,Thanks for helping me before!,0
scrpack.151.0100,151,100,44,I was only joking about eating you.,0
scrpack.151.0104,151,104,56,That's good.#cr0You scared me!#cr0I'm okay now.,2
scrpack.151.0108,151,108,20,"Sorry, runt.",0
scrpack.151.0112,151,112,48,I'm not a runt!#cr0I'm Hulcoon Berga.,1
scrpack.151.0116,151,116,48,But you can call me whatever you like.,0
scrpack.151.0120,151,120,20,Let's see...,0
scrpack.151.0134,151,134,36,Then your name is /sw25/.,0
scrpack.151.0143,151,143,48,/sw25/...#cr0That's a wonderful name!,1
scrpack.151.0147,151,147,40,"/sw25/, can you operate this?",0
scrpack.151.0156,151,156,16,I can!,0
scrpack.151.0170,151,170,20,Pigiyaa!!,0
scrpack.151.0204,151,204,16,Done!,0
scrpack.151.0228,151,228,16,Waaait!,0
scrpack.151.0232,151,232,140,Teleportation through this device is too dangerous#cr0for an unprotected human body.#cr0You'll need something to shield yourself.,2
scrpack.151.0237,151,237,40,Something to protect my body...,0
scrpack.151.0241,151,241,32,Do you have anything?,0
scrpack.151.0263,151,263,52,"I have armor.#cr0This should work, right?",1
scrpack.151.0267,151,267,24,Yes. Be careful.,0
scrpack.151.0274,151,274,32,"All right, armor on...",0
scrpack.151.0284,151,284,28,"Let's go, /sw25/!",0
scrpack.151.0292,151,292,28,"Right, Bucketman!",0
scrpack.151.0296,151,296,60,I wonder if Yu is somewhere#cr0beyond this light...,1
scrpack.151.0300,151,300,20,Let's go!,0
scrpack.151.0304,151,304,20,All right!,0
scrpack.152.0014,152,14,80,I am Bombazar!#cr0I shall share some special knowledge.#cr0Listen well!,2
scrpack.152.0018,152,18,88,"The world's destruction draws near.#cr0The signs are faint, so few have noticed.",1
scrpack.152.0022,152,22,60,Yet it is undeniable truth.#cr0Glory to the dragons!,1
scrpack.152.0027,152,27,80,I am Bombazar!#cr0I shall share some special knowledge.#cr0Listen well!,2
scrpack.152.0031,152,31,96,A similar crisis came before.#cr0One person saved us then.#cr0Will he not rise again?,2
scrpack.152.0035,152,35,32,Glory to the dragons!,0
scrpack.152.0040,152,40,80,I am Bombazar!#cr0I shall share some special knowledge.#cr0Listen well!,2
scrpack.152.0044,152,44,48,Even my power cannot save this world.,0
scrpack.152.0048,152,48,40,Only a true duelist can do that.,0
scrpack.152.0052,152,52,76,If only I possessed a duelist's power...#cr0Glory to the dragons!,1
scrpack.152.0057,152,57,80,I am Bombazar!#cr0I shall share some special knowledge.#cr0Listen well!,2
scrpack.152.0061,152,61,88,Some special cards cannot be bought in shops.#cr0They are called Promo Cards.,1
scrpack.152.0065,152,65,100,"There are many ways to obtain them,#cr0so try everything you can.#cr0Glory to the dragons!",2
scrpack.152.0070,152,70,80,I am Bombazar!#cr0I shall share some special knowledge.#cr0Listen well!,2
scrpack.152.0074,152,74,60,The Battle Arena hosts many kinds of tournaments.,0
scrpack.152.0078,152,78,72,Win every one of them#cr0and something very good will happen.,1
scrpack.152.0082,152,82,108,You'll gain the joy of achievement#cr0and a healthy boost to your pride!#cr0Glory to the dragons!,2
scrpack.152.0097,152,97,68,My back! My back!! It itches!#cr0Somebody scratch my back!!,1
scrpack.152.0101,152,101,16,Damn it!,0
scrpack.152.0106,152,106,84,Heh... hehehehe...#cr0I can't stop laughing!#cr0Think I ate something weird.,2
scrpack.152.0110,152,110,16,Damn it!,0
scrpack.152.0115,152,115,80,"Hey, numbskull!#cr0Quit looking so gloomy.#cr0Cut loose once in a while!",2
scrpack.152.0119,152,119,16,Damn it!,0
scrpack.152.0124,152,124,80,My shoulders have been killing me lately.#cr0Maybe I need more vitamins.,1
scrpack.152.0128,152,128,16,Damn it!,0
scrpack.152.0143,152,143,52,You eat breakfast?#cr0I'm about to eat mine.,1
scrpack.152.0147,152,147,64,"I'm cautious, so I'll eat tomorrow's breakfast now too.",0
scrpack.152.0152,152,152,48,You eat lunch?#cr0I'm about to eat mine.,1
scrpack.152.0156,152,156,88,"I ate today's lunch two days ago,#cr0so this one is for the day after tomorrow.",1
scrpack.152.0161,152,161,92,"You eat dinner?#cr0I'm eating mine now.#cr0It's still noon, but I'm eating dinner.",2
scrpack.152.0166,152,166,64,You eat lunch?#cr0I couldn't.#cr0Ate too much breakfast.,2
scrpack.152.0170,152,170,36,I want lunch! I want lunch!,0
scrpack.153.0014,153,14,48,"Watch me dance.#cr0Pretty great, right?",1
scrpack.153.0019,153,19,28,Look! A new step.,0
scrpack.153.0024,153,24,60,My dancing's the best!#cr0I could charm a dragon.,1
scrpack.153.0039,153,39,24,Me. Dance. Best.,0
scrpack.153.0044,153,44,40,Me dance.#cr0Everybody happy.,1
scrpack.153.0049,153,49,36,Me dance.#cr0Town peaceful.,1
scrpack.153.0054,153,54,32,Me dance.#cr0You watch.,1
scrpack.154.0118,154,118,20,Outskirts,0
scrpack.154.0171,154,171,96,You spotted a small figure.#cr0It seems to be heading toward the Center of the World.,1
scrpack.155.0119,155,119,28,Giant's Club Plaza,0
scrpack.155.0157,155,157,84,You spotted a small figure.#cr0It seems to be heading toward the Outskirts.,1
scrpack.156.0009,156,9,36,What do you want to know?,0
scrpack.156.0017,156,17,32,Nothing in particular.,0
scrpack.156.0023,156,23,36,What do you want to know?,0
scrpack.156.0055,156,55,80,This town lies at the edge of Fiona's Forest.#cr0They call it Clan Town.,1
scrpack.156.0060,156,60,16,Town??,0
scrpack.156.0064,156,64,116,"It's really just a small village.#cr0But there isn't anything bigger nearby,#cr0so everyone calls it a town.",2
scrpack.156.0068,156,68,36,Huh. So that's how it is.,0
scrpack.156.0073,156,73,52,?!#cr0Could you be...? Come a little closer.,1
scrpack.156.0077,156,77,52,"Hmm...#cr0I see, I see.#cr0Very interesting.",2
scrpack.156.0086,156,86,16,What?,0
scrpack.156.0090,156,90,44,It seems you aren't from this world.,0
scrpack.156.0099,156,99,32,Yeah. Looks that way.,0
scrpack.156.0103,156,103,80,"You may have guessed already,#cr0but this is the world of D.M. Cards.",1
scrpack.156.0107,156,107,84,Things that would be mere fantasy in your world#cr0can become reality here.,1
scrpack.156.0111,156,111,96,"That is the power of mana.#cr0With abundant mana, any fantasy#cr0can take physical form.",2
scrpack.156.0122,156,122,48,Could you explain that a little simpler?,0
scrpack.156.0126,156,126,68,Your world has no mana.#cr0That is why it has no creatures.,1
scrpack.156.0130,156,130,68,This world has mana.#cr0That is why creatures exist here.,1
scrpack.156.0134,156,134,20,Understand?,0
scrpack.156.0157,156,157,32,Why am I in this world?,0
scrpack.156.0161,156,161,24,I don't know.,0
scrpack.156.0170,156,170,12,...,0
scrpack.156.0174,156,174,104,But I can tell you this.#cr0Someone from another world appearing here#cr0is an omen of danger.,2
scrpack.156.0183,156,183,52,An omen of danger...#cr0What kind of danger?,1
scrpack.156.0187,156,187,120,Another major disturbance must be occurring#cr0at the boundary between the two worlds.#cr0This is very serious.,2
scrpack.156.0196,156,196,52,Two worlds?#cr0I don't get any of this...,1
scrpack.156.0200,156,200,48,GARDE...#cr0This must be their doing.,1
scrpack.156.0210,156,210,20,G-GARDE?!,0
scrpack.156.0214,156,214,48,GARDE rules this world through dueling.,0
scrpack.156.0223,156,223,52,Through dueling?#cr0You can really do that?,1
scrpack.156.0227,156,227,64,"As I told you,#cr0this world is overflowing with mana.",1
scrpack.156.0231,156,231,80,The damage caused by a duel here#cr0is nothing like it is in your world.,1
scrpack.156.0235,156,235,72,"Win enough duels,#cr0and ruling this world is not impossible.",1
scrpack.156.0244,156,244,12,...,0
scrpack.156.0248,156,248,124,GARDE is always searching for true duelists#cr0to increase its own power.#cr0Perhaps that is why you were summoned.,2
scrpack.156.0253,156,253,20,W-What...?,0
scrpack.156.0276,156,276,84,Who knows?#cr0We belong to this world.#cr0We don't know how to reach yours.,2
scrpack.156.0285,156,285,44,"Come on, there has to be some way!",0
scrpack.156.0289,156,289,36,Still... I have a feeling.,0
scrpack.156.0298,156,298,16,Really?!,0
scrpack.156.0302,156,302,36,The key lies in D.M. Cards.,0
scrpack.156.0311,156,311,20,D.M. Cards?!,0
scrpack.156.0315,156,315,68,"As I've said, the power of D.M. Cards#cr0is beyond measure.",1
scrpack.156.0319,156,319,84,Gather more cards and keep dueling.#cr0I'm sure a path will eventually open.,1
scrpack.156.0342,156,342,104,"The world's most thrilling card game.#cr0At least, that's what it is#cr0to ordinary people...",2
scrpack.156.0352,156,352,12,...,0
scrpack.156.0356,156,356,68,"But to a true duelist,#cr0D.M. Cards mean something more.",1
scrpack.156.0360,156,360,112,A vast power that can scorch the heavens#cr0and shatter the earth.#cr0They say even gods bow before it.,2
scrpack.156.0364,156,364,48,D.M. Cards are the source of that power.,0
scrpack.156.0373,156,373,40,That's gotta be exaggerating.,0
scrpack.156.0377,156,377,68,You should know already#cr0what a true duel really means...,1
scrpack.156.0386,156,386,92,"D.M. Cards wield tremendous power#cr0even in your world,#cr0where mana has vanished.",2
scrpack.156.0390,156,390,108,"Imagine what would happen#cr0if that power were unleashed here,#cr0in a world overflowing with mana.",2
scrpack.156.0399,156,399,32,"...#cr0Okay, I get it.",1
scrpack.156.0403,156,403,128,"If two powerful duelists fought seriously,#cr0the results could be catastrophic.#cr0Even the winner might not survive.",2
scrpack.156.0412,156,412,32,Then what should I do?,0
scrpack.156.0416,156,416,92,"Hmm, true...#cr0To protect duelists from that danger,#cr0I've prepared something.",2
scrpack.156.0425,156,425,16,Armor?,0
scrpack.156.0429,156,429,36,All right. You can have it.,0
scrpack.156.0438,156,438,20,Thank you.,0
scrpack.156.0448,156,448,32,Huh? It's way too big.,0
scrpack.156.0452,156,452,44,"Yes, it's much too large for you.",0
scrpack.156.0456,156,456,44,George may have some smaller armor.,0
scrpack.156.0460,156,460,44,Ask George if you can use his armor.,0
scrpack.156.0469,156,469,36,Okay.#cr0Where is George?,1
scrpack.156.0473,156,473,68,He wanders all over.#cr0Try looking around the outskirts.,1
scrpack.156.0497,156,497,100,Most likely one of GARDE's agents.#cr0They must be searching for something in this world.,1
scrpack.156.0506,156,506,36,What is GARDE looking for?,0
scrpack.156.0510,156,510,84,"I don't know.#cr0But whatever it is,#cr0we cannot allow GARDE to have it.",2
scrpack.156.0514,156,514,80,Yu's abduction may be connected#cr0to whatever they're searching for.,1
scrpack.156.0536,156,536,72,He's trying to rule this world.#cr0A dangerous little monster.,1
scrpack.156.0545,156,545,36,Yeah. He told me himself...,0
scrpack.156.0549,156,549,88,"He's a capable duelist,#cr0but there is no way Benny could do all this alone.",1
scrpack.156.0553,156,553,52,There must be a greater power behind him.,0
scrpack.156.0563,156,563,24,A greater power?,0
scrpack.156.0567,156,567,84,GARDE is probably involved.#cr0This isn't something you can handle alone.,1
scrpack.156.0571,156,571,16,GARDE...,0
scrpack.156.0584,156,584,72,"In this mana-rich world,#cr0dueling without armor is dangerous.",1
scrpack.156.0588,156,588,84,I don't have armor that fits you.#cr0George's armor should be small enough.,1
scrpack.156.0595,156,595,60,"If you want to find George,#cr0try the outskirts.",1
scrpack.156.0600,156,600,60,"If you want to find George,#cr0try the outskirts.",1
scrpack.156.0605,156,605,64,I saw George heading toward#cr0the Center of the World.,1
scrpack.156.0610,156,610,52,I saw George heading toward the Outskirts.,0
scrpack.156.0615,156,615,48,I saw George heading toward the plaza.,0
scrpack.156.0620,156,620,104,"That armor protects you not only from D.M. Cards,#cr0but from many kinds of attacks and damage.",1
scrpack.156.0635,156,635,76,Benny kidnapped Yu!#cr0Do you know where he might have taken her?,1
scrpack.156.0639,156,639,32,What?!#cr0Is that true?,1
scrpack.156.0648,156,648,60,Yeah. Something about ruling the world together...,0
scrpack.156.0652,156,652,44,That's bad.#cr0Benny has her now...,1
scrpack.156.0656,156,656,68,I'll tell you if I learn anything#cr0about Yu's whereabouts.,1
scrpack.156.0679,156,679,68,"Originally, people like us#cr0did not exist in this world.",1
scrpack.156.0683,156,683,172,"Several years ago, the wall between dimensions broke.#cr0Thoughts from another world began taking physical form#cr0here. That's how people like us came to exist.",2
scrpack.156.0688,156,688,44,You could call us clones of souls.,0
scrpack.156.0693,156,693,12,Huh?,0
scrpack.156.0697,156,697,76,The me in this world and the me in yours#cr0are different people.,1
scrpack.156.0701,156,701,36,Then Yu is one of those too?,0
scrpack.156.0705,156,705,36,...#cr0Something like that.,1
scrpack.156.0715,156,715,44,Then could there be another me too?!,0
scrpack.156.0719,156,719,76,"There should be.#cr0But for some reason,#cr0I've never met him...",2
scrpack.156.0751,156,751,128,That forest is called the Forest of Delusion.#cr0Stay too long and dreams mix with reality.#cr0It's extremely dangerous.,2
scrpack.156.0755,156,755,88,"So that's why everybody was acting weird.#cr0Didn't affect me at all, though.",1
scrpack.156.0759,156,759,84,"Dragons resist magic.#cr0Still, why were so many people wandering in there?",1
scrpack.156.0763,156,763,72,There should have been a warning sign#cr0to keep people away.,1
scrpack.156.0767,156,767,48,A sign? I didn't see one.#cr0Did you?,1
scrpack.156.0772,156,772,16,Nope.,0
scrpack.156.0776,156,776,60,Then put up a new sign#cr0at the forest entrance.,1
scrpack.156.0780,156,780,104,And search the forest for anyone lost inside.#cr0Bring them out safely.#cr0I'll reward you well.,2
scrpack.156.0789,156,789,32,Sure! Leave it to us.,0
scrpack.156.0793,156,793,48,Good. And don't stay in there too long.,0
scrpack.156.0826,156,826,128,That forest is called the Forest of Delusion.#cr0Stay too long and dreams mix with reality.#cr0It's extremely dangerous.,2
scrpack.156.0830,156,830,64,So that explains it.#cr0But I felt completely normal.,1
scrpack.156.0834,156,834,84,"Dragons resist magic.#cr0Still, why were so many people wandering in there?",1
scrpack.156.0838,156,838,72,There should have been a warning sign#cr0to keep people away.,1
scrpack.156.0842,156,842,60,A sign?#cr0I don't remember seeing one.#cr0Did you?,2
scrpack.156.0847,156,847,12,No.,0
scrpack.156.0851,156,851,60,Then put up a new sign#cr0at the forest entrance.,1
scrpack.156.0855,156,855,104,And search the forest for anyone lost inside.#cr0Bring them out safely.#cr0I'll reward you well.,2
scrpack.156.0864,156,864,28,Yes! Leave it to us!,0
scrpack.156.0868,156,868,48,Good. And don't stay in there too long.,0
scrpack.156.0901,156,901,128,That forest is called the Forest of Delusion.#cr0Stay too long and dreams mix with reality.#cr0It's extremely dangerous.,2
scrpack.156.0905,156,905,68,"Oh, that explains it.#cr0Didn't affect me at all, though.",1
scrpack.156.0909,156,909,84,"Dragons resist magic.#cr0Still, why were so many people wandering in there?",1
scrpack.156.0913,156,913,72,There should have been a warning sign#cr0to keep people away.,1
scrpack.156.0917,156,917,48,A sign? I didn't see one.#cr0Did you?,1
scrpack.156.0922,156,922,24,Didn't see it.,0
scrpack.156.0926,156,926,60,Then put up a new sign#cr0at the forest entrance.,1
scrpack.156.0930,156,930,104,And search the forest for anyone lost inside.#cr0Bring them out safely.#cr0I'll reward you well.,2
scrpack.156.0939,156,939,32,Okay! Leave it to us! ♪,0
scrpack.156.0943,156,943,48,Good. And don't stay in there too long.,0
scrpack.156.0976,156,976,128,That forest is called the Forest of Delusion.#cr0Stay too long and dreams mix with reality.#cr0It's extremely dangerous.,2
scrpack.156.0980,156,980,56,"So that's why.#cr0Didn't affect me at all, Boss.",1
scrpack.156.0984,156,984,84,"Dragons resist magic.#cr0Still, why were so many people wandering in there?",1
scrpack.156.0988,156,988,72,There should have been a warning sign#cr0to keep people away.,1
scrpack.156.0992,156,992,44,A sign? Don't remember seeing one.,0
scrpack.156.0996,156,996,44,"Yeah, we definitely didn't see one.",0
scrpack.156.1000,156,1000,60,Then put up a new sign#cr0at the forest entrance.,1
scrpack.156.1004,156,1004,104,And search the forest for anyone lost inside.#cr0Bring them out safely.#cr0I'll reward you well.,2
scrpack.156.1014,156,1014,92,"A reward?! Woo-hoo!#cr0Boss, let's help them.#cr0For the good of everybody, right?",2
scrpack.156.1018,156,1018,60,We're already involved.#cr0Might as well finish it.,1
scrpack.156.1022,156,1022,24,That's my Boss!,0
scrpack.156.1026,156,1026,48,Good. And don't stay in there too long.,0
scrpack.156.1041,156,1041,128,That forest is called the Forest of Delusion.#cr0Stay too long and dreams mix with reality.#cr0It's extremely dangerous.,2
scrpack.156.1045,156,1045,120,"Put up a new warning sign at the entrance,#cr0then bring out anyone lost in the forest.#cr0I'll reward you well.",2
scrpack.156.1050,156,1050,88,I just heard that something strange#cr0is happening in the Water Civilization.,1
scrpack.156.1064,156,1064,64,!!#cr0Rei must have made her move#cr0to defeat Benny!,2
scrpack.156.1073,156,1073,56,"What's wrong, Mimi?#cr0Why the sudden outburst?",1
scrpack.156.1077,156,1077,32,Because Rei...#cr0Ah!,1
scrpack.156.1082,156,1082,32,"S-Sorry, Master Hakuoh.",0
scrpack.156.1091,156,1091,68,"But my heart still belongs#cr0only to you, Master Hakuoh! ♪",1
scrpack.156.1095,156,1095,12,??,0
scrpack.156.1104,156,1104,72,"I don't really get it,#cr0but if Mimi's worried, let's all go!",1
scrpack.156.1116,156,1116,64,I just heard that GARDE took away#cr0a cute young girl.,1
scrpack.156.1120,156,1120,40,It might have been little Yu.,0
scrpack.156.1135,156,1135,24,What?! Really?!,0
scrpack.156.1139,156,1139,104,"I don't know where exactly,#cr0but I heard they took her somewhere#cr0in the Fire Civilization.",2
scrpack.156.1153,156,1153,52,"All right!#cr0Let's go find her, everyone!",1
scrpack.156.1171,156,1171,36,What do you want to know?,0
scrpack.156.1183,156,1183,68,So GARDE really was behind#cr0this entire chain of events.,1
scrpack.156.1196,156,1196,108,There is supposed to be a place#cr0where the Primordial Cards are sealed.#cr0How do we get there?,2
scrpack.156.1200,156,1200,48,Hmm... I've never heard of such a place.,0
scrpack.156.1204,156,1204,64,"Benny might know.#cr0After all, he's a member of GARDE.",1
scrpack.156.1213,156,1213,88,I see.#cr0GARDE probably knows more about#cr0the Primordial Cards than we do.,2
scrpack.156.1217,156,1217,44,"Unfortunately, that's probably true.",0
scrpack.156.1231,156,1231,88,Rumor says Benny was seen near the lab.#cr0He may be plotting something again.,1
scrpack.156.1244,156,1244,36,He seriously never learns...,0
scrpack.156.1248,156,1248,36,Would you go take a look?,0
scrpack.156.1262,156,1262,80,"Come to think of it, Shori Kirifuda#cr0stopped by while you were gone.",1
scrpack.156.1275,156,1275,24,What?! Really?!,0
scrpack.156.1279,156,1279,40,He said you've gotten stronger.,0
scrpack.156.1288,156,1288,48,"What?!#cr0Where have you been, Dad...?",1
scrpack.157.0027,157,27,16,Sigh...,0
scrpack.157.0035,157,35,44,"What's wrong, Sho? You look down.",0
scrpack.157.0044,157,44,104,I thought the Battle Arena would be hotter than ever this year!#cr0But nobody's showing up...,1
scrpack.157.0053,157,53,84,WHYYYY?!#cr0Who skips an event this hot?!#cr0It's wrong! Completely wrong!,2
scrpack.157.0062,157,62,44,And I opened it a whole month early!,0
scrpack.157.0070,157,70,20,That's why.,0
scrpack.157.0079,157,79,28,What do you mean?,0
scrpack.157.0083,157,83,60,"Nobody knows the tournament moved up a month, right?",0
scrpack.157.0093,157,93,16,Aaaah!,0
scrpack.157.0097,157,97,32,Why'd you move it up?,0
scrpack.157.0106,157,106,44,Because...#cr0I just couldn't wait!,1
scrpack.157.0115,157,115,56,I get it! Totally!#cr0I'd probably do the same!,1
scrpack.157.0124,157,124,28,You're both idiots.,0
scrpack.157.0138,157,138,24,Say something?,0
scrpack.157.0147,157,147,16,Nope.,0
scrpack.157.0156,157,156,92,"Hey, you guys!#cr0Will you help advertise the Arena?#cr0I'll reward you, of course!",2
scrpack.157.0165,157,165,32,All right! We'll do it!,0
scrpack.157.0186,157,186,76,"Still not enough publicity!#cr0Please, keep at it a little longer!",1
scrpack.157.0211,157,211,40,"Whoa, that's a lot of people.",0
scrpack.157.0220,157,220,84,Yesss!!#cr0Now we're getting fired up!#cr0The Battle Arena can finally open!,2
scrpack.157.0233,157,233,76,Thanks! Here's your reward!#cr0A reward from me... re-WARD... heh.,1
scrpack.157.0251,157,251,20,Never mind.,0
scrpack.157.0260,157,260,24,"Here, take it.",0
scrpack.157.0280,157,280,80,"What, you want more?#cr0Fine! Special bonus: one hundred impressions!",1
scrpack.157.0291,157,291,20,Jelly Worm.,0
scrpack.157.0300,157,300,24,...#cr0See ya.,1
scrpack.157.0324,157,324,16,Sigh...,0
scrpack.157.0332,157,332,44,"What's wrong, Sho? You look down.",0
scrpack.157.0340,157,340,16,He does.,0
scrpack.157.0349,157,349,104,I thought the Battle Arena would be hotter than ever this year!#cr0But nobody's showing up...,1
scrpack.157.0358,157,358,84,WHYYYY?!#cr0Who skips an event this hot?!#cr0It's wrong! Completely wrong!,2
scrpack.157.0367,157,367,44,And I opened it a whole month early!,0
scrpack.157.0371,157,371,20,That's why.,0
scrpack.157.0375,157,375,16,Yeah.,0
scrpack.157.0384,157,384,28,What do you mean?,0
scrpack.157.0388,157,388,52,Did you tell anyone it starts a month early?,0
scrpack.157.0398,157,398,16,Aaaah!,0
scrpack.157.0402,157,402,32,Why'd you move it up?,0
scrpack.157.0411,157,411,44,Because...#cr0I just couldn't wait!,1
scrpack.157.0420,157,420,16,Idiot.,0
scrpack.157.0429,157,429,16,Yeah.,0
scrpack.157.0433,157,433,92,"Hey, you guys!#cr0Will you help advertise the Arena?#cr0I'll reward you, of course!",2
scrpack.157.0447,157,447,32,Okay. Leave it to us.,0
scrpack.157.0468,157,468,76,"Still not enough publicity!#cr0Please, keep at it a little longer!",1
scrpack.157.0493,157,493,40,"Whoa, that's a lot of people.",0
scrpack.157.0501,157,501,16,Sure is.,0
scrpack.157.0511,157,511,84,Yesss!!#cr0Now we're getting fired up!#cr0The Battle Arena can finally open!,2
scrpack.157.0524,157,524,76,Thanks! Here's your reward!#cr0A reward from me... re-WARD... heh.,1
scrpack.157.0542,157,542,20,Never mind.,0
scrpack.157.0551,157,551,24,"Here, take it.",0
scrpack.157.0571,157,571,80,"What, you want more?#cr0Fine! Special bonus: one hundred impressions!",1
scrpack.157.0582,157,582,20,Jelly Worm.,0
scrpack.157.0591,157,591,32,No thanks.#cr0See you.,1
scrpack.157.0615,157,615,16,Sigh...,0
scrpack.157.0623,157,623,44,What's wrong? You look discouraged.,0
scrpack.157.0632,157,632,104,I thought the Battle Arena would be hotter than ever this year!#cr0But nobody's showing up...,1
scrpack.157.0641,157,641,84,WHYYYY?!#cr0Who skips an event this hot?!#cr0It's wrong! Completely wrong!,2
scrpack.157.0650,157,650,44,And I opened it a whole month early!,0
scrpack.157.0654,157,654,28,That's the problem.,0
scrpack.157.0663,157,663,28,What do you mean?,0
scrpack.157.0667,157,667,48,Nobody knows it was moved up a month.,0
scrpack.157.0677,157,677,16,Aaaah!,0
scrpack.157.0681,157,681,32,Why did you move it up?,0
scrpack.157.0690,157,690,44,Because...#cr0I just couldn't wait!,1
scrpack.157.0699,157,699,52,Ha ha... I suppose that's understandable.,0
scrpack.157.0703,157,703,92,"Hey, you guys!#cr0Will you help advertise the Arena?#cr0I'll reward you, of course!",2
scrpack.157.0712,157,712,20,All right.,0
scrpack.157.0733,157,733,76,"Still not enough publicity!#cr0Please, keep at it a little longer!",1
scrpack.157.0758,157,758,36,Quite a crowd has gathered.,0
scrpack.157.0767,157,767,84,Yesss!!#cr0Now we're getting fired up!#cr0The Battle Arena can finally open!,2
scrpack.157.0780,157,780,76,Thanks! Here's your reward!#cr0A reward from me... re-WARD... heh.,1
scrpack.157.0798,157,798,20,Never mind.,0
scrpack.157.0807,157,807,24,"Here, take it.",0
scrpack.157.0827,157,827,80,"What, you want more?#cr0Fine! Special bonus: one hundred impressions!",1
scrpack.157.0838,157,838,20,Jelly Worm.,0
scrpack.157.0847,157,847,40,I-I'll pass on that.#cr0Goodbye.,1
scrpack.157.0871,157,871,16,Sigh...,0
scrpack.157.0879,157,879,44,"What's wrong, Sho? You look down.",0
scrpack.157.0888,157,888,104,I thought the Battle Arena would be hotter than ever this year!#cr0But nobody's showing up...,1
scrpack.157.0897,157,897,84,WHYYYY?!#cr0Who skips an event this hot?!#cr0It's wrong! Completely wrong!,2
scrpack.157.0906,157,906,44,And I opened it a whole month early!,0
scrpack.157.0910,157,910,20,That's it.,0
scrpack.157.0919,157,919,28,What do you mean?,0
scrpack.157.0923,157,923,48,Nobody knows it starts a month early.,0
scrpack.157.0933,157,933,16,Aaaah!,0
scrpack.157.0937,157,937,36,But why'd you move it up?,0
scrpack.157.0946,157,946,44,Because...#cr0I just couldn't wait!,1
scrpack.157.0955,157,955,12,...,0
scrpack.157.0959,157,959,92,"Hey, you guys!#cr0Will you help advertise the Arena?#cr0I'll reward you, of course!",2
scrpack.157.0968,157,968,40,All right! Mimi will help! ♪,0
scrpack.157.0989,157,989,76,"Still not enough publicity!#cr0Please, keep at it a little longer!",1
scrpack.157.1014,157,1014,36,Quite a crowd is showing up.,0
scrpack.157.1023,157,1023,84,Yesss!!#cr0Now we're getting fired up!#cr0The Battle Arena can finally open!,2
scrpack.157.1036,157,1036,76,Thanks! Here's your reward!#cr0A reward from me... re-WARD... heh.,1
scrpack.157.1054,157,1054,20,Never mind.,0
scrpack.157.1063,157,1063,24,"Here, take it.",0
scrpack.157.1083,157,1083,80,"What, you want more?#cr0Fine! Special bonus: one hundred impressions!",1
scrpack.157.1094,157,1094,20,Jelly Worm.,0
scrpack.157.1103,157,1103,28,N-No thanks.#cr0Bye.,1
scrpack.157.1127,157,1127,16,Sigh...,0
scrpack.157.1135,157,1135,52,"What's wrong, Big Bro Sho?#cr0You look down.",1
scrpack.157.1144,157,1144,104,I thought the Battle Arena would be hotter than ever this year!#cr0But nobody's showing up...,1
scrpack.157.1153,157,1153,84,WHYYYY?!#cr0Who skips an event this hot?!#cr0It's wrong! Completely wrong!,2
scrpack.157.1162,157,1162,44,And I opened it a whole month early!,0
scrpack.157.1170,157,1170,20,That's why.,0
scrpack.157.1179,157,1179,28,What do you mean?,0
scrpack.157.1183,157,1183,48,Nobody knows it starts a month early.,0
scrpack.157.1193,157,1193,16,Aaaah!,0
scrpack.157.1197,157,1197,32,Why'd you move it up?,0
scrpack.157.1206,157,1206,44,Because...#cr0I just couldn't wait!,1
scrpack.157.1215,157,1215,16,Idiot.,0
scrpack.157.1219,157,1219,92,"Hey, you guys!#cr0Will you help advertise the Arena?#cr0I'll reward you, of course!",2
scrpack.157.1228,157,1228,40,Why the hell should I do that?,0
scrpack.157.1238,157,1238,88,"Come on, Boss, let's help.#cr0If the Arena doesn't open,#cr0you'll miss out too.",2
scrpack.157.1247,157,1247,52,And there's a reward.#cr0Let's help 'em out.,1
scrpack.157.1251,157,1251,16,Shut up!,0
scrpack.157.1260,157,1260,20,Come on...,0
scrpack.157.1269,157,1269,32,Fine! I said shut up!,0
scrpack.157.1278,157,1278,28,"Huh? Then, Boss...?",0
scrpack.157.1287,157,1287,76,I want to duel too.#cr0Fine. I'll help with the stupid advertising.,1
scrpack.157.1296,157,1296,52,Yahoo! That's my Boss!#cr0Let's get going!,1
scrpack.157.1300,157,1300,40,We're campaign boys!#cr0Woo-hoo!,1
scrpack.157.1321,157,1321,76,"Still not enough publicity!#cr0Please, keep at it a little longer!",1
scrpack.157.1350,157,1350,28,"Quite a crowd, huh?",0
scrpack.157.1360,157,1360,84,Yesss!!#cr0Now we're getting fired up!#cr0The Battle Arena can finally open!,2
scrpack.157.1373,157,1373,76,Thanks! Here's your reward!#cr0A reward from me... re-WARD... heh.,1
scrpack.157.1386,157,1386,20,Never mind.,0
scrpack.157.1395,157,1395,24,"Here, take it.",0
scrpack.157.1415,157,1415,80,"What, you want more?#cr0Fine! Special bonus: one hundred impressions!",1
scrpack.157.1426,157,1426,20,Jelly Worm.,0
scrpack.157.1435,157,1435,68,Big Bro Sho is amazing!#cr0Woo-hoo! What impression is next?,1
scrpack.157.1445,157,1445,88,"Huh? Boss, where're you going?#cr0There are still ninety-nine impressions left!",1
scrpack.157.1449,157,1449,20,Pathetic.,0
scrpack.157.1460,157,1460,28,"Hey, wait for me!",0
scrpack.158.0029,158,29,48,The Battle Arena starts early this year.,0
scrpack.158.0033,158,33,44,Really?#cr0Then I'd better sign up!,1
scrpack.158.0043,158,43,20,"Oh, right!",0
scrpack.158.0052,158,52,88,"Hey, Shobu, duel me for a bit.#cr0I want some practice before the tournament.",1
scrpack.158.0061,158,61,16,Sure!,0
scrpack.158.0096,158,96,24,Go easy on me.,0
scrpack.158.0263,158,263,20,Outskirts,0
scrpack.158.0309,158,309,20,Outskirts,0
scrpack.158.0319,158,319,28,No good after all...,0
scrpack.158.0323,158,323,60,Don't get down.#cr0You did pretty well for Rekuta.,1
scrpack.158.0332,158,332,60,Really?#cr0All right! This time I'll win round one!,1
scrpack.158.0350,158,350,20,Outskirts,0
scrpack.158.0396,158,396,20,Outskirts,0
scrpack.158.0406,158,406,60,Yes! I feel confident now!#cr0See you at the Arena!,1
scrpack.158.0426,158,426,48,Losing to Rekuta? You're getting rusty.,0
scrpack.158.0431,158,431,52,I lost on purpose to give him confidence.,0
scrpack.158.0440,158,440,48,How noble! That's Shori's son for you.,0
scrpack.158.0449,158,449,28,Yeah! Ha ha ha...,0
scrpack.158.0458,158,458,48,Never let your guard down.#cr0Heh heh...,1
scrpack.158.0467,158,467,24,Say something?,0
scrpack.158.0476,158,476,16,Nope.,0
scrpack.158.0498,158,498,64,Nobody here.#cr0Maybe everyone's headed to the Arena.,1
scrpack.158.0524,158,524,56,I hear the Battle Arena starts early this year.,0
scrpack.158.0528,158,528,44,Really?#cr0Then I'd better sign up!,1
scrpack.158.0538,158,538,20,"Oh, right!",0
scrpack.158.0547,158,547,80,"Hey, would you duel me?#cr0I want some practice before the tournament.",1
scrpack.158.0556,158,556,24,"Oh, all right.",0
scrpack.158.0591,158,591,24,Go easy on me.,0
scrpack.158.0758,158,758,20,Outskirts,0
scrpack.158.0804,158,804,20,Outskirts,0
scrpack.158.0814,158,814,28,No good after all...,0
scrpack.158.0818,158,818,60,Don't get discouraged.#cr0You fought pretty well.,1
scrpack.158.0827,158,827,60,Really?#cr0All right! This time I'll win round one!,1
scrpack.158.0845,158,845,20,Outskirts,0
scrpack.158.0891,158,891,20,Outskirts,0
scrpack.158.0901,158,901,60,Yes! I feel confident now!#cr0See you at the Arena!,1
scrpack.158.0921,158,921,24,What's wrong?,0
scrpack.158.0930,158,930,44,I lost to Rekuta...#cr0I'm crushed.,1
scrpack.158.0955,158,955,64,Nobody here.#cr0Maybe everyone's headed to the Arena.,1
scrpack.158.0959,158,959,16,Maybe.,0
scrpack.158.0985,158,985,56,I hear the Battle Arena starts early this year.,0
scrpack.158.0989,158,989,56,Really?#cr0Then I should sign up immediately.,1
scrpack.158.0999,158,999,20,"Oh, right!",0
scrpack.158.1008,158,1008,76,Would you duel me?#cr0I'd like some practice before the tournament.,1
scrpack.158.1017,158,1017,20,Certainly.,0
scrpack.158.1052,158,1052,24,Go easy on me.,0
scrpack.158.1219,158,1219,20,Outskirts,0
scrpack.158.1265,158,1265,20,Outskirts,0
scrpack.158.1275,158,1275,28,No good after all...,0
scrpack.158.1279,158,1279,56,Don't be discouraged.#cr0You fought quite well.,1
scrpack.158.1288,158,1288,60,Really?#cr0All right! This time I'll win round one!,1
scrpack.158.1306,158,1306,20,Outskirts,0
scrpack.158.1352,158,1352,20,Outskirts,0
scrpack.158.1362,158,1362,60,Yes! I feel confident now!#cr0See you at the Arena!,1
scrpack.158.1382,158,1382,60,"Master Hakuoh, losing deliberately is not admirable.",0
scrpack.158.1387,158,1387,88,Rekuta has extraordinary dueling talent.#cr0It simply hadn't surfaced until now.,1
scrpack.158.1391,158,1391,48,"But at last, his talent has blossomed.",0
scrpack.158.1400,158,1400,24,S-Surely not...,0
scrpack.158.1409,158,1409,32,Who knows? Hee hee...,0
scrpack.158.1431,158,1431,64,Nobody here.#cr0Perhaps everyone's headed to the Arena.,1
scrpack.158.1457,158,1457,56,I hear the Battle Arena starts early this year.,0
scrpack.158.1461,158,1461,44,Really?#cr0Then I'd better sign up!,1
scrpack.158.1471,158,1471,20,"Oh, right!",0
scrpack.158.1480,158,1480,72,Mimi! Duel me!#cr0I want some practice before the tournament.,1
scrpack.158.1489,158,1489,16,Sure! ♪,0
scrpack.158.1524,158,1524,24,Go easy on me.,0
scrpack.158.1691,158,1691,20,Outskirts,0
scrpack.158.1737,158,1737,20,Outskirts,0
scrpack.158.1747,158,1747,28,No good after all...,0
scrpack.158.1751,158,1751,60,Don't say that.#cr0You did pretty well for Rekuta.,1
scrpack.158.1760,158,1760,60,Really?#cr0All right! This time I'll win round one!,1
scrpack.158.1778,158,1778,20,Outskirts,0
scrpack.158.1824,158,1824,20,Outskirts,0
scrpack.158.1834,158,1834,60,Yes! I feel confident now!#cr0See you at the Arena!,1
scrpack.158.1854,158,1854,24,What's wrong?,0
scrpack.158.1864,158,1864,32,I-I lost to Rekuta...,0
scrpack.158.1873,158,1873,84,"What are you saying?#cr0You lost on purpose to build his confidence, right?",1
scrpack.158.1882,158,1882,48,Huh? Y-Yeah!#cr0Totally on purpose! ♪,1
scrpack.158.1904,158,1904,64,Nobody here.#cr0Maybe everyone's headed to the Arena.,1
scrpack.158.1934,158,1934,56,I hear the Battle Arena starts early this year.,0
scrpack.158.1938,158,1938,44,Really?#cr0Then I'd better sign up!,1
scrpack.158.1948,158,1948,20,"Oh, right!",0
scrpack.158.1957,158,1957,76,Would you duel me?#cr0I want some practice before the tournament.,1
scrpack.158.1966,158,1966,16,What?,0
scrpack.158.1975,158,1975,88,"Come on, Boss.#cr0It's for the Battle Arena.#cr0Give the kid a little service.",2
scrpack.158.1984,158,1984,16,Hmph...,0
scrpack.158.2020,158,2020,24,Go easy on me.,0
scrpack.158.2187,158,2187,20,Outskirts,0
scrpack.158.2237,158,2237,20,Outskirts,0
scrpack.158.2247,158,2247,28,No good after all...,0
scrpack.158.2256,158,2256,72,Don't get down.#cr0You never stood a chance against Boss anyway.,1
scrpack.158.2265,158,2265,56,"Oh, right!#cr0Then this time I'll win round one!",1
scrpack.158.2283,158,2283,20,Outskirts,0
scrpack.158.2329,158,2329,20,Outskirts,0
scrpack.158.2339,158,2339,60,Yes! I feel confident now!#cr0See you at the Arena!,1
scrpack.158.2359,158,2359,76,"Boss, I'm impressed!#cr0You lost on purpose to build his confidence!",1
scrpack.158.2368,158,2368,88,"Y-Yeah.#cr0Gotta give the customer some service.#cr0At the tournament, no mercy.",2
scrpack.158.2393,158,2393,64,Nobody here.#cr0Think everyone's headed to the Arena?,1
scrpack.159.0029,159,29,56,I hear the Battle Arena starts early this year.,0
scrpack.159.0033,159,33,60,What?! Really?#cr0Then I'd better enter right away!,1
scrpack.159.0037,159,37,36,"Shobu, are you entering too?",0
scrpack.159.0046,159,46,20,Of course!,0
scrpack.159.0050,159,50,40,Then how about a duel with me?,0
scrpack.159.0059,159,59,24,"Sure, let's go!",0
scrpack.159.0094,159,94,48,A little practice before the real thing.,0
scrpack.159.0261,159,261,28,Center of the World,0
scrpack.159.0307,159,307,28,Center of the World,0
scrpack.159.0317,159,317,68,I studied your dueling carefully.#cr0I won't lose next time!,1
scrpack.159.0335,159,335,28,Center of the World,0
scrpack.159.0381,159,381,28,Center of the World,0
scrpack.159.0391,159,391,48,What a great start!#cr0See you around!,1
scrpack.159.0412,159,412,64,Nobody here.#cr0Maybe everyone's headed to the Arena.,1
scrpack.159.0438,159,438,56,I hear the Battle Arena starts early this year.,0
scrpack.159.0442,159,442,60,What?! Really?#cr0Then I'd better enter right away!,1
scrpack.159.0446,159,446,32,Are you entering too?,0
scrpack.159.0455,159,455,20,Of course.,0
scrpack.159.0459,159,459,40,Then how about a duel with me?,0
scrpack.159.0463,159,463,28,"Sure, let's duel!",0
scrpack.159.0498,159,498,48,A little practice before the real thing.,0
scrpack.159.0665,159,665,28,Center of the World,0
scrpack.159.0711,159,711,28,Center of the World,0
scrpack.159.0721,159,721,68,I studied your dueling carefully.#cr0I won't lose next time!,1
scrpack.159.0739,159,739,28,Center of the World,0
scrpack.159.0785,159,785,28,Center of the World,0
scrpack.159.0795,159,795,48,What a great start!#cr0See you around!,1
scrpack.159.0820,159,820,64,Nobody here.#cr0Maybe everyone's headed to the Arena.,1
scrpack.159.0824,159,824,16,Maybe.,0
scrpack.159.0850,159,850,56,I hear the Battle Arena starts early this year.,0
scrpack.159.0854,159,854,60,What?! Really?#cr0Then I'd better enter right away!,1
scrpack.159.0858,159,858,44,"Master Hakuoh, are you entering too?",0
scrpack.159.0867,159,867,28,"Yes, I intend to.",0
scrpack.159.0871,159,871,32,Then would you duel me?,0
scrpack.159.0880,159,880,20,I accept.,0
scrpack.159.0915,159,915,48,A little practice before the real thing.,0
scrpack.159.1082,159,1082,28,Center of the World,0
scrpack.159.1128,159,1128,28,Center of the World,0
scrpack.159.1138,159,1138,84,"I studied your dueling carefully, Master Hakuoh.#cr0I won't lose next time!",1
scrpack.159.1156,159,1156,28,Center of the World,0
scrpack.159.1202,159,1202,28,Center of the World,0
scrpack.159.1212,159,1212,48,What a great start!#cr0See you around!,1
scrpack.159.1233,159,1233,64,Nobody here.#cr0Perhaps everyone's headed to the Arena.,1
scrpack.159.1259,159,1259,56,I hear the Battle Arena starts early this year.,0
scrpack.159.1263,159,1263,60,What?! Really?#cr0Then I'd better enter right away!,1
scrpack.159.1267,159,1267,36,"Mimi, are you entering too?",0
scrpack.159.1276,159,1276,20,Of course!,0
scrpack.159.1280,159,1280,40,Then how about a duel with me?,0
scrpack.159.1284,159,1284,36,All right! I won't lose! ♪,0
scrpack.159.1319,159,1319,48,A little practice before the real thing.,0
scrpack.159.1486,159,1486,28,Center of the World,0
scrpack.159.1532,159,1532,28,Center of the World,0
scrpack.159.1542,159,1542,76,"I studied your dueling carefully, Mimi.#cr0I won't lose next time!",1
scrpack.159.1560,159,1560,28,Center of the World,0
scrpack.159.1606,159,1606,28,Center of the World,0
scrpack.159.1616,159,1616,48,What a great start!#cr0See you around!,1
scrpack.159.1637,159,1637,64,Nobody here.#cr0Maybe everyone's headed to the Arena.,1
scrpack.159.1663,159,1663,60,"Hey, I hear the Battle Arena starts early this year.",0
scrpack.159.1667,159,1667,60,What?! Really?#cr0Then I'd better enter right away!,1
scrpack.159.1671,159,1671,40,"Kokujo, are you entering too?",0
scrpack.159.1675,159,1675,20,Who knows.,0
scrpack.159.1679,159,1679,64,Keeping it secret? Fine.#cr0How about a duel with me?,1
scrpack.159.1683,159,1683,20,Hmph. Fine.,0
scrpack.159.1718,159,1718,48,A little practice before the real thing.,0
scrpack.159.1885,159,1885,28,Center of the World,0
scrpack.159.1931,159,1931,28,Center of the World,0
scrpack.159.1941,159,1941,68,I studied your dueling carefully.#cr0I won't lose next time!,1
scrpack.159.1959,159,1959,28,Center of the World,0
scrpack.159.2005,159,2005,28,Center of the World,0
scrpack.159.2015,159,2015,48,What a great start!#cr0See you around!,1
scrpack.159.2036,159,2036,64,Nobody here.#cr0Think everyone's headed to the Arena?,1
scrpack.160.0038,160,38,28,"Hey, you old guys!",0
scrpack.160.0050,160,50,32,What?! Out of nowhere!,0
scrpack.160.0059,160,59,44,The Battle Arena is already open!,0
scrpack.160.0073,160,73,68,Don't be ridiculous.#cr0The Battle Arena is a month away.,1
scrpack.160.0082,160,82,36,It started early this year.,0
scrpack.160.0091,160,91,72,What?! We can't stand around!#cr0Time to set up the food stall!,1
scrpack.160.0100,160,100,20,You got it!,0
scrpack.160.0132,160,132,64,Nobody here.#cr0Maybe everyone's headed to the Arena.,1
scrpack.160.0166,160,166,24,"Hey, you guys.",0
scrpack.160.0178,160,178,32,What?! Out of nowhere!,0
scrpack.160.0187,160,187,56,Guess what? The Battle Arena is already open.,0
scrpack.160.0201,160,201,68,Don't be ridiculous.#cr0The Battle Arena is a month away.,1
scrpack.160.0210,160,210,36,It started early this year.,0
scrpack.160.0218,160,218,12,Yep.,0
scrpack.160.0227,160,227,72,What?! We can't stand around!#cr0Time to set up the food stall!,1
scrpack.160.0236,160,236,20,You got it!,0
scrpack.160.0272,160,272,64,Nobody here.#cr0Maybe everyone's headed to the Arena.,1
scrpack.160.0276,160,276,16,Maybe.,0
scrpack.160.0310,160,310,40,Excuse me. May I have a moment?,0
scrpack.160.0322,160,322,32,What?! Out of nowhere!,0
scrpack.160.0331,160,331,48,I hear the Battle Arena is already open.,0
scrpack.160.0345,160,345,68,Don't be ridiculous.#cr0The Battle Arena is a month away.,1
scrpack.160.0354,160,354,36,It started early this year.,0
scrpack.160.0363,160,363,72,What?! We can't stand around!#cr0Time to set up the food stall!,1
scrpack.160.0372,160,372,20,You got it!,0
scrpack.160.0404,160,404,64,Nobody here.#cr0Perhaps everyone's headed to the Arena.,1
scrpack.160.0438,160,438,24,"Hey, you two.",0
scrpack.160.0450,160,450,32,What?! Out of nowhere!,0
scrpack.160.0459,160,459,56,Surprise!#cr0The Battle Arena is already open!,1
scrpack.160.0473,160,473,68,Don't be ridiculous.#cr0The Battle Arena is a month away.,1
scrpack.160.0482,160,482,56,You didn't know?#cr0It started early this year.,1
scrpack.160.0491,160,491,72,What?! We can't stand around!#cr0Time to set up the food stall!,1
scrpack.160.0500,160,500,20,You got it!,0
scrpack.160.0532,160,532,64,Nobody here.#cr0Maybe everyone's headed to the Arena.,1
scrpack.160.0566,160,566,40,"Hey, you two shady-looking guys.",0
scrpack.160.0578,160,578,32,What?! Out of nowhere!,0
scrpack.160.0587,160,587,56,Guess what? The Battle Arena is already open.,0
scrpack.160.0601,160,601,68,Don't be ridiculous.#cr0The Battle Arena is a month away.,1
scrpack.160.0610,160,610,36,It started early this year.,0
scrpack.160.0619,160,619,72,What?! We can't stand around!#cr0Time to set up the food stall!,1
scrpack.160.0628,160,628,20,You got it!,0
scrpack.160.0660,160,660,64,Nobody here.#cr0Think everyone's headed to the Arena?,1
scrpack.161.0024,161,24,32,What a barbaric dance.,0
scrpack.161.0028,161,28,32,You. Dance. No strength.,0
scrpack.161.0039,161,39,44,My steps are graceful and delicate.,0
scrpack.161.0109,161,109,36,Me. Rhythm. Strong. Fierce.,0
scrpack.161.0158,161,158,52,"And what does that prove?#cr0Besides, you-",1
scrpack.161.0162,161,162,64,"Oh, perfect timing.#cr0You there! Which dance is cooler?",1
scrpack.161.0166,161,166,48,"My elegant, gorgeous, delicate dance-",0
scrpack.161.0170,161,170,68,Strong. Powerful. Fierce dance.#cr0Which better? You decide.,1
scrpack.161.0177,161,177,52,See? My dance is the best!#cr0La-la-la-la!,1
scrpack.161.0187,161,187,92,Hold it!#cr0I don't accept that judgment.#cr0What's so great about that limp dance?,2
scrpack.161.0191,161,191,52,How dare you!#cr0Teach this guy a lesson!,1
scrpack.161.0226,161,226,40,Heh... I'll beat you right back.,0
scrpack.161.0393,161,393,28,Center of the World,0
scrpack.161.0435,161,435,28,Center of the World,0
scrpack.161.0445,161,445,20,I-I lost.,0
scrpack.161.0449,161,449,68,Now it's proven once and for all:#cr0my dance is number one.,1
scrpack.161.0453,161,453,64,"You! Swear it now:#cr0""Lady Kachua's dance is the best.""",1
scrpack.161.0458,161,458,44,L-Lady Kachua's... Lady Kachua's...,0
scrpack.161.0462,161,462,20,Hurry up.,0
scrpack.161.0466,161,466,40,Lady Kachua's dance is the best.,0
scrpack.161.0471,161,471,48,Waaah!#cr0And yet the world still turns!,1
scrpack.161.0486,161,486,52,"Hee hee, thank you.#cr0Here's your reward.",1
scrpack.161.0511,161,511,28,Center of the World,0
scrpack.161.0557,161,557,28,Center of the World,0
scrpack.161.0567,161,567,60,Now you understand.#cr0A powerful dance is the best.,1
scrpack.161.0573,161,573,80,Me. Dance. Strong. Dabe.#cr0You. Duel. Weak. Dabe.#cr0Dabe. Dabe. Dabe.,2
scrpack.161.0591,161,591,40,You. Correct.#cr0My dance. Best.,1
scrpack.161.0601,161,601,68,Hold it!#cr0You've got nerve insulting Lady Kachua's dance!,1
scrpack.161.0605,161,605,60,What's so great about this backwoods stomp dance?!,0
scrpack.161.0611,161,611,40,He insult me.#cr0You defeat him.,1
scrpack.161.0648,161,648,36,Nobody insults Lady Kachua!,0
scrpack.161.0815,161,815,28,Center of the World,0
scrpack.161.0857,161,857,28,Center of the World,0
scrpack.161.0867,161,867,52,"Sorry, Lady Kachua.#cr0I'm going on ahead...",1
scrpack.161.0881,161,881,52,He punished.#cr0You great.#cr0Reward you.,2
scrpack.161.0906,161,906,28,Center of the World,0
scrpack.161.0952,161,952,28,Center of the World,0
scrpack.161.0962,161,962,72,"Now you understand, right?#cr0Lady Kachua's dance is number one!",1
scrpack.161.0966,161,966,56,What a good boy.#cr0I should give you a reward.,1
scrpack.161.0970,161,970,28,Then how about...,0
scrpack.161.0979,161,979,32,A sip of breast milk!!!,0
scrpack.161.0984,161,984,16,WHAM!,0
scrpack.161.0991,161,991,92,"Oh my, what happened?#cr0Must be bedtime.#cr0♪ Sleep now, sleep now, la-la-la-la...",2
scrpack.162.0118,162,118,28,Center of the World,0
scrpack.162.0153,162,153,60,A gentle light pours down from the sky.#cr0Look up?,1
scrpack.162.0165,162,165,84,Light envelops your body.#cr0Your mind goes completely blank.#cr0And then...,2
scrpack.163.0030,163,30,52,That's Jamira.#cr0What's he doing out here?,1
scrpack.163.0041,163,41,36,What a haul! What a haul!,0
scrpack.163.0055,163,55,48,Where did he get all those deck cases?,0
scrpack.163.0059,163,59,40,That looks extremely suspicious.,0
scrpack.163.0110,163,110,44,Jamira.#cr0Where did you get those?,1
scrpack.163.0123,163,123,16,Gulp.,0
scrpack.163.0132,163,132,60,Found 'em in the forest.#cr0Got a problem with that?,1
scrpack.163.0136,163,136,60,Why would there be decks lying around in a forest?,0
scrpack.163.0145,163,145,116,"Who knows?#cr0If you don't believe me, go look yourself.#cr0Maybe you'll find some nice cards. Heh heh...",2
scrpack.163.0176,163,176,20,Deep Forest,0
scrpack.163.0192,163,192,56,"Halt!#cr0If you wish to pass, defeat me first.",1
scrpack.163.0205,163,205,44,"Very well.#cr0Mikuni, let us duel-",1
scrpack.163.0214,163,214,24,"Shields, deploy!",0
scrpack.163.0225,163,225,12,...,0
scrpack.163.0229,163,229,48,What is wrong?#cr0Then I shall begin.,1
scrpack.163.0238,163,238,72,I charge this card as mana... turn over.#cr0Now it is your turn.,1
scrpack.163.0242,163,242,12,...,0
scrpack.163.0250,163,250,68,Is that one of those cards#cr0only honest people can see?,1
scrpack.163.0255,163,255,80,"No move, Robin?!#cr0You must fear the great Little John!#cr0Gahahaha!",2
scrpack.163.0260,163,260,12,...,0
scrpack.163.0264,163,264,32,Robin...? Who is Robin?,0
scrpack.163.0273,163,273,56,"Halt!#cr0If you wish to pass, defeat me first.",1
scrpack.163.0282,163,282,32,His eyes look strange.,0
scrpack.163.0292,163,292,68,"Oh, Lord Yoshitsune!#cr0Please accept me as your servant!",1
scrpack.163.0303,163,303,68,Whoa! The story changed completely.#cr0This is getting bad.,1
scrpack.163.0313,163,313,80,"I have no idea what's happening,#cr0but maybe we should leave him alone.",1
scrpack.163.0322,163,322,24,"Wait, please...",0
scrpack.163.0365,163,365,80,"I've been waiting, Hakuoh!#cr0At last, I've created the ultimate deck!",1
scrpack.163.0369,163,369,60,Behold!#cr0This deck will change dueling history!,1
scrpack.163.0383,163,383,36,You aren't holding a deck.,0
scrpack.163.0387,163,387,20,Let's go!,0
scrpack.163.0396,163,396,48,This again?#cr0What is happening here?,1
scrpack.163.0440,163,440,24,"Hold it, kid.",0
scrpack.163.0453,163,453,24,"Whoa, a baby?!",0
scrpack.163.0457,163,457,112,I challenge you to an O.M.T. Deathmatch!#cr0Behold my golden deck!#cr0I'll send you straight to hell!,2
scrpack.163.0467,163,467,80,"A golden deck...?#cr0Master Hakuoh, this forest is definitely strange.",1
scrpack.163.0477,163,477,64,"Very well.#cr0Naturally, I shall use this silver deck.",1
scrpack.163.0492,163,492,68,"Our lives!#cr0Our O.M.T. is on the line!#cr0Shields, deploy!",2
scrpack.163.0502,163,502,56,Wait... what are these golden and silver decks?,0
scrpack.163.0511,163,511,68,"More importantly,#cr0neither of you is holding any cards.",1
scrpack.163.0524,163,524,64,Shut up!#cr0You got a problem with our serious duel?!,1
scrpack.163.0528,163,528,72,Or what?#cr0Are you claiming YOU dropped#cr0this golden deck?,2
scrpack.163.0532,163,532,24,Of course not.,0
scrpack.163.0541,163,541,40,Then was it this silver deck?,0
scrpack.163.0550,163,550,56,"No, that isn't mine either.#cr0Master Hakuoh...",1
scrpack.163.0566,163,566,72,Such honesty!#cr0You may have both the gold and silver decks.,1
scrpack.163.0577,163,577,64,Aaaagh...#cr0There aren't any decks!#cr0Look properly!,2
scrpack.163.0586,163,586,68,You can't ask us to look at something#cr0that isn't there.,1
scrpack.163.0607,163,607,16,Whoa!,0
scrpack.163.0612,163,612,16,BONK!,0
scrpack.163.0655,163,655,16,Owww...,0
scrpack.163.0659,163,659,36,Huh? What was I doing...?,0
scrpack.163.0669,163,669,32,There he is!#cr0Wait!,1
scrpack.163.0730,163,730,64,"Hey! What're you doing?!#cr0Let go, you stupid dragon!",1
scrpack.163.0738,163,738,44,Jamira!#cr0What are you doing here?,1
scrpack.163.0747,163,747,28,Hey! That's my deck!,0
scrpack.163.0751,163,751,32,Tch! Guess I'm busted.,0
scrpack.163.0786,163,786,52,None of you are leaving this forest alive!,0
scrpack.163.0953,163,953,20,Deep Forest,0
scrpack.163.0998,163,998,20,Deep Forest,0
scrpack.163.1008,163,1008,88,You liar!#cr0Your deck is neither gold nor silver!#cr0It's this old iron deck!,2
scrpack.163.1017,163,1017,24,Gah! T-That's...,0
scrpack.163.1021,163,1021,44,A liar has no right to own a deck.,0
scrpack.163.1026,163,1026,64,Please forgive me!#cr0How can I live without a deck?!,1
scrpack.163.1037,163,1037,48,Don't worry.#cr0You can have this O.M.T.,1
scrpack.163.1047,163,1047,24,Oh! Thank you!,0
scrpack.163.1062,163,1062,76,"Hee hee... I'd like to watch longer,#cr0but I suppose that's enough.",1
scrpack.163.1110,163,1110,32,Heave-ho... heave-ho...,0
scrpack.163.1150,163,1150,20,Outskirts,0
scrpack.163.1160,163,1160,28,Huh? Why am I here?,0
scrpack.163.1164,163,1164,60,You're awake.#cr0I carried you out of the forest.,1
scrpack.163.1168,163,1168,80,I see. Thank you.#cr0We should avoid going too deep into that forest.,1
scrpack.163.1197,163,1197,56,We should avoid going too deep into that forest.,0
scrpack.163.1214,163,1214,20,Deep Forest,0
scrpack.163.1252,163,1252,20,Deep Forest,0
scrpack.163.1262,163,1262,72,Hyahahahaha!#cr0You're not taking one step out of this forest!,1
scrpack.163.1266,163,1266,48,Hah... hah...#cr0Not one single step!,1
scrpack.163.1270,163,1270,20,Duel again?,0
scrpack.163.1310,163,1310,84,"You found the broken sign.#cr0Someone scribbled ""JAMIRA WAS HERE!"" on it.",1
scrpack.163.1314,163,1314,44,Looks like Jamira broke the sign.,0
scrpack.163.1318,163,1318,112,"Of course!#cr0He lures duelists into the forest,#cr0then steals their decks after they lose their minds.",2
scrpack.163.1327,163,1327,28,What a rotten trick.,0
scrpack.163.1371,163,1371,20,Outskirts,0
scrpack.163.1382,163,1382,36,There. This should do it.,0
scrpack.163.1391,163,1391,72,"If I start acting strangely,#cr0get me out of here immediately.",1
scrpack.163.1400,163,1400,20,Understood.,0
scrpack.163.1431,163,1431,20,Deep Forest,0
scrpack.163.1450,163,1450,36,"Ahh, what lovely weather.",0
scrpack.163.1463,163,1463,64,"Kintaro, this forest is dangerous.#cr0You need to leave.",1
scrpack.163.1467,163,1467,52,"Oh, quit joking!#cr0It feels wonderful here.",1
scrpack.163.1476,163,1476,48,♪ La-la-la-la-la!#cr0I'm so very happy!,1
scrpack.163.1485,163,1485,48,Then we'll duel for this wonderful spot!,0
scrpack.163.1494,163,1494,76,What?!#cr0Not even Master Hakuoh gets to take this place from me!,1
scrpack.163.1529,163,1529,48,♪ La-la-la-la-la!#cr0I'm so very happy!,1
scrpack.163.1696,163,1696,20,Deep Forest,0
scrpack.163.1741,163,1741,20,Deep Forest,0
scrpack.163.1751,163,1751,64,"Kintaro, you promised.#cr0Leave this forest right now.",1
scrpack.163.1755,163,1755,52,"Fine, fine. I'm going... grumble grumble.",0
scrpack.163.1768,163,1768,36,Will he really be all right?,0
scrpack.163.1772,163,1772,60,He's walking steadily.#cr0He'll probably be fine.,1
scrpack.163.1781,163,1781,20,Deep Forest,0
scrpack.163.1823,163,1823,20,Deep Forest,0
scrpack.163.1833,163,1833,68,How did you lose to someone#cr0that completely spaced-out?,1
scrpack.163.1837,163,1837,32,His dueling was normal.,0
scrpack.163.1846,163,1846,68,What a strange forest.#cr0Only their dueling stays normal.,1
scrpack.163.1850,163,1850,20,Duel again?,0
scrpack.163.1897,163,1897,48,"Gramps, what do you think of this card?",0
scrpack.163.1908,163,1908,48,Kabutomaru?#cr0What are you doing here?,1
scrpack.163.1914,163,1914,56,The whole village is helping me build a deck.,0
scrpack.163.1922,163,1922,76,The whole village...?#cr0There's nobody here.#cr0He's affected too.,2
scrpack.163.1931,163,1931,56,"Kabutomaru, want to test that deck?#cr0Duel me.",1
scrpack.163.1967,163,1967,40,"You got it! Let's duel, dabebee!",0
scrpack.163.2134,163,2134,20,Deep Forest,0
scrpack.163.2176,163,2176,20,Deep Forest,0
scrpack.163.2186,163,2186,56,Waaah!#cr0The deck everybody helped me build!,1
scrpack.163.2200,163,2200,48,Then build another one if you're upset.,0
scrpack.163.2209,163,2209,56,Good idea! I'll go buy new cards.#cr0Dabebee!,1
scrpack.163.2216,163,2216,36,Kabutomaru ran toward town.,0
scrpack.163.2226,163,2226,20,Deep Forest,0
scrpack.163.2268,163,2268,20,Deep Forest,0
scrpack.163.2278,163,2278,68,How did you lose to someone#cr0that completely spaced-out?,1
scrpack.163.2282,163,2282,32,His dueling was normal.,0
scrpack.163.2291,163,2291,68,What a strange forest.#cr0Only their dueling stays normal.,1
scrpack.163.2295,163,2295,20,Duel again?,0
scrpack.163.2356,163,2356,44,Bucketman!#cr0I'm glad I found you!,1
scrpack.163.2360,163,2360,108,"Hey, you guys. What are you doing?#cr0This forest is dangerous.#cr0You should get out right away.",2
scrpack.163.2369,163,2369,68,"Understood. You be careful too.#cr0Good, he seems normal.",1
scrpack.163.2377,163,2377,32,I wouldn't be so sure.,0
scrpack.163.2387,163,2387,108,"Hey, you guys. What are you doing?#cr0This forest is dangerous.#cr0You should get out right away.",2
scrpack.163.2392,163,2392,32,He's talking to a tree.,0
scrpack.163.2402,163,2402,40,You're right. He's affected too.,0
scrpack.163.2411,163,2411,32,Bucketman!#cr0Duel me!,1
scrpack.163.2447,163,2447,96,"Hey, you guys. What are you doing?#cr0This forest is dangerous.#cr0Get out right away.",2
scrpack.163.2614,163,2614,20,Deep Forest,0
scrpack.163.2660,163,2660,20,Deep Forest,0
scrpack.163.2670,163,2670,40,Whew. That's finally everyone.,0
scrpack.163.2674,163,2674,24,Looks like it.,0
scrpack.163.2683,163,2683,40,Then let's sleep.#cr0Good night.,1
scrpack.163.2694,163,2694,36,Wait!#cr0Don't sleep here!,1
scrpack.163.2703,163,2703,80,He's right. Sleep here and you'll die!#cr0Stay awake! Don't fall asleep!,1
scrpack.163.2713,163,2713,16,SMACK!,0
scrpack.163.2720,163,2720,16,WHACK!,0
scrpack.163.2730,163,2730,60,So cold...#cr0So tired...#cr0Let me sleep here...,2
scrpack.163.2740,163,2740,24,No! Stay awake!,0
scrpack.163.2749,163,2749,88,Do you think you're on a snowy mountain?#cr0And you're acting out both roles!,1
scrpack.163.2758,163,2758,96,"Hey, you guys. What are you doing?#cr0This forest is dangerous.#cr0Get out right away.",2
scrpack.163.2767,163,2767,40,Stay awake! Don't fall asleep!,0
scrpack.163.2776,163,2776,52,"I'm telling you, this forest is dangerous!",0
scrpack.163.2785,163,2785,32,Has God abandoned me?,0
scrpack.163.2789,163,2789,12,...,0
scrpack.163.2838,163,2838,44,"Heave-ho...#cr0Man, you're heavy.",1
scrpack.163.2888,163,2888,28,What a handful...,0
scrpack.163.2941,163,2941,16,Ugh...,0
scrpack.163.2945,163,2945,24,You're awake?,0
scrpack.163.2955,163,2955,28,Huh? Why am I here?,0
scrpack.163.2964,163,2964,32,I see. You rescued me.,0
scrpack.163.2975,163,2975,28,"Thank you, /sw25/.",0
scrpack.163.2979,163,2979,24,You're welcome.,0
scrpack.163.2988,163,2988,48,At least everyone made it out safely.,0
scrpack.163.2998,163,2998,36,"Yeah, that's what matters.",0
scrpack.163.3002,163,3002,48,"Bucketman, why were you in this forest?",0
scrpack.163.3011,163,3011,40,I heard Yu was somewhere inside.,0
scrpack.163.3016,163,3016,12,Yu?,0
scrpack.163.3020,163,3020,36,Yeah. GARDE kidnapped her...,0
scrpack.163.3030,163,3030,16,What?!,0
scrpack.163.3034,163,3034,60,Yu may know the key#cr0to escaping from this world.,1
scrpack.163.3038,163,3038,72,GARDE kidnapped her#cr0because they don't want us learning it.,1
scrpack.163.3052,163,3052,16,I see...,0
scrpack.163.3057,163,3057,32,What should we do now?,0
scrpack.163.3066,163,3066,52,"Bucketman,#cr0will you help us defeat GARDE?",1
scrpack.163.3076,163,3076,24,Yeah. I'm in.,0
scrpack.163.3091,163,3091,44,Great Bucketman joined your party.,0
scrpack.163.3112,163,3112,20,Deep Forest,0
scrpack.163.3154,163,3154,20,Deep Forest,0
scrpack.163.3164,163,3164,68,How did you lose to someone#cr0that completely spaced-out?,1
scrpack.163.3168,163,3168,32,His dueling was normal.,0
scrpack.163.3177,163,3177,68,What a strange forest.#cr0Only their dueling stays normal.,1
scrpack.163.3181,163,3181,20,Duel again?,0
scrpack.164.0030,164,30,24,That's Jamira.,0
scrpack.164.0041,164,41,36,What a haul! What a haul!,0
scrpack.164.0055,164,55,80,Why's he carrying so many deck cases?#cr0Suspicious. Really suspicious.,1
scrpack.164.0060,164,60,44,"Hey, Boss.#cr0Let's go check it out.",1
scrpack.164.0112,164,112,52,Hey.#cr0What's with all those deck cases?,1
scrpack.164.0125,164,125,16,Gulp.,0
scrpack.164.0134,164,134,60,Found 'em in the forest.#cr0Got a problem with that?,1
scrpack.164.0143,164,143,72,In the forest?#cr0Then why would decks be lying around in there?,1
scrpack.164.0152,164,152,116,"Who knows?#cr0If you don't believe me, go look yourself.#cr0Maybe you'll find some nice cards. Heh heh...",2
scrpack.164.0183,164,183,20,Deep Forest,0
scrpack.164.0199,164,199,56,"Halt!#cr0If you wish to pass, defeat me first.",1
scrpack.164.0212,164,212,28,Hmph. Fine by me.,0
scrpack.164.0221,164,221,24,"Shields, deploy!",0
scrpack.164.0232,164,232,12,...,0
scrpack.164.0236,164,236,48,What is wrong?#cr0Then I shall begin.,1
scrpack.164.0245,164,245,72,I charge this card as mana... turn over.#cr0Now it is your turn.,1
scrpack.164.0249,164,249,12,...,0
scrpack.164.0257,164,257,68,Is that one of those cards#cr0only honest people can see?,1
scrpack.164.0262,164,262,80,"No move, Robin?!#cr0You must fear the great Little John!#cr0Gahahaha!",2
scrpack.164.0267,164,267,12,...,0
scrpack.164.0271,164,271,48,Robin...? Who's Robin supposed to be?,0
scrpack.164.0280,164,280,56,"Halt!#cr0If you wish to pass, defeat me first.",1
scrpack.164.0289,164,289,44,That guy's eyes are totally gone.,0
scrpack.164.0299,164,299,68,"Oh, Lord Yoshitsune!#cr0Please accept me as your servant!",1
scrpack.164.0310,164,310,68,"Whoa, the story changed!#cr0Man, he's completely lost it.",1
scrpack.164.0320,164,320,40,...#cr0Come on. We're leaving.,1
scrpack.164.0329,164,329,28,"Hey, wait for me...",0
scrpack.164.0372,164,372,88,"I've been waiting, Kyoshiro Kokujo!#cr0At last, I've built the ultimate deck!",1
scrpack.164.0376,164,376,60,Behold!#cr0This deck will change dueling history!,1
scrpack.164.0390,164,390,36,You're not holding a deck.,0
scrpack.164.0394,164,394,20,Let's go!,0
scrpack.164.0403,164,403,64,Go wherever you want.#cr0I can't deal with this crap.,1
scrpack.164.0447,164,447,24,"Hold it, kid.",0
scrpack.164.0460,164,460,24,"Whoa, a baby?!",0
scrpack.164.0464,164,464,112,I challenge you to an O.M.T. Deathmatch!#cr0Behold my golden deck!#cr0I'll send you straight to hell!,2
scrpack.164.0474,164,474,72,"A golden deck...?#cr0Boss, this forest is seriously messed up.",1
scrpack.164.0484,164,484,72,"Fine, I'll take you on!#cr0Naturally, I'll use this silver deck.",1
scrpack.164.0494,164,494,48,B-Boss too?!#cr0What happened to you?!,1
scrpack.164.0508,164,508,68,"Our lives!#cr0Our O.M.T. is on the line!#cr0Shields, deploy!",2
scrpack.164.0518,164,518,72,"Wait a second!#cr0What's all this gold-deck, silver-deck stuff?",1
scrpack.164.0527,164,527,40,Neither of you even has cards!,0
scrpack.164.0540,164,540,64,Shut up!#cr0You got a problem with our serious duel?!,1
scrpack.164.0544,164,544,72,Or what?#cr0Are you claiming YOU dropped#cr0this golden deck?,2
scrpack.164.0548,164,548,36,What are you talking about?,0
scrpack.164.0557,164,557,40,Then was it this silver deck?,0
scrpack.164.0566,164,566,20,"No, Boss!",0
scrpack.164.0582,164,582,72,Such honesty!#cr0You may have both the gold and silver decks.,1
scrpack.164.0593,164,593,72,"Aaaagh...#cr0There isn't anything there!#cr0Boss, look properly!",2
scrpack.164.0602,164,602,88,Look at something that isn't there?#cr0Don't screw with me! That's impossible!,1
scrpack.164.0623,164,623,16,Whoa!,0
scrpack.164.0628,164,628,16,BONK!,0
scrpack.164.0671,164,671,16,Ugh...,0
scrpack.164.0675,164,675,36,What the hell is going on?,0
scrpack.164.0685,164,685,32,There he is!#cr0Wait!,1
scrpack.164.0746,164,746,64,"Hey! What're you doing?!#cr0Let go, you stupid dragon!",1
scrpack.164.0754,164,754,44,Jamira!#cr0What are you doing here?,1
scrpack.164.0763,164,763,28,Hey! That's my deck!,0
scrpack.164.0767,164,767,32,Tch! Guess I'm busted.,0
scrpack.164.0802,164,802,52,None of you are leaving this forest alive!,0
scrpack.164.0969,164,969,20,Deep Forest,0
scrpack.164.1014,164,1014,20,Deep Forest,0
scrpack.164.1024,164,1024,84,Don't lie!#cr0Your deck isn't gold or silver!#cr0It's this old iron deck!,2
scrpack.164.1033,164,1033,24,Gah! T-That's...,0
scrpack.164.1037,164,1037,44,A liar has no right to own a deck!,0
scrpack.164.1042,164,1042,64,Please forgive me!#cr0How can I live without a deck?!,1
scrpack.164.1053,164,1053,48,Don't worry.#cr0You can have this O.M.T.,1
scrpack.164.1063,164,1063,24,Oh! Thank you!,0
scrpack.164.1078,164,1078,76,"Ka-ka-ka... I'd love to watch longer,#cr0but I guess that's enough.",1
scrpack.164.1126,164,1126,32,Heave-ho... heave-ho...,0
scrpack.164.1173,164,1173,32,Ugh... Why am I here?,0
scrpack.164.1177,164,1177,40,I carried you out of the forest.,0
scrpack.164.1181,164,1181,56,Tch...#cr0We'd better stay out of that forest.,1
scrpack.164.1210,164,1210,44,We'd better stay out of that forest.,0
scrpack.164.1227,164,1227,20,Deep Forest,0
scrpack.164.1265,164,1265,20,Deep Forest,0
scrpack.164.1275,164,1275,72,Hyahahahaha!#cr0You're not taking one step out of this forest!,1
scrpack.164.1279,164,1279,48,Hah... hah...#cr0Not one single step!,1
scrpack.164.1283,164,1283,20,Duel again?,0
scrpack.164.1323,164,1323,84,"You found the broken sign.#cr0Someone scribbled ""JAMIRA WAS HERE!"" on it.",1
scrpack.164.1327,164,1327,36,So Jamira broke the sign.,0
scrpack.164.1331,164,1331,104,"Of course!#cr0He lures duelists inside, waits for them to go crazy,#cr0then steals their decks!",2
scrpack.164.1340,164,1340,24,What a bastard.,0
scrpack.164.1384,164,1384,20,Outskirts,0
scrpack.164.1395,164,1395,32,Hmph. That should do.,0
scrpack.164.1399,164,1399,60,"If I start acting weird,#cr0drag me out immediately.",1
scrpack.164.1403,164,1403,28,"You got it, Boss.",0
scrpack.164.1450,164,1450,36,"Ahh, what lovely weather.",0
scrpack.164.1463,164,1463,40,You. Get out of this forest now.,0
scrpack.164.1467,164,1467,52,"Oh, quit joking!#cr0It feels wonderful here.",1
scrpack.164.1476,164,1476,48,♪ La-la-la-la-la!#cr0I'm so very happy!,1
scrpack.164.1485,164,1485,52,"If you won't listen,#cr0then we're dueling!",1
scrpack.164.1494,164,1494,56,You've got guts challenging the great Kintaro!,0
scrpack.164.1529,164,1529,48,♪ La-la-la-la-la!#cr0I'm so very happy!,1
scrpack.164.1696,164,1696,20,Deep Forest,0
scrpack.164.1741,164,1741,20,Deep Forest,0
scrpack.164.1751,164,1751,36,"Kintaro, get lost already!",0
scrpack.164.1755,164,1755,52,"Fine, fine. I'm going... grumble grumble.",0
scrpack.164.1776,164,1776,44,What's wrong?#cr0You look serious.,1
scrpack.164.1780,164,1780,68,The world's really ending if I'm out here helping people.,0
scrpack.164.1789,164,1789,56,"Come on, Boss.#cr0You're nicer than you pretend.",1
scrpack.164.1798,164,1798,24,Hmph. Let's go.,0
scrpack.164.1807,164,1807,20,Deep Forest,0
scrpack.164.1849,164,1849,20,Deep Forest,0
scrpack.164.1859,164,1859,52,How do you lose to someone this spaced out?,0
scrpack.164.1868,164,1868,40,Shut up! His dueling was normal!,0
scrpack.164.1877,164,1877,56,Weird place.#cr0Only their dueling stays normal.,1
scrpack.164.1881,164,1881,20,Duel again?,0
scrpack.164.1928,164,1928,48,"Gramps, what do you think of this card?",0
scrpack.164.1939,164,1939,36,What are you doing out here?,0
scrpack.164.1945,164,1945,56,The whole village is helping me build a deck.,0
scrpack.164.1953,164,1953,64,Everybody?#cr0There's nobody here. This guy's gone too.,1
scrpack.164.1962,164,1962,24,Hey. Duel me!,0
scrpack.164.1998,164,1998,40,"You got it! Let's duel, dabebee!",0
scrpack.164.2165,164,2165,20,Deep Forest,0
scrpack.164.2207,164,2207,20,Deep Forest,0
scrpack.164.2217,164,2217,56,Waaah!#cr0The deck everybody helped me build!,1
scrpack.164.2231,164,2231,44,That deck's not even worth fighting!,0
scrpack.164.2240,164,2240,56,Good idea! I'll go buy new cards.#cr0Dabebee!,1
scrpack.164.2247,164,2247,36,Kabutomaru ran toward town.,0
scrpack.164.2257,164,2257,20,Deep Forest,0
scrpack.164.2299,164,2299,20,Deep Forest,0
scrpack.164.2309,164,2309,52,How do you lose to someone this spaced out?,0
scrpack.164.2318,164,2318,40,Shut up! His dueling was normal!,0
scrpack.164.2327,164,2327,56,Weird place.#cr0Only their dueling stays normal.,1
scrpack.164.2331,164,2331,20,Duel again?,0
scrpack.164.2392,164,2392,36,Hmph. So you're here too.,0
scrpack.164.2396,164,2396,108,"Hey, you guys. What are you doing?#cr0This forest is dangerous.#cr0You should get out right away.",2
scrpack.164.2400,164,2400,48,You too...#cr0Looks like he's normal.,1
scrpack.164.2408,164,2408,28,"Not really, Boss.",0
scrpack.164.2418,164,2418,108,"Hey, you guys. What are you doing?#cr0This forest is dangerous.#cr0You should get out right away.",2
scrpack.164.2423,164,2423,32,He's talking to a tree.,0
scrpack.164.2433,164,2433,12,...,0
scrpack.164.2442,164,2442,32,Bucketman!#cr0Duel me!,1
scrpack.164.2478,164,2478,108,"Hey, you guys. What are you doing?#cr0This forest is dangerous.#cr0You should get out right away.",2
scrpack.164.2645,164,2645,20,Deep Forest,0
scrpack.164.2691,164,2691,20,Deep Forest,0
scrpack.164.2701,164,2701,24,That's everyone.,0
scrpack.164.2705,164,2705,24,Looks like it.,0
scrpack.164.2714,164,2714,28,Then let's sleep.,0
scrpack.164.2725,164,2725,36,B-Boss!#cr0Don't sleep here!,1
scrpack.164.2734,164,2734,64,He's right. Sleep here and you'll die!#cr0Stay awake!,1
scrpack.164.2744,164,2744,16,SMACK!,0
scrpack.164.2751,164,2751,16,WHACK!,0
scrpack.164.2761,164,2761,60,So cold...#cr0So tired...#cr0Let me sleep here...,2
scrpack.164.2771,164,2771,20,No. Wake up!,0
scrpack.164.2780,164,2780,80,You think you're on a snowy mountain?#cr0You're even playing both roles!,1
scrpack.164.2789,164,2789,108,"Hey, you guys. What are you doing?#cr0This forest is dangerous.#cr0You should get out right away.",2
scrpack.164.2798,164,2798,40,Stay awake! Don't fall asleep!,0
scrpack.164.2807,164,2807,52,"I'm telling you, this forest is dangerous!",0
scrpack.164.2816,164,2816,32,Has God abandoned me...,0
scrpack.164.2820,164,2820,12,...,0
scrpack.164.2870,164,2870,44,"Heave-ho...#cr0Man, you're heavy.",1
scrpack.164.2920,164,2920,24,What a pain...,0
scrpack.164.2966,164,2966,20,Outskirts,0
scrpack.164.2976,164,2976,16,Ugh...,0
scrpack.164.2980,164,2980,20,You awake?,0
scrpack.164.2990,164,2990,28,Huh? Why am I here?,0
scrpack.164.2999,164,2999,32,I see. You rescued me.,0
scrpack.164.3008,164,3008,100,Yeah.#cr0I dragged everyone out by myself.#cr0Feels like I drew a deck full of trash cards.,2
scrpack.164.3019,164,3019,32,Hmph. Quit complaining.,0
scrpack.164.3024,164,3024,36,"Yeah, that's what matters.",0
scrpack.164.3038,164,3038,68,"More importantly, Bucketman,#cr0why were you in this forest?",1
scrpack.164.3047,164,3047,40,I heard Yu was somewhere inside.,0
scrpack.164.3052,164,3052,12,Yu?,0
scrpack.164.3056,164,3056,36,Yeah. GARDE kidnapped her...,0
scrpack.164.3066,164,3066,24,What?! GARDE?!,0
scrpack.164.3070,164,3070,60,Yu may know the key#cr0to escaping from this world.,1
scrpack.164.3074,164,3074,72,GARDE kidnapped her#cr0because they don't want us learning it.,1
scrpack.164.3088,164,3088,16,I see...,0
scrpack.164.3093,164,3093,20,So what now?,0
scrpack.164.3102,164,3102,60,"Bucketman,#cr0we're going to destroy GARDE together.",1
scrpack.164.3112,164,3112,24,Yeah. I'm in.,0
scrpack.164.3127,164,3127,44,Great Bucketman joined your party.,0
scrpack.164.3148,164,3148,20,Deep Forest,0
scrpack.164.3190,164,3190,20,Deep Forest,0
scrpack.164.3200,164,3200,52,How do you lose to someone this spaced out?,0
scrpack.164.3209,164,3209,40,Shut up! His dueling was normal!,0
scrpack.164.3218,164,3218,56,Weird place.#cr0Only their dueling stays normal.,1
scrpack.164.3222,164,3222,20,Duel again?,0
scrpack.165.0030,165,30,44,That's Jamira.#cr0What's he doing?,1
scrpack.165.0041,165,41,36,What a haul! What a haul!,0
scrpack.165.0055,165,55,44,Why does he have so many deck cases?,0
scrpack.165.0059,165,59,48,"Wow, that is unbelievably suspicious.",0
scrpack.165.0110,165,110,44,Hey.#cr0Where'd you get all those?,1
scrpack.165.0123,165,123,16,Gulp.,0
scrpack.165.0132,165,132,60,Found 'em in the forest.#cr0Got a problem with that?,1
scrpack.165.0136,165,136,68,In the forest?#cr0Why would decks be lying around in there?,1
scrpack.165.0145,165,145,116,"Who knows?#cr0If you don't believe me, go look yourself.#cr0Maybe you'll find some nice cards. Heh heh...",2
scrpack.165.0176,165,176,20,Deep Forest,0
scrpack.165.0192,165,192,56,"Halt!#cr0If you wish to pass, defeat me first.",1
scrpack.165.0205,165,205,20,Fine by me!,0
scrpack.165.0214,165,214,24,"Shields, deploy!",0
scrpack.165.0225,165,225,12,Huh?,0
scrpack.165.0229,165,229,48,What is wrong?#cr0Then I shall begin.,1
scrpack.165.0238,165,238,72,I charge this card as mana... turn over.#cr0Now it is your turn.,1
scrpack.165.0242,165,242,12,...,0
scrpack.165.0250,165,250,68,Is that one of those cards#cr0only honest people can see?,1
scrpack.165.0255,165,255,80,"No move, Robin?!#cr0You must fear the great Little John!#cr0Gahahaha!",2
scrpack.165.0260,165,260,12,...,0
scrpack.165.0264,165,264,32,Robin...? Who's Robin?,0
scrpack.165.0273,165,273,56,"Halt!#cr0If you wish to pass, defeat me first.",1
scrpack.165.0282,165,282,36,His eyes look totally weird.,0
scrpack.165.0292,165,292,68,"Oh, Lord Yoshitsune!#cr0Please accept me as your servant!",1
scrpack.165.0303,165,303,60,Whoa! The story changed!#cr0This is kind of funny.,1
scrpack.165.0313,165,313,36,"...#cr0Come on, let's go.",1
scrpack.165.0322,165,322,28,"Hey, wait for me!",0
scrpack.165.0365,165,365,84,"I've been waiting, Twilight Mimi!#cr0At last, I've built the ultimate deck!",1
scrpack.165.0369,165,369,60,Behold!#cr0This deck will change dueling history!,1
scrpack.165.0383,165,383,36,You aren't holding a deck.,0
scrpack.165.0387,165,387,20,Let's go!,0
scrpack.165.0396,165,396,56,Go wherever you want.#cr0I can't deal with this.,1
scrpack.165.0440,165,440,32,"Hold it, little lady.",0
scrpack.165.0453,165,453,24,Awww! A baby!,0
scrpack.165.0457,165,457,112,I challenge you to an O.M.T. Deathmatch!#cr0Behold my golden deck!#cr0I'll send you straight to hell!,2
scrpack.165.0467,165,467,88,"A golden deck?#cr0Oh, another hallucination.#cr0This forest is definitely weird.",2
scrpack.165.0477,165,477,72,"Fine, I'll take you on!#cr0Naturally, I'll use this silver deck.",1
scrpack.165.0488,165,488,44,M-Mimi...#cr0What happened to you?,1
scrpack.165.0501,165,501,68,"Our lives!#cr0Our O.M.T. is on the line!#cr0Shields, deploy!",2
scrpack.165.0511,165,511,64,"Wait!#cr0What's all this gold-deck, silver-deck stuff?",1
scrpack.165.0520,165,520,40,Neither of you even has cards!,0
scrpack.165.0533,165,533,64,Shut up!#cr0You got a problem with our serious duel?!,1
scrpack.165.0537,165,537,72,Or what?#cr0Are you claiming YOU dropped#cr0this golden deck?,2
scrpack.165.0541,165,541,36,What are you talking about?!,0
scrpack.165.0550,165,550,40,Then was it this silver deck?,0
scrpack.165.0559,165,559,32,"Mimi, snap out of it!",0
scrpack.165.0575,165,575,72,Such honesty!#cr0You may have both the gold and silver decks.,1
scrpack.165.0586,165,586,68,Aaaagh...#cr0There isn't anything there!#cr0Look properly!,2
scrpack.165.0595,165,595,68,Look at something that isn't there?#cr0That's impossible!,1
scrpack.165.0616,165,616,16,Whoa!,0
scrpack.165.0621,165,621,16,BONK!,0
scrpack.165.0664,165,664,16,Owww...,0
scrpack.165.0668,165,668,32,Huh? What was I doing?,0
scrpack.165.0678,165,678,32,There he is!#cr0Wait!,1
scrpack.165.0739,165,739,64,"Hey! What're you doing?!#cr0Let go, you stupid dragon!",1
scrpack.165.0747,165,747,44,Jamira!#cr0What are you doing here?,1
scrpack.165.0756,165,756,28,Hey! That's my deck!,0
scrpack.165.0765,165,765,24,Give it back!,0
scrpack.165.0769,165,769,32,Tch! Guess I'm busted.,0
scrpack.165.0804,165,804,52,None of you are leaving this forest alive!,0
scrpack.165.0971,165,971,20,Deep Forest,0
scrpack.165.1008,165,1008,20,Deep Forest,0
scrpack.165.1026,165,1026,80,You liar!#cr0Your deck isn't gold or silver!#cr0It's this old iron deck!,2
scrpack.165.1035,165,1035,24,Gah! T-That's...,0
scrpack.165.1039,165,1039,44,A liar has no right to own a deck!,0
scrpack.165.1044,165,1044,64,Please forgive me!#cr0How can I live without a deck?!,1
scrpack.165.1055,165,1055,48,Don't worry.#cr0You can have this O.M.T.,1
scrpack.165.1065,165,1065,24,Oh! Thank you!,0
scrpack.165.1080,165,1080,76,"Hee hee... I'd love to watch longer,#cr0but I guess that's enough.",1
scrpack.165.1128,165,1128,32,Heave-ho... heave-ho...,0
scrpack.165.1169,165,1169,20,Outskirts,0
scrpack.165.1179,165,1179,28,Huh? Why am I here?,0
scrpack.165.1183,165,1183,40,I carried you out of the forest.,0
scrpack.165.1187,165,1187,32,"Oh...#cr0Thanks, /sw25/.",1
scrpack.165.1196,165,1196,24,You're welcome.,0
scrpack.165.1205,165,1205,52,"Still, we'd better stay out of that forest.",0
scrpack.165.1234,165,1234,44,We'd better stay out of that forest.,0
scrpack.165.1251,165,1251,20,Deep Forest,0
scrpack.165.1289,165,1289,20,Deep Forest,0
scrpack.165.1299,165,1299,72,Hyahahahaha!#cr0You're not taking one step out of this forest!,1
scrpack.165.1303,165,1303,48,Hah... hah...#cr0Not one single step!,1
scrpack.165.1307,165,1307,20,Duel again?,0
scrpack.165.1347,165,1347,84,"You found the broken sign.#cr0Someone scribbled ""JAMIRA WAS HERE!"" on it.",1
scrpack.165.1351,165,1351,40,So Jamira really broke the sign.,0
scrpack.165.1355,165,1355,100,"Of course!#cr0He lures duelists in, waits for them to go crazy,#cr0then steals their decks!",2
scrpack.165.1364,165,1364,24,That's horrible.,0
scrpack.165.1382,165,1382,12,Huh?,0
scrpack.165.1386,165,1386,12,...,0
scrpack.165.1428,165,1428,20,Outskirts,0
scrpack.165.1439,165,1439,36,All right. This should do.,0
scrpack.165.1448,165,1448,60,"If I start acting weird,#cr0get me out immediately.",1
scrpack.165.1457,165,1457,16,Got it.,0
scrpack.165.1504,165,1504,36,"Ahh, what lovely weather.",0
scrpack.165.1517,165,1517,56,"Kintaro, this forest is dangerous.#cr0Get out.",1
scrpack.165.1521,165,1521,52,"Oh, quit joking!#cr0It feels wonderful here.",1
scrpack.165.1530,165,1530,48,♪ La-la-la-la-la!#cr0I'm so very happy!,1
scrpack.165.1539,165,1539,48,Then we'll duel for this wonderful spot!,0
scrpack.165.1548,165,1548,56,You've got guts challenging the great Kintaro!,0
scrpack.165.1583,165,1583,48,♪ La-la-la-la-la!#cr0I'm so very happy!,1
scrpack.165.1750,165,1750,20,Deep Forest,0
scrpack.165.1795,165,1795,20,Deep Forest,0
scrpack.165.1805,165,1805,32,Now leave. Immediately.,0
scrpack.165.1809,165,1809,52,"Fine, fine. I'm going... grumble grumble.",0
scrpack.165.1822,165,1822,24,Will he be okay?,0
scrpack.165.1831,165,1831,40,He's walking fine.#cr0Probably.,1
scrpack.165.1840,165,1840,20,Deep Forest,0
scrpack.165.1882,165,1882,20,Deep Forest,0
scrpack.165.1892,165,1892,52,How do you lose to someone this spaced out?,0
scrpack.165.1901,165,1901,40,Shut up! His dueling was normal!,0
scrpack.165.1910,165,1910,68,Only their dueling stays normal.#cr0This forest is weird.,1
scrpack.165.1914,165,1914,20,Duel again?,0
scrpack.165.1961,165,1961,48,"Gramps, what do you think of this card?",0
scrpack.165.1972,165,1972,36,What are you doing out here?,0
scrpack.165.1978,165,1978,56,The whole village is helping me build a deck.,0
scrpack.165.1986,165,1986,64,Everybody?#cr0There's nobody here. He's affected too.,1
scrpack.165.1995,165,1995,48,"Hey, want to test that deck against me?",0
scrpack.165.2031,165,2031,40,"You got it! Let's duel, dabebee!",0
scrpack.165.2198,165,2198,20,Deep Forest,0
scrpack.165.2240,165,2240,20,Deep Forest,0
scrpack.165.2250,165,2250,56,Waaah!#cr0The deck everybody helped me build!,1
scrpack.165.2264,165,2264,48,"If you're upset, just build another one.",0
scrpack.165.2273,165,2273,56,Good idea! I'll go buy new cards.#cr0Dabebee!,1
scrpack.165.2280,165,2280,36,Kabutomaru ran toward town.,0
scrpack.165.2290,165,2290,20,Deep Forest,0
scrpack.165.2332,165,2332,20,Deep Forest,0
scrpack.165.2342,165,2342,52,How do you lose to someone this spaced out?,0
scrpack.165.2351,165,2351,40,Shut up! His dueling was normal!,0
scrpack.165.2360,165,2360,68,Only their dueling stays normal.#cr0This forest is weird.,1
scrpack.165.2364,165,2364,20,Duel again?,0
scrpack.165.2425,165,2425,60,Bucketman! ♪#cr0You're here too! How've you been?,1
scrpack.165.2429,165,2429,108,"Hey, you guys. What are you doing?#cr0This forest is dangerous.#cr0You should get out right away.",2
scrpack.165.2438,165,2438,68,"Okay. You be careful too.#cr0Good, Bucketman seems normal.",1
scrpack.165.2446,165,2446,28,Hmm... maybe not.,0
scrpack.165.2456,165,2456,108,"Hey, you guys. What are you doing?#cr0This forest is dangerous.#cr0You should get out right away.",2
scrpack.165.2461,165,2461,32,He's talking to a tree.,0
scrpack.165.2471,165,2471,20,Oh dear...,0
scrpack.165.2480,165,2480,32,Bucketman!#cr0Duel me!,1
scrpack.165.2516,165,2516,108,"Hey, you guys. What are you doing?#cr0This forest is dangerous.#cr0You should get out right away.",2
scrpack.165.2683,165,2683,20,Deep Forest,0
scrpack.165.2729,165,2729,20,Deep Forest,0
scrpack.165.2739,165,2739,32,Whew. That's everybody.,0
scrpack.165.2743,165,2743,24,Looks like it.,0
scrpack.165.2752,165,2752,24,Then good night!,0
scrpack.165.2763,165,2763,36,Pii!#cr0Don't sleep here!,1
scrpack.165.2772,165,2772,72,She's right. Sleep here and you'll die.#cr0Don't fall asleep!,1
scrpack.165.2782,165,2782,16,SMACK!,0
scrpack.165.2789,165,2789,16,WHACK!,0
scrpack.165.2799,165,2799,52,So cold...#cr0So tired...#cr0Let me sleep...,2
scrpack.165.2809,165,2809,20,No! Wake up!,0
scrpack.165.2818,165,2818,88,Do you think you're on a snowy mountain?#cr0And you're acting out both roles...,1
scrpack.165.2827,165,2827,108,"Hey, you guys. What are you doing?#cr0This forest is dangerous.#cr0You should get out right away.",2
scrpack.165.2836,165,2836,40,Don't sleep! I said don't sleep!,0
scrpack.165.2845,165,2845,52,"I'm telling you, this forest is dangerous!",0
scrpack.165.2854,165,2854,36,God has abandoned meee...,0
scrpack.165.2858,165,2858,12,...,0
scrpack.165.2908,165,2908,40,Heave-ho...#cr0You're so heavy!,1
scrpack.165.2958,165,2958,24,What a pain...,0
scrpack.165.3004,165,3004,24,Forest Entrance,0
scrpack.165.3014,165,3014,16,Ugh...,0
scrpack.165.3018,165,3018,20,You awake?,0
scrpack.165.3028,165,3028,28,Huh? Why am I here?,0
scrpack.165.3037,165,3037,32,I see. You rescued me.,0
scrpack.165.3046,165,3046,56,Yep.#cr0I dragged everyone out all by myself.,1
scrpack.165.3050,165,3050,48,Making a lady do all that is terrible!,0
scrpack.165.3062,165,3062,16,Sorry.,0
scrpack.165.3071,165,3071,28,Can't be helped...,0
scrpack.165.3076,165,3076,68,"More importantly, Bucketman,#cr0why were you in this forest?",1
scrpack.165.3085,165,3085,40,I heard Yu was somewhere inside.,0
scrpack.165.3089,165,3089,12,Yu?,0
scrpack.165.3094,165,3094,36,Yeah. Benny kidnapped her...,0
scrpack.165.3104,165,3104,16,What?!,0
scrpack.165.3108,165,3108,60,Yu may know the key#cr0to escaping from this world.,1
scrpack.165.3112,165,3112,84,Benny kidnapped her#cr0because he doesn't want us learning what she knows.,1
scrpack.165.3126,165,3126,16,I see...,0
scrpack.165.3131,165,3131,44,"Mimi, what are you going to do now?",0
scrpack.165.3140,165,3140,76,"I've got business with Benny too.#cr0Bucketman, let's go together.",1
scrpack.165.3150,165,3150,24,Yeah. I'm in.,0
scrpack.165.3165,165,3165,44,Great Bucketman joined your party.,0
scrpack.165.3186,165,3186,20,Deep Forest,0
scrpack.165.3228,165,3228,20,Deep Forest,0
scrpack.165.3238,165,3238,52,How do you lose to someone this spaced out?,0
scrpack.165.3247,165,3247,40,Shut up! His dueling was normal!,0
scrpack.165.3256,165,3256,68,Only their dueling stays normal.#cr0This forest is weird.,1
scrpack.165.3260,165,3260,20,Duel again?,0
scrpack.166.0030,166,30,44,That's Jamira.#cr0What's he doing?,1
scrpack.166.0041,166,41,36,What a haul! What a haul!,0
scrpack.166.0055,166,55,48,Why's he carrying all those deck cases?,0
scrpack.166.0059,166,59,28,Whoa. Suspicious.,0
scrpack.166.0110,166,110,40,Hey.#cr0Where'd you get those?,1
scrpack.166.0123,166,123,16,Gulp.,0
scrpack.166.0132,166,132,60,Found 'em in the forest.#cr0Got a problem with that?,1
scrpack.166.0136,166,136,52,Why would decks be lying around in a forest?,0
scrpack.166.0145,166,145,116,"Who knows?#cr0If you don't believe me, go look yourself.#cr0Maybe you'll find some nice cards. Heh heh...",2
scrpack.166.0176,166,176,20,Deep Forest,0
scrpack.166.0192,166,192,56,"Halt!#cr0If you wish to pass, defeat me first.",1
scrpack.166.0205,166,205,20,Fine by me.,0
scrpack.166.0214,166,214,24,"Shields, deploy!",0
scrpack.166.0225,166,225,12,...,0
scrpack.166.0229,166,229,48,What is wrong?#cr0Then I shall begin.,1
scrpack.166.0238,166,238,72,I charge this card as mana... turn over.#cr0Now it is your turn.,1
scrpack.166.0242,166,242,12,...,0
scrpack.166.0250,166,250,68,Is that one of those cards#cr0only honest people can see?,1
scrpack.166.0255,166,255,80,"No move, Robin?!#cr0You must fear the great Little John!#cr0Gahahaha!",2
scrpack.166.0260,166,260,12,...,0
scrpack.166.0264,166,264,32,Robin...? Who's Robin?,0
scrpack.166.0273,166,273,56,"Halt!#cr0If you wish to pass, defeat me first.",1
scrpack.166.0282,166,282,36,His eyes are totally gone.,0
scrpack.166.0292,166,292,68,"Oh, Lord Yoshitsune!#cr0Please accept me as your servant!",1
scrpack.166.0303,166,303,32,Whoa! The story changed!,0
scrpack.166.0313,166,313,28,"Come on, let's go.",0
scrpack.166.0322,166,322,16,O-Okay.,0
scrpack.166.0365,166,365,84,"I've been waiting, Shobu Kirifuda!#cr0At last, I've built the ultimate deck!",1
scrpack.166.0369,166,369,60,Behold!#cr0This deck will change dueling history!,1
scrpack.166.0383,166,383,36,You're not holding a deck.,0
scrpack.166.0387,166,387,20,Let's go!,0
scrpack.166.0396,166,396,56,Go wherever you want.#cr0I can't deal with this.,1
scrpack.166.0440,166,440,24,"Hold it, kid.",0
scrpack.166.0453,166,453,32,What's with this baby?,0
scrpack.166.0457,166,457,112,I challenge you to an O.M.T. Deathmatch!#cr0Behold my golden deck!#cr0I'll send you straight to hell!,2
scrpack.166.0467,166,467,76,A golden deck?#cr0Another hallucination.#cr0This forest is weird.,2
scrpack.166.0477,166,477,72,"Fine, I'll take you on!#cr0Naturally, I'll use this silver deck.",1
scrpack.166.0492,166,492,68,"Our lives!#cr0Our O.M.T. is on the line!#cr0Shields, deploy!",2
scrpack.166.0502,166,502,72,"What?! Wait.#cr0What's all this gold-deck, silver-deck stuff?",1
scrpack.166.0511,166,511,40,Neither of you even has cards.,0
scrpack.166.0524,166,524,64,Shut up!#cr0You got a problem with our serious duel?!,1
scrpack.166.0528,166,528,72,Or what?#cr0Are you claiming YOU dropped#cr0this golden deck?,2
scrpack.166.0537,166,537,16,No way.,0
scrpack.166.0546,166,546,40,Then was it this silver deck?,0
scrpack.166.0555,166,555,12,No!,0
scrpack.166.0571,166,571,72,Such honesty!#cr0You may have both the gold and silver decks.,1
scrpack.166.0577,166,577,68,Enough already!#cr0There aren't any decks!#cr0Look properly!,2
scrpack.166.0586,166,586,68,You can't ask us to look at something#cr0that isn't there.,1
scrpack.166.0607,166,607,16,Whoa!,0
scrpack.166.0612,166,612,16,BONK!,0
scrpack.166.0655,166,655,16,Ow...,0
scrpack.166.0659,166,659,32,Huh? What was I doing?,0
scrpack.166.0669,166,669,32,There he is!#cr0Wait!,1
scrpack.166.0730,166,730,64,"Hey! What're you doing?!#cr0Let go, you stupid dragon!",1
scrpack.166.0738,166,738,44,Jamira!#cr0What are you doing here?,1
scrpack.166.0747,166,747,24,Hey! My deck!,0
scrpack.166.0756,166,756,32,"Give it back, you jerk!",0
scrpack.166.0760,166,760,32,Tch! Guess I'm busted.,0
scrpack.166.0795,166,795,52,None of you are leaving this forest alive!,0
scrpack.166.0962,166,962,20,Deep Forest,0
scrpack.166.1007,166,1007,20,Deep Forest,0
scrpack.166.1017,166,1017,80,You liar!#cr0Your deck isn't gold or silver!#cr0It's this old iron deck!,2
scrpack.166.1026,166,1026,24,Gah! T-That's...,0
scrpack.166.1030,166,1030,44,A liar has no right to own a deck!,0
scrpack.166.1035,166,1035,64,Please forgive me!#cr0How can I live without a deck?!,1
scrpack.166.1046,166,1046,48,Don't worry.#cr0You can have this O.M.T.,1
scrpack.166.1056,166,1056,24,Oh! Thank you!,0
scrpack.166.1071,166,1071,76,"Heh heh... I'd love to watch longer,#cr0but I guess that's enough.",1
scrpack.166.1119,166,1119,32,Heave-ho... heave-ho...,0
scrpack.166.1159,166,1159,20,Outskirts,0
scrpack.166.1169,166,1169,28,Huh? Why am I here?,0
scrpack.166.1173,166,1173,72,I carried you out of the forest.#cr0You could at least thank me.,1
scrpack.166.1183,166,1183,80,"Aaaagh! My head!#cr0You smashed me into things on purpose, didn't you?!",1
scrpack.166.1193,166,1193,48,What?!#cr0Be grateful you got out alive!,1
scrpack.166.1197,166,1197,60,And hitting your head can't make it any worse now!,0
scrpack.166.1206,166,1206,24,What'd you say?!,0
scrpack.166.1215,166,1215,24,Wanna fight?!,0
scrpack.166.1268,166,1268,32,A little while later...,0
scrpack.166.1290,166,1290,44,We'd better stay out of that forest.,0
scrpack.166.1319,166,1319,44,We'd better stay out of that forest.,0
scrpack.166.1336,166,1336,20,Deep Forest,0
scrpack.166.1374,166,1374,20,Deep Forest,0
scrpack.166.1384,166,1384,72,Hyahahahaha!#cr0You're not taking one step out of this forest!,1
scrpack.166.1388,166,1388,48,Hah... hah...#cr0Not one single step!,1
scrpack.166.1392,166,1392,20,Duel again?,0
scrpack.166.1432,166,1432,84,"You found the broken sign.#cr0Someone scribbled ""JAMIRA WAS HERE!"" on it.",1
scrpack.166.1436,166,1436,36,So Jamira smashed the sign.,0
scrpack.166.1440,166,1440,100,"Of course!#cr0He lures duelists in, waits for them to go crazy,#cr0then steals their decks!",2
scrpack.166.1449,166,1449,20,What a jerk.,0
scrpack.166.1467,166,1467,16,Ugh...,0
scrpack.166.1511,166,1511,20,Outskirts,0
scrpack.166.1522,166,1522,36,All right. This should do.,0
scrpack.166.1531,166,1531,60,"If I start acting weird,#cr0get me out immediately.",1
scrpack.166.1540,166,1540,16,Yeah.,0
scrpack.166.1558,166,1558,52,Hey! What're you doing?#cr0Quit dragging me!,1
scrpack.166.1567,166,1567,92,You told me to pull you out#cr0the moment you started acting weird.#cr0Hee hee...,2
scrpack.166.1576,166,1576,40,What are you talking about...?,0
scrpack.166.1585,166,1585,28,Aaaagh! You jerk!,0
scrpack.166.1618,166,1618,20,Deep Forest,0
scrpack.166.1635,166,1635,36,"Ahh, what lovely weather.",0
scrpack.166.1648,166,1648,56,"Kintaro, this forest is dangerous.#cr0Get out.",1
scrpack.166.1652,166,1652,52,"Oh, quit joking!#cr0It feels wonderful here.",1
scrpack.166.1661,166,1661,48,♪ La-la-la-la-la!#cr0I'm so very happy!,1
scrpack.166.1670,166,1670,48,Then we'll duel for this wonderful spot!,0
scrpack.166.1679,166,1679,68,What?!#cr0Not even Shobu gets to take this place from me!,1
scrpack.166.1714,166,1714,48,♪ La-la-la-la-la!#cr0I'm so very happy!,1
scrpack.166.1881,166,1881,20,Deep Forest,0
scrpack.166.1926,166,1926,20,Deep Forest,0
scrpack.166.1936,166,1936,56,"Kintaro, you promised.#cr0Leave this forest now.",1
scrpack.166.1940,166,1940,52,"Fine, fine. I'm going... grumble grumble.",0
scrpack.166.1953,166,1953,24,Will he be okay?,0
scrpack.166.1957,166,1957,40,He's walking fine.#cr0Probably.,1
scrpack.166.1966,166,1966,20,Deep Forest,0
scrpack.166.2008,166,2008,20,Deep Forest,0
scrpack.166.2018,166,2018,52,How do you lose to someone this spaced out?!,0
scrpack.166.2027,166,2027,40,Shut up! His dueling was normal!,0
scrpack.166.2031,166,2031,32,Excuses are pathetic.,0
scrpack.166.2035,166,2035,20,Duel again?,0
scrpack.166.2082,166,2082,48,"Gramps, what do you think of this card?",0
scrpack.166.2093,166,2093,48,"Hey, Kabutomaru.#cr0What are you doing?",1
scrpack.166.2099,166,2099,56,The whole village is helping me build a deck.,0
scrpack.166.2107,166,2107,64,Everybody?#cr0There's nobody here. He's affected too.,1
scrpack.166.2116,166,2116,56,"Kabutomaru, want to test that deck?#cr0Duel me.",1
scrpack.166.2152,166,2152,40,"You got it! Let's duel, dabebee!",0
scrpack.166.2319,166,2319,20,Deep Forest,0
scrpack.166.2361,166,2361,20,Deep Forest,0
scrpack.166.2371,166,2371,56,Waaah!#cr0The deck everybody helped me build!,1
scrpack.166.2385,166,2385,44,"If you're upset, build another one.",0
scrpack.166.2394,166,2394,56,Good idea! I'll go buy new cards.#cr0Dabebee!,1
scrpack.166.2401,166,2401,36,Kabutomaru ran toward town.,0
scrpack.166.2411,166,2411,20,Deep Forest,0
scrpack.166.2453,166,2453,20,Deep Forest,0
scrpack.166.2463,166,2463,52,How do you lose to someone this spaced out?!,0
scrpack.166.2472,166,2472,40,Shut up! His dueling was normal!,0
scrpack.166.2476,166,2476,32,Excuses are pathetic.,0
scrpack.166.2480,166,2480,20,Duel again?,0
scrpack.166.2541,166,2541,72,Bucketman!!#cr0You're here too?!#cr0You're not a ghost... right?,2
scrpack.166.2545,166,2545,108,"Hey, you guys. What are you doing?#cr0This forest is dangerous.#cr0You should get out right away.",2
scrpack.166.2554,166,2554,64,"Got it. You be careful too.#cr0Good, he seems normal.",1
scrpack.166.2562,166,2562,20,Not really.,0
scrpack.166.2572,166,2572,108,"Hey, you guys. What are you doing?#cr0This forest is dangerous.#cr0You should get out right away.",2
scrpack.166.2577,166,2577,32,He's talking to a tree.,0
scrpack.166.2587,166,2587,36,That tree does look weird.,0
scrpack.166.2596,166,2596,36,"Hey, Bucketman!#cr0Duel me!",1
scrpack.166.2632,166,2632,108,"Hey, you guys. What are you doing?#cr0This forest is dangerous.#cr0You should get out right away.",2
scrpack.166.2799,166,2799,20,Deep Forest,0
scrpack.166.2845,166,2845,20,Deep Forest,0
scrpack.166.2855,166,2855,32,Whew. That's everyone.,0
scrpack.166.2859,166,2859,16,Yeah.,0
scrpack.166.2868,166,2868,40,Then let's sleep.#cr0Good night.,1
scrpack.166.2879,166,2879,36,Hey!#cr0Don't sleep here!,1
scrpack.166.2888,166,2888,64,He's right. Sleep here and you'll die.#cr0Stay awake!,1
scrpack.166.2898,166,2898,16,SMACK!,0
scrpack.166.2905,166,2905,16,WHACK!,0
scrpack.166.2915,166,2915,60,So cold...#cr0So tired...#cr0Let me sleep here...,2
scrpack.166.2925,166,2925,20,No. Wake up!,0
scrpack.166.2934,166,2934,84,You think you're on a snowy mountain?#cr0And you're acting out both roles...,1
scrpack.166.2943,166,2943,108,"Hey, you guys. What are you doing?#cr0This forest is dangerous.#cr0You should get out right away.",2
scrpack.166.2952,166,2952,40,Stay awake! Don't fall asleep!,0
scrpack.166.2961,166,2961,52,"I'm telling you, this forest is dangerous!",0
scrpack.166.2970,166,2970,36,God has abandoned meee...,0
scrpack.166.2974,166,2974,12,...,0
scrpack.166.3024,166,3024,20,Heave-ho...,0
scrpack.166.3074,166,3074,24,What a pain...,0
scrpack.166.3120,166,3120,20,Outskirts,0
scrpack.166.3130,166,3130,16,Ugh...,0
scrpack.166.3134,166,3134,20,You awake?,0
scrpack.166.3144,166,3144,28,Huh? Why am I here?,0
scrpack.166.3153,166,3153,32,I see. You rescued me.,0
scrpack.166.3157,166,3157,12,Yep.,0
scrpack.166.3168,166,3168,24,"Thanks, /sw25/.",0
scrpack.166.3177,166,3177,48,At least everybody made it out safely.,0
scrpack.166.3187,166,3187,36,"Yeah, that's what matters.",0
scrpack.166.3191,166,3191,48,"Bucketman, why were you in this forest?",0
scrpack.166.3200,166,3200,40,I heard Yu was somewhere inside.,0
scrpack.166.3205,166,3205,12,Yu?,0
scrpack.166.3209,166,3209,36,Yeah. GARDE kidnapped her...,0
scrpack.166.3219,166,3219,16,What?!,0
scrpack.166.3223,166,3223,60,Yu may know the key#cr0to escaping from this world.,1
scrpack.166.3227,166,3227,72,GARDE kidnapped her#cr0because they don't want us learning it.,1
scrpack.166.3241,166,3241,16,I see...,0
scrpack.166.3246,166,3246,20,So what now?,0
scrpack.166.3255,166,3255,52,"Bucketman,#cr0will you help us defeat GARDE?",1
scrpack.166.3265,166,3265,24,Yeah. I'm in.,0
scrpack.166.3280,166,3280,44,Great Bucketman joined your party.,0
scrpack.166.3301,166,3301,20,Deep Forest,0
scrpack.166.3343,166,3343,20,Deep Forest,0
scrpack.166.3353,166,3353,52,How do you lose to someone this spaced out?!,0
scrpack.166.3362,166,3362,40,Shut up! His dueling was normal!,0
scrpack.166.3366,166,3366,32,Excuses are pathetic.,0
scrpack.166.3370,166,3370,20,Duel again?,0
scrpack.169.0126,169,126,24,Shobu - Darkness,0
scrpack.170.0126,170,126,24,Shobu - Final,0
scrpack.171.0126,171,126,24,Resistance Event,0
scrpack.172.0126,172,126,24,Rescue Yu Fua,0
scrpack.173.0126,173,126,24,Shobu - Light,0
scrpack.174.0126,174,126,24,Shobu - Nature,0
scrpack.175.0126,175,126,24,Shobu - Water,0
scrpack.178.0120,178,120,16,Basics,0
scrpack.178.0135,178,135,56,All right! Pick a topic you want to learn about.,0
scrpack.179.0121,179,121,28,About Duel Masters,0
scrpack.179.0140,179,140,52,"Rekuta, do you know what Duel Masters is?",0
scrpack.179.0150,179,150,52,"Of course I do, Shou.#cr0Duel Masters is...",1
scrpack.179.0166,179,166,72,"Stooop!!#cr0If you answer, what's the point of having me here?!",1
scrpack.179.0175,179,175,112,"Your job is to hear an obvious question and go,#cr0""Huh? What's that?""#cr0You know, play dumb for me.",2
scrpack.179.0179,179,179,68,That gives me the perfect setup to explain it.#cr0Got it?,1
scrpack.179.0193,179,193,60,"Okay, Rekuta.#cr0Do you know what Duel Masters is?",1
scrpack.179.0225,179,225,28,Shou! What's that?,0
scrpack.179.0234,179,234,44,"You don't even know that, Rekuta?",0
scrpack.179.0243,179,243,24,But I do know...,0
scrpack.179.0252,179,252,80,You're still arguing?#cr0Keep acting up and I'll get a new assistant.,1
scrpack.179.0261,179,261,64,Mimiii! Rekuta says#cr0he doesn't wanna be my assistant!,1
scrpack.179.0266,179,266,88,"Whoa, I'll do it! I'll do it! I said I'll do it!#cr0Shou! What's Duel Masters?",1
scrpack.179.0276,179,276,60,"That's more like it!#cr0First, take a look at this!",1
scrpack.179.0285,179,285,36,This is a Duel Masters card.,0
scrpack.179.0300,179,300,36,Whoa! That looks awesome!,0
scrpack.179.0315,179,315,124,Right? You battle with these incredibly cool cards#cr0in the most exciting card game around.#cr0That's Duel Masters!,2
scrpack.179.0324,179,324,12,Oh!,0
scrpack.179.0338,179,338,36,And it's super easy to play!,0
scrpack.179.0347,179,347,72,"First, each player prepares 40 cards#cr0and uses them as a deck.",1
scrpack.179.0351,179,351,120,"Take the top five cards and place them as shields.#cr0Then draw five more for your hand,#cr0and the duel begins!",2
scrpack.179.0355,179,355,72,Use spells and creatures#cr0to break your opponent's shields!,1
scrpack.179.0364,179,364,80,"Break all their shields, then land the final blow#cr0to win the duel!",1
scrpack.179.0380,179,380,36,"Hm? What's wrong, Rekuta?",0
scrpack.179.0384,179,384,96,"I suddenly really, really want to duel.#cr0I don't have time to stand around doing this!",1
scrpack.179.0393,179,393,112,"Hold it, Rekuta.#cr0Right now, you're doing the noble work#cr0of showing people how fun dueling can be.",2
scrpack.179.0398,179,398,84,Somebody watching this might even decide#cr0to start dueling because of us.,1
scrpack.179.0407,179,407,120,"Oh! So if tons of beginners start playing,#cr0I'll finally have people I can beat!#cr0Everybody, learn to duel!",2
scrpack.179.0416,179,416,136,"That's... not quite the point, but close enough.#cr0All right, let's get back to the lesson--#cr0...except we're out of time.",2
scrpack.179.0420,179,420,32,That's all for today!,0
scrpack.179.0434,179,434,28,See you next time!!,0
scrpack.179.0463,179,463,24,Quick Duel Tip!!,0
scrpack.179.0477,179,477,40,Time to review what we learned!,0
scrpack.179.0486,179,486,56,"Break every shield, then land the final blow!",0
scrpack.179.0490,179,490,52,"The less your assistant knows, the better!",0
scrpack.179.0499,179,499,28,I strongly disagree.,0
scrpack.179.0528,179,528,28,Duel Tips & Tidbits,0
scrpack.179.0547,179,547,52,"I am White Fang Maki,#cr0the Silver Duelist.",1
scrpack.179.0556,179,556,92,"In this segment, I'll share some useful little tips#cr0that can help you in a duel.",1
scrpack.179.0570,179,570,44,Today's tip is about Tutorial Mode.,0
scrpack.179.0574,179,574,96,"Watch every lesson in both Basics and Advanced,#cr0and something good is sure to happen.",1
scrpack.179.0588,179,588,24,Until next time.,0
scrpack.180.0121,180,121,24,Reading Cards,0
scrpack.180.0140,180,140,124,"There are two kinds of Duel Masters cards:#cr0creature cards and spell cards!#cr0So, Rekuta, know the difference?",2
scrpack.180.0150,180,150,32,"Of course I do, Shou!",0
scrpack.180.0159,180,159,64,Mimiii! Rekuta says#cr0he doesn't wanna be my assistant!,1
scrpack.180.0169,180,169,48,Waaah!#cr0Umm... what is the difference?,1
scrpack.180.0179,180,179,44,"You don't even know that, Rekuta?",0
scrpack.180.0183,180,183,52,Grr...#cr0(I know! I know! I know already!),1
scrpack.180.0192,180,192,44,Take a look. This is a spell card!,0
scrpack.180.0213,180,213,120,"After a spell card uses its effect,#cr0it goes to the graveyard.#cr0In other words, spells are one-shot cards.",2
scrpack.180.0228,180,228,36,And this is a creature card.,0
scrpack.180.0232,180,232,84,"Unlike a spell, a creature stays in the battle zone#cr0after you play it.",1
scrpack.180.0236,180,236,52,It keeps fighting until it loses a battle.,0
scrpack.180.0247,180,247,72,Got the difference between creature cards#cr0and spell cards?,1
scrpack.180.0256,180,256,64,Now let's take a closer look#cr0at how to read a card.,1
scrpack.180.0272,180,272,48,Take another look at this creature card.,0
scrpack.180.0280,180,280,68,This number is the mana cost#cr0you need to play the card.,1
scrpack.180.0284,180,284,72,"The more powerful the card,#cr0the more mana it usually costs.",1
scrpack.180.0293,180,293,76,This is the card text.#cr0It tells you what effects the card has.,1
scrpack.180.0297,180,297,60,Some special abilities are also shown with icons.,0
scrpack.180.0306,180,306,100,"This number is the creature's power.#cr0When creatures battle, the one with more power wins.",1
scrpack.180.0310,180,310,84,"The winner stays in the battle zone,#cr0and the loser goes to the graveyard.",1
scrpack.180.0314,180,314,88,"If their power is tied, both creatures are destroyed#cr0and go to the graveyard.",1
scrpack.180.0325,180,325,64,"Now, about a card's color...#cr0This is important too.",1
scrpack.180.0334,180,334,96,"There are five civilizations in Duel Masters,#cr0and each one is represented by a color.",1
scrpack.180.0343,180,343,28,Fire Civilization!,0
scrpack.180.0357,180,357,32,Those are the red cards.,0
scrpack.180.0367,180,367,28,Light Civilization!,0
scrpack.180.0380,180,380,36,Those are the yellow cards.,0
scrpack.180.0390,180,390,32,Darkness Civilization!,0
scrpack.180.0403,180,403,36,Those are the black cards.,0
scrpack.180.0413,180,413,28,Water Civilization!,0
scrpack.180.0426,180,426,36,Those are the blue cards.,0
scrpack.180.0436,180,436,28,Nature Civilization!,0
scrpack.180.0449,180,449,36,Those are the green cards.,0
scrpack.180.0455,180,455,44,And now you know how to read a card!,0
scrpack.180.0464,180,464,12,...,0
scrpack.180.0473,180,473,32,"Rekuta, that's your cue.",0
scrpack.180.0477,180,477,12,...,0
scrpack.180.0486,180,486,20,Rekuta...?,0
scrpack.180.0490,180,490,12,...,0
scrpack.180.0499,180,499,52,"Shou, teach us how to read a spell card too!",0
scrpack.180.0508,180,508,28,"Oh! Right, right.",0
scrpack.180.0527,180,527,124,"As you can see, spell cards don't have power.#cr0Other than that, you read them the same way#cr0as creature cards!",2
scrpack.180.0538,180,538,60,"Ohhh, that's all there is to it!#cr0Thanks, Shou!",1
scrpack.180.0547,180,547,24,And with that...,0
scrpack.180.0556,180,556,32,That's all for today!,0
scrpack.180.0585,180,585,24,Quick Duel Tip!!,0
scrpack.180.0600,180,600,40,Time to review what we learned!,0
scrpack.180.0609,180,609,60,There are two kinds of cards: creatures and spells!,0
scrpack.180.0613,180,613,56,You can tell a civilization by the card's color.,0
scrpack.180.0637,180,637,36,Rekutaaa! Where'd you go?!,0
scrpack.180.0669,180,669,28,Duel Tips & Tidbits,0
scrpack.180.0688,180,688,52,"I am White Fang Maki,#cr0the Silver Duelist.",1
scrpack.180.0697,180,697,92,"In this segment, I'll share some useful little tips#cr0that can help you in a duel.",1
scrpack.180.0711,180,711,136,"Duel Masters has five civilizations,#cr0but some cards belong to two civilizations at once.#cr0These are called Rainbow cards.",2
scrpack.180.0715,180,715,108,Rainbow cards combine the traits#cr0of two civilizations!#cr0See for yourself what powers they hold.,2
scrpack.180.0729,180,729,24,See you around.,0
scrpack.181.0121,181,121,20,About Decks,0
scrpack.181.0136,181,136,48,"So, Rekuta, how many cards do you own?",0
scrpack.181.0145,181,145,84,"Ahh, I've been waiting for that question!#cr0Take a look at this collection!",1
scrpack.181.0154,181,154,84,"Whoa, that's incredible!#cr0With this many cards, you could build any deck.",1
scrpack.181.0163,181,163,28,Deck? What's a deck?,0
scrpack.181.0172,181,172,40,"You don't even know that, Reku--",0
scrpack.181.0188,181,188,80,Rekutaaa! Where have you been?#cr0I've been looking everywhere for you!,1
scrpack.181.0192,181,192,28,No you haven't...,0
scrpack.181.0206,181,206,60,"Well, never mind that...#cr0Today's topic is decks.",1
scrpack.181.0215,181,215,56,Rekuta!#cr0Why don't you explain decks for us?,1
scrpack.181.0219,181,219,76,You don't have to pretend to be#cr0the clueless assistant anymore!,1
scrpack.181.0228,181,228,52,What? Put me on the spot like that and...,0
scrpack.181.0237,181,237,104,No need to be shy!#cr0Show us everything you know and give us#cr0the greatest explanation ever!,2
scrpack.181.0246,181,246,64,Umm... well...#cr0I think I'd rather stay the assistant.,1
scrpack.181.0255,181,255,76,"Yes! That's the Rekuta I know!#cr0All right, I'll keep explaining.",1
scrpack.181.0264,181,264,52,A deck is the 40 cards you use in a duel.,0
scrpack.181.0268,181,268,56,"Before you duel, you'll need to build your deck.",0
scrpack.181.0277,181,277,48,All right! I'm building one right now!,0
scrpack.181.0286,181,286,32,So... how do I build it?,0
scrpack.181.0290,181,290,72,"Like I said, a deck has exactly 40 cards.#cr0No more, no less.",1
scrpack.181.0299,181,299,128,You can also have no more than four copies#cr0of any card with the same name.#cr0Those are the only deck-building rules.,2
scrpack.181.0308,181,308,64,That's it?#cr0I expected it to be way more complicated.,1
scrpack.181.0317,181,317,100,"The rules are simple, but there's a lot of depth.#cr0Deck building is part of the duel too!",1
scrpack.181.0321,181,321,44,Deck building is part of the duel...,0
scrpack.181.0330,181,330,48,"Shou, teach me how to build a good deck!",0
scrpack.181.0339,181,339,76,"You got it!#cr0First, narrow down your civilizations--your colors.",1
scrpack.181.0343,181,343,96,A deck with too many civilizations is hard to use.#cr0Try to stick to three or fewer.,1
scrpack.181.0347,181,347,136,"Mana-cost balance is important too.#cr0If your deck is all expensive cards,#cr0you can't do much early on when your mana is low.",2
scrpack.181.0356,181,356,72,"But if everything is cheap,#cr0stronger cards may overwhelm you.",1
scrpack.181.0365,181,365,88,"For starters, try using plenty of low-cost cards#cr0and fewer high-cost cards.",1
scrpack.181.0369,181,369,112,Then read your card text carefully#cr0and combine cards in ways that bring out#cr0their full potential.,2
scrpack.181.0378,181,378,56,Combos that bring out a card's full potential...,0
scrpack.181.0387,181,387,76,But there are so many cards!#cr0I don't even know where to start!,1
scrpack.181.0391,181,391,96,"Don't worry, Rekuta.#cr0This game comes with several decks#cr0already prepared for you.",2
scrpack.181.0400,181,400,76,"Start with one of those,#cr0then customize it to make it your own.",1
scrpack.181.0409,181,409,32,"Hey, even I can do that!",0
scrpack.181.0413,181,413,116,"Once your deck is ready, duel with it.#cr0You'll see what works and what doesn't.#cr0Then improve it again.",2
scrpack.181.0422,181,422,100,"Keep repeating that process,#cr0and your deck will grow into one#cr0that's perfect for you.",2
scrpack.181.0431,181,431,20,I get it.,0
scrpack.181.0435,181,435,48,Every duelist has a deck all their own.,0
scrpack.181.0449,181,449,52,Now go build a deck that's uniquely yours!,0
scrpack.181.0478,181,478,24,Quick Duel Tip!!,0
scrpack.181.0493,181,493,40,Time to review what we learned!,0
scrpack.181.0502,181,502,48,A deck must contain exactly 40 cards!,0
scrpack.181.0506,181,506,52,No more than four copies of the same card!,0
scrpack.181.0510,181,510,44,"Once you build a deck, duel with it!",0
scrpack.181.0539,181,539,20,Helpful Info,0
scrpack.181.0558,181,558,52,"I am White Fang Maki,#cr0the Silver Duelist.",1
scrpack.181.0567,181,567,92,"In this segment, I'll share some useful little tips#cr0that can help you in a duel.",1
scrpack.181.0581,181,581,96,"In Tournament Mode, there are restrictions#cr0on which cards you can put in your deck.",1
scrpack.181.0585,181,585,92,"Before entering a tournament,#cr0check the regulations for its deck-building rules.",1
scrpack.181.0589,181,589,128,"If you connect online, you can look at decks#cr0built by all kinds of duelists.#cr0Use them as inspiration for your own.",2
scrpack.181.0593,181,593,100,Build something interesting?#cr0Use the upload feature#cr0to show off your favorite deck!,2
scrpack.181.0607,181,607,24,Until next time.,0
scrpack.181.0641,181,641,28,Duel Tips & Tidbits,0
scrpack.181.0660,181,660,92,Thanks for watching every lesson in Basics.#cr0Here's a little something for you.,1
scrpack.181.0676,181,676,44,Make sure you watch Advanced too!,0
scrpack.182.0007,182,7,16,Advanced,0
scrpack.182.0022,182,22,56,All right! Pick a topic you want to learn about.,0
scrpack.183.0121,183,121,20,Duel Setup,0
scrpack.183.0136,183,136,48,Let's start with how to set up a duel.,0
scrpack.183.0149,183,149,48,"First, place your deck in the deck zone.",0
scrpack.183.0153,183,153,88,"Next, take the top five cards of your deck#cr0and place them in the shield zone!",1
scrpack.183.0157,183,157,84,Then draw five cards from the top of your deck#cr0for your starting hand!,1
scrpack.183.0166,183,166,88,"Finally, decide who goes first and who goes second.#cr0Now you're ready to duel.",1
scrpack.183.0175,183,175,68,"Set up the deck, put down the shields,#cr0and then, um...",1
scrpack.183.0184,183,184,108,"Don't worry, Rekuta.#cr0The game handles setup automatically!#cr0That's the beauty of video games.",2
scrpack.183.0193,183,193,52,Oh! Then I could do it with my eyes closed.,0
scrpack.183.0197,183,197,68,Sure you could.#cr0But you'd miss the cool opening scene!,1
scrpack.183.0206,183,206,16,Untap,0
scrpack.183.0209,183,209,72,"At the start of your turn,#cr0untap all of your tapped cards.",1
scrpack.183.0218,183,218,44,What's tapping? What's untapping?,0
scrpack.183.0227,183,227,80,"To tap a card, turn it sideways.#cr0That shows the card has been used.",1
scrpack.183.0231,183,231,104,Turning a tapped card upright again#cr0is called untapping.#cr0So let's try untapping one now.,2
scrpack.183.0235,183,235,136,"Or we would, except on the first turn#cr0you won't have any cards to untap.#cr0When that happens, just move on to the next step!",2
scrpack.183.0244,183,244,100,"What?! But if I don't practice untapping now,#cr0I might mess it up when it really matters!",1
scrpack.183.0253,183,253,100,You'll be fine!#cr0Untapping happens automatically.#cr0You don't even have to remember it!,2
scrpack.183.0267,183,267,12,Draw,0
scrpack.183.0270,183,270,52,After the untap step comes the draw step.,0
scrpack.183.0274,183,274,72,"Once your cards are untapped,#cr0draw one card from your deck.",1
scrpack.183.0283,183,283,32,Just one card per turn!,0
scrpack.183.0293,183,293,28,"Come on, good card!",0
scrpack.183.0304,183,304,80,Hold it!#cr0The player who goes first doesn't draw#cr0on the first turn.,2
scrpack.183.0313,183,313,24,What?! Why not?,0
scrpack.183.0322,183,322,72,It's a penalty to balance out#cr0the advantage of going first.,1
scrpack.183.0331,183,331,72,"Oh, I get it.#cr0Still, I feel like I haven't done anything yet.",1
scrpack.183.0340,183,340,72,"Anything you'd do here is automatic anyway,#cr0so no problem!",1
scrpack.183.0349,183,349,60,"By the way, what happens if I draw my whole deck?",0
scrpack.183.0358,183,358,76,"Good question.#cr0The moment your deck reaches zero cards, you lose.",1
scrpack.183.0367,183,367,76,"Then when my deck gets low,#cr0I should just stop drawing, right?",1
scrpack.183.0378,183,378,96,"Nope! That's not allowed.#cr0During the draw step,#cr0you must draw exactly one card.",2
scrpack.183.0387,183,387,68,No more and no less!#cr0And don't even think about cheating.,1
scrpack.183.0396,183,396,32,Because it's automatic?,0
scrpack.183.0405,183,405,16,Exactly!,0
scrpack.183.0414,183,414,96,Everything we've talked about is automatic.#cr0Is there even a point in explaining it?,1
scrpack.183.0423,183,423,104,"Come on, Rekuta.#cr0If you learn the rules, they'll help when you play#cr0with real cards too!",2
scrpack.183.0432,183,432,32,"Ohhh, right. Good point.",0
scrpack.183.0441,183,441,72,"Whew, nice save...#cr0Okay, that's all for today!#cr0Bye-bye!",2
scrpack.183.0474,183,474,24,Quick Duel Tip!!,0
scrpack.183.0485,183,485,40,Time to review what we learned!,0
scrpack.183.0494,183,494,32,Duel setup is automatic!,0
scrpack.183.0498,183,498,36,Untapping is automatic too!,0
scrpack.183.0502,183,502,44,"And hey, drawing is automatic too!",0
scrpack.183.0531,183,531,28,Duel Tips & Tidbits,0
scrpack.183.0550,183,550,52,"I am White Fang Maki,#cr0the Silver Duelist.",1
scrpack.183.0559,183,559,92,"In this segment, I'll share some useful little tips#cr0that can help you in a duel.",1
scrpack.183.0573,183,573,76,"Untapping and drawing are automatic,#cr0but there are exceptions.",1
scrpack.183.0577,183,577,52,"For example, when a card has Silent Skill.",0
scrpack.183.0581,183,581,112,Silent Skill abilities trigger#cr0during the untap step.#cr0Choose whether or not to use the ability.,2
scrpack.183.0585,183,585,68,"Now, about your deck.#cr0If it runs out of cards, you lose.",1
scrpack.183.0589,183,589,68,"Which means if your opponent's deck runs out,#cr0you win.",1
scrpack.183.0593,183,593,80,Trying to deck out your opponent#cr0can be a strategy in its own right.,1
scrpack.183.0607,183,607,24,See you around.,0
scrpack.184.0122,184,122,16,Charge,0
scrpack.184.0140,184,140,52,After the draw step comes the charge step.,0
scrpack.184.0149,184,149,128,"During the charge step, you may place one card#cr0from your hand into your mana zone.#cr0That's called a mana charge!",2
scrpack.184.0158,184,158,76,A charged card becomes energy#cr0you can use to play other cards.,1
scrpack.184.0162,184,162,76,"The more cards you have charged,#cr0the more options you'll have.",1
scrpack.184.0171,184,171,120,"So more charged cards is always better, right?#cr0All right! I'll charge this one,#cr0this one, and this one!",2
scrpack.184.0182,184,182,64,"Sorry, Rekuta.#cr0You can only charge one card per turn.",1
scrpack.184.0191,184,191,60,"Aww, only one?#cr0Do I have to charge every turn?",1
scrpack.184.0200,184,200,76,Nope. It's completely up to you#cr0whether you charge a card or not.,1
scrpack.184.0204,184,204,72,"Once a card is charged, it can't battle#cr0or use its abilities.",1
scrpack.184.0213,184,213,68,So think carefully about which card#cr0you turn into mana!,1
scrpack.184.0217,184,217,72,"Hmm...#cr0Then I guess I'll charge#cr0""Phantom Dragon's Flame.""",2
scrpack.184.0226,184,226,12,Main,0
scrpack.184.0229,184,229,44,Now we finally reach the main step.,0
scrpack.184.0233,184,233,76,"During the main step, you can summon creatures#cr0and cast spells!",1
scrpack.184.0242,184,242,60,"Yes!#cr0I summon ""Bat Doctor, Shadow of Undeath""!!",1
scrpack.184.0253,184,253,36,"Rekuta, you can't do that.",0
scrpack.184.0262,184,262,24,What?! Why not?!,0
scrpack.184.0271,184,271,52,"You've only charged one card so far, right?",0
scrpack.184.0275,184,275,52,That means you only have one mana available.,0
scrpack.184.0279,184,279,88,"""Bat Doctor, Shadow of Undeath"" costs three mana.#cr0So you can't summon it yet.",1
scrpack.184.0288,184,288,72,"Then I just need a creature#cr0that only costs one mana, right?",1
scrpack.184.0297,184,297,48,"I summon ""Marrow Ooze, the Twister""!!",0
scrpack.184.0308,184,308,28,"Nope. No, no, no.",0
scrpack.184.0317,184,317,68,"What?! ""Marrow Ooze, the Twister""#cr0only costs one mana!",1
scrpack.184.0326,184,326,80,"True, it only costs one mana,#cr0but it's a Darkness Civilization card.",1
scrpack.184.0330,184,330,48,What card did you charge a minute ago?,0
scrpack.184.0339,184,339,52,"Umm... ""Phantom Dragon's Flame,"" I think.",0
scrpack.184.0343,184,343,136,"""Phantom Dragon's Flame"" is a Fire card.#cr0To play a card, at least one mana you tap#cr0must match that card's civilization.",2
scrpack.184.0347,184,347,68,"But ""Marrow Ooze, the Twister""#cr0is a Darkness card, right?",1
scrpack.184.0351,184,351,32,So you can't summon it.,0
scrpack.184.0355,184,355,32,This is complicated...,0
scrpack.184.0364,184,364,124,"Not really! Cards you can't use are dimmed out,#cr0so you can tell at a glance.#cr0That's the beauty of video games!",2
scrpack.184.0373,184,373,52,"Oh, I get it!#cr0Now, what should I play...?",1
scrpack.184.0382,184,382,36,"Wait, I can't do anything!",0
scrpack.184.0391,184,391,124,"That's normal at the start.#cr0As the turns pass and you build up mana,#cr0you'll be able to do all kinds of things.",2
scrpack.184.0406,184,406,60,And just like that--here we are eight turns later!,0
scrpack.184.0415,184,415,36,This is like a cooking show.,0
scrpack.184.0419,184,419,108,"Now let's summon something.#cr0Move the cursor to the card you want to use#cr0and select ""Summon.""",2
scrpack.184.0423,184,423,64,"Then choose the mana you want to tap,#cr0and you're set.",1
scrpack.184.0427,184,427,68,"Huh, that's easier than I expected.#cr0How do I use spells?",1
scrpack.184.0431,184,431,44,The same way you summon a creature.,0
scrpack.184.0440,184,440,68,"When you don't want to do anything else,#cr0end the step.",1
scrpack.184.0469,184,469,24,Quick Duel Tip!!,0
scrpack.184.0484,184,484,40,Time to review what we learned!,0
scrpack.184.0493,184,493,48,You can charge only one card per turn.,0
scrpack.184.0497,184,497,68,"To play a card, you need mana#cr0of the same civilization.",1
scrpack.184.0526,184,526,28,Duel Tips & Tidbits,0
scrpack.184.0545,184,545,52,"I am White Fang Maki,#cr0the Silver Duelist.",1
scrpack.184.0559,184,559,92,"In this segment, I'll share some useful little tips#cr0that can help you in a duel.",1
scrpack.184.0568,184,568,96,"Charge a Rainbow card, and it can provide mana#cr0for either of its two civilizations.",1
scrpack.184.0572,184,572,76,The tradeoff is that Rainbow cards#cr0enter the mana zone tapped.,1
scrpack.184.0586,184,586,24,See you around.,0
scrpack.185.0122,185,122,16,Attack,0
scrpack.185.0140,185,140,48,All right! It's finally time to battle!,0
scrpack.185.0149,185,149,96,"Okay! I'll attack with the#cr0""Bat Doctor, Shadow of Undeath"" I just summoned!#cr0Go!",2
scrpack.185.0160,185,160,36,"Rekuta, you can't do that.",0
scrpack.185.0169,185,169,16,What?!,0
scrpack.185.0178,185,178,60,"You just summoned that creature this turn, right?",0
scrpack.185.0182,185,182,100,"A creature can't attack on the turn it's summoned.#cr0That's called ""summoning sickness.""",1
scrpack.185.0191,185,191,44,How do I cure summoning sickness?,0
scrpack.185.0195,185,195,64,It wears off naturally#cr0when your next turn begins.,1
scrpack.185.0204,185,204,92,Then I just need to attack with a creature#cr0that doesn't have summoning sickness.,1
scrpack.185.0210,185,210,16,Exactly.,0
scrpack.185.0224,185,224,48,All right! Here's how attacking works.,0
scrpack.185.0233,185,233,72,"First, choose the creature that will attack--#cr0your attacker.",1
scrpack.185.0237,185,237,32,"Next, choose a target!",0
scrpack.185.0241,185,241,72,Your target can be either a tapped creature#cr0or your opponent.,1
scrpack.185.0245,185,245,84,Be careful: you can't choose an untapped creature#cr0as your attack target.,1
scrpack.185.0254,185,254,60,"When creatures battle, the one with more power wins!",0
scrpack.185.0263,185,263,68,A creature's power is printed#cr0at the bottom of its card!,1
scrpack.185.0272,185,272,52,Now let's see how to attack your opponent.,0
scrpack.185.0281,185,281,116,"Choose your attacker, then your opponent.#cr0If they still have shields,#cr0choose which shield to break.",2
scrpack.185.0290,185,290,16,Got it!,0
scrpack.185.0299,185,299,64,"By the way, a broken shield#cr0goes to its owner's hand.",1
scrpack.185.0308,185,308,48,And there's one more important thing!,0
scrpack.185.0317,185,317,20,What is it?,0
scrpack.185.0326,185,326,24,Shield Triggers!,0
scrpack.185.0330,185,330,32,What?! What are those?,0
scrpack.185.0339,185,339,80,"When a shield is broken,#cr0that card normally goes to your hand, right?",1
scrpack.185.0343,185,343,112,"If it has a Shield Trigger ability,#cr0you can use it immediately#cr0instead of adding it to your hand.",2
scrpack.185.0352,185,352,48,And you don't have to pay its mana cost.,0
scrpack.185.0361,185,361,72,You can use it during your opponent's turn?#cr0That's amazing!!,1
scrpack.185.0375,185,375,76,"When you can't or don't want to do anything else,#cr0end your turn!",1
scrpack.185.0379,185,379,108,"Once your turn ends, your opponent's turn begins.#cr0You keep taking turns back and forth like that.",1
scrpack.185.0388,185,388,36,"Hm? What's wrong, Rekuta?",0
scrpack.185.0397,185,397,68,"I know how to attack now,#cr0but how do I protect myself?",1
scrpack.185.0406,185,406,72,"Putting your own safety first...#cr0That's so like you, Rekuta.",1
scrpack.185.0415,185,415,52,I don't feel like that was a compliment...,0
scrpack.185.0424,185,424,28,Of course it wasn't!,0
scrpack.185.0433,185,433,16,Ugh...,0
scrpack.185.0442,185,442,72,"Now that we've cleared that up,#cr0let's talk about blockers.",1
scrpack.185.0451,185,451,20,Blockers?!,0
scrpack.185.0455,185,455,80,A creature with the Blocker ability#cr0can stop an opponent's attack.,1
scrpack.185.0464,185,464,52,What?! I can act during my opponent's turn?,0
scrpack.185.0468,185,468,100,"That's right.#cr0A blocker can act on your opponent's turn,#cr0but only when they attack.",2
scrpack.185.0477,185,477,36,So how do I use a blocker?,0
scrpack.185.0481,185,481,80,When your opponent attacks...#cr0tap your blocker to declare a block!,1
scrpack.185.0485,185,485,92,Then the attacker and blocker battle.#cr0Resolve it using the normal battle rules.,1
scrpack.185.0494,185,494,52,"So the creature with more power wins, right?",0
scrpack.185.0503,185,503,16,Exactly!,0
scrpack.185.0517,185,517,100,And that's most of the basic rules.#cr0You'll learn the finer points#cr0by actually dueling!,2
scrpack.185.0526,185,526,60,And don't forget to read your card text carefully!,0
scrpack.185.0535,185,535,36,All right! I'll do my best!!,0
scrpack.185.0564,185,564,24,Quick Duel Tip!!,0
scrpack.185.0579,185,579,40,Time to review what we learned!,0
scrpack.185.0588,185,588,80,A newly summoned creature can't attack#cr0because of summoning sickness!,1
scrpack.185.0592,185,592,56,"In battle, the creature with more power wins!",0
scrpack.185.0596,185,596,52,Blockers can act during the opponent's turn.,0
scrpack.185.0600,185,600,40,Watch out for Shield Triggers!,0
scrpack.185.0609,185,609,44,Later! See you at the Battle Arena!!,0
scrpack.185.0638,185,638,28,Duel Tips & Tidbits,0
scrpack.185.0657,185,657,52,"I am White Fang Maki,#cr0the Silver Duelist.",1
scrpack.185.0671,185,671,92,"In this segment, I'll share some useful little tips#cr0that can help you in a duel.",1
scrpack.185.0680,185,680,116,Newly summoned creatures usually can't attack#cr0because of summoning sickness.#cr0But there are exceptions.,2
scrpack.185.0684,185,684,68,Speed Attackers and Evolution Creatures#cr0are two examples.,1
scrpack.185.0688,185,688,100,"They don't suffer from summoning sickness,#cr0so they can attack the turn they're summoned.",1
scrpack.185.0698,185,698,96,Thanks for watching Advanced all the way through.#cr0Here's a little something for you.,1
scrpack.185.0727,185,727,24,Until next time!,0
scrpack.186.0145,186,145,16,Tutorial,0
scrpack.186.0160,186,160,48,"Hey, everybody!#cr0I'm Duel Jacker Shou!",1
scrpack.186.0164,186,164,80,I'm here to teach you everything you need to know#cr0about Duel Masters!,1
scrpack.186.0168,186,168,36,And my assistant is Rekuta!,0
scrpack.186.0178,186,178,20,Hey there!,0
scrpack.186.0188,186,188,16,Tutorial,0
scrpack.186.0209,186,209,24,Choose a topic.,0
scrpack.186.0230,186,230,52,I'll teach you the basics of Duel Masters!,0
scrpack.186.0234,186,234,16,Ready?,0
scrpack.186.0275,186,275,60,I'll walk you through the flow of an actual duel.,0
scrpack.186.0279,186,279,16,Ready?,0
scrpack.186.0320,186,320,92,"If you find a term you don't understand#cr0while reading card text, look it up here.",1
scrpack.186.0324,186,324,28,View the glossary?,0
scrpack.186.0331,186,331,24,Glossary Mode,0
scrpack.186.0346,186,346,36,Back to the title screen!,0
scrpack.188.0035,188,35,88,Ho ho! Now this is surprising.#cr0Both of these girls are from another world.,1
scrpack.188.0044,188,44,40,Then which one's the real Mimi?,0
scrpack.188.0053,188,53,12,!,0
scrpack.188.0062,188,62,12,?,0
scrpack.188.0073,188,73,56,"You!#cr0What are you planning, using my name?!",1
scrpack.188.0082,188,82,44,That's mean!#cr0I'm the real Mimi!,1
scrpack.188.0095,188,95,40,Hold on.#cr0I'll examine them.,1
scrpack.188.0109,188,109,64,"Now, which is the real one...?#cr0Hmm... let's see...",1
scrpack.188.0114,188,114,12,Oh!,0
scrpack.188.0130,188,130,28,You figured it out?,0
scrpack.188.0134,188,134,28,They're both real.,0
scrpack.188.0151,188,151,32,What?! Mimi has a twin?!,0
scrpack.188.0165,188,165,24,Of course not!,0
scrpack.188.0183,188,183,40,Then why are there two of her?,0
scrpack.188.0188,188,188,76,It probably has something to do#cr0with the structure of the mind.,1
scrpack.188.0192,188,192,104,"The shock of entering this world#cr0must have split her mind in two,#cr0and her body followed.",2
scrpack.188.0201,188,201,48,I see. How do we put her back together?,0
scrpack.188.0209,188,209,12,How?,0
scrpack.188.0213,188,213,52,For now...#cr0let's have the two Mimis duel.,1
scrpack.188.0222,188,222,40,That'll put her back together?,0
scrpack.188.0226,188,226,20,Who knows?,0
scrpack.188.0235,188,235,24,Who knows...?,0
scrpack.188.0239,188,239,60,We don't have a better idea.#cr0It's worth a try.,1
scrpack.188.0248,188,248,48,Good point!#cr0That's Dr. Root for you.,1
scrpack.188.0257,188,257,16,Yeah!,0
scrpack.188.0297,188,297,44,"Mimi, will you duel the other Mimi?",0
scrpack.188.0306,188,306,56,A duel with another me?#cr0Sounds interesting.,1
scrpack.188.0315,188,315,28,Can you even duel?,0
scrpack.188.0326,188,326,36,"Umm, I don't really know! ♪",0
scrpack.188.0335,188,335,16,Mimi!,0
scrpack.188.0344,188,344,16,But...,0
scrpack.188.0354,188,354,68,This is hopeless.#cr0Dueling her would be a waste of time.,1
scrpack.188.0363,188,363,44,I'll train Mimi.#cr0How about that?,1
scrpack.188.0372,188,372,36,Are you actually serious?,0
scrpack.188.0378,188,378,16,Mimi.,0
scrpack.188.0387,188,387,32,Hmm... Mimi will try! ♪,0
scrpack.188.0396,188,396,68,"All right, settled.#cr0I'll think up a strategy. Wait here.",1
scrpack.188.0409,188,409,44,"Mimi, will you duel the other Mimi?",0
scrpack.188.0418,188,418,40,A duuuel?#cr0Hmm... I dunno...,1
scrpack.188.0427,188,427,16,Mimi!,0
scrpack.188.0436,188,436,56,But Mimi doesn't really understand dueling...,0
scrpack.188.0446,188,446,80,This is hopeless.#cr0Dueling someone like this would be a waste of time.,1
scrpack.188.0455,188,455,44,I'll train Mimi.#cr0How about that?,1
scrpack.188.0464,188,464,36,Are you actually serious?,0
scrpack.188.0469,188,469,16,Mimi.,0
scrpack.188.0478,188,478,32,Hmm... Mimi will try! ♪,0
scrpack.188.0487,188,487,68,"All right, settled.#cr0I'll think up a strategy. Wait here.",1
scrpack.188.0500,188,500,32,"So, what should I do?",0
scrpack.188.0523,188,523,32,"Ohhh.#cr0I see, I see.",1
scrpack.188.0532,188,532,36,All right! I'll do my best!,0
scrpack.188.0583,188,583,20,Here I come.,0
scrpack.188.0763,188,763,12,Shop,0
scrpack.188.0773,188,773,36,Yay!#cr0Mimi is a genius! ♪,1
scrpack.188.0786,188,786,12,Huh?,0
scrpack.188.0795,188,795,16,What?,0
scrpack.188.0834,188,834,56,"You're back to normal.#cr0Good for you, Mimi.",1
scrpack.188.0839,188,839,28,Good for me? What?,0
scrpack.188.0848,188,848,40,For becoming one person again.,0
scrpack.188.0857,188,857,36,??#cr0Mimi doesn't get it.,1
scrpack.188.0861,188,861,44,There were two of you a minute ago.,0
scrpack.188.0869,188,869,20,There were.,0
scrpack.188.0878,188,878,48,Are you okay?#cr0Do you have a fever?,1
scrpack.188.0887,188,887,16,I don't!,0
scrpack.188.0896,188,896,60,Looks like she doesn't remember splitting in two.,0
scrpack.188.0900,188,900,16,Yeah!,0
scrpack.188.0909,188,909,36,What are you talking about?,0
scrpack.188.0913,188,913,20,Whatever.,0
scrpack.188.0927,188,927,68,"More importantly, we're taking down GARDE.#cr0Help us, Mimi.",1
scrpack.188.0931,188,931,52,"I don't really understand, but...#cr0okay.",1
scrpack.188.0944,188,944,40,Twilight Mimi joined your party.,0
scrpack.188.0963,188,963,52,"Oh, right!#cr0Would you help the Resistance?",1
scrpack.188.0967,188,967,24,The Resistance?,0
scrpack.188.0971,188,971,64,They're fighting to free this city#cr0from Benny's rule.,1
scrpack.188.0975,188,975,28,Huh. Ruler Benny...,0
scrpack.188.0984,188,984,28,Benny?! Seriously?!,0
scrpack.188.0988,188,988,84,Yep. Ask them for the details.#cr0You should find them in the back alley.,1
scrpack.188.1017,188,1017,12,Shop,0
scrpack.188.1027,188,1027,36,You still want another duel?,0
scrpack.188.1031,188,1031,20,Duel again?,0
scrpack.189.0118,189,118,24,Back Alley-B11,0
scrpack.189.0170,189,170,28,Resistance Hideout,0
scrpack.189.0213,189,213,44,So this is the Resistance hideout...,0
scrpack.189.0224,189,224,36,Huh. So it was hidden here.,0
scrpack.189.0237,189,237,60,"Welcome, everyone.#cr0Dr. Root told me about you.",1
scrpack.189.0246,189,246,28,Whoa... handsome...,0
scrpack.189.0255,189,255,48,I'm Shobu Kirifuda. Nice to meet you!,0
scrpack.189.0264,189,264,28,I'm Rei. A pleasure.,0
scrpack.189.0273,189,273,36,"Miss, is something wrong?",0
scrpack.189.0287,189,287,24,"N-No, nothing...",0
scrpack.189.0291,189,291,40,I heard you're fighting Benny.,0
scrpack.189.0295,189,295,88,Yes.#cr0He suddenly appeared in this world#cr0and seized control of the city.,2
scrpack.189.0299,189,299,60,We're fighting to free the city#cr0from his rule.,1
scrpack.189.0308,189,308,24,"Yeah, I heard.",0
scrpack.189.0317,189,317,92,"Then I'll get right to the point.#cr0Shobu, will you help us reclaim our freedom?",1
scrpack.189.0326,189,326,12,Me?,0
scrpack.189.0335,189,335,72,I can't shake the feeling#cr0that you came here to defeat Benny.,1
scrpack.189.0339,189,339,40,"So Shobu, fight alongside me!",0
scrpack.189.0348,189,348,24,"All right, Rei.",0
scrpack.189.0362,189,362,40,"Wonderful.#cr0Thank you, Shobu!",1
scrpack.189.0386,189,386,44,So this is the Resistance hideout.,0
scrpack.189.0397,189,397,32,So it was hidden here.,0
scrpack.189.0410,189,410,60,"Welcome, everyone.#cr0Dr. Root told me about you.",1
scrpack.189.0419,189,419,28,Whoa... handsome...,0
scrpack.189.0428,189,428,32,I'm Hakuoh. A pleasure.,0
scrpack.189.0437,189,437,28,I'm Rei. A pleasure.,0
scrpack.189.0446,189,446,44,"Miss, is there something on my face?",0
scrpack.189.0460,189,460,32,Eek! He talked to me! ♪,0
scrpack.189.0470,189,470,108,"N-Nothing, Master Hakuoh!#cr0I was only looking for a second.#cr0My heart belongs entirely to you!",2
scrpack.189.0479,189,479,48,"Looking...? Why are you flustered, Mimi?",0
scrpack.189.0483,189,483,36,"Uh, well... it's nothing!",0
scrpack.189.0497,189,497,44,"Rei, I hear you're fighting Benny.",0
scrpack.189.0502,189,502,88,Yes.#cr0He suddenly appeared in this world#cr0and seized control of the city.,2
scrpack.189.0506,189,506,60,We're fighting to free the city#cr0from his rule.,1
scrpack.189.0515,189,515,24,"Yes, I heard.",0
scrpack.189.0524,189,524,92,"Then I'll get right to the point.#cr0Hakuoh, will you help us reclaim our freedom?",1
scrpack.189.0533,189,533,12,Me?,0
scrpack.189.0542,189,542,72,I can't shake the feeling#cr0that you came here to defeat Benny.,1
scrpack.189.0546,189,546,40,"So Hakuoh, fight alongside me!",0
scrpack.189.0555,189,555,24,"All right, Rei.",0
scrpack.189.0569,189,569,40,"Wonderful.#cr0Thank you, Hakuoh!",1
scrpack.189.0594,189,594,44,So this is the Resistance hideout.,0
scrpack.189.0610,189,610,76,What is this dump?#cr0You think you'll win from a place like this?,1
scrpack.189.0629,189,629,76,"Welcome.#cr0Dr. Root told me about you.#cr0Nice to meet you, Kokujo.",2
scrpack.189.0638,189,638,28,Whoa... handsome...,0
scrpack.189.0647,189,647,60,Don't talk to me like we're friends.#cr0Who are you?,1
scrpack.189.0656,189,656,28,I'm Rei. A pleasure.,0
scrpack.189.0665,189,665,36,"Miss, is something wrong?",0
scrpack.189.0679,189,679,24,"N-No, nothing...",0
scrpack.189.0684,189,684,28,Get to the point.,0
scrpack.189.0688,189,688,96,Very well.#cr0Benny suddenly appeared in this world#cr0and seized control of the city.,2
scrpack.189.0692,189,692,12,...,0
scrpack.189.0696,189,696,60,We're fighting to free the city#cr0from his rule.,1
scrpack.189.0700,189,700,56,But GARDE is backing him.#cr0They're formidable.,1
scrpack.189.0709,189,709,24,!!#cr0GARDE...!,1
scrpack.189.0718,189,718,56,"Kokujo, will you help us reclaim our freedom?",0
scrpack.189.0727,189,727,12,...,0
scrpack.189.0736,189,736,72,I can't shake the feeling#cr0that you came here to defeat Benny.,1
scrpack.189.0740,189,740,40,"So Kokujo, fight alongside me!",0
scrpack.189.0749,189,749,48,"Hmph.#cr0If GARDE is involved, I'm in.",1
scrpack.189.0758,189,758,48,But don't mistake that for friendship!,0
scrpack.189.0772,189,772,40,"Wonderful.#cr0Thank you, Kokujo!",1
scrpack.189.0796,189,796,44,So this is the Resistance hideout...,0
scrpack.189.0807,189,807,36,Huh. So it was hidden here.,0
scrpack.189.0820,189,820,60,"Welcome, everyone.#cr0Dr. Root told me about you.",1
scrpack.189.0829,189,829,28,Whoa... handsome...,0
scrpack.189.0838,189,838,40,I'm Bucketman. Nice to meet you!,0
scrpack.189.0847,189,847,28,I'm Rei. A pleasure.,0
scrpack.189.0856,189,856,36,"Miss, is something wrong?",0
scrpack.189.0870,189,870,24,"N-No, nothing...",0
scrpack.189.0874,189,874,40,I heard you're fighting Benny?,0
scrpack.189.0878,189,878,84,Yes. He suddenly appeared in this world#cr0and seized control of the city.,1
scrpack.189.0882,189,882,60,We're fighting to free the city#cr0from his rule.,1
scrpack.189.0891,189,891,24,"Yeah, I heard.",0
scrpack.189.0900,189,900,96,"Then I'll get right to the point.#cr0Bucketman, will you help us reclaim our freedom?",1
scrpack.189.0909,189,909,12,Me?,0
scrpack.189.0918,189,918,72,I can't shake the feeling#cr0that you came here to defeat Benny.,1
scrpack.189.0922,189,922,44,"So Bucketman, fight alongside me!",0
scrpack.189.0931,189,931,24,"All right, Rei.",0
scrpack.189.0945,189,945,44,"Wonderful.#cr0Thank you, Bucketman!",1
scrpack.189.0971,189,971,76,"Thank you.#cr0Thanks to you, Benny has been driven out of the city.",1
scrpack.189.0975,189,975,76,"Once we repair the damage Benny caused,#cr0please come visit again.",1
scrpack.189.0999,189,999,84,"Thank you, Mimi.#cr0Thanks to you, Benny has been driven out of the city.",1
scrpack.189.1008,189,1008,40,We finally got our freedom back!,0
scrpack.189.1012,189,1012,76,"Once we repair the damage Benny caused,#cr0please come visit again.",1
scrpack.189.1037,189,1037,52,Let's fight together to reclaim our freedom.,0
scrpack.189.1062,189,1062,76,Preparations are moving steadily.#cr0Our freedom is close at hand.,1
scrpack.189.1079,189,1079,24,That's great.,0
scrpack.189.1083,189,1083,32,"By the way, who is this?",0
scrpack.189.1092,189,1092,36,"Our Savior, Master Hakuoh.",0
scrpack.189.1096,189,1096,20,A pleasure.,0
scrpack.189.1100,189,1100,12,...,0
scrpack.189.1104,189,1104,24,What's wrong?,0
scrpack.189.1108,189,1108,32,I won't give you Mimi...,0
scrpack.189.1117,189,1117,32,Hm? What did you say?,0
scrpack.189.1121,189,1121,52,Nothing...#cr0A pleasure to meet you too.,1
scrpack.189.1144,189,1144,76,I will win our freedom.#cr0And at the same time... I will win love.,1
scrpack.189.1171,189,1171,48,There's something I want to tell Mimi.,0
scrpack.189.1175,189,1175,20,What is it?,0
scrpack.189.1179,189,1179,40,"Actually...#cr0No, never mind.",1
scrpack.189.1189,189,1189,36,Come on! Now I'm curious.,0
scrpack.189.1198,189,1198,68,The battle comes first.#cr0I'll tell you once we're free.,1
scrpack.190.0018,190,18,48,Things have been a little rough lately.,0
scrpack.190.0023,190,23,64,Benny is bad.#cr0But there are worse people than Benny.,1
scrpack.190.0028,190,28,48,You tourists?#cr0Very bad time to visit.,1
scrpack.190.0033,190,33,60,Benny is gone.#cr0Maybe the city gets better now.,1
scrpack.190.0038,190,38,84,"Everyone says the city is peaceful now,#cr0but it doesn't feel different.",1
scrpack.190.0043,190,43,64,Big trouble!#cr0The Resistance hideout is under attack!,1
scrpack.190.0061,190,61,60,I am a Town Guard.#cr0I maintain order in this city.,1
scrpack.190.0066,190,66,36,"I follow law, not emotion.",0
scrpack.190.0071,190,71,92,I hear many unpleasant rumors about our ruler Benny.#cr0They are obviously false.,1
scrpack.190.0075,190,75,116,"If the rumors were true,#cr0Benny would clearly be unfit to rule.#cr0Therefore he could not be the ruler.",2
scrpack.190.0079,190,79,68,But Benny is the ruler.#cr0Therefore the rumors are false.,1
scrpack.190.0084,190,84,52,I follow the law.#cr0That is my way of life.,1
scrpack.190.0089,190,89,80,The purpose of law is to be obeyed.#cr0Its contents need not concern us.,1
scrpack.191.0014,191,14,52,"How is this pose?#cr0Beautiful, isn't it?",1
scrpack.191.0019,191,19,36,Our ruler must be beautiful.,0
scrpack.191.0024,191,24,76,"Benny is not beautiful.#cr0Not outside, and certainly not inside.",1
scrpack.191.0029,191,29,80,Loving beautiful people is necessary#cr0to produce strong descendants.,1
scrpack.191.0044,191,44,60,I always look forward to visiting inside the dome.,0
scrpack.191.0048,191,48,48,...And always regret it once I arrive.,0
scrpack.191.0053,191,53,60,Walking inside the dome once in a while isn't bad.,0
scrpack.191.0057,191,57,40,...For the first five minutes.,0
scrpack.191.0062,191,62,80,You should try going outside the dome.#cr0It's wide open and refreshing.,1
scrpack.191.0066,191,66,52,"...You'd drown almost immediately, though.",0
scrpack.191.0071,191,71,36,I don't care who rules us.,0
scrpack.191.0075,191,75,40,...I don't obey anyone anyway.,0
scrpack.192.0015,192,15,104,Even warriors need rest.#cr0But the Resistance cannot rest#cr0until the day we win our freedom.,2
scrpack.192.0020,192,20,48,We will never surrender to the ruler.,0
scrpack.192.0025,192,25,68,The current ruler is the worst.#cr0People always say that.,1
scrpack.192.0030,192,30,92,Our goal is to overthrow the ruler.#cr0We haven't thought about what comes after.,1
scrpack.192.0035,192,35,84,Rulers are evil.#cr0All we can do is choose#cr0the path that is less evil.,2
scrpack.192.0040,192,40,56,Benny is gone.#cr0But our struggle is not over.,1
scrpack.193.0122,193,122,32,Research Facility-X01,0
scrpack.193.0137,193,137,36,The laboratory is empty...,0
scrpack.194.0018,194,18,80,A special tournament is underway with free entry!#cr0Come on and join!,1
scrpack.194.0022,194,22,32,Enter the tournament?,0
scrpack.194.0069,194,69,20,Battle Arena,0
scrpack.194.0084,194,84,24,"Round 1, begin!",0
scrpack.194.0115,194,115,16,Round 1,0
scrpack.194.0291,194,291,20,Battle Arena,0
scrpack.194.0306,194,306,24,"Round 2, begin!",0
scrpack.194.0337,194,337,16,Round 2,0
scrpack.194.0513,194,513,20,Battle Arena,0
scrpack.194.0528,194,528,24,"Round 3, begin!",0
scrpack.194.0559,194,559,16,Round 3,0
scrpack.194.0735,194,735,20,Battle Arena,0
scrpack.194.0750,194,750,24,"Round 4, begin!",0
scrpack.194.0781,194,781,16,Round 4,0
scrpack.194.0959,194,959,20,Battle Arena,0
scrpack.194.0998,194,998,20,Battle Arena,0
scrpack.194.1041,194,1041,20,Battle Arena,0
scrpack.194.1084,194,1084,20,Battle Arena,0
scrpack.194.1127,194,1127,20,Battle Arena,0
scrpack.194.1176,194,1176,20,Battle Arena,0
scrpack.194.1186,194,1186,28,I let my guard down.,0
scrpack.194.1190,194,1190,68,What are you talking about?#cr0You just weren't good enough.,1
scrpack.194.1199,194,1199,16,What?!,0
scrpack.194.1203,194,1203,68,A duelist who's really good#cr0doesn't let his guard down.,1
scrpack.194.1212,194,1212,16,Grrrr!,0
scrpack.194.1218,194,1218,92,Looks like they're about to name the winner.#cr0Huh?#cr0Aren't you going to watch?,2
scrpack.194.1222,194,1222,12,...,0
scrpack.194.1231,194,1231,116,What's wrong?#cr0Are you such a small-time duelist#cr0that you can't even celebrate somebody else's glory?,2
scrpack.194.1240,194,1240,64,Shut up.#cr0Come on. We're going to the awards ceremony.,1
scrpack.194.1260,194,1260,20,Battle Arena,0
scrpack.194.1276,194,1276,48,And the champion is... Twilight Mimi!,0
scrpack.194.1287,194,1287,44,Mimi?!#cr0She got sent here too?!,1
scrpack.194.1300,194,1300,44,"Mimi, congratulations on winning.",0
scrpack.194.1309,194,1309,60,There's nothing to celebrate.#cr0Of course I won.,1
scrpack.194.1324,194,1324,20,Battle Arena,0
scrpack.194.1334,194,1334,40,"You let your guard down, huh.",0
scrpack.194.1338,194,1338,20,Sure did.,0
scrpack.194.1349,194,1349,72,Looks like they're about to name the winner.#cr0Let's go watch.,1
scrpack.194.1369,194,1369,20,Battle Arena,0
scrpack.194.1385,194,1385,48,And the champion is... Twilight Mimi!,0
scrpack.194.1396,194,1396,36,What? Mimi?!#cr0She's safe!,1
scrpack.194.1409,194,1409,32,"Congratulations, Mimi.",0
scrpack.194.1418,194,1418,60,There's nothing to celebrate.#cr0Of course I won.,1
scrpack.194.1433,194,1433,20,Battle Arena,0
scrpack.194.1443,194,1443,32,You let your guard down.,0
scrpack.194.1447,194,1447,36,Everyone has days like that.,0
scrpack.194.1458,194,1458,60,It looks like they're about to announce the winner.,0
scrpack.194.1478,194,1478,20,Battle Arena,0
scrpack.194.1494,194,1494,48,And the champion is... Twilight Mimi!,0
scrpack.194.1505,194,1505,44,Mimi?!#cr0You were sent here too!,1
scrpack.194.1518,194,1518,52,"Mimi, I heard you won.#cr0Congratulations.",1
scrpack.194.1527,194,1527,60,There's nothing to celebrate.#cr0Of course I won.,1
scrpack.194.1542,194,1542,20,Battle Arena,0
scrpack.194.1552,194,1552,48,"Grr... Me, lose? That's impossible...",0
scrpack.194.1556,194,1556,56,"Boss, don't sweat it.#cr0We'll win the next one.",1
scrpack.194.1566,194,1566,44,Oh... wait. There is no next one...,0
scrpack.194.1575,194,1575,36,You wanna get flattened?!,0
scrpack.194.1584,194,1584,24,"S-Sorry, Boss...",0
scrpack.194.1600,194,1600,60,"Looks like they're about to name the winner, Boss.",0
scrpack.194.1618,194,1618,44,Huh?#cr0Aren't we going to watch?,1
scrpack.194.1637,194,1637,20,Battle Arena,0
scrpack.194.1655,194,1655,48,And the champion is... Twilight Mimi!,0
scrpack.194.1666,194,1666,36,What?!#cr0Twilight Mimi?!,1
scrpack.194.1679,194,1679,76,"Yo, sister.#cr0Not a bad duel.#cr0Guess I'll say congratulations.",2
scrpack.194.1688,194,1688,60,There's nothing to celebrate.#cr0Of course I won.,1
scrpack.194.1717,194,1717,20,Battle Arena,0
scrpack.194.1727,194,1727,48,Okay... who's my opponent in the finals?,0
scrpack.194.1748,194,1748,40,Mimi?!#cr0Are you really Mimi?!,1
scrpack.194.1757,194,1757,64,You sure changed a lot#cr0since the last time I saw you.,1
scrpack.194.1766,194,1766,56,Would you quit babbling?#cr0Get ready to duel.,1
scrpack.194.1814,194,1814,20,Let's begin.,0
scrpack.194.1981,194,1981,20,Battle Arena,0
scrpack.194.2026,194,2026,20,Battle Arena,0
scrpack.194.2040,194,2040,36,"Mimi, that duel was awesome!",0
scrpack.194.2049,194,2049,28,Is that all?#cr0Bye.,1
scrpack.194.2059,194,2059,20,"Hey, wait!",0
scrpack.194.2068,194,2068,20,Battle Arena,0
scrpack.194.2113,194,2113,20,Battle Arena,0
scrpack.194.2132,194,2132,32,"Congratulations, Mimi.",0
scrpack.194.2141,194,2141,60,There's nothing to celebrate.#cr0Of course I won.,1
scrpack.194.2162,194,2162,12,Oh!,0
scrpack.194.2185,194,2185,56,What was that?#cr0Who made that weird scream?,1
scrpack.194.2202,194,2202,48,Huh? There's another Mimi over here...,0
scrpack.194.2211,194,2211,20,Who are you?,0
scrpack.194.2220,194,2220,40,I could ask you the same thing.,0
scrpack.194.2231,194,2231,28,There are two Mimis.,0
scrpack.194.2242,194,2242,36,Which one's the real Mimi?,0
scrpack.194.2259,194,2259,28,I'm the real one.,0
scrpack.194.2270,194,2270,32,Whoa. Perfect unison.,0
scrpack.194.2286,194,2286,96,"Come to think of it, they said there are people#cr0in this world who look exactly alike.",1
scrpack.194.2290,194,2290,48,Both of these two are from other worlds.,0
scrpack.194.2299,194,2299,64,How does that make any sense?#cr0That's gotta be wrong!,1
scrpack.194.2308,194,2308,104,Why do you always doubt everything?#cr0You should listen when your elders#cr0tell you something.,2
scrpack.194.2312,194,2312,44,"Elder, my foot.#cr0You're a shrimp!",1
scrpack.194.2316,194,2316,72,What'd you say?!#cr0Fine! Let's ask Dr. Root and settle this!,1
scrpack.194.2342,194,2342,20,Battle Arena,0
scrpack.194.2352,194,2352,40,Who's my opponent in the finals?,0
scrpack.194.2373,194,2373,16,Mimi?!,0
scrpack.194.2382,194,2382,56,Don't tell me... you're a ghost or something.,0
scrpack.194.2391,194,2391,28,You're one to talk.,0
scrpack.194.2439,194,2439,20,Let's begin.,0
scrpack.194.2606,194,2606,20,Battle Arena,0
scrpack.194.2651,194,2651,20,Battle Arena,0
scrpack.194.2665,194,2665,44,Mimi! That was a pretty good duel.,0
scrpack.194.2674,194,2674,20,Sure was!,0
scrpack.194.2683,194,2683,28,Is that all?#cr0Bye.,1
scrpack.194.2693,194,2693,16,Hold it.,0
scrpack.194.2702,194,2702,20,Battle Arena,0
scrpack.194.2747,194,2747,20,Battle Arena,0
scrpack.194.2766,194,2766,32,"Congratulations, Mimi.",0
scrpack.194.2775,194,2775,60,There's nothing to celebrate.#cr0Of course I won.,1
scrpack.194.2796,194,2796,12,Oh!,0
scrpack.194.2819,194,2819,28,What was that voice?,0
scrpack.194.2836,194,2836,44,Huh? There's another Mimi here too.,0
scrpack.194.2845,194,2845,20,There is!,0
scrpack.194.2854,194,2854,20,Who are you?,0
scrpack.194.2863,194,2863,40,I could ask you the same thing.,0
scrpack.194.2880,194,2880,28,There are two Mimis.,0
scrpack.194.2891,194,2891,36,Which one's the real Mimi?,0
scrpack.194.2908,194,2908,28,I'm the real one.,0
scrpack.194.2914,194,2914,32,"Whoa, perfect unison!",0
scrpack.194.2923,194,2923,20,Sure was!,0
scrpack.194.2939,194,2939,80,I know! Let's ask Dr. Root.#cr0That old guy might know what's going on!,1
scrpack.194.2965,194,2965,20,Battle Arena,0
scrpack.194.2975,194,2975,52,Now then... who will I face in the finals?,0
scrpack.194.2996,194,2996,44,Mimi?!#cr0You were sent here too!!,1
scrpack.194.3005,194,3005,32,I'm glad you're safe.,0
scrpack.194.3014,194,3014,56,I don't have time#cr0for this pointless chatter.,1
scrpack.194.3062,194,3062,20,Let's begin.,0
scrpack.194.3229,194,3229,20,Battle Arena,0
scrpack.194.3274,194,3274,20,Battle Arena,0
scrpack.194.3288,194,3288,44,"Mimi, that was an excellent duel.",0
scrpack.194.3297,194,3297,28,Is that all?#cr0Bye.,1
scrpack.194.3307,194,3307,20,"Wait, Mimi.",0
scrpack.194.3316,194,3316,20,Battle Arena,0
scrpack.194.3361,194,3361,20,Battle Arena,0
scrpack.194.3380,194,3380,32,"Congratulations, Mimi.",0
scrpack.194.3389,194,3389,60,There's nothing to celebrate.#cr0Of course I won.,1
scrpack.194.3410,194,3410,12,Oh!,0
scrpack.194.3433,194,3433,28,What was that voice?,0
scrpack.194.3450,194,3450,24,What?! Mimi?!,0
scrpack.194.3459,194,3459,20,Who are you?,0
scrpack.194.3468,194,3468,40,I could ask you the same thing.,0
scrpack.194.3479,194,3479,28,There are two Mimis.,0
scrpack.194.3490,194,3490,36,Which one is the real Mimi?,0
scrpack.194.3507,194,3507,28,I'm the real one.,0
scrpack.194.3518,194,3518,32,"Whoa, perfect unison.",0
scrpack.194.3534,194,3534,72,"For now, let's ask Dr. Root.#cr0He may know what's happening.",1
scrpack.194.3560,194,3560,20,Battle Arena,0
scrpack.194.3570,194,3570,40,Now... who's my final sacrifice?,0
scrpack.194.3591,194,3591,24,Twilight Mimi?!,0
scrpack.194.3600,194,3600,36,Hmph. So you're here too.,0
scrpack.194.3609,194,3609,84,"Come on, then. Duel me.#cr0I'll sacrifice you to my cards!#cr0Hyah-ha-ha-ha!",2
scrpack.194.3618,194,3618,20,"Yeah, yeah.",0
scrpack.194.3666,194,3666,20,Let's begin.,0
scrpack.194.3833,194,3833,20,Battle Arena,0
scrpack.194.3882,194,3882,20,Battle Arena,0
scrpack.194.3896,194,3896,40,"Yo, sister.#cr0Not a bad duel.",1
scrpack.194.3905,194,3905,28,Is that all?#cr0Bye.,1
scrpack.194.3916,194,3916,28,What a cold woman.,0
scrpack.194.3925,194,3925,20,"Hey, Boss.",0
scrpack.194.3929,194,3929,16,Yeah...,0
scrpack.194.3938,194,3938,20,Battle Arena,0
scrpack.194.3983,194,3983,20,Battle Arena,0
scrpack.194.4002,194,4002,76,"Yo, sister.#cr0Not a bad duel.#cr0Guess I'll say congratulations.",2
scrpack.194.4011,194,4011,60,There's nothing to celebrate.#cr0Of course I won.,1
scrpack.194.4031,194,4031,12,Oh!,0
scrpack.194.4062,194,4062,28,What was that voice?,0
scrpack.194.4079,194,4079,12,?!,0
scrpack.194.4088,194,4088,20,Who are you?,0
scrpack.194.4097,194,4097,40,I could ask you the same thing.,0
scrpack.194.4108,194,4108,40,There are two Twilight Mimis.,0
scrpack.194.4119,194,4119,36,Which one's the real one?,0
scrpack.194.4136,194,4136,28,I'm the real one.,0
scrpack.194.4147,194,4147,32,"Whoa, perfect unison.",0
scrpack.194.4163,194,4163,64,Boss...#cr0Both of these girls are from other worlds.,1
scrpack.194.4167,194,4167,12,...,0
scrpack.194.4176,194,4176,80,"I know! Let's ask Dr. Root.#cr0That old guy might know something, Boss!",1
scrpack.196.0116,196,116,24,Observation Deck,0
scrpack.196.0129,196,129,24,It's the plaza.,0
scrpack.197.0119,197,119,20,Plaza-P03,0
scrpack.198.0011,198,11,92,I hear a special tournament is underway#cr0at the Battle Arena.#cr0You should enter.,2
scrpack.198.0016,198,16,32,Nothing in particular.,0
scrpack.198.0022,198,22,36,What do you want to know?,0
scrpack.198.0055,198,55,128,"This is one of the Water Civilization's highly managed cities,#cr0City-C109.#cr0The entire city was built underwater.",2
scrpack.198.0060,198,60,52,We're underwater...?#cr0But why am I here?,1
scrpack.198.0064,198,64,56,What?!#cr0Could you be...? Come a little closer.,1
scrpack.198.0073,198,73,36,Whoa! H-Hey! What are you-,0
scrpack.198.0079,198,79,52,"Hmm...#cr0I see, I see.#cr0Very interesting.",2
scrpack.198.0089,198,89,52,"Hey!#cr0What are you doing, you pervert?!",1
scrpack.198.0116,198,116,36,Well?#cr0What did you find?,1
scrpack.198.0126,198,126,44,It seems you aren't from this world.,0
scrpack.198.0130,198,130,16,?????,0
scrpack.198.0134,198,134,80,"You may have guessed already,#cr0but this is the world of D.M. Cards.",1
scrpack.198.0138,198,138,88,Things that would seem like fantasies in your world#cr0can become reality here.,1
scrpack.198.0142,198,142,96,"That is the power of mana.#cr0With abundant mana, any fantasy#cr0can take physical form.",2
scrpack.198.0146,198,146,48,C-Can you explain that a little simpler?,0
scrpack.198.0150,198,150,68,Your world has no mana.#cr0That is why it has no creatures.,1
scrpack.198.0154,198,154,68,This world has mana.#cr0That is why creatures exist here.,1
scrpack.198.0158,198,158,20,Understand?,0
scrpack.198.0182,198,182,32,Why am I in this world?,0
scrpack.198.0186,198,186,24,I don't know.,0
scrpack.198.0195,198,195,20,Whaaaat?!,0
scrpack.198.0199,198,199,104,But I can tell you this:#cr0someone from another world appearing here#cr0is an omen of danger.,2
scrpack.198.0208,198,208,56,?!#cr0An omen of danger...?#cr0What's happening?,2
scrpack.198.0212,198,212,120,Another major disturbance must be occurring#cr0at the boundary between the two worlds.#cr0This is very serious.,2
scrpack.198.0216,198,216,20,Two worlds?,0
scrpack.198.0220,198,220,48,GARDE...#cr0This must be their doing.,1
scrpack.198.0229,198,229,36,GARDE?!#cr0They're here too?,1
scrpack.198.0233,198,233,48,GARDE rules this world through dueling.,0
scrpack.198.0237,198,237,52,Through dueling?#cr0You can really do that?,1
scrpack.198.0241,198,241,44,This world is overflowing with mana.,0
scrpack.198.0245,198,245,80,The damage caused by a duel here#cr0is nothing like it is in your world.,1
scrpack.198.0249,198,249,72,"Win enough duels,#cr0and ruling this world is not impossible.",1
scrpack.198.0253,198,253,44,No way...#cr0I can't believe it...,1
scrpack.198.0257,198,257,124,GARDE is always searching for true duelists#cr0to increase its own power.#cr0Perhaps that is why you were summoned.,2
scrpack.198.0267,198,267,20,W-What...?,0
scrpack.198.0290,198,290,84,Who knows?#cr0We belong to this world.#cr0We don't know how to reach yours.,2
scrpack.198.0294,198,294,20,That's true.,0
scrpack.198.0298,198,298,36,Still... I have a feeling.,0
scrpack.198.0307,198,307,40,"Really?!#cr0Tell me, tell me!",1
scrpack.198.0311,198,311,36,The key lies in D.M. Cards.,0
scrpack.198.0320,198,320,20,D.M. Cards?,0
scrpack.198.0324,198,324,68,"As I've said, the power of D.M. Cards#cr0is beyond measure.",1
scrpack.198.0328,198,328,84,Gather more cards and keep dueling.#cr0I'm sure a path will eventually open.,1
scrpack.198.0351,198,351,96,"D.M. Cards.#cr0The world's most thrilling card game.#cr0At least, for ordinary people...",2
scrpack.198.0356,198,356,12,...,0
scrpack.198.0360,198,360,68,"But to a true duelist,#cr0D.M. Cards mean something more.",1
scrpack.198.0364,198,364,112,A vast power that can scorch the heavens#cr0and shatter the earth.#cr0They say even gods bow before it.,2
scrpack.198.0368,198,368,48,D.M. Cards are the source of that power.,0
scrpack.198.0377,198,377,40,Are they really THAT powerful?,0
scrpack.198.0381,198,381,68,You should know already#cr0what a true duel really means...,1
scrpack.198.0390,198,390,92,"D.M. Cards wield tremendous power#cr0even in your world,#cr0where mana has vanished.",2
scrpack.198.0394,198,394,100,"Imagine what would happen#cr0if that power were unleashed here,#cr0where mana is everywhere.",2
scrpack.198.0403,198,403,52,Hmm... I guess it'd be pretty incredible.,0
scrpack.198.0407,198,407,128,"If two powerful duelists fought seriously,#cr0the results could be catastrophic.#cr0Even the winner might not survive.",2
scrpack.198.0416,198,416,48,Then...#cr0what are we supposed to do?,1
scrpack.198.0420,198,420,92,"Hmm, true...#cr0To protect duelists from that danger,#cr0I've prepared something.",2
scrpack.198.0429,198,429,36,"Whoa, armor!#cr0So cool! ♪",1
scrpack.198.0433,198,433,64,"I need to adjust the fit,#cr0so give me a little time.",1
scrpack.198.0437,198,437,84,Let's see...#cr0I'll need to enlarge the chest a little.#cr0Heh heh heh...,2
scrpack.198.0473,198,473,36,So when will it be ready?,0
scrpack.198.0482,198,482,72,"J-Just wait a little longer.#cr0When it's finished, it's yours.",1
scrpack.198.0508,198,508,40,He's the one ruling this city.,0
scrpack.198.0512,198,512,24,"Yeah, I heard.",0
scrpack.198.0516,198,516,84,"He's a decent duelist,#cr0but there's no way Benny could do all this alone.",1
scrpack.198.0520,198,520,36,He probably cheated somehow.,0
scrpack.198.0524,198,524,52,There must be a greater power behind him.,0
scrpack.198.0533,198,533,24,A greater power?,0
scrpack.198.0537,198,537,84,GARDE is probably involved.#cr0This isn't something you can handle alone.,1
scrpack.198.0546,198,546,16,Tch...,0
scrpack.198.0550,198,550,84,"Still...#cr0even if you can't do it alone,#cr0you might manage with allies.",2
scrpack.198.0559,198,559,76,Allies...#cr0That's right! I know someone#cr0who'll fight with me!,2
scrpack.198.0563,198,563,44,Ho ho. That was quick.#cr0Hakuoh?,1
scrpack.198.0572,198,572,40,"Ah!#cr0Of course, Master Hakuoh!",1
scrpack.198.0576,198,576,68,Hakuoh would certainly be reassuring.#cr0And besides him...,1
scrpack.198.0585,198,585,96,"Master Hakuoh! Or Master Hakuoh!#cr0Or maybe Master Hakuoh!#cr0Eee, Master Hakuoh! ♪",2
scrpack.198.0589,198,589,40,(That's still only Hakuoh...),0
scrpack.198.0594,198,594,40,All right! Mimi's fired up! ♪,0
scrpack.198.0617,198,617,112,"GARDE is probably backing Benny.#cr0You alone wouldn't stand a chance,#cr0but with allies, perhaps...",2
scrpack.198.0626,198,626,84,Allies means Master Hakuoh!#cr0Mimi is going to find him no matter what! ♪,1
scrpack.198.0640,198,640,60,"Now, now. Don't rush me.#cr0Wait a little longer.",1
scrpack.198.0644,198,644,100,"For now, you need allies.#cr0While you wait for the armor,#cr0go find people who can help.",2
scrpack.198.0649,198,649,120,"That armor protects you not only from#cr0the power of D.M. Cards,#cr0but from many kinds of attacks and damage.",2
scrpack.198.0667,198,667,68,"Originally, people like us#cr0did not exist in this world.",1
scrpack.198.0671,198,671,172,"Several years ago, the wall between dimensions broke.#cr0Thoughts from another world began taking physical form#cr0here. That's how people like us came to exist.",2
scrpack.198.0676,198,676,44,You could call us clones of souls.,0
scrpack.198.0685,198,685,16,Huh...,0
scrpack.198.0689,198,689,76,The me in this world and the me in yours#cr0are different people.,1
scrpack.198.0693,198,693,40,Maybe a long-lost brother...?,0
scrpack.198.0697,198,697,16,Nope.,0
scrpack.198.0706,198,706,36,"Come on, I was kidding! ♪",0
scrpack.198.0715,198,715,12,Oh!,0
scrpack.198.0719,198,719,24,What's wrong?,0
scrpack.198.0728,198,728,80,Then maybe there's another adorable Mimi#cr0somewhere around here too?!,1
scrpack.198.0732,198,732,48,I wanna meet her! I wanna meet her! ♪,0
scrpack.198.0736,198,736,76,"There should be.#cr0But for some reason,#cr0I've never met him...",2
scrpack.198.0745,198,745,20,Aww. Boring.,0
scrpack.198.0758,198,758,84,It's noisy over by the Resistance hideout.#cr0Something may have happened.,1
scrpack.198.0773,198,773,56,Looks like Benny is plotting something again.,0
scrpack.198.0782,198,782,24,He never learns.,0
scrpack.198.0786,198,786,92,Rumor says he was seen around Research Facility-X01.#cr0Would you go check it out?,1
scrpack.198.0795,198,795,20,What's that?,0
scrpack.198.0799,198,799,132,"I don't know what they researched there,#cr0but it's off-limits now.#cr0Whatever they were doing was apparently dangerous.",2
scrpack.198.0812,198,812,80,I just heard Benny's laboratory#cr0is developing some incredible weapon.,1
scrpack.198.0818,198,818,64,I heard GARDE took away#cr0a cute young girl earlier.,1
scrpack.198.0822,198,822,40,It might have been little Yu.,0
scrpack.198.0837,198,837,24,What?! Really?!,0
scrpack.198.0841,198,841,104,"I don't know where exactly,#cr0but I heard they took her somewhere#cr0in the Fire Civilization.",2
scrpack.198.0855,198,855,52,"All right!#cr0Let's go find her, everyone!",1
scrpack.198.0873,198,873,36,What do you want to know?,0
scrpack.198.0885,198,885,68,So GARDE really was behind#cr0this entire chain of events.,1
scrpack.198.0898,198,898,108,There is supposed to be a place#cr0where the Primordial Cards are sealed.#cr0How do we get there?,2
scrpack.198.0902,198,902,48,Hmm... I've never heard of such a place.,0
scrpack.198.0906,198,906,64,"Benny might know.#cr0After all, he's a member of GARDE.",1
scrpack.198.0915,198,915,88,I see.#cr0GARDE probably knows more about#cr0the Primordial Cards than we do.,2
scrpack.198.0919,198,919,44,"Unfortunately, that's probably true.",0
scrpack.198.0933,198,933,88,Rumor says Benny was seen near the lab.#cr0He may be plotting something again.,1
scrpack.198.0946,198,946,36,He seriously never learns...,0
scrpack.198.0950,198,950,36,Would you go take a look?,0
scrpack.198.0964,198,964,80,"Come to think of it, Shori Kirifuda#cr0stopped by while you were gone.",1
scrpack.198.0977,198,977,24,What?! Really?!,0
scrpack.198.0981,198,981,40,He said you've gotten stronger.,0
scrpack.198.0990,198,990,48,"What?!#cr0Where have you been, Dad...?",1
scrpack.199.0025,199,25,92,We've crushed almost all the Resistance members#cr0who refused to obey Lord Benny.,1
scrpack.199.0029,199,29,56,We confiscated every last one of their cards.,0
scrpack.199.0038,199,38,96,"Hmph! That's what they get for defying#cr0Benny Haha, the IQ-400 super-genius duelist!",1
scrpack.199.0042,199,42,76,Now there's nobody left in the city#cr0who'll disobey Lord Benny.,1
scrpack.199.0051,199,51,76,Be-la-la!#cr0One more step toward world domination!#cr0Gya-ha-ha-ha!,2
scrpack.199.0067,199,67,56,"I wouldn't count on it, Benny, ruler of evil!",0
scrpack.199.0086,199,86,52,Tch. So there were still some of you left.,0
scrpack.199.0097,199,97,24,Benny! Duel me!,0
scrpack.199.0101,199,101,76,You really think a loser like you#cr0can stand against Lord Benny?!,1
scrpack.199.0110,199,110,60,"Hmph. You've got guts.#cr0All right, bring it on!",1
scrpack.199.0119,199,119,24,Just kidding!,0
scrpack.199.0123,199,123,72,Be-la-la-la!#cr0You think I'd actually duel an idiot like you?,1
scrpack.199.0132,199,132,44,Number 1029! Go keep that punk busy.,0
scrpack.199.0141,199,141,28,"Yes, sir! Gladly!",0
scrpack.199.0146,199,146,44,Coward!#cr0Fight me fair and square!,1
scrpack.199.0155,199,155,60,"No way!#cr0Ahh, nothing beats watching from up here.",1
scrpack.199.0168,199,168,36,"Finally found you, Benny!",0
scrpack.199.0181,199,181,24,Hm? What's this?,0
scrpack.199.0190,199,190,76,Benny... I'm disappointed#cr0that you would do something like this.,1
scrpack.199.0199,199,199,76,"Oh, look who showed up.#cr0The great White Knight himself. Be-la-la!",1
scrpack.199.0208,199,208,48,"I came to crush you, you piece of trash.",0
scrpack.199.0217,199,217,48,Hmph. Now the maggots are crawling out.,0
scrpack.199.0226,199,226,44,We're not letting you have your way!,0
scrpack.199.0234,199,234,40,"Damn it, they just keep coming.",0
scrpack.199.0243,199,243,72,Enjoy talking while you can!#cr0This time you're giving Yu back!,1
scrpack.199.0252,199,252,88,"Uhyah-ha-ha-ha!#cr0Well, what a surprise.#cr0The whole gang of idiots showed up!",2
scrpack.199.0261,199,261,44,"Benny, you're dealing with us now.",0
scrpack.199.0265,199,265,72,Oh? You think you can beat the great Benny?#cr0Uhyah-ha-ha-ha!,1
scrpack.199.0279,199,279,48,"Let's settle this with a duel, Benny!",0
scrpack.199.0289,199,289,48,"We'll settle this with a duel, Benny.",0
scrpack.199.0299,199,299,48,"Benny, I'm sending you straight to hell!",0
scrpack.199.0309,199,309,48,"We're settling this with a duel, Benny!",0
scrpack.199.0319,199,319,48,"Benny, let's settle this with a duel!",0
scrpack.199.0330,199,330,28,Fine! Bring it on!,0
scrpack.199.0368,199,368,48,Don't come begging for your life later!,0
scrpack.199.0535,199,535,28,Resistance Hideout,0
scrpack.199.0573,199,573,28,Resistance Hideout,0
scrpack.199.0595,199,595,20,Be-la-laaa!!,0
scrpack.199.0611,199,611,36,Oh no! Lord Benny lost...,0
scrpack.199.0615,199,615,28,I-In that case...,0
scrpack.199.0619,199,619,20,Run awaaay!,0
scrpack.199.0638,199,638,28,Hey! Get back here!!,0
scrpack.199.0651,199,651,44,"Your little scheme ends here, Benny.",0
scrpack.199.0660,199,660,28,Heh heh heh heh...,0
scrpack.199.0669,199,669,76,"Apologize to everyone.#cr0If you do, I'm sure they'll forgive you.",1
scrpack.199.0673,199,673,28,M-Master Hakuoh...,0
scrpack.199.0682,199,682,48,Or would you rather I finish you off?,0
scrpack.199.0686,199,686,16,Be-la...,0
scrpack.199.0695,199,695,72,"You know, you're strong enough#cr0when you just duel normally.",1
scrpack.199.0699,199,699,20,Be-la-la...,0
scrpack.199.0708,199,708,104,Yeah. Just give Yu back and we won't do anything.#cr0Then we can all have fun dueling together.,1
scrpack.199.0712,199,712,52,Y-You guys...#cr0You'd really forgive me?,1
scrpack.199.0721,199,721,64,"Of course!#cr0Once a duel is over, we're all friends!",1
scrpack.199.0725,199,725,28,Sniff... sniff...,0
scrpack.199.0729,199,729,24,Th-Thank you...,0
scrpack.199.0744,199,744,100,Did you really think the great Benny#cr0would say something like that?!#cr0Bwa-ha-ha-ha-ha!,2
scrpack.199.0753,199,753,72,"Listen up, you losers!#cr0This isn't over! You'll pay for this!",1
scrpack.199.0762,199,762,16,Benny!,0
scrpack.199.0771,199,771,32,Be-la-be-la-be-la-laaa!,0
scrpack.199.0788,199,788,32,Damn it. He got away.,0
scrpack.199.0802,199,802,60,"But you finally did it.#cr0I'm happy for you, Rei!",1
scrpack.199.0806,199,806,48,Yes.#cr0But the hard part starts now.,1
scrpack.199.0810,199,810,76,We have to restore this city#cr0after everything Benny did to it.,1
scrpack.199.0819,199,819,28,Right. Good luck!,0
scrpack.199.0824,199,824,28,"Thank you, everyone.",0
scrpack.199.0832,199,832,84,No need to thank us.#cr0The city should be peaceful now.#cr0Do your best.,2
scrpack.199.0841,199,841,36,"We're rooting for you, Rei.",0
scrpack.199.0850,199,850,24,"Thank you, Mimi.",0
scrpack.199.0863,199,863,48,"Still, I wonder where Benny ran off to.",0
scrpack.199.0872,199,872,108,It's dangerous to leave him on the loose.#cr0And I'm worried about Yu.#cr0We need to find him fast.,2
scrpack.199.0889,199,889,28,Resistance Hideout,0
scrpack.199.0923,199,923,28,Resistance Hideout,0
scrpack.199.0948,199,948,32,"One more duel, Benny!",0
scrpack.199.0960,199,960,40,"This isn't settled yet, Benny.",0
scrpack.199.0972,199,972,48,Hmph. The fight's only getting started!,0
scrpack.199.0984,199,984,36,"This isn't over yet, Benny!",0
scrpack.199.0996,199,996,40,"Don't think you've won, Benny!",0
scrpack.199.1001,199,1001,100,Be-la-la-la!#cr0Still alive? You never learn.#cr0I'll take you on as many times as you want!,2
scrpack.199.1005,199,1005,20,Duel again?,0
scrpack.199.1025,199,1025,60,"But you finally did it.#cr0I'm happy for you, Rei!",1
scrpack.199.1029,199,1029,48,Yes.#cr0But the hard part starts now.,1
scrpack.199.1033,199,1033,76,We have to restore this city#cr0after everything Benny did to it.,1
scrpack.199.1042,199,1042,28,Right. Good luck!,0
scrpack.199.1051,199,1051,20,"Oh, Mimi...",0
scrpack.199.1062,199,1062,16,What?,0
scrpack.199.1071,199,1071,48,Would you help me#cr0restore this city?,1
scrpack.199.1080,199,1080,84,But...#cr0Restoring a whole city isn't something#cr0you can do overnight.,2
scrpack.199.1084,199,1084,28,That's why... um...,0
scrpack.199.1093,199,1093,44,Please stay by my side... forever.,0
scrpack.199.1103,199,1103,56,Eek! Oh my...#cr0Stay together... forever...?,1
scrpack.199.1108,199,1108,48,Master Hakuoh...#cr0What should I do...?,1
scrpack.199.1116,199,1116,44,"You should do what you want, Mimi.",0
scrpack.199.1126,199,1126,16,(G-Gah!),0
scrpack.199.1137,199,1137,60,Master Hakuoh...#cr0You're not going to stop me...?,1
scrpack.199.1146,199,1146,12,Hm?,0
scrpack.199.1150,199,1150,52,"(Master Hakuoh, you idiot, idiot, idiot!)",0
scrpack.199.1154,199,1154,40,(Can't you tell how I feel?!),0
scrpack.199.1163,199,1163,28,(You are SO dense!),0
scrpack.199.1179,199,1179,40,Rei... let me think about it.,0
scrpack.199.1218,199,1218,24,Observation Deck,0
scrpack.199.1228,199,1228,36,Wow!#cr0It's so beautiful!,1
scrpack.199.1237,199,1237,44,Mimi.#cr0May I have your answer now?,1
scrpack.199.1246,199,1246,24,"Rei, duel me.",0
scrpack.199.1255,199,1255,32,What? Why so suddenly?,0
scrpack.199.1259,199,1259,76,I can't decide on my own.#cr0So I'm going to let the cards decide.,1
scrpack.199.1263,199,1263,56,Is it really wise to decide your life that way?,0
scrpack.199.1267,199,1267,88,"Cards are the reason I'm here in the first place.#cr0You know that, don't you?",1
scrpack.199.1271,199,1271,40,...#cr0Very well.#cr0Let's duel.,2
scrpack.199.1306,199,1306,28,To prove our love!,0
scrpack.199.1473,199,1473,24,Observation Deck,0
scrpack.199.1519,199,1519,24,Observation Deck,0
scrpack.199.1529,199,1529,16,...Whew.,0
scrpack.199.1533,199,1533,52,"Well, Mimi?#cr0Have you found your answer?",1
scrpack.199.1549,199,1549,16,SLIP!,0
scrpack.199.1555,199,1555,24,Ah! W-W-Wait...!,0
scrpack.199.1559,199,1559,24,What's wrong?,0
scrpack.199.1563,199,1563,44,M-My face! My face! My faaace...!,0
scrpack.199.1567,199,1567,60,"Oh, don't worry...#cr0My mask just slipped a little.",1
scrpack.199.1576,199,1576,32,There. All fixed. See?,0
scrpack.199.1585,199,1585,44,"A mask...?#cr0Who are you, really?",1
scrpack.199.1594,199,1594,68,Very well.#cr0I'll explain everything from the beginning.,1
scrpack.199.1598,199,1598,104,"On that fateful day...#cr0Benny's henchmen had me cornered,#cr0and I thought it was all over.",2
scrpack.199.1607,199,1607,76,But then!#cr0An angel descended from the heavens#cr0and saved me.,2
scrpack.199.1611,199,1611,48,"Strong, beautiful, adorable... my angel.",0
scrpack.199.1620,199,1620,60,That's right!#cr0Mimi!#cr0I'm talking about you!!,2
scrpack.199.1629,199,1629,48,Um... I'm still completely lost here...,0
scrpack.199.1633,199,1633,116,"Oh, how I longed to draw closer to her!#cr0To open her heart to me,#cr0I decided to change my appearance.",2
scrpack.199.1642,199,1642,84,My natural beauty would surely have been#cr0too overwhelming for her heart.,1
scrpack.199.1646,199,1646,48,"But now, I shall show you my true form.",0
scrpack.199.1655,199,1655,52,Behold!#cr0This is what I truly look like!,1
scrpack.199.1675,199,1675,12,!!,0
scrpack.199.1680,199,1680,28,Uh... uh... uhhh...,0
scrpack.199.1684,199,1684,148,"Come! Let us sing a song of love together!#cr0Beyond the barriers of species and worlds,#cr0for the two souls destiny has joined as one!!",2
scrpack.199.1693,199,1693,24,I-I'm sorry!!,0
scrpack.199.1697,199,1697,44,My heart belongs to Master Hakuoh!,0
scrpack.199.1711,199,1711,68,Mimi...#cr0I see my beauty has overwhelmed you after all.,1
scrpack.199.1715,199,1715,36,Ah... beauty is truly a sin.,0
scrpack.199.1760,199,1760,12,Inn,0
scrpack.199.1771,199,1771,48,Huh.#cr0So Rei was a creature all along.,1
scrpack.199.1775,199,1775,52,That's what you get for judging by looks.,0
scrpack.199.1784,199,1784,88,What are you talking about?#cr0My heart has always belonged to Master Hakuoh! ♪,1
scrpack.199.1793,199,1793,88,"You had hearts in your eyes#cr0every time you looked at Rei!#cr0Right, Hakuoh?",2
scrpack.199.1802,199,1802,80,"Yes.#cr0I'm glad for you, Mimi.#cr0You've made a wonderful new friend.",2
scrpack.199.1811,199,1811,28,M-Master Hakuoh...?,0
scrpack.199.1820,199,1820,56,"In any case, the city should be peaceful now.",0
scrpack.199.1834,199,1834,48,"Still, I wonder where Benny ran off to.",0
scrpack.199.1843,199,1843,108,It's dangerous to leave him on the loose.#cr0And I'm worried about Yu.#cr0We need to find him fast.,2
scrpack.199.1860,199,1860,24,Observation Deck,0
scrpack.200.0013,200,13,72,Daaamn it!!#cr0They made a fool out of the great Benny Haha!!,1
scrpack.200.0017,200,17,80,I'll destroy them!#cr0I will ABSOLUTELY destroy every last one of them!,1
scrpack.200.0029,200,29,16,What?!,0
scrpack.200.0038,200,38,12,Huh?,0
scrpack.200.0088,200,88,20,Gyaaaaaah!!,0
scrpack.200.0092,200,92,68,My security system is perfect!#cr0How'd you get in here?!,1
scrpack.200.0103,200,103,48,Huh?#cr0The front door was wide open.,1
scrpack.200.0112,200,112,20,N-No way...,0
scrpack.200.0116,200,116,20,Oh! Whoops!,0
scrpack.200.0120,200,120,104,I turned off the security system when I got back#cr0because I didn't want to waste electricity.,1
scrpack.200.0129,200,129,68,Th-Then what's the point#cr0of having a security system...?,1
scrpack.200.0138,200,138,48,"Either way, you're finished now, Benny!",0
scrpack.200.0147,200,147,68,It isn't too late.#cr0Return to the White Knights at once.,1
scrpack.200.0156,200,156,68,Fools!#cr0Once this laboratory's secret system activates...,1
scrpack.200.0160,200,160,52,I'll become the ultimate dueling machine!,0
scrpack.200.0169,200,169,16,W-What?!,0
scrpack.200.0178,200,178,44,All right! Time to push the button!,0
scrpack.200.0183,200,183,16,Click!,0
scrpack.200.0195,200,195,56,Bwa-ha-ha-ha-ha-ha!#cr0You're all finished now!,1
scrpack.200.0204,200,204,16,N-No!,0
scrpack.200.0213,200,213,40,Benny... What have you done...?,0
scrpack.200.0218,200,218,24,A-Aaaaaaaaaah!,0
scrpack.200.0227,200,227,28,W-What's happening?!,0
scrpack.200.0231,200,231,20,Ukyaaaaaah!,0
scrpack.200.0264,200,264,20,"Hey, Benny?",0
scrpack.200.0272,200,272,12,...,0
scrpack.200.0282,200,282,40,Something's wrong with him...,0
scrpack.200.0321,200,321,32,"COME. FACE ME, DUELISTS.",0
scrpack.200.0489,200,489,32,Research Facility-X01,0
scrpack.200.0524,200,524,32,Research Facility-X01,0
scrpack.200.0543,200,543,20,BE-LA-LAAA!!,0
scrpack.200.0575,200,575,40,I-I think we finally beat him...,0
scrpack.200.0584,200,584,40,Yeah... that was way too close.,0
scrpack.200.0595,200,595,20,"Hey, Benny?",0
scrpack.200.0603,200,603,28,"Benny, are you okay?",0
scrpack.200.0613,200,613,16,U-Ugh...,0
scrpack.200.0624,200,624,32,Looks like he's alive...,0
scrpack.200.0629,200,629,12,Huh!,0
scrpack.200.0633,200,633,28,What happened to me?,0
scrpack.200.0642,200,642,44,"I'm glad you're all right, Benny.",0
scrpack.200.0646,200,646,52,M-Master Hakuoh...#cr0What happened to me?,1
scrpack.200.0655,200,655,40,You seriously don't remember?,0
scrpack.200.0659,200,659,16,Be-la...,0
scrpack.200.0668,200,668,24,"Oh, honestly...",0
scrpack.200.0672,200,672,20,Be-la-la...,0
scrpack.200.0681,200,681,68,"Well, it's over now.#cr0Come on. Let's all have fun dueling.",1
scrpack.200.0685,200,685,52,Y-You guys...#cr0You'd really forgive me?,1
scrpack.200.0694,200,694,64,"Of course!#cr0Once a duel is over, we're all friends!",1
scrpack.200.0698,200,698,28,Sniff... sniff...,0
scrpack.200.0702,200,702,24,Th-Thank you...,0
scrpack.200.0711,200,711,60,(I feel like I've seen this exact scene before...),0
scrpack.200.0725,200,725,100,Did you really think the great Benny#cr0would say something like that?!#cr0Bwa-ha-ha-ha-ha!,2
scrpack.200.0734,200,734,72,"Listen up, you losers!#cr0This isn't over! You'll pay for this!!",1
scrpack.200.0743,200,743,16,Benny!,0
scrpack.200.0752,200,752,32,Be-la-be-la-be-la-laaa!,0
scrpack.200.0767,200,767,36,Damn it. He got away again.,0
scrpack.200.0775,200,775,52,So we ended up right back here after all...,0
scrpack.200.0797,200,797,32,Research Facility-X01,0
scrpack.200.0831,200,831,32,Research Facility-X01,0
scrpack.200.0858,200,858,32,"One more duel, Benny!",0
scrpack.200.0870,200,870,40,"This isn't settled yet, Benny.",0
scrpack.200.0882,200,882,48,Hmph. The fight's only getting started!,0
scrpack.200.0894,200,894,36,"This isn't over yet, Benny!",0
scrpack.200.0906,200,906,40,"Don't think you've won, Benny!",0
scrpack.200.0911,200,911,80,SO... YOU STILL LIVE...#cr0I'LL FACE YOU... AS MANY TIMES AS IT TAKES.,1
scrpack.200.0915,200,915,20,Duel again?,0
scrpack.200.0950,200,950,44,You think Benny's really in here?,0
scrpack.200.0970,200,970,44,Do you really think Benny is here?,0
scrpack.200.0990,200,990,36,Is Benny really in here?!,0
scrpack.200.1010,200,1010,44,I wonder if Benny's really here...,0
scrpack.200.1030,200,1030,36,Is Benny really in here?!,0
scrpack.200.1050,200,1050,16,Whoa!,0
scrpack.200.1058,200,1058,20,There he is!,0
scrpack.200.1067,200,1067,52,Benny!#cr0What are you plotting this time?,1
scrpack.200.1071,200,1071,16,Be-la...,0
scrpack.200.1080,200,1080,32,You're awfully quiet.,0
scrpack.200.1089,200,1089,32,"So you came back, Benny.",0
scrpack.200.1098,200,1098,60,"You're doing something for GARDE again, aren't you?",0
scrpack.200.1102,200,1102,64,Hmph. GARDE...#cr0I'm done dealing with those savages.,1
scrpack.200.1106,200,1106,72,"Let's just say...#cr0after one failure too many, they fired me.",1
scrpack.200.1115,200,1115,72,"Hey, Robo!#cr0Quit telling them stuff they don't need to know!",1
scrpack.200.1124,200,1124,32,Hmph. I don't trust you.,0
scrpack.200.1133,200,1133,72,"I don't trust Benny either,#cr0but I think we can trust Robo.",1
scrpack.200.1142,200,1142,36,Master Hakuoh is right. ♪,0
scrpack.200.1156,200,1156,92,"Fine. We'll trust you.#cr0But in return, tell us everything#cr0you know about GARDE.",2
scrpack.200.1165,200,1165,28,Don't know a thing.,0
scrpack.200.1169,200,1169,108,"Oh, that's how you want to play it?#cr0Come to think of it,#cr0the Resistance was looking for you.",2
scrpack.200.1174,200,1174,12,Huh?,0
scrpack.200.1178,200,1178,76,"They said if they find you,#cr0they'll feed you to King Atlantis.",1
scrpack.200.1182,200,1182,40,F-Feed me to King Atlantis...?,0
scrpack.200.1187,200,1187,84,"O-Okay, okay!#cr0I'll tell you anything!#cr0Just don't rat me out to them!",2
scrpack.200.1201,200,1201,40,"So, what do you want to know?",0
scrpack.200.1212,200,1212,136,"GARDE came to this world seeking a powerful card,#cr0and sent one man here to find it.#cr0That man is the Dark Emperor Xenon.",2
scrpack.200.1225,200,1225,32,The Dark Emperor Xenon?,0
scrpack.200.1229,200,1229,88,He's as scary as the name sounds.#cr0You guys don't stand a chance against him.,1
scrpack.200.1238,200,1238,36,We won't know until we try.,0
scrpack.200.1242,200,1242,100,He's the one who dragged all of you into this world.#cr0You can't beat a monster like that.,1
scrpack.200.1250,200,1250,72,I don't know what the card is#cr0or what kind of power it has.,1
scrpack.200.1263,200,1263,36,"Man, I wanna see it already!",0
scrpack.200.1271,200,1271,56,How can you be so carefree at a time like this?,0
scrpack.200.1276,200,1276,92,"Still, if GARDE came all this way to find it,#cr0it's gotta be one incredible card.",1
scrpack.200.1285,200,1285,52,"Benny, don't you know where that card is?",0
scrpack.200.1289,200,1289,40,I don't know its exact location.,0
scrpack.200.1293,200,1293,56,"But if you go there, you'll probably find out.",0
scrpack.200.1302,200,1302,20,Go where?!,0
scrpack.200.1306,200,1306,24,Xenon Castle.,0
scrpack.200.1315,200,1315,24,Xenon Castle?!,0
scrpack.200.1325,200,1325,80,That's where Xenon is.#cr0Any true duelist should be able to reach it.,1
scrpack.200.1338,200,1338,44,Then all of us should be able to go.,0
scrpack.200.1342,200,1342,88,"But Xenon Castle has five gates:#cr0Fire, Light, Darkness, Water, and Nature.",1
scrpack.200.1346,200,1346,52,I've heard each gate has its own Guardian.,0
scrpack.200.1350,200,1350,88,You'll have to defeat every one of them#cr0before you can meet old man Xenon.,1
scrpack.200.1358,200,1358,32,Yep. Now get outta here.,0
scrpack.200.1371,200,1371,124,"I don't know what it does,#cr0but if GARDE came all this way looking for it,#cr0it's gotta be something incredible.",2
scrpack.200.1385,200,1385,20,Where is Yu?,0
scrpack.200.1389,200,1389,80,All I heard is that she was taken#cr0somewhere in the Fire Civilization.,1
scrpack.200.1398,200,1398,40,Yu... I'll come save you soon.,0
scrpack.201.0035,201,35,88,Ho ho! Now this is surprising.#cr0Both of these girls are from another world.,1
scrpack.201.0044,201,44,40,Then which one is the real Mimi?,0
scrpack.201.0053,201,53,12,!,0
scrpack.201.0062,201,62,12,?,0
scrpack.201.0073,201,73,56,"You!#cr0What are you planning, using my name?!",1
scrpack.201.0082,201,82,44,That's mean!#cr0I'm the real Mimi!,1
scrpack.201.0095,201,95,40,Hold on.#cr0I'll examine them.,1
scrpack.201.0109,201,109,64,"Now, which is the real one...?#cr0Hmm... let's see...",1
scrpack.201.0114,201,114,12,Oh!,0
scrpack.201.0130,201,130,16,Well?,0
scrpack.201.0134,201,134,28,They're both real.,0
scrpack.201.0151,201,151,28,Are you two twins?,0
scrpack.201.0165,201,165,24,Of course not!,0
scrpack.201.0176,201,176,60,That was quite the perfectly synchronized retort.,0
scrpack.201.0192,201,192,48,But how did she split into two people?,0
scrpack.201.0197,201,197,76,It probably has something to do#cr0with the structure of the mind.,1
scrpack.201.0205,201,205,36,The structure of the mind?,0
scrpack.201.0209,201,209,104,"The shock of entering this world#cr0must have split her mind in two,#cr0and her body followed.",2
scrpack.201.0218,201,218,48,I see.#cr0Then how do we restore her?,1
scrpack.201.0222,201,222,52,For now...#cr0let's have the two Mimis duel.,1
scrpack.201.0231,201,231,48,Will that really put her back together?,0
scrpack.201.0235,201,235,20,Who knows?,0
scrpack.201.0244,201,244,24,'Who knows'...?,0
scrpack.201.0248,201,248,60,We don't have a better idea.#cr0It's worth a try.,1
scrpack.201.0257,201,257,36,That's rather irresponsible.,0
scrpack.201.0297,201,297,48,"Mimi,#cr0would you duel the other Mimi?",1
scrpack.201.0306,201,306,56,A duel with another me?#cr0Sounds interesting.,1
scrpack.201.0315,201,315,28,Can you even duel?,0
scrpack.201.0326,201,326,36,"Umm, I don't really know! ♪",0
scrpack.201.0335,201,335,16,Mimi!,0
scrpack.201.0344,201,344,16,But...,0
scrpack.201.0354,201,354,68,This is hopeless.#cr0Dueling her would be a waste of time.,1
scrpack.201.0363,201,363,44,I'll train Mimi.#cr0How about that?,1
scrpack.201.0372,201,372,36,Are you actually serious?,0
scrpack.201.0378,201,378,16,Mimi.,0
scrpack.201.0387,201,387,32,Hmm... Mimi will try! ♪,0
scrpack.201.0396,201,396,68,"All right, settled.#cr0I'll devise a strategy. Wait here.",1
scrpack.201.0409,201,409,48,"Mimi,#cr0would you duel the other Mimi?",1
scrpack.201.0418,201,418,40,A duuuel?#cr0Hmm... I dunno...,1
scrpack.201.0427,201,427,16,Mimi!,0
scrpack.201.0436,201,436,56,But Mimi doesn't really understand dueling...,0
scrpack.201.0446,201,446,80,This is hopeless.#cr0Dueling someone like this would be a waste of time.,1
scrpack.201.0455,201,455,44,I'll train Mimi.#cr0How about that?,1
scrpack.201.0464,201,464,36,Are you actually serious?,0
scrpack.201.0469,201,469,16,Mimi.,0
scrpack.201.0478,201,478,32,Hmm... Mimi will try! ♪,0
scrpack.201.0487,201,487,68,"All right, settled.#cr0I'll devise a strategy. Wait here.",1
scrpack.201.0500,201,500,32,"So, what should I do?",0
scrpack.201.0523,201,523,32,"Ohhh.#cr0I see, I see.",1
scrpack.201.0532,201,532,36,All right! I'll do my best!,0
scrpack.201.0583,201,583,20,Here I come.,0
scrpack.201.0763,201,763,12,Shop,0
scrpack.201.0773,201,773,36,Yay!#cr0Mimi is a genius! ♪,1
scrpack.201.0786,201,786,12,Huh?,0
scrpack.201.0795,201,795,16,What?,0
scrpack.201.0833,201,833,52,"You're back to normal.#cr0I'm glad, Mimi.",1
scrpack.201.0838,201,838,28,Good for me? What?,0
scrpack.201.0847,201,847,40,For becoming one person again.,0
scrpack.201.0856,201,856,36,??#cr0Mimi doesn't get it.,1
scrpack.201.0860,201,860,48,There were two of you just a moment ago.,0
scrpack.201.0869,201,869,28,What do you mean?,0
scrpack.201.0877,201,877,56,It seems you don't remember being split in two.,0
scrpack.201.0886,201,886,24,Apparently not.,0
scrpack.201.0895,201,895,68,What are you talking about?#cr0Keeping secrets is so unfair!,1
scrpack.201.0904,201,904,96,"It's not an important secret.#cr0More importantly, we need your help defeating GARDE.",1
scrpack.201.0913,201,913,44,"I don't really understand, but...",0
scrpack.201.0922,201,922,52,Mimi will do anything for Master Hakuoh! ♪,0
scrpack.201.0935,201,935,40,Twilight Mimi joined your party.,0
scrpack.201.0954,201,954,52,"Oh, right!#cr0Would you help the Resistance?",1
scrpack.201.0963,201,963,24,The Resistance?,0
scrpack.201.0967,201,967,64,They're fighting to free the city#cr0from Benny's rule.,1
scrpack.201.0971,201,971,28,Huh. Ruler Benny...,0
scrpack.201.0980,201,980,28,Benny?! Seriously?!,0
scrpack.201.0984,201,984,92,Ask them for the details.#cr0You should be able to contact them in the back alley.,1
scrpack.201.1013,201,1013,12,Shop,0
scrpack.201.1023,201,1023,36,You still want another duel?,0
scrpack.201.1027,201,1027,20,Duel again?,0
scrpack.202.0035,202,35,88,Ho ho! Now this is surprising.#cr0Both of these girls are from another world.,1
scrpack.202.0044,202,44,36,Which one's the real one?,0
scrpack.202.0053,202,53,12,!,0
scrpack.202.0062,202,62,12,?,0
scrpack.202.0073,202,73,56,"You!#cr0What are you planning, using my name?!",1
scrpack.202.0082,202,82,44,That's mean!#cr0I'm the real Mimi!,1
scrpack.202.0095,202,95,40,Hold on.#cr0I'll examine them.,1
scrpack.202.0109,202,109,64,"Now, which is the real one...?#cr0Hmm... let's see...",1
scrpack.202.0114,202,114,12,Oh!,0
scrpack.202.0130,202,130,28,You figured it out?,0
scrpack.202.0134,202,134,28,They're both real.,0
scrpack.202.0151,202,151,32,"What, they're twins?!",0
scrpack.202.0165,202,165,24,Of course not!,0
scrpack.202.0176,202,176,36,Perfect synchronized retort!,0
scrpack.202.0192,202,192,36,Why are there two of her?,0
scrpack.202.0197,202,197,76,It probably has something to do#cr0with the structure of the mind.,1
scrpack.202.0201,202,201,104,"The shock of entering this world#cr0must have split her mind in two,#cr0and her body followed.",2
scrpack.202.0210,202,210,16,Tch...,0
scrpack.202.0218,202,218,40,How do we put 'em back together?,0
scrpack.202.0222,202,222,52,For now...#cr0let's have the two Mimis duel.,1
scrpack.202.0231,202,231,40,That'll put her back together?,0
scrpack.202.0235,202,235,20,Who knows?,0
scrpack.202.0249,202,249,24,'Who knows'...?,0
scrpack.202.0253,202,253,60,We don't have a better idea.#cr0It's worth a try.,1
scrpack.202.0267,202,267,36,What a half-assed old man.,0
scrpack.202.0307,202,307,44,Twilight Mimi. Duel the other Mimi.,0
scrpack.202.0316,202,316,56,A duel with another me?#cr0Sounds interesting.,1
scrpack.202.0325,202,325,28,Can you even duel?,0
scrpack.202.0336,202,336,36,"Umm, I don't really know! ♪",0
scrpack.202.0345,202,345,20,You bastard!,0
scrpack.202.0354,202,354,16,But...,0
scrpack.202.0364,202,364,68,This is hopeless.#cr0Dueling her would be a waste of time.,1
scrpack.202.0373,202,373,36,Then I'll train this one.,0
scrpack.202.0382,202,382,36,Are you actually serious?,0
scrpack.202.0393,202,393,32,Hmm... Mimi will try! ♪,0
scrpack.202.0402,202,402,56,Fine. I'll think up a strategy.#cr0Wait here.,1
scrpack.202.0415,202,415,44,Twilight Mimi. Duel the other Mimi.,0
scrpack.202.0424,202,424,40,A duuuel?#cr0Hmm... I dunno...,1
scrpack.202.0433,202,433,20,You bastard!,0
scrpack.202.0442,202,442,56,But Mimi doesn't really understand dueling...,0
scrpack.202.0452,202,452,80,This is hopeless.#cr0Dueling someone like this would be a waste of time.,1
scrpack.202.0461,202,461,36,Then I'll train this one.,0
scrpack.202.0470,202,470,36,Are you actually serious?,0
scrpack.202.0480,202,480,32,Hmm... Mimi will try! ♪,0
scrpack.202.0489,202,489,56,Fine. I'll think up a strategy.#cr0Wait here.,1
scrpack.202.0502,202,502,32,"So, what should I do?",0
scrpack.202.0524,202,524,32,"Ohhh.#cr0I see, I see.",1
scrpack.202.0534,202,534,36,All right! I'll do my best!,0
scrpack.202.0585,202,585,20,Here I come.,0
scrpack.202.0765,202,765,12,Shop,0
scrpack.202.0775,202,775,36,Yay!#cr0Mimi is a genius! ♪,1
scrpack.202.0788,202,788,12,Huh?,0
scrpack.202.0797,202,797,16,What?,0
scrpack.202.0834,202,834,32,She's back to normal.,0
scrpack.202.0843,202,843,28,"Well, good for her.",0
scrpack.202.0847,202,847,28,Good for me? What?,0
scrpack.202.0861,202,861,40,For becoming one person again.,0
scrpack.202.0870,202,870,36,??#cr0Mimi doesn't get it.,1
scrpack.202.0879,202,879,52,You were split into two people a minute ago.,0
scrpack.202.0888,202,888,48,Are you okay?#cr0Do you have a fever?,1
scrpack.202.0892,202,892,16,I don't!,0
scrpack.202.0896,202,896,40,Looks like she doesn't remember.,0
scrpack.202.0905,202,905,16,Hmph.,0
scrpack.202.0914,202,914,68,What are you talking about?#cr0Keeping secrets is so unfair!,1
scrpack.202.0923,202,923,60,"Who cares!#cr0More importantly, help us crush GARDE.",1
scrpack.202.0932,202,932,52,"I don't really understand, but...#cr0okay.",1
scrpack.202.0945,202,945,40,Twilight Mimi joined your party.,0
scrpack.202.0964,202,964,52,"Oh, right!#cr0Would you help the Resistance?",1
scrpack.202.0968,202,968,24,The Resistance?,0
scrpack.202.0972,202,972,64,They're fighting to free the city#cr0from Benny's rule.,1
scrpack.202.0976,202,976,28,Huh. Ruler Benny...,0
scrpack.202.0985,202,985,28,Benny?! Seriously?!,0
scrpack.202.0989,202,989,84,Yep. Ask them for the details.#cr0You should find them in the back alley.,1
scrpack.202.1018,202,1018,12,Shop,0
scrpack.202.1028,202,1028,36,You still want another duel?,0
scrpack.202.1032,202,1032,20,Duel again?,0
scrpack.203.0134,203,134,24,Back Alley-B11,0
scrpack.203.0163,203,163,116,Wah-ha-ha-ha! There's nowhere left to run!#cr0Did you really think you could escape#cr0the great Jamira?!,2
scrpack.203.0169,203,169,16,Grr...,0
scrpack.203.0175,203,175,28,Now give up quietly.,0
scrpack.203.0199,203,199,24,Hm? What's that?,0
scrpack.203.0209,203,209,20,Ugyaaaah!,0
scrpack.203.0254,203,254,56,N-Nyoro...#cr0A person fell out of the sky...?,1
scrpack.203.0259,203,259,36,...Too stunned to speak...,0
scrpack.203.0263,203,263,24,Now's my chance!,0
scrpack.203.0277,203,277,32,Huh?#cr0Where am I...?,1
scrpack.203.0288,203,288,20,N-Nyorooo...,0
scrpack.203.0297,203,297,12,??,0
scrpack.203.0314,203,314,56,How long are you gonna sit on me?!#cr0G-Get off!,1
scrpack.203.0324,203,324,12,Huh!,0
scrpack.203.0333,203,333,16,Eeeek!,0
scrpack.203.0361,203,361,16,O-Oof...,0
scrpack.203.0374,203,374,24,Gah! J-Jamira?!,0
scrpack.203.0384,203,384,88,Hah... hah...#cr0Twilight Mimi... y-you...#cr0Where the heck did you come from?!,2
scrpack.203.0388,203,388,44,That's a rude way to greet somebody.,0
scrpack.203.0397,203,397,84,Don't talk about me like I'm some cockroach#cr0that crawled out of a hole!,1
scrpack.203.0427,203,427,20,Ugyaaaah!,0
scrpack.203.0439,203,439,32,Still...#cr0where am I?,1
scrpack.203.0451,203,451,60,"Ah!#cr0Where'd he go?!#cr0Damn it, he got away...",2
scrpack.203.0455,203,455,48,I get it!#cr0You're one of his friends!,1
scrpack.203.0464,203,464,64,"His friend?#cr0Come to think of it, where is everyone?",1
scrpack.203.0469,203,469,60,Master Hakuoh!#cr0Master Hakuoh!#cr0Master Hakuoooh!,2
scrpack.203.0482,203,482,48,Where is he?!#cr0Where'd you hide him?!,1
scrpack.203.0492,203,492,92,Master Hakuoh...#cr0I hope he hasn't gotten dragged#cr0into anything dangerous...,2
scrpack.203.0498,203,498,44,Hey! Listen when I'm talking to you!,0
scrpack.203.0508,203,508,64,Would you shut up?!#cr0You've been yammering nonstop!,1
scrpack.203.0518,203,518,76,"I said listen to--#cr0I-I mean, could you please listen to me...?",1
scrpack.203.0532,203,532,108,Well? Do you know where Master Hakuoh is or not?#cr0Lie to me and you'll get a Twilight Hell Fist!,1
scrpack.203.0540,203,540,16,Eeeek!,0
scrpack.203.0544,203,544,24,So where are we?,0
scrpack.203.0548,203,548,48,"T-This is the W-Water Capital, ma'am...",0
scrpack.203.0558,203,558,40,"Hmm. The Water Capital, huh...",0
scrpack.203.0568,203,568,56,And you think that's enough of an explanation?!,0
scrpack.203.0572,203,572,52,Grr... she just says whatever she wants...,0
scrpack.203.0582,203,582,88,"Hey, Twilight Mimi!#cr0You fell right on top of me!#cr0Settle this with a duel!",2
scrpack.203.0591,203,591,24,"What, a duel?",0
scrpack.203.0595,203,595,80,"That's right!#cr0If you're a duelist too,#cr0then settle it like one!",2
scrpack.203.0605,203,605,108,"Fine. I'll duel you.#cr0After talking to me like that,#cr0you'd better be ready for what's coming.",2
scrpack.203.0639,203,639,44,Y-You idiot!#cr0Right back at you!,1
scrpack.203.0806,203,806,24,Back Alley-B11,0
scrpack.203.0853,203,853,24,Back Alley-B11,0
scrpack.203.0868,203,868,16,Guhhh!,0
scrpack.203.0877,203,877,32,Yes!#cr0Mimi wins BIG!!,1
scrpack.203.0886,203,886,48,Y-You idiot! J-Just you remember this!!,0
scrpack.203.0895,203,895,48,Heh-heh!#cr0Like I'd ever lose to you!,1
scrpack.203.0899,203,899,20,D-Damn it!,0
scrpack.203.0912,203,912,40,Thank you.#cr0You saved me...,1
scrpack.203.0923,203,923,12,Huh?,0
scrpack.203.0948,203,948,32,Hm? Is something wrong?,0
scrpack.203.0969,203,969,28,Ah... ah... ah...,0
scrpack.203.0975,203,975,24,Are you okay?!,0
scrpack.203.0985,203,985,56,Eeeeeek!!#cr0(Why is there a CREATURE here?!),1
scrpack.203.1006,203,1006,24,Back Alley-B11,0
scrpack.203.1051,203,1051,24,Back Alley-B11,0
scrpack.203.1061,203,1061,48,Wah-ha-ha-ha!#cr0How do you like that?!,1
scrpack.203.1065,203,1065,44,N-No way...#cr0I lost to Jamira...?,1
scrpack.203.1069,203,1069,80,My cards aren't responding to me at all...#cr0Why? What's happening...?,1
scrpack.203.1073,203,1073,40,"Well, well, well!#cr0Wah-ha-ha!",1
scrpack.203.1082,203,1082,40,"Ahh, that felt good.#cr0Later!",1
scrpack.203.1094,203,1094,28,A-Are you all right?,0
scrpack.203.1103,203,1103,44,"...Yes, thank you.#cr0I'm fine...",1
scrpack.203.1137,203,1137,12,Inn,0
scrpack.203.1147,203,1147,16,...Ugh.,0
scrpack.203.1165,203,1165,40,Huh...?#cr0What happened to me?,1
scrpack.203.1179,203,1179,24,You're awake.,0
scrpack.203.1190,203,1190,28,Whoa... handsome! ♪,0
scrpack.203.1196,203,1196,12,Hm?,0
scrpack.203.1200,203,1200,36,N-Nothing.#cr0Never mind.,1
scrpack.203.1209,203,1209,36,But where exactly are we...?,0
scrpack.203.1213,203,1213,60,"City C109 of the Water Civilization,#cr0Number 33.",1
scrpack.203.1217,203,1217,20,Number 33?,0
scrpack.203.1221,203,1221,84,"That's what it says on your deck case,#cr0so I assumed that was your name...",1
scrpack.203.1225,203,1225,60,"Oh, this?#cr0That's just a mark.#cr0My name is Mimi.",2
scrpack.203.1229,203,1229,48,Twilight Mimi.#cr0Nice to meet you. ♪,1
scrpack.203.1233,203,1233,72,"I'm Number... no, wait...#cr0You may call me Rei.#cr0A pleasure.",2
scrpack.203.1242,203,1242,28,Nice to meet you. ♪,0
scrpack.203.1246,203,1246,16,Um...,0
scrpack.203.1250,203,1250,16,Yeees?,0
scrpack.203.1254,203,1254,68,Could we get to the reason#cr0I wanted to speak with you...?,1
scrpack.203.1263,203,1263,28,Go right ahead. ♪,0
scrpack.203.1267,203,1267,88,Well...#cr0It's a little hard to talk#cr0with you standing quite this close...,2
scrpack.203.1279,203,1279,40,"Oh, Mimi, you naughty girl. ♪",0
scrpack.203.1289,203,1289,12,...,0
scrpack.203.1293,203,1293,88,There's something I'd like to ask.#cr0Are you from the same world as Number 926?,1
scrpack.203.1297,203,1297,20,Number 926?,0
scrpack.203.1302,203,1302,68,"Pardon me.#cr0In your terms, I believe his name is... Benny.",1
scrpack.203.1311,203,1311,20,B-Benny?!,0
scrpack.203.1315,203,1315,24,So you know him.,0
scrpack.203.1324,203,1324,80,That's one name I couldn't forget if I tried...#cr0What did Benny do?,1
scrpack.203.1328,203,1328,28,He rules this city.,0
scrpack.203.1337,203,1337,32,Huh?#cr0He rules it??,1
scrpack.203.1341,203,1341,32,Yes. He is its ruler.,0
scrpack.203.1350,203,1350,120,"How did Benny...?#cr0Sure, he always talked about ruling the world,#cr0but I can't believe he actually did it...",2
scrpack.203.1354,203,1354,68,You make it sound#cr0like this has nothing to do with you.,1
scrpack.203.1358,203,1358,92,Sorry. It's just hard to believe...#cr0I never thought he had that kind of power.,1
scrpack.203.1362,203,1362,96,But it's true.#cr0He suddenly appeared in this world#cr0and seized control of the city.,2
scrpack.203.1366,203,1366,16,......,0
scrpack.203.1370,203,1370,56,We're fighting to free the city from his rule.,0
scrpack.203.1374,203,1374,16,I see...,0
scrpack.203.1378,203,1378,64,"Mimi, will you help us?#cr0Help us win back our freedom.",1
scrpack.203.1387,203,1387,12,Me?,0
scrpack.203.1391,203,1391,72,I can't shake the feeling#cr0that you came here to defeat Benny.,1
scrpack.203.1400,203,1400,12,...,0
scrpack.203.1404,203,1404,36,"Mimi, fight alongside me!",0
scrpack.203.1413,203,1413,32,F-Fight alongside you?!,0
scrpack.203.1424,203,1424,80,(Eee! I get to fight beside a guy this handsome?#cr0I'm so lucky! ♪),1
scrpack.203.1435,203,1435,32,"(Wait! No, no, no...)",0
scrpack.203.1444,203,1444,48,(My heart belongs to Master Hakuoh...),0
scrpack.203.1448,203,1448,36,"Is something wrong, Mimi?",0
scrpack.203.1457,203,1457,60,(But I don't even know where Master Hakuoh is...),0
scrpack.203.1466,203,1466,52,(So I guess I don't have much choice. ♪),0
scrpack.203.1477,203,1477,116,"All right, Rei.#cr0I am the lovely duelist of justice, Twilight Mimi!#cr0I'll fight for peace in this world!",2
scrpack.203.1482,203,1482,40,"Wonderful.#cr0Thank you, Mimi!!",1
scrpack.203.1491,203,1491,36,All right! Let's do this! ♪,0
scrpack.204.0133,204,133,28,...hel...p... me...,0
scrpack.204.0137,204,137,48,Hm?#cr0I thought I heard something...,1
scrpack.204.0141,204,141,36,...help me... get... out...,0
scrpack.204.0150,204,150,60,Wait.#cr0That pathetic voice...#cr0Could it be...?,2
scrpack.204.0167,204,167,36,Where are you?#cr0Where?!,1
scrpack.204.0174,204,174,20,Not here...,0
scrpack.204.0180,204,180,20,Over there!,0
scrpack.204.0186,204,186,40,In here!#cr0Twilight Hell Fist!,1
scrpack.204.0237,204,237,16,Prison,0
scrpack.204.0254,204,254,20,R-Rekuta...,0
scrpack.204.0262,204,262,56,Waaah! Mimi!#cr0Please!#cr0Get me out of here!,2
scrpack.204.0266,204,266,72,What happened?#cr0How'd you end up locked in a place like this?,1
scrpack.204.0270,204,270,60,"I was investigating Benny,#cr0and they caught me!",1
scrpack.204.0279,204,279,84,"What?!#cr0That Benny... what a rotten thing to do.#cr0Are you okay, Rekuta?",2
scrpack.204.0288,204,288,80,"Yeah, somehow.#cr0And I had this dragon with me,#cr0so I wasn't lonely!",2
scrpack.204.0297,204,297,20,A dragon?,0
scrpack.204.0309,204,309,16,Pigiya!,0
scrpack.204.0320,204,320,24,Aww! So cute!,0
scrpack.204.0329,204,329,64,"Hang on, little dragon.#cr0I'll get you out right now!",1
scrpack.204.0338,204,338,28,Uh... what about me?,0
scrpack.204.0347,204,347,44,Here I go! Get away from the bars!,0
scrpack.204.0361,204,361,28,Twilight Hell Fist!,0
scrpack.204.0371,204,371,28,Twilight Hell Kick!,0
scrpack.204.0381,204,381,32,Twilight Hell Thrust!,0
scrpack.204.0431,204,431,16,Prison,0
scrpack.204.0447,204,447,104,These bars are unbelievably strong.#cr0Poor Rekuta...#cr0I guess you'll be stuck here forever.,2
scrpack.204.0456,204,456,20,Forever...,0
scrpack.204.0470,204,470,24,Stuck... here...,0
scrpack.204.0481,204,481,20,U-U-Ugh...,0
scrpack.204.0485,204,485,72,You'll be fine!#cr0They say home is where you make it.#cr0Right?,2
scrpack.204.0490,204,490,16,W-Waaah!,0
scrpack.204.0495,204,495,44,"I know!#cr0Rekuta, let's duel! ♪",1
scrpack.204.0507,204,507,84,"What are you talking about at a time like this?#cr0A duel, of all things...?",1
scrpack.204.0516,204,516,76,What? I was only offering to help you make#cr0one last happy memory.,1
scrpack.204.0525,204,525,40,M-My last memory?!#cr0U-U-Ugh...,1
scrpack.204.0534,204,534,24,Just kidding!,0
scrpack.204.0543,204,543,124,I was thinking maybe the power of Duel Masters cards#cr0could do something about these bars.#cr0What do you think?,2
scrpack.204.0557,204,557,40,Oh!#cr0That might actually work!,1
scrpack.204.0566,204,566,36,"Then please, let's try it.",0
scrpack.204.0575,204,575,60,Of course!#cr0And don't expect me to go easy on you!,1
scrpack.204.0614,204,614,40,All right! I'm going all out!,0
scrpack.204.0801,204,801,120,Mimi! That duel loosened the bars!#cr0I think they're almost ready to break.#cr0Please duel me one more time!,2
scrpack.204.0805,204,805,20,Duel again?,0
scrpack.204.0816,204,816,16,Prison,0
scrpack.204.0872,204,872,16,Prison,0
scrpack.204.0883,204,883,32,Yes!#cr0The cage opened!,1
scrpack.204.0888,204,888,32,Pigiya! Pigiya! Pigiyaa!,0
scrpack.204.0899,204,899,40,"Are you okay,#cr0little dragon?",1
scrpack.204.0908,204,908,40,"Hey, I'm not little!#cr0Hmph...",1
scrpack.204.0912,204,912,20,"Oops, sorry!",0
scrpack.204.0921,204,921,76,"It's fine.#cr0I'm Wolfis, Blue Divine Dragon.#cr0Nice to meet ya.",2
scrpack.204.0925,204,925,80,"Wolfis, Blue Divine Dragon...#cr0(She doesn't look that impressive...)",1
scrpack.204.0934,204,934,32,Thanks for saving me.,0
scrpack.204.0943,204,943,32,You're very welcome. ♪,0
scrpack.204.0952,204,952,52,Hey!#cr0Aren't you worried about me too...?,1
scrpack.204.0961,204,961,80,"Oh, Rekuta, you're still here?#cr0Your body was hidden behind her tail.",1
scrpack.204.0973,204,973,40,...#cr0.........#cr0Waaaaaah!,2
scrpack.204.0982,204,982,72,"I'm finally out of that cage,#cr0so I'm heading home.#cr0See ya!",2
scrpack.204.0995,204,995,28,Ah!#cr0She's gone...,1
scrpack.204.1007,204,1007,40,What was that dragon's deal...?,0
scrpack.204.1020,204,1020,52,"So, did you learn anything#cr0about Benny?",1
scrpack.204.1029,204,1029,44,Yes!#cr0Benny is a member of GARDE!,1
scrpack.204.1033,204,1033,52,I already know that.#cr0Dr. Root told me...,1
scrpack.204.1043,204,1043,56,Nooo!#cr0Then what did I risk my life for...?,1
scrpack.204.1052,204,1052,52,"Well, the important thing is you're safe. ♪",0
scrpack.204.1089,204,1089,16,Prison,0
scrpack.204.1099,204,1099,36,No way...#cr0I beat Mimi...,1
scrpack.204.1103,204,1103,28,H-How...? I lost...?,0
scrpack.204.1112,204,1112,68,Y-Yes! Yes!#cr0I have to write about this duel in my diary!,1
scrpack.204.1121,204,1121,80,My cards aren't responding to me at all...#cr0Why? What's happening...?,1
scrpack.204.1130,204,1130,48,"Oh, Mimi...#cr0(She's really upset...)",1
scrpack.204.1134,204,1134,36,(Because she lost to me.),0
scrpack.204.1138,204,1138,36,(What do I do...? I know!),0
scrpack.204.1147,204,1147,120,But the duel seems to have worked!#cr0The bars feel a little looser.#cr0Would you challenge me one more time?,2
scrpack.204.1156,204,1156,56,Excuse me...?#cr0You want ME to challenge YOU?,1
scrpack.204.1165,204,1165,28,"Ah! N-No, I mean--!",0
scrpack.204.1169,204,1169,92,"Fine. We'll duel again, Rekuta.#cr0This time I'll blow you away along with the cage!",1
scrpack.204.1178,204,1178,36,"Aaaah! Fine, bring it on!",0
scrpack.204.1182,204,1182,20,Duel again?,0
scrpack.204.1197,204,1197,24,Wait a second.,0
scrpack.204.1206,204,1206,12,Huh?,0
scrpack.204.1210,204,1210,40,I'm going to rebuild my deck.,0
scrpack.204.1215,204,1215,20,Huh? Why?,0
scrpack.204.1219,204,1219,80,"If I'm going to smash through this cage,#cr0I'll need a stronger deck.",1
scrpack.204.1223,204,1223,32,"Fine, but please hurry.",0
scrpack.204.1227,204,1227,68,Just you wait.#cr0I promise I'll smash this cage to pieces!,1
scrpack.204.1246,204,1246,52,"Mimi, smash the CAGE!#cr0Not me! Hey, wait!",1
scrpack.205.0016,205,16,44,"Dr. Root, is the armor ready yet??",0
scrpack.205.0020,205,20,64,"Oh! Right, the armor.#cr0It's almost finished, but...",1
scrpack.205.0029,205,29,36,What? It's still not done?,0
scrpack.205.0033,205,33,76,Hmm. Around the chest here...#cr0Let me take one more measurement.,1
scrpack.205.0071,205,71,36,So when will it be ready?,0
scrpack.205.0081,205,81,84,Mmph... I gotta help George with his training now.#cr0Couldja take my place?,1
scrpack.205.0085,205,85,12,Me?,0
scrpack.205.0089,205,89,20,Mmph-hmm.,0
scrpack.205.0101,205,101,68,What?!#cr0This little lady is going to duel me?#cr0Hmph...,2
scrpack.205.0110,205,110,48,"What's that ""hmph"" supposed to mean...?",0
scrpack.205.0114,205,114,60,Don't mind me.#cr0My true feelings just slipped out.,1
scrpack.205.0118,205,118,36,What a lousy thing to say!,0
scrpack.205.0127,205,127,116,"Then, young lady, allow me to face you:#cr0Dr. Root's number-one pupil,#cr0George, the Wandering Dandy Baby.",2
scrpack.205.0136,205,136,20,Bring it on!,0
scrpack.205.0171,205,171,36,I'll show you a man's duel.,0
scrpack.205.0338,205,338,12,Shop,0
scrpack.205.0389,205,389,12,Shop,0
scrpack.205.0399,205,399,84,"You've got some skill, young lady.#cr0You really got my heart pounding...",1
scrpack.205.0403,205,403,76,A fine duel from both of you.#cr0You have my thunderous applause!,1
scrpack.205.0407,205,407,88,"Oops. Time for my baby food.#cr0Later, young lady.#cr0Thanks for the good duel.",2
scrpack.205.0422,205,422,48,"By the way, Mimi, your armor is ready.",0
scrpack.205.0431,205,431,16,Really?!,0
scrpack.205.0436,205,436,48,"Indeed. Here it is.#cr0Go on, try it on.",1
scrpack.205.0446,205,446,36,Great! It fits perfectly. ♪,0
scrpack.205.0450,205,450,76,"Oh, perfect, eh?#cr0That delicate curve right here was tricky to--",1
scrpack.205.0454,205,454,68,"You know what happens#cr0if you finish that sentence, right?",1
scrpack.205.0458,205,458,120,...Ahem! Now you should be fully prepared!#cr0Travel to the other civilizations#cr0and search for your friends.,2
scrpack.205.0462,205,462,64,"To reach them,#cr0use the Teleportation Grounds ahead.",1
scrpack.205.0466,205,466,36,Got it.#cr0See you later! ♪,1
scrpack.205.0470,205,470,20,Take care.,0
scrpack.205.0490,205,490,12,Shop,0
scrpack.205.0537,205,537,12,Shop,0
scrpack.205.0547,205,547,56,"Sorry, little lady.#cr0Looks like I get the win.",1
scrpack.205.0551,205,551,20,Grr... Why?,0
scrpack.205.0555,205,555,124,"Oh, you're done already? That was quick.#cr0The armor still isn't ready,#cr0so keep George company a little longer.",2
scrpack.205.0564,205,564,28,"I don't mind, but...",0
scrpack.205.0568,205,568,28,Hm?#cr0What's wrong?,1
scrpack.205.0572,205,572,52,My cards aren't responding to me at all...,0
scrpack.205.0576,205,576,56,Hmm...#cr0A case of duelist summoning sickness.,1
scrpack.205.0585,205,585,12,Huh?,0
scrpack.205.0589,205,589,100,Being summoned here from another world#cr0has temporarily weakened your power as a duelist.,1
scrpack.205.0593,205,593,116,"Keep dueling and you'll return to normal soon.#cr0At times like this,#cr0changing your mindset is important.",2
scrpack.205.0602,205,602,56,...Okay!#cr0Mimi's gonna give it her best! ♪,1
scrpack.205.0606,205,606,96,"Hmph. That's what I like to hear.#cr0All right, young lady.#cr0Let's go one more round!",2
scrpack.205.0610,205,610,20,Duel again?,0
scrpack.205.0633,205,633,80,Over your summoning sickness yet?#cr0I'll take you on again if you want.,1
scrpack.205.0637,205,637,20,Duel again?,0
scrpack.205.0676,205,676,44,At least make it interesting for me.,0
scrpack.205.0843,205,843,12,Shop,0
scrpack.205.0890,205,890,12,Shop,0
scrpack.205.0900,205,900,80,Looks like your summoning sickness#cr0hasn't completely worn off yet.,1
scrpack.205.0904,205,904,40,Want me to take you on again?,0
scrpack.205.0908,205,908,20,Duel again?,0
scrpack.205.0915,205,915,128,"What's wrong? That's pretty pathetic.#cr0Any time you need summoning-sickness rehab,#cr0I'll be your sparring partner.",2
scrpack.206.0015,206,15,36,"Oh, really? Can I try it?",0
scrpack.206.0019,206,19,68,You can't use it.#cr0Only the Ancient Races can operate it.,1
scrpack.206.0023,206,23,24,Ancient Races?,0
scrpack.206.0027,206,27,24,That's right.,0
scrpack.206.0031,206,31,48,Aren't you one of those Ancient Races?,0
scrpack.206.0035,206,35,32,No. I cannot operate it.,0
scrpack.206.0039,206,39,24,Aww. Too bad.,0
scrpack.206.0054,206,54,52,This place is amazing every time I see it.,0
scrpack.206.0058,206,58,116,"No matter how often you come,#cr0you still can't use it.#cr0Only the Ancient Races can operate this place.",2
scrpack.206.0075,206,75,16,Pigiya!,0
scrpack.206.0079,206,79,68,Ah! The one standing there#cr0is indeed an Ancient Race...,1
scrpack.206.0088,206,88,52,You're... that little dragon from before!,0
scrpack.206.0106,206,106,40,"I've been waiting for you, Mimi!",0
scrpack.206.0116,206,116,20,You have?,0
scrpack.206.0125,206,125,36,Yeah! Can I come with you?,0
scrpack.206.0134,206,134,68,"Sure!#cr0It'll be fun having you along, little dragon. ♪",1
scrpack.206.0143,206,143,112,"Um, I'd really rather you didn't#cr0call me ""little dragon""!#cr0My name is Wolfis, Blue Divine Dragon.",2
scrpack.206.0152,206,152,80,But that name doesn't really fit you...#cr0What should I call you...?,1
scrpack.206.0166,206,166,44,I know!#cr0I'll call you /sw25/! ♪,1
scrpack.206.0175,206,175,48,"/sw25/, /sw25/...#cr0What a lovely name!",1
scrpack.206.0179,206,179,32,I'm glad you like it.,0
scrpack.206.0188,206,188,100,"I heard Rekuta talking while we were in that cage,#cr0and I decided I wanted to go with you.",1
scrpack.206.0197,206,197,24,Really?#cr0Why?,1
scrpack.206.0206,206,206,80,I can't forgive GARDE either!#cr0So I've decided to fight beside you!,1
scrpack.206.0215,206,215,60,All right!#cr0Then let's smash GARDE together! ♪,1
scrpack.206.0224,206,224,52,Okay! I'll activate the power of the ruins.,0
scrpack.206.0238,206,238,20,Pigiyaa!!,0
scrpack.206.0274,206,274,40,Whew. Now we can go anywhere.,0
scrpack.206.0278,206,278,72,"Yes!#cr0Mimi's heading out! ♪#cr0Wait for me, Master Hakuoh!",2
scrpack.206.0302,206,302,16,Waaait!,0
scrpack.206.0306,206,306,140,Teleportation through this device is too dangerous#cr0for an unprotected human body.#cr0You'll need something to shield yourself.,2
scrpack.206.0311,206,311,40,Something to protect my body...,0
scrpack.206.0315,206,315,32,Do you have anything?,0
scrpack.206.0329,206,329,40,I have armor.#cr0Will that work?,1
scrpack.206.0333,206,333,16,Indeed.,0
scrpack.206.0340,206,340,52,All right. First I'll put on the armor...,0
scrpack.206.0350,206,350,36,"Then let's go,#cr0/sw25/!",1
scrpack.206.0358,206,358,20,"Right, Mimi!",0
scrpack.206.0362,206,362,72,Master Hakuoh must be waiting#cr0somewhere beyond this light...,1
scrpack.206.0366,206,366,24,"Maybe so, Mimi.",0
scrpack.206.0370,206,370,36,"All right, here we go! ♪",0
scrpack.207.0031,207,31,88,Ho ho! Now this is surprising.#cr0Both of these girls are from another world.,1
scrpack.207.0053,207,53,20,Look again.,0
scrpack.207.0057,207,57,32,"Dr. Root, look properly!",0
scrpack.207.0068,207,68,40,Are you criticizing my eyesight?,0
scrpack.207.0072,207,72,40,"No, that's not what I mean...",0
scrpack.207.0098,207,98,40,Then which one's the real one?,0
scrpack.207.0107,207,107,12,!,0
scrpack.207.0116,207,116,12,?,0
scrpack.207.0127,207,127,56,"You!#cr0What are you planning, using my name?!",1
scrpack.207.0136,207,136,44,That's mean!#cr0I'm the real Mimi!,1
scrpack.207.0149,207,149,40,Hold on.#cr0I'll examine them.,1
scrpack.207.0163,207,163,64,"Now, which is the real one...?#cr0Hmm... let's see...",1
scrpack.207.0168,207,168,12,Oh!,0
scrpack.207.0184,207,184,28,You figured it out?,0
scrpack.207.0188,207,188,28,They're both real.,0
scrpack.207.0205,207,205,32,What?! Mimi has a twin?!,0
scrpack.207.0219,207,219,24,Of course not!,0
scrpack.207.0230,207,230,48,That's one synchronized double retort.,0
scrpack.207.0246,207,246,40,But why did she split into two?,0
scrpack.207.0251,207,251,76,It probably has something to do#cr0with the structure of the mind.,1
scrpack.207.0259,207,259,36,The structure of the mind?,0
scrpack.207.0263,207,263,104,"The shock of entering this world#cr0must have split her mind in two,#cr0and her body followed.",2
scrpack.207.0272,207,272,56,Huh.#cr0Then how do we put her back together?,1
scrpack.207.0276,207,276,52,For now...#cr0let's have the two Mimis duel.,1
scrpack.207.0285,207,285,40,That'll put her back together?,0
scrpack.207.0289,207,289,20,Who knows?,0
scrpack.207.0298,207,298,24,'Who knows'...?,0
scrpack.207.0302,207,302,60,We don't have a better idea.#cr0It's worth a try.,1
scrpack.207.0311,207,311,32,Good point! That's true.,0
scrpack.207.0320,207,320,24,Pretty sloppy...,0
scrpack.207.0360,207,360,44,"Mimi, will you duel the other Mimi?",0
scrpack.207.0369,207,369,56,A duel with another me?#cr0Sounds interesting.,1
scrpack.207.0378,207,378,28,Can you even duel?,0
scrpack.207.0389,207,389,36,"Umm, I don't really know! ♪",0
scrpack.207.0398,207,398,16,Mimi!,0
scrpack.207.0407,207,407,16,But...,0
scrpack.207.0417,207,417,68,This is hopeless.#cr0Dueling her would be a waste of time.,1
scrpack.207.0426,207,426,52,"I'll train Mimi.#cr0Come on, that'll work.",1
scrpack.207.0435,207,435,36,Are you actually serious?,0
scrpack.207.0441,207,441,16,Mimi.,0
scrpack.207.0450,207,450,32,Hmm... Mimi will try! ♪,0
scrpack.207.0459,207,459,68,"All right, settled.#cr0I'll think of a strategy. Wait here.",1
scrpack.207.0472,207,472,44,"Mimi, will you duel the other Mimi?",0
scrpack.207.0481,207,481,40,A duuuel?#cr0Hmm... I dunno...,1
scrpack.207.0490,207,490,16,Mimi!,0
scrpack.207.0499,207,499,56,But Mimi doesn't really understand dueling...,0
scrpack.207.0509,207,509,80,This is hopeless.#cr0Dueling someone like this would be a waste of time.,1
scrpack.207.0518,207,518,52,"I'll train Mimi.#cr0Come on, that'll work.",1
scrpack.207.0527,207,527,36,Are you actually serious?,0
scrpack.207.0532,207,532,16,Mimi.,0
scrpack.207.0541,207,541,32,Hmm... Mimi will try! ♪,0
scrpack.207.0550,207,550,68,"All right, settled.#cr0I'll think of a strategy. Wait here.",1
scrpack.207.0563,207,563,32,"So, what should I do?",0
scrpack.207.0586,207,586,32,"Ohhh.#cr0I see, I see.",1
scrpack.207.0595,207,595,36,All right! I'll do my best!,0
scrpack.207.0646,207,646,20,Here I come.,0
scrpack.207.0826,207,826,12,Shop,0
scrpack.207.0836,207,836,36,Yay!#cr0Mimi is a genius! ♪,1
scrpack.207.0849,207,849,12,Huh?,0
scrpack.207.0858,207,858,16,What?,0
scrpack.207.0896,207,896,60,"Hey, you're back to normal.#cr0Good for you, Mimi.",1
scrpack.207.0901,207,901,28,Good for me? What?,0
scrpack.207.0910,207,910,40,For becoming one person again.,0
scrpack.207.0919,207,919,36,??#cr0Mimi doesn't get it.,1
scrpack.207.0923,207,923,48,You were split into two people just now.,0
scrpack.207.0932,207,932,48,Are you okay?#cr0Do you have a fever?,1
scrpack.207.0941,207,941,16,I don't!,0
scrpack.207.0949,207,949,40,Looks like she doesn't remember.,0
scrpack.207.0958,207,958,24,Seems that way.,0
scrpack.207.0967,207,967,68,What are you talking about?#cr0Keeping secrets is so unfair!,1
scrpack.207.0971,207,971,32,It's not a big secret.,0
scrpack.207.0985,207,985,48,"More importantly, help us crush GARDE.",0
scrpack.207.0989,207,989,52,"I don't really understand, but...#cr0okay.",1
scrpack.207.1002,207,1002,40,Twilight Mimi joined your party.,0
scrpack.207.1021,207,1021,52,"Oh, right!#cr0Would you help the Resistance?",1
scrpack.207.1025,207,1025,24,The Resistance?,0
scrpack.207.1029,207,1029,64,They're fighting to free the city#cr0from Benny's rule.,1
scrpack.207.1033,207,1033,28,Huh. Ruler Benny...,0
scrpack.207.1042,207,1042,28,Benny?! Seriously?!,0
scrpack.207.1046,207,1046,84,Yep. Ask them for the details.#cr0You should find them in the back alley.,1
scrpack.207.1075,207,1075,12,Shop,0
scrpack.207.1085,207,1085,36,You still want another duel?,0
scrpack.207.1089,207,1089,20,Duel again?,0
